指标名称,上证50指数,沪深300指数,中证500指数,中证1000指数:收盘价,恒生指数,中证转债:收盘价(前复权),标普500:收盘价(前复权),中间价:美元兑人民币,美元指数,SHFE黄金:收盘价,ICE布油:收盘价,SHFE螺纹钢:收盘价,房地产(申万):收盘价(前复权),中国:M2:同比,中国:社会融资规模存量:同比,市盈率:申万大盘指数,市盈率:申万小盘指数,中债-国债总财富(总值)指数:收盘价(前复权),中债-企业债总财富(总值)指数:收盘价(前复权),中债-国债总净价(总值)指数:收盘价(前复权),中债-国开行债券总财富(3-5年)指数:收盘价(前复权),中债-企业债总财富(3-5年)指数:收盘价(前复权),中债国开债到期收益率:3年,中债中短期票据到期收益率(AA):3年,中债国债到期收益率:10年,中国:平均批发价:猪肉,中国:制造业PMI,中国:固定资产投资完成额:累计同比,中国:社会消费品零售总额:当月同比(1-2月合并),中国:出口金额:当月同比,中国:进口金额:当月同比,中国:CPI:当月同比,中国:PPI:当月同比,期货收盘价(电子盘):LME3个月铜
频率,日,日,日,日,日,日,日,日,日,日,日,日,日,月,月,日,日,日,日,日,日,日,日,日,日,日,月,月,月,月,月,月,月,日
单位,点,点,点,点,点,元,美元,,1973年3月=100,元,美元,元,元,%,%,倍,倍,元,元,元,元,元,%,%,%,元/公斤,%,%,%,%,%,%,%,美元/吨
指标ID,M0020223,M0020209,M0062541,N2691645,G0001693,000832.CSI,SPX.GI,M0000185,M0000271,AU.SHF,B.IPE,RB.SHF,801180.SI,M0001385,M5525763,M0049385,M0049387,CBA00601.CS,CBA02001.CS,CBA00602.CS,CBA02531.CS,CBA02031.CS,M1004265,S0059717,S0059749,S5065106,M0017126,M0000273,M0001428,M0000607,M0000609,M0000612,M0001227,S0029750
来源,上海证券交易所,上海证券交易所,中证指数公司,中证指数有限公司,恒生指数有限公司,,,中国人民银行,行情,,,,,中国人民银行,中国人民银行,上海申银万国证券研究所,上海申银万国证券研究所,Wind计算,Wind计算,Wind计算,Wind计算,Wind计算,中债估值中心,中债估值中心,中债估值中心,农业农村部,国家统计局,国家统计局,国家统计局,海关总署,海关总署,国家统计局,国家统计局,LME
2026-08-12,2938.385,4690.9165,8045.3099,7793.7165,25440.17,499.1284,7728.2,6.7882,,958.54,89.3,3010,1963.491,,,,,251.7383,254.6884,130.4711,248.6959,285.0245,,,,15.85,,,,,,,,
2026-08-11,2929.9291,4663.7887,7967.5386,7698.0479,25652.82,501.4182,7728.2,6.79,99.8112,949.94,89.3,3016,1897.89,,,17.97,34.89,251.7383,254.6884,130.4711,248.6959,285.0245,1.485,1.7757,1.7161,15.73,,,,,,,,14153
2026-08-10,2967.7332,4702.0247,8030.9483,7733.8995,25937.49,504.7281,7753.11,6.7884,99.81139999999999,948.2,87.88,2997,1898.04,,,18.12,35.1,251.8338,254.6612,130.5287,248.7206,284.988,1.4825,1.7851,1.7074,15.7,,,,,,,,14120
2026-08-07,2960.4242,4694.4365,7980.1245,7679.5285,25668.03,505.7929,7757.64,6.7904,99.59960000000001,936.76,82.38,3008,1867.55,,,18.12,34.87,251.5521,254.6026,130.4051,248.6487,284.8999,1.4838,1.785,1.7114,15.8,,,,,,,,14022
2026-08-06,2920.1347,4651.3098,7829.3615,7530.4251,25530.28,505.2097,7709.96,6.7895,99.94319999999999,926.9,83.08,3014,1877.2,,,17.91,34.27,251.3723,254.5801,130.319,248.6104,284.8709,1.49,1.786,1.7143,15.8,,,,,,,,14092.5
2026-08-05,2924.0627,4658.1549,7809.2065,7493.0481,25915.82,506.4689,7723.55,6.788899999999999,99.69019999999999,910.4,79.42,2990,1865.58,,,17.93,34.19,251.3878,254.5665,130.3349,248.5778,284.8453,1.495,1.797,1.7137,15.74,,,,,,,,14148.5
2026-08-04,2878.6693,4600.9304,7607.4867,7279.1927,25852.92,502.262,7736.52,6.7917,99.8592,886.48,78.68,2983,1836.9,,,17.65,33.35,251.3911,254.5462,130.3444,248.5331,284.8129,1.495,1.7944,1.7126,15.77,,,,,,,,14043.5
2026-08-03,2887.0539,4543.1781,7414.5227,7079.7761,26009.4,497.922,7600.5,6.7898,99.9646,886.64,83.7,2976,1844.64,,,17.35,32.61,251.3026,254.5297,130.306,248.5209,284.7873,1.5025,1.794,1.7169,15.7,,,,,,,,13848
2026-07-31,2922.9673,4588.1968,7493.985,7075.5065,25884.43,499.6836,7489.72,6.7894,99.78490000000001,888.3,91.04,3004,1829.38,,,17.58,32.6,251.2254,254.4823,130.2892,248.4751,284.734,1.5025,1.8002,1.7141,15.83,49.2,,,23.9,27.5,0.5,3.5,13803
2026-07-30,2926.4751,4549.7201,7309.5753,6900.6579,25858.88,496.1796,7437.63,6.7892,99.981,881.4,87.01,3014,1811.42,,,17.41,31.83,251.0701,254.4584,130.2159,248.4149,284.7002,1.51,1.8012,1.7196,15.96,,,,,,,,13798.5
2026-07-29,2915.1879,4600.2624,7524.5075,7095.1863,25807.92,498.4313,7316.15,6.7899,100.8219,884.2,88.11,3062,1820.83,,,17.68,32.66,250.7588,254.4503,130.0611,248.3587,284.7112,1.51,1.801,1.7329,15.92,,,,,,,,13622
2026-07-28,2923.2051,4569.5235,7443.4332,7026.2761,25310.85,494.5033,7428.78,6.7928,101.4203,885.1,83.01,3060,1789.43,,,17.6,32.3,250.7874,254.4418,130.0839,248.3454,284.6891,1.51,1.8038,1.7351,15.95,,,,,,,,13644.5
2026-07-27,2950.4324,4702.4272,7720.5975,7228.7845,25207.18,500.8115,7413.18,6.791100000000001,101.5292,893.12,85.35,3078,1779.94,,,18.22,33.14,250.7833,254.4487,130.0896,248.3708,284.6972,1.5088,1.8026,1.7337,16,,,,,,,,13759.5
2026-07-24,2956.3456,4649.1917,7532.7006,6995.6931,24963.23,494.7897,7411.98,6.793900000000001,101.46470000000001,881.18,92.82,3076,1741.7,,,17.99,32.18,250.7406,254.41,130.0909,248.343,284.6571,1.5063,1.7962,1.7282,15.9,,,,,,,,13611.5
2026-07-23,2978.7704,4728.0018,7734.31,7195.4997,25210.81,498.3206,7408.3,6.7906,101.4469,899.08,94.61,3085,1791.28,,,18.28,33.18,250.6372,254.4012,130.0447,248.3907,284.6429,1.5075,1.7953,1.7325,15.92,,,,,,,,13566
2026-07-22,2991.0474,4717.2442,7751.6618,7158.7622,24892.66,497.6189,7498.96,6.7932999999999995,101.11819999999999,899.16,95.5,3083,1786.64,,,18.27,33.01,250.5439,254.3819,130.0038,248.3956,284.6123,1.4925,1.7847,1.7297,15.94,,,,,,,,13806.5
2026-07-21,2973.8131,4739.2287,7800.6085,7259.863,25132.29,499.4746,7509.2,6.7917,101.20739999999999,889.66,91.64,3095,1765.68,,,18.4,33.28,250.1138,254.353,129.7868,248.3526,284.5807,1.495,1.782,1.745,15.97,,,,,,,,13905.5
2026-07-20,2912.8533,4598.3208,7411.3134,6965.3757,25143.05,492.6267,7443.28,6.7948,100.9681,874.24,88.81,3096,1779.35,,,17.77,32.17,250.0779,254.3468,129.7758,248.3508,284.5901,1.4911,1.7843,1.7453,16.04,,,,,,,,13644.5
2026-07-17,2827.6713,4529.0953,7513.7627,7167.9959,24562.24,492.8756,7457.69,6.7934,100.7617,873.72,88.26,3112,1801.38,,,17.55,32.78,250.0914,254.3113,129.8066,248.3164,284.5409,1.4882,1.7893,1.7404,15.81,,,,,,,,13528
2026-07-16,2904.1185,4698.4344,7955.6635,7631.7622,25008.6,496.6352,7533.77,6.7909,100.7174,879.18,84.86,3115,1879.64,,,18.26,34.67,250.0005,254.2841,129.7669,248.3294,284.4965,1.4882,1.7816,1.7437,15.86,,,,,,,,13543.5
2026-07-15,2967.0699,4786.7828,8147.5786,7817.8313,24681.1,498.8741,7572.4,6.791,100.5123,880.1,85.06,3115,1857.56,,,18.65,35.37,250.0714,254.2703,129.8118,248.3433,284.4617,1.4857,1.7788,1.7406,15.83,,,,,,,,13581
2026-07-14,2955.5528,4796.502,8275.9388,7925.1232,24340.73,500.2873,7543.59,6.799,100.92710000000001,880.26,85.14,3090,1848.99,,,18.75,35.76,249.9772,254.2574,129.7704,248.2976,284.4399,1.4803,1.783,1.7402,16.05,,,,,,,,13600
2026-07-13,2913.1878,4695.383,8138.1443,7787.8529,24213.72,494.5733,7515.34,6.7972,101.305,885.94,83.32,3054,1836.7,,,18.29,35.31,249.9441,254.2476,129.761,248.3122,284.424,1.4803,1.7891,1.7442,15.95,,,,,,,,13479
2026-07-10,2955.5201,4780.7867,8503.9705,8198.3078,24175.12,500.5491,7575.39,6.7989,100.9609,897.94,75.22,3087,1891.81,,,18.66,37.05,249.9956,254.2087,129.8116,248.3074,284.3914,1.4752,1.7851,1.7398,15.67,,,,,,,,13484.5
2026-07-09,2995.7886,4876.3125,8652.787,8300.077,24030.18,503.2105,7543.64,6.8036,100.9352,898.86,75.9,3091,1856.87,,,19.14,37.3,250.0023,254.1834,129.823,248.3476,284.3456,1.4721,1.7854,1.7376,15.51,,,,,,,,13481
2026-07-08,2920.8419,4755.5338,8390.0194,8117.8607,24199.46,500.4418,7482.71,6.8077,101.07050000000001,902.76,79.48,3096,1835.52,,,18.55,36.58,249.9128,254.1599,129.7841,248.3495,284.3243,1.4696,1.7833,1.7385,15.43,,,,,,,,13255
2026-07-07,2921.887,4792.2624,8508.7885,8301.8035,23496.89,502.2414,7503.85,6.8054,101.092,903.76,75.94,3068,1830.2,,,18.72,37.46,249.7609,254.1458,129.7125,248.3543,284.2969,1.4671,1.7893,1.7406,15.45,,,,,,,,13334.5
2026-07-06,2957.9686,4841.998,8651.1339,8472.6028,23616.32,507.1223,7537.43,6.8066,100.8721,907.82,72.01,3072,1873.17,,,18.89,38.24,249.7096,254.1199,129.6936,248.3409,284.25,1.4654,1.7888,1.7379,15.24,,,,,,,,13411
2026-07-03,2931.2835,4842.1737,8745.2607,8620.7886,23350.03,506.9109,,6.8047,100.8749,911.4,71.94,3062,1856.63,,,18.92,38.86,249.4977,254.0658,129.6064,248.2203,284.1873,1.4701,1.7951,1.7463,14.68,,,,,,,,13357.5
2026-07-02,2912.2757,4812.2957,8694.1756,8625.3336,23055.03,504.6327,7483.24,6.8088,100.86519999999999,890.66,71.56,3067,1853.38,,,18.77,38.82,249.5592,254.0489,129.6465,248.1968,284.1541,1.4731,1.7978,1.741,14.57,,,,,,,,13285.5
2026-07-01,2985.2398,4958.9773,9028.9326,8876.6303,,507.0439,7483.23,6.806700000000001,101.414,869.82,71.19,3067,1881.75,,,19.47,39.74,249.5298,254.0536,129.639,248.22,284.1602,1.477,1.7842,1.7448,14.51,,,,,,,,13330.5
2026-06-30,2989.402,4979.4328,9031.3788,8809.7859,22881.02,504.2704,7499.36,6.810899999999999,101.18610000000001,881.24,73.43,3088,1835.9,8,7.4,17.8,41.86,249.8125,254.1049,129.7949,248.3923,284.2696,1.4613,1.7703,1.733,14.31,50.3,-5.7,1,27,36,1,4.1,13380
2026-06-29,2991.0809,4926.921,8821.0944,8597.8932,23026.68,497.847,7440.43,6.817500000000001,101.10270000000001,888.72,73.57,3095,1823.24,,,17.59,40.96,250.0113,254.0887,129.9068,248.358,284.2538,1.4438,1.7711,1.717,14.28,,,,,,,,13344.5
2026-06-26,2906.9438,4868.2205,8703.5652,8601.4075,22671.86,497.2017,7354.02,6.8166,101.3565,883.3,73.6,3093,1843.72,,,17.37,40.63,249.7661,254.0228,129.8023,248.1912,284.1724,1.4546,1.7753,1.7314,14.48,,,,,,,,13322
2026-06-25,2977.5696,5020.1038,8938.0113,8825.9201,23076.91,500.965,7357.49,6.820899999999999,101.4559,872,75.09,3098,1860.81,,,17.93,41.67,249.6791,253.9991,129.7647,248.1408,284.1236,1.4567,1.7801,1.7351,14.43,,,,,,,,13316
2026-06-24,2943.8958,4943.0197,8842.9378,8793.4866,23412.18,504.4484,7358.22,6.819500000000001,101.5745,896.04,73.38,3111,1880.99,,,17.67,41.4,249.4753,253.9593,129.6659,248.0183,284.0597,1.4613,1.7862,1.7454,14.5,,,,,,,,13026.5
2026-06-23,2926.8284,4919.386,8688.5923,8680.0387,23336.28,503.1535,7365.46,6.817100000000001,101.374,897.9,76.73,3112,1910.84,,,17.6,40.92,249.5046,253.9452,129.6892,247.9809,284.0381,1.4676,1.7991,1.7437,14.37,,,,,,,,13373.5
2026-06-22,3012.6526,5059.6582,8868.782,8865.676,23768.52,507.2668,7472.79,6.815,101.0039,916.92,77.81,3127,1917.77,,,18.12,41.84,249.6065,253.9521,129.7505,248.0366,284.0558,1.4656,1.7938,1.7375,14.53,,,,,,,,13671
2026-06-19,,,,,,,,,100.7528,,79.88,,,,,,,,,,,,,,,,,,,,,,,13587
2026-06-18,2928.7477,4941.5986,8673.0899,8771.0244,23924.81,507.6394,7500.58,6.813,100.8325,937.96,79,3131,1917,,,17.73,41.34,249.5481,253.891,129.7518,247.9862,283.9762,1.4597,1.7955,1.7299,14.64,,,,,,,,13655
2026-06-17,2934.466,4931.3861,8627.0862,8704.4677,24312.16,512.1285,7420.1,6.8096,100.38300000000001,942.94,78.66,3155,1927.8,,,17.7,41.16,249.4903,253.8405,129.7294,247.8822,283.899,1.4697,1.8092,1.727,14.75,,,,,,,,13835
2026-06-16,2913.9861,4884.2322,8507.9799,8646.4034,24493.95,513.6308,7511.35,6.8108,99.5171,941.72,79.34,3169,1941.53,,,17.57,40.77,249.3389,253.7898,129.6581,247.7206,283.8345,1.4749,1.8211,1.7324,14.57,,,,,,,,13816.5
2026-06-15,2938.6493,4891.7126,8406.7479,8521.233,24842.67,511.0471,7554.29,6.8088,99.6638,938.94,83.36,3187,1964.88,,,17.61,40.2,249.124,253.7685,129.5536,247.6191,283.7974,1.4867,1.8148,1.7446,14.59,,,,,,,,13796.5
2026-06-12,2890.7976,4777.3206,8106.203,8202.7991,24718.1,503.3438,7431.46,6.810899999999999,99.8037,911.62,86.8,3178,1952.51,,,17.24,38.87,249.0376,253.7286,129.5321,247.5992,283.7453,1.4817,1.8155,1.7427,14.56,,,,,,,,13713.5
2026-06-11,2845.9191,4722.4122,8035.7788,8159.4548,24249.29,498.7353,7394.3,6.815,99.6932,895,89.13,3156,1935.32,,,17.05,38.59,248.8928,253.7805,129.4642,247.6366,283.8041,1.4817,1.8017,1.7475,14.5,,,,,,,,13575
2026-06-10,2850.3691,4748.5932,8063.8637,8198.7232,24407.96,497.3402,7266.99,6.813,100.04350000000001,919.32,95,3180,1942.23,,,17.13,38.67,249.0196,253.8839,129.5385,247.7718,283.9771,1.4667,1.7776,1.7476,14.66,,,,,,,,13449
2026-06-09,2842.6936,4801.8106,8176.1785,8318.6978,24565.9,502.5588,7386.65,6.814700000000001,99.997,947.04,92.34,3156,1947.41,,,17.33,39.29,249.2406,253.9139,129.6623,247.8432,284.0097,1.4602,1.7662,1.7376,14.7,,,,,,,,13559.5
2026-06-08,2825.0133,4713.6358,7963.4529,8081.2614,24657.06,497.208,7405.73,6.8198,100.01490000000001,942.2,94.11,3157,1946.2,,,17.04,38.26,249.3855,253.9545,129.7461,247.9246,284.0701,1.4502,1.7533,1.7275,14.64,,,,,,,,13590.5
2026-06-05,2865.8661,4816.9199,8251.1407,8340.9631,24961.95,501.9999,7383.74,6.8157,100.07860000000001,974.02,92.78,3165,1996.03,,,17.39,39.52,249.5198,253.9422,129.8403,247.9825,284.0835,1.4502,1.7415,1.7207,14.73,,,,,,,,13517
2026-06-04,2891.3488,4904.7454,8356.7444,8420.0946,25253.4,503.6882,7584.31,6.8203000000000005,99.4268,977.94,95.36,3157,2009.28,,,17.73,39.73,249.6562,253.9141,129.9197,248.0014,284.0123,1.4452,1.7526,1.7081,14.73,,,,,,,,13904
2026-06-03,2920.9172,4938.8091,8362.156,8432.679,25633.21,506.2777,7553.68,6.8184,99.4733,977.08,97.39,3169,2028.13,,,17.85,39.59,249.5131,253.8769,129.8527,247.9726,283.9284,1.4527,1.7534,1.7128,14.74,,,,,,,,13785.5
2026-06-02,2920.2693,4914.5591,8321.4347,8384.7812,26038.32,508.3509,7609.78,6.818700000000001,99.2158,990.6,95.94,3180,2043.31,,,17.75,39.41,249.6263,253.8411,129.92,248.0173,283.8677,1.451,1.7658,1.7036,14.78,,,,,,,,13983.5
2026-06-01,2893.7191,4844.2556,8274.212,8345.1291,25398.18,506.336,7599.96,6.816700000000001,99.18910000000001,983.58,95.25,3177,2077.14,,,17.47,39.32,249.6224,253.7878,129.9259,248.0279,283.7749,1.446,1.7835,1.7009,14.77,,,,,,,,13879.5
2026-05-31,,,,,,,,,,,,,,8.6,7.7,,,,,,,,,,,,50,-4.1,-0.6,19.3,27.4,1.2,3.9,
2026-05-29,2921.0812,4892.1213,8359.5596,8408.7357,25182.39,503.3978,7580.06,6.8176,98.9259,989.4,91.89,3158,2069.2,,,17.67,39.64,249.3656,253.7117,129.8152,247.9461,283.6685,1.4528,1.8015,1.709,14.86,,,,,,,,13611.5
2026-05-28,2914.1896,4914.2133,8563.2218,8637.743,25006.16,508.5743,7563.63,6.824,99.00650000000002,961.18,92.4,3145,2059.13,,,17.73,40.7,249.2462,253.6548,129.7606,247.9425,283.5813,1.4528,1.806,1.7193,14.88,,,,,,,,13746.5
2026-05-27,2934.7122,4908.1714,8530.9802,8546.5142,25328.23,503.8462,7520.36,6.8291,99.2285,983.56,92.88,3144,2037.91,,,17.72,40.41,249.1184,253.5985,129.7016,247.8161,283.4896,1.4608,1.8191,1.7216,14.75,,,,,,,,13516
2026-05-26,2973.3853,4947.8493,8658.6192,8687.2528,25599.45,507.988,7519.12,6.8288,99.1464,995,96.28,3146,2089.59,,,17.87,41.13,248.9029,253.5519,129.5966,247.5988,283.4218,1.4758,1.8257,1.7405,14.86,,,,,,,,13610.5
2026-05-25,2968.697,4921.5974,8703.8901,8799.3116,,509.8738,,6.8318,98.9756,998.7,93.64,3218,2116.57,,,17.77,41.59,248.7373,253.506,129.5178,247.4643,283.3382,1.4983,1.831,1.7484,14.78,,,,,,,,
2026-05-22,2923.5248,4845.0956,8576.9402,8692.6655,25606.03,509.4235,7473.47,6.837299999999999,99.3351,993.34,104.25,3168,2101.76,,,17.46,41.2,248.6005,253.4397,129.47,247.3782,283.2433,1.506,1.8374,1.7519,14.8,,,,,,,,13635
2026-05-21,2920.9288,4783.0976,8419.8373,8510.4958,25386.52,508.4342,7445.72,6.834899999999999,99.20459999999999,992.74,104.92,3175,2085.52,,,17.25,40.42,248.6655,253.4174,129.5121,247.4411,283.2055,1.511,1.8407,1.7448,14.68,,,,,,,,13610
2026-05-20,2953.7472,4850.7,8656.3062,8808.9095,25651.12,514.6435,7432.97,6.8397,99.1296,983.92,105.16,3189,2160.28,,,17.48,41.66,248.6751,253.3837,129.5252,247.4671,283.1417,1.5072,1.8485,1.7382,14.79,,,,,,,,13654.5
2026-05-19,2954.0622,4852.8832,8627.9461,8808.6445,25797.85,516.2853,7353.61,6.8375,99.3112,999.58,110.92,3204,2176.04,,,17.49,41.65,248.6612,253.3338,129.5259,247.4199,283.0435,1.5079,1.8557,1.7345,14.7,,,,,,,,13427
2026-05-18,2934.9592,4833.5237,8554.2372,8720.2132,25675.18,508.12,7403.05,6.843500000000001,98.9803,999.8,109.69,3206,2156.46,,,17.43,41.16,248.291,253.2904,129.3395,247.3218,282.9921,1.5032,1.86,1.7585,14.77,,,,,,,,13590
2026-05-15,2957.6024,4859.5927,8536.3444,8682.6536,25962.73,508.7931,7408.5,6.841500000000001,99.2668,1004.38,109.47,3232,2182.3,,,17.53,41,248.1482,253.2218,129.2886,247.2805,282.891,1.5069,1.866,1.7658,14.8,,,,,,,,13544.5
2026-05-14,2996.573,4914.5971,8670.1574,8778.7088,26389.04,512.8001,7501.24,6.8401,98.882,1029.6,106.59,3255,2214.24,,,17.7,41.41,248.2407,253.1911,129.3452,247.2654,282.8446,1.5069,1.8613,1.7588,14.93,,,,,,,,13985
2026-05-13,3047.2456,4998.3417,8918.239,8955.4473,26388.44,520.8816,7444.25,6.843100000000001,98.478,1030.56,105.72,3257,2268.62,,,18.01,42.43,248.2935,253.1658,129.381,247.2268,282.7807,1.5079,1.8629,1.7514,14.93,,,,,,,,14083
2026-05-12,3043.5559,4948.0465,8785.9791,8821.8874,26347.91,518.7345,7400.96,6.8426,98.2839,1030.12,107.69,3255,2296.79,,,17.83,41.85,248.2169,253.1139,129.3488,247.1261,282.7281,1.5137,1.8638,1.7592,14.88,,,,,,,,14080
2026-05-11,3041.6333,4951.8366,8839.7415,8866.7792,26406.84,525.2262,7412.84,6.8467,97.94130000000001,1026.8,104.58,3286,2295.11,,,17.85,42.05,248.0899,253.0578,129.29,246.999,282.6371,1.5221,1.8746,1.7622,14.99,,,,,,,,13920
2026-05-09,,,,,,,,,,,,,,,,,,,,,,,1.5304,1.8741,1.767,14.82,,,,,,,,
2026-05-08,3003.5839,4871.9122,8694.1709,8741.1507,26393.71,523.6626,7398.93,6.8502,97.8485,1038.22,100.25,3263,2255.05,,,17.52,41.39,247.9594,253.0279,129.2455,246.9248,282.6225,1.5354,1.8663,1.7648,15.24,,,,,,,,13535.5
2026-05-07,3029.1939,4900.5098,8696.7989,8714.51,26626.28,523.754,7337.11,6.848700000000001,98.28070000000001,1040.98,103.37,3273,2225.9,,,17.64,41.21,247.9126,253.0145,129.229,246.8318,282.6026,1.5386,1.8709,1.7631,15.12,,,,,,,,13323.5
2026-05-06,3026.4434,4877.0932,8588.4399,8574.5557,26213.78,522.1662,7365.12,6.8562,98.02659999999999,1028.48,101.96,3264,2215.85,,,17.54,40.65,247.8786,253.0159,129.2191,246.7474,282.6188,1.5481,1.8715,1.7654,15.19,,,,,,,,13391.5
2026-05-05,,,,,25898.61,,7259.22,,98.4954,,110.31,,,,,,,,,,,,,,,,,,,,,,,13100.5
2026-05-04,,,,,26095.88,,7200.75,,98.4633,,114.06,,,,,,,,,,,,,,,,,,,,,,,
2026-05-01,,,,,,,7230.12,,98.2092,,109.2,,,,,,,,,,,,,,,,,,,,,,,12949.5
2026-04-30,2985.5048,4807.3069,8349.5081,8381.9465,25776.53,516.0757,7209.01,6.8628,98.0997,1016.12,110.86,3214,2173.89,8.6,7.8,17.53,40.23,248.1531,252.9832,129.4117,246.7817,282.6011,1.5406,1.8697,1.7473,15.19,50.3,-1.6,0.2,14,25.2,1.2,2.8,13019
2026-04-29,2967.5034,4810.3468,8342.4217,8343.0651,26111.84,516.4774,7135.95,6.8608,98.95320000000001,1011.88,112.49,3195,2139.29,,,17.63,39.99,248.2963,252.9624,129.495,246.8074,282.5737,1.5381,1.8664,1.7444,15.1,,,,,,,,12989
2026-04-28,2950.4212,4758.2083,8203.9614,8226.6919,25679.78,512.1872,7138.8,6.858899999999999,98.6293,1022.1,104.48,3176,2098.47,,,17.3,39.33,248.1255,252.9352,129.4133,246.6762,282.5252,1.5506,1.8602,1.7654,15.24,,,,,,,,13034.5
2026-04-27,2939.0529,4770.9469,8299.0486,8338.7263,25925.65,515.8101,7173.91,6.857900000000001,98.49,1039.42,101.97,3190,2093.56,,,16.97,39.86,248.0522,252.9146,129.3827,246.5983,282.4945,1.5581,1.8598,1.7697,15.05,,,,,,,,13226.5
2026-04-24,2945.0425,4769.3688,8247.8759,8304.1412,25978.07,514.0314,7165.08,6.8674,98.5267,1032.12,105.88,3191,2093.3,,,16.94,39.74,248.3099,252.8988,129.5424,246.6951,282.4817,1.5458,1.8611,1.7601,14.95,,,,,,,,13289
2026-04-23,2927.9307,4786.3273,8295.207,8362.7402,25915.2,515.8347,7108.4,6.865,98.8279,1040.06,106.01,3181,2103.49,,,17.02,39.76,248.5137,252.8967,129.6577,246.709,282.4744,1.5446,1.864,1.7548,14.83,,,,,,,,13310
2026-04-22,2930.5752,4799.627,8376.1808,8481.2397,26163.24,518.1007,7137.9,6.863500000000001,98.60589999999999,1051.4,101.55,3186,2116.32,,,17.02,40.08,248.7114,252.8812,129.7698,246.6954,282.4697,1.5433,1.861,1.7389,14.68,,,,,,,,13470.5
2026-04-21,2932.0721,4767.997,8270.3266,8351.156,26487.48,514.4429,7064.01,6.8594,98.3767,1051.7,99.06,3176,2107.84,,,16.88,39.61,248.4334,252.8334,129.6316,246.5929,282.4148,1.5484,1.8664,1.751,14.79,,,,,,,,13154.5
2026-04-20,2933.6534,4757.4419,8290.0224,8357.8139,26361.07,516.2771,7109.14,6.8648,98.0541,1054.96,93.8,3172,2105.62,,,16.86,39.44,248.1438,252.7965,129.4873,246.5639,282.3628,1.5537,1.8696,1.7627,14.7,,,,,,,,13245
2026-04-17,2910.8732,4728.6716,8214.1939,8307.4361,26160.33,515.7939,7126.06,6.8622,98.22890000000001,1054.02,92.42,3133,2114.07,,,16.76,39.12,248.0371,252.7292,129.4553,246.4558,282.2699,1.5482,1.8696,1.7623,14.4,,,,,,,,13349
2026-04-16,2939.7645,4736.6077,8180.0815,8232.9834,26394.26,514.6825,7041.28,6.8616,98.2035,1061.5,98.21,3133,2083.27,,,16.75,38.94,247.6784,252.7093,129.2746,246.3418,282.2499,1.5633,1.8687,1.7812,14.42,,,,,,,,13242
2026-04-15,2934.2159,4685.2464,8044.0773,8106.1646,25947.32,507.6073,7022.95,6.8582,98.0792,1058.24,94.87,3103,2070.69,,,16.59,38.45,247.7067,252.6914,129.2976,246.2115,282.2052,1.5733,1.8652,1.7809,14.41,,,,,,,,13276
2026-04-14,2924.1834,4701.2837,8088.5687,8144.7622,25872.32,507.3515,6967.38,6.859299999999999,98.09949999999999,1052.82,95.34,3094,2103.59,,,16.66,38.61,247.685,252.673,129.2943,246.1265,282.1707,1.5903,1.8653,1.7829,14.6,,,,,,,,13296
2026-04-13,2899.4701,4646.1546,7967.697,8025.5724,25660.85,502.6482,6886.24,6.8656999999999995,98.4094,1043.4,98,3100,2050.2,,,16.78,38.07,247.6191,252.6471,129.2676,246.113,282.1511,1.5908,1.8814,1.7933,14.61,,,,,,,,13123.5
2026-04-10,2899.5795,4636.5655,7969.3646,7998.232,25893.54,504.8642,6816.89,6.8654,98.6997,1048.36,94.26,3099,2030.15,,,16.73,37.7,247.3257,252.604,129.1373,246.0604,282.1092,1.5895,1.8884,1.8128,14.62,,,,,,,,12857
2026-04-09,2884.76,4566.2237,7898.6329,7921.4465,25752.4,506.3757,6824.66,6.8649,98.8157,1041.32,96.41,3096,2014.9,,,16.45,37.39,247.046,252.567,128.9981,246.0823,282.0565,1.5887,1.8992,1.8192,14.81,,,,,,,,12695.5
2026-04-08,2907.0658,4595.556,7945.1527,7955.7684,25893.02,507.3968,6782.81,6.868,99.02799999999999,1062,96.7,3114,2038.72,,,16.56,37.75,247.0699,252.5431,129.0188,246.1346,282.0275,1.577,1.9086,1.8136,15.02,,,,,,,,12705.5
2026-04-07,2830.5227,4440.6162,7571.1106,7606.0166,,492.9391,6616.85,6.8854,99.6534,1034.28,103.42,3091,1965.57,,,16,36.17,246.8607,252.4928,128.9167,246.2167,281.9243,1.5645,1.9037,1.8171,15.23,,,,,,,,12328.5
2026-04-06,,,,,,,6611.83,,99.98910000000001,,109.7,,,,,,,,,,,,,,,,,,,,,,,
2026-04-03,2830.5967,4440.7889,7534.938,7536.5999,,491.0679,,6.892899999999999,100.19430000000001,1033,,3097,1951.94,,,16.01,35.92,246.6488,252.3912,128.8376,246.1195,281.7983,1.5595,1.9141,1.8199,15.15,,,,,,,,
2026-04-02,2853.4529,4478.9141,7605.2932,7623.4168,25116.53,490.3577,6582.69,6.888,100.00999999999999,1023.78,109.24,3106,1996.84,,,16.15,36.27,246.5736,252.323,128.8061,245.9859,281.6897,1.5715,1.9276,1.8209,15.44,,,,,,,,12359.5
2026-04-01,2878.7943,4526.0668,7750.0924,7764.1525,25294.03,495.4876,6575.32,6.902499999999999,99.55390000000001,1053.18,100.24,3120,2042.75,,,16.38,36.98,246.6439,252.2812,128.8513,245.9883,281.6323,1.5803,1.9309,1.8244,15.33,,,,,,,,12472.5
2026-03-31,2826.1249,4450.0493,7617.3262,7619.8503,24788.14,486.2804,6528.52,6.9194,99.8817,1020.1,103.53,3121,2032.13,8.5,7.9,16.08,36.29,246.7894,252.2474,128.936,246.074,281.5817,1.5703,1.9371,1.8171,15.31,50.4,1.7,1.7,2.5,28.3,1,0.5,12335.5
2026-03-30,2833.2054,4491.95,7753.7234,7767.9301,24750.79,494.3106,6343.72,6.922300000000001,100.5054,1014.88,108.89,3139,2055.78,,,16.25,36.86,246.7952,252.1953,128.9472,246.0364,281.526,1.5646,1.937,1.8063,15.46,,,,,,,,12195
2026-03-27,2837.3064,4502.5698,7737.6144,7746.3131,24951.88,498.9366,6368.85,6.9140999999999995,100.17450000000001,998.66,106.29,3124,2062.77,,,16.25,36.87,246.4742,252.1251,128.8025,245.8422,281.4351,1.5861,1.9414,1.8172,15.73,,,,,,,,12141
2026-03-26,2824.6744,4477.5343,7642.1302,7639.3762,24856.43,496.7118,6477.16,6.9056,99.9172,995.98,100.1,3128,2044.52,,,16.12,36.22,246.448,252.0781,128.7968,245.8,281.3667,1.597,1.9329,1.8194,15.65,,,,,,,,12120
2026-03-25,2859.5345,4537.4656,7767.6654,7751.1809,25335.95,503.6545,6591.9,6.891100000000001,99.63289999999999,1013.96,98.06,3132,2077.47,,,16.33,36.81,246.3948,252.0432,128.7769,245.7738,281.2969,1.6052,1.945,1.8233,15.8,,,,,,,,12283
2026-03-24,2830.854,4474.7224,7597.3732,7600.8569,25063.71,498.5334,6556.37,6.8943,99.2283,977.28,95.96,3145,2045.52,,,16.1,36.05,246.3775,252.0129,128.776,245.7849,281.2702,1.6078,1.9425,1.8272,16.03,,,,,,,,12092.5
2026-03-23,2792.3288,4417.9971,7440.7451,7409.1068,24382.47,487.8713,6581,6.9041,99.15969999999999,940,96.07,3154,1987.85,,,15.95,35.25,246.181,251.9748,128.6805,245.7985,281.2052,1.6009,1.9419,1.8316,16.01,,,,,,,,12221
2026-03-20,2883.8644,4567.0179,7760.0365,7783.4345,25277.32,492.6231,6506.48,6.8898,99.51,1039.22,104.41,3123,2092.49,,,16.53,37.1,246.1336,251.9402,128.68,245.7951,281.1536,1.5922,1.9412,1.8299,15.98,,,,,,,,11834.5
2026-03-19,2916.2348,4583.2511,7877.09,7909.2343,25500.58,495.5015,6606.49,6.897500000000001,99.18469999999999,1062,103.07,3135,2122.59,,,16.55,37.64,246.1599,251.9093,128.702,245.7783,281.1083,1.5939,1.9409,1.8252,16.11,,,,,,,,12211.5
2026-03-18,2961.4264,4658.3324,8096.4276,8096.5948,26025.42,503.7708,6624.7,6.890899999999999,100.29809999999999,1113.52,105.06,3140,2182.42,,,16.8,38.57,246.2521,251.853,128.7588,245.6708,280.9982,1.5951,1.9673,1.8175,16.18,,,,,,,,12340.5
2026-03-17,2963.5779,4637.4392,8016.0262,8019.8569,25868.54,499.0735,6716.09,6.8961,99.55669999999999,1116.2,103.5,3148,2205.49,,,16.73,38.23,245.9926,251.8031,128.6302,245.5466,280.9159,1.6118,1.9714,1.8314,16.2,,,,,,,,12780
2026-03-16,2954.0885,4671.5591,8185.152,8211.3517,25834.02,506.833,6699.38,6.9056999999999995,99.8018,1118.34,101.02,3140,2197.45,,,16.82,39.06,245.9002,251.7678,128.5896,245.4742,280.8596,1.6193,1.9809,1.8312,16.18,,,,,,,,12918.5
2026-03-13,2956.8468,4669.14,8239.798,8214.2926,25465.6,508.6684,6632.19,6.9007000000000005,100.504,1133,103.89,3142,2184.48,,,16.79,39.23,246.1807,251.7491,128.7622,245.468,280.843,1.6143,1.9802,1.8143,16.17,,,,,,,,12735.5
2026-03-12,2971.5612,4687.5601,8359.4721,8335.9078,25716.76,513.9924,6672.62,6.895900000000001,99.7398,1148.1,101.75,3120,2182.02,,,16.85,39.84,246.3248,251.7165,128.8464,245.3218,280.7853,1.6268,1.9928,1.8052,16.5,,,,,,,,12948.5
2026-03-11,2985.3449,4704.4959,8403.3296,8363.5262,25898.76,519.4661,6775.8,6.891699999999999,99.26219999999999,1151.98,93.63,3115,2190.83,,,16.92,40.01,246.2304,251.7046,128.8048,245.2449,280.7706,1.6443,1.9849,1.8075,16.86,,,,,,,,13049
2026-03-10,2981.8351,4674.7562,8410.303,8350.0896,25959.9,517.6809,6781.48,6.8982,98.9435,1150,91.4,3104,2184.08,,,16.82,39.99,246.3816,251.6978,128.8927,245.2329,280.7503,1.6418,1.987,1.8055,16.9,,,,,,,,13096.5
2026-03-09,2962.9888,4615.4551,8279.4811,8203.8687,25408.46,512.7687,6795.99,6.9158,98.7148,1140,89.79,3119,2161.42,,,16.67,39.29,246.4135,251.6793,128.9177,245.2619,280.7341,1.6493,1.9958,1.8054,17.06,,,,,,,,12919
2026-03-06,2992.7021,4660.439,8360.3347,8248.8569,25757.29,514.3218,6740.02,6.902499999999999,98.95580000000001,1140.8,93.32,3088,2196.1,,,16.83,39.73,247.0243,251.6803,129.2644,245.3751,280.7644,1.6293,1.9904,1.781,17.02,,,,,,,,12869
2026-03-05,2988.4505,4647.6921,8309.1713,8171.1194,25321.34,512.9757,6830.71,6.9007000000000005,99.0434,1152,84.31,3075,2171.56,,,16.79,39.45,247.075,251.6309,129.2993,245.3956,280.6941,1.6293,1.9922,1.7779,17.2,,,,,,,,12859
2026-03-04,2974.2097,4602.6247,8248.945,8094.5183,25249.48,513.628,6869.5,6.9124,98.7968,1153.06,82.58,3071,2157.24,,,16.62,39.08,247.0097,251.5912,129.2731,245.3298,280.647,1.6268,2.0009,1.7768,17.2,,,,,,,,13027.5
2026-03-03,3014.2702,4655.8962,8281.6139,8142.4538,25768.08,514.8227,6816.63,6.9088,99.06230000000001,1182,81.96,3074,2179.22,,,16.81,39.31,246.9343,251.5513,129.2415,245.2217,280.601,1.6443,2.0034,1.7807,17.22,,,,,,,,12964.5
2026-03-02,3046.4667,4728.6688,8658.3336,8476.965,26059.85,524.3001,6881.62,6.9236,98.54910000000001,1197.22,78.07,3067,2240,,,17.07,41.02,246.8777,251.5218,129.2197,245.1248,280.5527,1.6543,2.0109,1.7761,17.2,,,,,,,,13084.5
2026-02-28,,,,,,,,,,,,,,9,8.2,,,,,,,,1.6695,2.0169,1.7753,17.54,49,1.8,2.8,39.6,14.3,1.3,-0.9,
2026-02-27,3039.431,4710.6469,8658.4503,8560.8433,26630.54,525.2022,6878.88,6.9228,97.6443,1147.9,73.21,3067,2289.83,,,17.01,41.3,246.5093,251.4422,129.0498,244.9461,280.4498,1.6725,1.9963,1.7877,17.7,,,,,,,,13296
2026-02-26,3035.0707,4726.8739,8557.216,8490.6173,26381.02,525.9313,6908.86,6.9228,97.78460000000001,1146.48,70.79,3063,2287.62,,,17.09,40.89,246.4445,251.4306,129.0238,244.9442,280.4244,1.6801,2.003,1.8288,17.93,,,,,,,,13259
2026-02-25,3054.9247,4735.8858,8527.5593,8426.3314,26765.72,531.4125,6946.13,6.932099999999999,97.6594,1151.06,70.87,3076,2340.21,,,17.14,40.64,246.8672,251.4585,129.2551,245.0606,280.4785,1.6701,1.9997,1.8158,18.02,,,,,,,,13349.5
2026-02-24,3041.3242,4707.544,8392.9098,8299.7705,26590.32,530.7561,6890.07,6.9414,97.8931,1150.5,71.01,3027,2282.39,,,17.04,40.01,247.0644,251.4517,129.3674,245.1114,280.4854,1.6576,1.9914,1.8023,18.15,,,,,,,,13195
2026-02-23,,,,,27081.91,,6837.75,,97.7425,,71.13,,,,,,,,,,,,,,,,,,,,,,,12901
2026-02-20,,,,,26413.35,,6909.51,,97.74380000000001,,71.24,,,,,,,,,,,,,,,,,,,,,,,12964
2026-02-19,,,,,,,6861.89,,97.8455,,71.94,,,,,,,,,,,,,,,,,,,,,,,12809
2026-02-18,,,,,,,6881.31,,97.74000000000001,,70.32,,,,,,,,,,,,,,,,,,,,,,,12911.5
2026-02-17,,,,,,,6843.22,,97.1222,,67.36,,,,,,,,,,,,,,,,,,,,,,,12619.5
2026-02-16,,,,,26705.94,,,,97.089,,68.58,,,,,,,,,,,,,,,,,,,,,,,12850.5
2026-02-14,,,,,,,,,,,,,,,,,,,,,,,1.6585,2.0042,1.7899,18.18,,,,,,,,
2026-02-13,3034.3459,4660.4056,8299.585,8204.8294,26567.12,526.4351,6836.17,6.9398,96.85919999999999,1110.1,67.73,3055,2276.06,,,16.88,39.71,246.8937,251.2696,129.3671,244.9889,280.2571,1.6604,2.0042,1.7928,18.21,,,,,,,,12931.5
2026-02-12,3079.7273,4719.578,8423.5695,8314.8322,27032.54,528.7335,6832.76,6.9456999999999995,96.9065,1126.12,67.55,3050,2285.39,,,17.09,40.22,246.8841,251.2287,129.3702,244.954,280.2069,1.6604,2.0047,1.7893,18.07,,,,,,,,12855.5
2026-02-11,3088.4571,4713.8185,8325.8107,8239.513,27266.38,526.3602,6941.47,6.9438,96.9194,1130.4,69.63,3054,2300.93,,,17.07,39.93,246.8244,251.1753,129.3468,244.9242,280.1289,1.6677,2.0125,1.7994,18.16,,,,,,,,13239
2026-02-10,3087.405,4724.2956,8306.4448,8250.3001,27183.15,526.0883,6941.81,6.9458,96.865,1121.22,69.08,3052,2304.21,,,17.12,40.03,246.7238,251.133,129.3018,244.9072,280.0672,1.6652,2.0118,1.8094,18.26,,,,,,,,13100
2026-02-09,3081.7791,4719.0559,8311.2829,8233.7783,27027.16,527.3115,6964.82,6.952300000000001,96.8526,1125.94,69.14,3064,2336.82,,,17.1,39.93,246.6732,251.0906,129.2832,244.9034,279.9874,1.6602,2.0165,1.8114,18.34,,,,,,,,13185
2026-02-06,3037.8602,4643.5959,8146.4128,8051.5742,26559.95,520.785,6932.3,6.959,97.61019999999999,1090.12,68.1,3077,2291.85,,,16.83,39.1,246.5417,251.0207,129.2382,244.7802,279.8819,1.6702,2.0155,1.8102,18.34,,,,,,,,13060
2026-02-05,3059.012,4670.4188,8146.1073,8068.0767,26885.24,516.8868,6798.4,6.957,97.9585,1105.76,67.32,3101,2316.76,,,16.93,39.13,246.2662,250.9846,129.1008,244.6494,279.8116,1.6802,2.0153,1.8169,18.48,,,,,,,,12855
2026-02-04,3069.2432,4698.6832,8299.0574,8207.1203,26847.32,521.2692,6882.72,6.9533,97.6518,1141.7,68.95,3110,2322.38,,,17.02,39.7,246.0952,250.9664,129.0186,244.5755,279.7819,1.6916,2.0189,1.8193,18.38,,,,,,,,13040
2026-02-03,3034.5803,4660.1074,8286.7005,8209.101,26834.77,521.461,6917.81,6.9608,97.3872,1093.78,67.82,3099,2255.48,,,16.9,39.67,246.1175,250.9582,129.0385,244.5368,279.7674,1.6916,2.0246,1.8172,18.56,,,,,,,,13410
2026-02-02,3003.1373,4605.9799,8037.0456,7975.4283,26775.57,508.1166,6976.44,6.969500000000001,97.6129,1008.6,66.31,3098,2213.49,,,16.74,38.42,246.1909,250.9439,129.0855,244.5402,279.7424,1.6931,2.0264,1.82,18.44,,,,,,,,12900
2026-01-31,,,,,,,,,,,,,,9,8.2,,,,,,,,,,,,49.3,,,10,26.6,0.2,-1.4,
2026-01-30,3066.4963,4706.3401,8370.5203,8254.8603,27387.11,520.5434,6939.03,6.9678,97.11519999999999,1161.42,69.83,3128,2291.65,,,17.06,39.7,246.0986,250.8887,129.0614,244.4633,279.6754,1.6922,2.0354,1.8112,18.61,,,,,,,,13070.5
2026-01-29,3110.9135,4753.8697,8517.8429,8332.2067,27968.09,529.7175,6969.01,6.977100000000001,96.1643,1249.12,69.71,3157,2349.8,,,17.19,40.13,246.1578,250.869,129.1008,244.4808,279.6372,1.6922,2.0382,1.8174,18.6,,,,,,,,13618
2026-01-28,3060.557,4717.9914,8601.1644,8399.7938,27826.91,533.4553,6978.03,6.9755,96.352,1186.2,67.69,3123,2289.05,,,17.06,40.5,246.1205,250.845,129.0893,244.4031,279.6147,1.6972,2.0304,1.8164,18.72,,,,,,,,13086.5
2026-01-27,3052.3932,4705.6918,8548.9321,8382.1533,27126.95,528.9534,6978.6,6.9858,95.77250000000001,1148.38,66.76,3126,2270.03,,,17.03,40.44,246.0068,250.823,129.0374,244.3798,279.5744,1.7035,2.0497,1.8311,18.66,,,,,,,,13006.5
2026-01-26,3049.5871,4706.964,8506.6932,8365.4345,26765.52,528.1381,6950.23,6.984300000000001,97.05059999999999,1143.32,64.9,3143,2291.26,,,17.01,40.32,246.1889,250.7901,129.1419,244.4103,279.5127,1.701,2.0609,1.8242,18.65,,,,,,,,13199
2026-01-23,3032.193,4702.4966,8590.1659,8470.7438,26749.51,534.4828,6915.61,6.9929,97.50529999999999,1115.64,65.44,3142,2343.49,,,17.01,41,246.0226,250.7227,129.0786,244.3338,279.3882,1.701,2.0759,1.8298,18.49,,,,,,,,13128.5
2026-01-22,3053.1277,4723.7091,8387.595,8309.3456,26629.96,527.7333,6913.35,7.001900000000001,98.2778,1087.58,63.71,3124,2317.76,,,17.13,40.05,245.8528,250.6828,128.997,244.289,279.2956,1.7135,2.0723,1.8425,18.5,,,,,,,,12755.5
2026-01-21,3067.1753,4723.0692,8340.1133,8247.6798,26585.06,522.9487,6875.62,7.0014,98.76929999999999,1092.3,64.62,3117,2300.94,,,17.13,39.72,245.8419,250.6437,128.9995,244.2957,279.2419,1.7085,2.0906,1.8312,18.5,,,,,,,,12810
2026-01-20,3070.646,4718.8782,8247.8049,8182.7522,26487.51,518.2923,6796.86,7.0006,98.54129999999999,1060.16,64,3111,2286.45,,,17.12,39.49,245.4995,250.5809,128.8266,244.2526,279.1525,1.706,2.1102,1.8326,18.47,,,,,,,,12753.5
2026-01-19,3075.9357,4734.4556,8287.947,8265.6462,26563.9,521.6514,,7.0051000000000005,99.04230000000001,1048.88,64.18,3140,2251.61,,,17.2,39.85,245.2222,250.5427,128.688,244.2011,279.0898,1.711,2.1178,1.8393,18.46,,,,,,,,12965.5
2026-01-16,3079.7631,4731.8728,8232.674,8232.7293,26844.96,519.3144,6940.01,7.0078,99.3691,1032.32,64.2,3163,2227.38,,,17.16,39.67,245.1957,250.4801,128.6987,244.0958,278.9844,1.7085,2.1202,1.8424,18.07,,,,,,,,12803
2026-01-15,3105.5751,4751.4293,8223.2683,8240.7751,26923.62,516.902,6944.47,7.0064,99.34239999999998,1035.2,63.87,3160,2246,,,17.22,39.7,245.1314,250.4333,128.6729,244.0403,278.9097,1.718,2.1395,1.8544,18,,,,,,,,13106
2026-01-14,3112.0745,4741.9306,8227.697,8257.1716,26999.81,515.8722,6926.6,7.012,99.0753,1040.62,65.39,3162,2236.55,,,17.18,39.76,245.0296,250.4012,128.6272,243.938,278.8601,1.721,2.1394,1.8494,18.06,,,,,,,,13188.5
2026-01-13,3132.9328,4761.0324,8143.28,8203.1327,26848.47,515.0746,6963.74,7.010300000000001,99.1842,1027.18,65.46,3158,2263.19,,,17.26,39.51,245.0105,250.3807,128.6253,243.8941,278.8344,1.7236,2.1494,1.8519,18.04,,,,,,,,13164
2026-01-12,3143.7371,4789.9155,8249.1275,8357.0107,26608.48,520.8238,6977.27,7.0108,98.89429999999999,1026.28,64.3,3165,2301.73,,,17.37,40.25,244.9235,250.3538,128.5875,243.8622,278.7978,1.7236,2.1533,1.8585,17.83,,,,,,,,13209.5
2026-01-09,3134.3245,4758.9221,8056.6858,8129.1831,26231.79,513.7889,6966.28,7.0128,99.1368,1006.48,63.02,3144,2308.54,,,17.29,39.12,244.6541,250.2943,128.4696,243.7562,278.739,1.7261,2.1535,1.8782,17.97,,,,,,,,12998
2026-01-08,3122.0627,4737.6536,7894.5447,7971.5887,26149.31,509.2569,6921.46,7.019699999999999,98.864,997.94,62.7,3168,2291.93,,,17.22,38.4,244.4901,250.2755,128.3909,243.7001,278.7243,1.7261,2.1562,1.8905,17.89,,,,,,,,12720.5
2026-01-07,3145.1197,4776.6658,7875.0822,7906.4197,26458.95,507.2762,6920.93,7.018700000000001,98.7426,998.9,60.39,3187,2255.75,,,17.37,38.01,244.2851,250.2604,128.2906,243.6038,278.7113,1.7361,2.1666,1.9019,17.95,,,,,,,,12899.5
2026-01-06,3158.7632,4790.6938,7814.1356,7864.9034,26710.45,505.7676,6944.82,7.0173,98.5997,1004.98,60.51,3111,2254.31,,,17.43,37.77,244.6215,250.2646,128.477,243.6974,278.7108,1.7211,2.1631,1.8829,17.99,,,,,,,,13238
2026-01-05,3099.7462,4717.7457,7651.1981,7753.88,26347.24,499.0064,6902.05,7.023,98.3291,995,61.77,3104,2225.97,,,17.17,37.21,245.0026,250.2668,128.6871,243.9114,278.7317,1.7011,2.1479,1.8584,17.96,,,,,,,,12991.5
2026-01-04,,,,,,,,,,,,,,,,,,,,,,,1.6911,2.1532,1.8427,17.76,,,,,,,,
2026-01-02,,,,,26338.47,,6858.47,,98.4594,,60.8,,,,,,,,,,,,,,,,,,,,,,,12460.5
2026-01-01,,,,,,,,,98.24900000000001,,,,,,,,,,,,,,,,,,,,,,,,,
2025-12-31,3031.1258,4629.9395,7465.5742,7595.2845,25630.54,491.9017,6845.5,7.0288,98.2696,977.56,60.91,3122,2197.09,8.5,8.3,16.43,38.04,245.1307,250.1633,128.7962,243.8358,278.6268,1.6969,2.151,1.8473,17.59,50.1,-3.8,0.9,6.432849,6.438917,0.8,-1.9,12496.5
2025-12-30,3036.5523,4651.2818,7458.936,7597.299,25854.6,491.8273,6896.24,7.0348,98.21809999999999,984.84,61.28,3134,2172.51,,,16.52,37.98,245.1696,250.1444,128.8251,243.8749,278.6284,1.6975,2.1429,1.8582,17.73,,,,,,,,12673.5
2025-12-29,3034.6347,4639.3721,7430.6147,7594.1575,25635.23,491.1448,6905.74,7.033100000000001,97.9975,1007.18,61.26,3130,2199.34,,,16.47,37.85,245.254,250.1319,128.878,243.9822,278.6112,1.6894,2.1205,1.8584,17.67,,,,,,,,12187.5
2025-12-26,3045.4036,4657.24,7458.8386,7605.5299,,493.2493,6929.94,7.0358,98.03410000000001,1016.3,60.33,3118,2212.34,,,16.53,38.01,245.814,250.1206,129.1994,244.0227,278.5969,1.6744,2.0995,1.8376,17.43,,,,,,,,
2025-12-25,3032.8414,4642.5357,7410.7119,7579.3791,,493.4639,,7.0392,97.9079,1008.76,,3127,2203.49,,,16.49,37.83,245.7631,250.0932,129.1807,244.0302,278.567,1.676,2.0907,1.8386,17.44,,,,,,,,
2025-12-24,3025.1839,4634.0586,7352.0396,7506.3814,25818.93,490.3799,6932.05,7.0471,97.95349999999999,1014.68,61.84,3136,2186.66,,,16.45,37.49,245.8054,250.0588,129.2113,244.0155,278.5187,1.671,2.0941,1.8356,17.35,,,,,,,,12133
2025-12-23,3027.5195,4620.7341,7256.7864,7392.4204,25774.14,486.9293,6909.79,7.052300000000001,97.9093,1014.24,61.92,3128,2172.07,,,16.43,36.92,245.6726,250.0279,129.1493,243.9674,278.4685,1.6702,2.098,1.8352,17.53,,,,,,,,12055
2025-12-22,3020.2285,4611.6235,7255.6607,7408.3488,25801.77,487.9626,6878.49,7.0572,98.26029999999999,1000.86,61.54,3126,2189.96,,,16.39,36.92,245.396,249.9974,129.0109,243.9185,278.423,1.6827,2.0949,1.8415,17.56,,,,,,,,11911
2025-12-19,3004.3401,4568.1781,7169.5511,7329.8057,25690.53,485.2779,6834.5,7.055,98.7125,979.9,60.12,3119,2170.86,,,16.25,36.53,245.5519,249.9288,129.1184,243.8703,278.3439,1.6802,2.1016,1.8308,17.53,,,,,,,,11881.5
2025-12-18,2998.517,4552.7926,7100.8359,7272.4024,25498.13,483.4312,6774.76,7.058300000000001,98.44010000000002,980.5,59.71,3125,2128.09,,,16.2,36.24,245.3286,249.8754,129.0083,243.7704,278.2673,1.7002,2.1118,1.8356,17.51,,,,,,,,11778
2025-12-17,2991.6777,4579.875,7137.8339,7288.7384,25468.78,483.1608,6721.43,7.0573,98.39829999999999,979.72,60.66,3084,2139.53,,,16.29,36.39,245.2868,249.8368,128.9945,243.6653,278.2258,1.7152,2.096,1.834,17.43,,,,,,,,11737
2025-12-16,2954.7872,4497.5545,7001.3188,7181.62,25235.41,478.6429,6800.26,7.0602,98.21990000000001,971.42,58.84,3081,2137.66,,,16.02,35.75,244.8761,249.805,128.7851,243.5398,278.1686,1.732,2.1161,1.8458,17.4,,,,,,,,11619
2025-12-15,2987.0684,4552.0596,7113.962,7309.0775,25628.88,482.094,6816.51,7.0656,98.27969999999999,983.16,60.36,3074,2159.88,,,16.22,36.38,244.9114,249.7992,128.8121,243.5558,278.1521,1.7373,2.1158,1.8488,17.4,,,,,,,,11686
2025-12-12,2994.6446,4580.95,7169.791,7370.9416,25976.79,482.9687,6827.41,7.0638,98.40119999999999,970.66,61.22,3060,2179.87,,,16.31,36.71,245.3463,249.7902,129.0674,243.666,278.1516,1.7348,2.1085,1.8396,17.5,,,,,,,,11552.5
2025-12-11,2977.0319,4552.1848,7082.8932,7311.9952,25530.51,481.3013,6901,7.0686,98.3448,957.9,61.55,3069,2189,,,16.2,36.33,245.6404,249.7626,129.2316,243.6437,278.0958,1.7282,2.1112,1.8404,17.62,,,,,,,,11833.5
2025-12-10,2988.6375,4591.8273,7155.9944,7408.2441,25540.78,483.0919,6886.68,7.0752999999999995,98.6403,956.4,62.52,3117,2258.02,,,16.34,36.78,245.3684,249.7185,129.0956,243.4975,278.0242,1.735,2.1212,1.8447,17.88,,,,,,,,11559.5
2025-12-09,2997.9603,4598.2232,7121.3256,7380.5835,25434.23,480.9622,6840.51,7.077299999999999,99.2407,951.54,62.12,3079,2202.29,,,16.37,36.6,245.2263,249.6984,129.0285,243.4317,277.9991,1.7433,2.1295,1.8425,17.57,,,,,,,,11470
2025-12-08,3019.362,4621.7545,7172.3671,7423.0462,25765.36,483.9257,6846.51,7.0764,99.10260000000001,958.7,62.53,3123,2249.53,,,16.43,36.87,245.0036,249.671,128.9187,243.3333,277.9644,1.7644,2.1341,1.8499,17.66,,,,,,,,11675
2025-12-05,3002.0087,4584.5368,7097.8389,7342.4924,26085.08,482.0003,6870.4,7.0748999999999995,98.98299999999999,961.04,63.86,3157,2238.52,,,16.29,36.43,245.0869,249.6624,128.9877,243.262,277.9709,1.7642,2.1189,1.848,17.68,,,,,,,,11665
2025-12-04,2974.3371,4546.5664,7012.8061,7248.6573,25935.9,477.4954,6857.12,7.0733,99.0602,953.42,63.37,3175,2235.14,,,16.16,35.97,244.9813,249.6763,128.9399,243.2812,277.9853,1.7641,2.119,1.8718,17.65,,,,,,,,11434
2025-12-03,2963.0763,4531.0486,6996.3552,7248.274,25760.73,478.5702,6849.72,7.0754,98.86590000000001,956.7,62.75,3169,2253.03,,,16.09,35.95,245.5668,249.776,129.2587,243.4896,278.15,1.7206,2.1016,1.8519,17.74,,,,,,,,11448.5
2025-12-02,2978.4671,4554.3347,7040.3008,7313.178,26095.05,479.5798,6829.37,7.0794,99.3208,958.42,62.39,3133,2288.11,,,16.2,36.25,245.8479,249.7832,129.416,243.5428,278.1815,1.7099,2.1011,1.8442,17.59,,,,,,,,11145
2025-12-01,2993.6761,4576.4856,7101.8323,7386.6811,26033.26,482.0904,6812.63,7.075900000000001,99.4081,963.28,63.33,3134,2286.44,,,16.26,36.63,246.0832,249.7778,129.5491,243.5608,278.1825,1.7097,2.1008,1.8366,17.8,,,,,,,,11232.5
2025-11-30,,,,,,,,,,,,,,8,8.5,,,,,,,,,,,,49.2,-2.6,1.3,5.807875,2.601673,0.7,-2.2,
2025-11-28,2969.6171,4526.6616,7031.5505,7334.2097,25858.89,481.6272,6849.09,7.078899999999999,99.43910000000001,953.92,62.32,3110,2287.77,,,16.09,36.32,246.0499,249.7396,129.5563,243.4611,278.1409,1.7189,2.1002,1.8412,17.83,,,,,,,,11175.5
2025-11-27,2972.2651,4515.4027,6951.2844,7257.454,25945.93,478.371,,7.0779000000000005,99.5527,947.16,62.92,3093,2278.78,,,16.05,35.92,245.9412,249.7275,129.5069,243.4324,278.1042,1.7266,2.0919,1.8537,18.07,,,,,,,,10930
2025-11-26,2971.7985,4517.6255,6965.0453,7248.4489,25928.08,480.9392,6812.61,7.0796,99.5885,946.72,62.44,3099,2293.3,,,16.05,35.94,246.1204,249.7943,129.6102,243.4836,278.2222,1.7244,2.073,1.8462,17.87,,,,,,,,10953
2025-11-25,2968.2023,4490.4047,6954.6034,7249.9471,25894.55,485.0848,6765.88,7.0826,99.8123,946.5,61.9,3106,2300.72,,,15.93,35.95,246.4328,249.8628,129.7842,243.6273,278.323,1.7136,2.0649,1.8301,17.72,,,,,,,,10832.5
2025-11-24,2950.562,4448.0478,6868.9664,7156.4085,25716.5,483.9972,6705.12,7.084700000000001,100.20259999999999,930.32,62.73,3089,2277.41,,,15.77,35.47,246.6449,249.8685,129.9051,243.6589,278.3513,1.7107,2.0503,1.821,17.92,,,,,,,,10781.5
2025-11-21,2955.8541,4453.6076,6817.4103,7067.703,25220.02,482.941,6602.99,7.0875,100.15270000000001,926.94,62.51,3057,2271.52,,,15.79,35.08,246.6422,249.8472,129.9285,243.6292,278.3408,1.7159,2.0488,1.8166,17.91,,,,,,,,10778
2025-11-20,3008.2904,4564.9483,7061.9497,7340.4118,25835.57,488.062,6538.76,7.0905,100.2193,932.56,63.19,3050,2348.16,,,16.16,36.44,246.7574,249.8607,129.9979,243.6162,278.3759,1.7165,2.0363,1.8135,17.94,,,,,,,,10686
2025-11-19,3020.3487,4588.2922,7122.7465,7387.2084,25830.65,489.2108,6642.16,7.0872,100.1249,937,63.66,3070,2340.46,,,16.24,36.71,246.7822,249.8493,130.0194,243.5806,278.3673,1.7185,2.0422,1.8179,17.92,,,,,,,,10802.5
2025-11-18,3003.0175,4568.1928,7151.0176,7448.1007,25930.03,488.0521,6617.32,7.0856,99.5932,918.52,64.82,3090,2390.48,,,16.17,36.95,246.9169,249.8336,130.0993,243.5887,278.3415,1.7158,2.041,1.8121,17.89,,,,,,,,10698
2025-11-17,3012.0714,4598.0525,7235.3512,7523.0758,26384.28,490.7443,6672.41,7.0816,99.5317,929.46,64.03,3097,2436.17,,,16.25,37.3,246.8779,249.7992,130.0868,243.5928,278.2927,1.7159,2.0502,1.8109,17.98,,,,,,,,10766.5
2025-11-14,3038.4255,4628.1398,7235.4617,7502.7567,26572.46,491.7057,6734.11,7.0825,99.2845,953.2,64.29,3053,2412.05,,,16.36,37.1,246.7576,249.7472,130.0477,243.4885,278.2228,1.724,2.0521,1.814,18.06,,,,,,,,10846
2025-11-13,3073.6656,4702.0738,7355.2911,7590.5763,27073.03,494.5863,6737.49,7.086499999999999,99.17599999999999,961.22,63.11,3046,2402.59,,,16.64,37.58,246.7639,249.7323,130.0593,243.4455,278.2129,1.7303,2.0493,1.8126,18.12,,,,,,,,10859
2025-11-12,3044.3011,4645.9079,7243.2483,7486.3766,26922.73,489.0239,6850.92,7.0832999999999995,99.47710000000001,945.76,62.68,3038,2378.37,,,16.45,37.04,246.8591,249.7223,130.1182,243.3892,278.1828,1.731,2.058,1.8071,17.89,,,,,,,,10897
2025-11-11,3034.6329,4652.1655,7291.6084,7540.791,26696.41,491.1033,6846.61,7.0866,99.47919999999999,948.88,65.09,3025,2392.69,,,16.44,37.36,246.7543,249.6891,130.0707,243.3158,278.1455,1.7399,2.0706,1.8119,18.11,,,,,,,,10840
2025-11-10,3053.857,4695.0507,7343.8017,7563.2535,26649.06,491.9063,6832.43,7.0856,99.6167,935.98,63.94,3044,2373.51,,,16.59,37.45,246.6937,249.6687,130.0468,243.2068,278.105,1.7456,2.0675,1.8139,18.13,,,,,,,,10874.5
2025-11-07,3038.3455,4678.7944,7327.9108,7541.878,26241.83,489.1397,6728.8,7.0836,99.5477,921.26,63.7,3034,2348.63,,,16.55,37.33,246.6225,249.6382,130.0338,243.1978,278.0759,1.7516,2.0624,1.8142,18.23,,,,,,,,10695
2025-11-06,3044.7416,4693.4032,7345.723,7551.8299,26485.9,488.7721,6720.32,7.086499999999999,99.6968,917.8,63.57,3037,2354.74,,,16.63,37.35,246.6773,249.6468,130.0712,243.306,278.1035,1.7363,2.0761,1.81,18.06,,,,,,,,10687
2025-11-05,3007.97,4627.257,7229.341,7464.8632,25935.41,486.2097,6796.29,7.0901,100.1593,912.26,63.55,3024,2360.72,,,16.38,36.85,246.9597,249.6464,130.2297,243.4109,278.0901,1.7248,2.0735,1.7964,18.19,,,,,,,,10733
2025-11-04,3012.9691,4618.699,7210.8253,7435.7308,25952.4,482.6357,6771.55,7.088499999999999,100.2092,915.58,64.35,3044,2347.24,,,16.35,36.7,246.8837,249.6066,130.1976,243.3729,278.034,1.7287,2.0749,1.7984,18.02,,,,,,,,10649
2025-11-03,3016.3507,4653.4028,7333.6013,7538.1178,26158.36,485.9058,6851.97,7.0867,99.8762,922.58,64.84,3079,2354.15,,,16.47,37.26,246.9244,249.5514,130.2275,243.427,277.9441,1.7256,2.0811,1.7944,17.98,,,,,,,,10819
2025-10-31,3011.5547,4640.6676,7331.0031,7506.6746,25906.65,484.9815,6840.2,7.088,99.7308,921.92,64.58,3106,2353.92,8.2,8.5,16.93,37.38,246.8835,249.462,130.2306,243.3669,277.801,1.7206,2.0877,1.7954,17.8,49,-1.7,2.9,-1.275488,1.772713,0.2,-2.1,10891.5
2025-10-30,3046.6108,4709.911,7385.7109,7485.0848,26282.69,484.4447,6822.34,7.0864,99.5456,912.16,64.03,3106,2342.43,,,17.19,37.28,246.4845,249.3631,130.0267,243.1939,277.647,1.7231,2.1042,1.8098,17.96,,,,,,,,10930
2025-10-29,3063.021,4747.8378,7480.9666,7569.117,,488.6576,6890.59,7.084300000000001,99.14949999999999,910.88,64.3,3133,2375.56,,,17.35,37.68,246.2959,249.2886,129.9346,243.0543,277.5197,1.7275,2.1123,1.8208,18.03,,,,,,,,11090
2025-10-28,3050.4162,4691.973,7341.0304,7479.221,26346.14,484.033,6890.89,7.0856,98.72149999999999,901.38,63.86,3091,2362.47,,,17.17,37.15,246.2554,249.1927,129.9214,242.9921,277.3757,1.745,2.1253,1.8179,18.03,,,,,,,,11029.5
2025-10-27,3069.5293,4716.0186,7379.3941,7495.3831,26433.7,485.1831,6875.16,7.088099999999999,98.82069999999999,934.14,65.04,3100,2367.92,,,17.26,37.22,245.6921,249.0627,129.63,242.6748,277.1677,1.7738,2.15,1.8423,17.96,,,,,,,,11000.5
2025-10-24,3045.8161,4660.6835,7258.5343,7419.2352,26160.15,481.204,6791.69,7.0928,98.9417,938.1,64.92,3046,2370.55,,,17.05,36.79,245.5646,248.9858,129.5871,242.5952,277.0634,1.7813,2.1456,1.8486,17.73,,,,,,,,10947
2025-10-23,3026.9044,4606.3447,7142.9536,7308.0992,25967.98,477.9653,6738.44,7.0918,98.9334,942.28,65.96,3071,2394.93,,,16.83,36.22,245.7435,248.9319,129.6906,242.6102,276.9715,1.7816,2.1518,1.8391,17.62,,,,,,,,10817
2025-10-22,3010.0951,4592.57,7128.4776,7312.21,25781.77,477.3094,6699.4,7.0954,98.90709999999999,952.56,64.35,3068,2418.99,,,16.77,36.22,245.8682,248.8564,129.7653,242.6018,276.8631,1.7822,2.1596,1.8293,17.72,,,,,,,,10658.5
2025-10-21,3007.2634,4607.8715,7185.624,7344.0468,26027.55,479.2016,6735.35,7.093,98.9712,994.06,61.66,3047,2400.88,,,16.82,36.44,245.8306,248.7881,129.7536,242.5488,276.7571,1.7925,2.1784,1.8357,17.7,,,,,,,,10596.5
2025-10-20,2974.8648,4538.2201,7069.6412,7239.1845,25858.83,474.5077,6735.13,7.0973,98.6219,970.32,60.94,3045,2348.03,,,16.54,35.91,245.6721,248.7213,129.6775,242.5447,276.6413,1.794,2.1866,1.8498,17.72,,,,,,,,10712.5
2025-10-17,2967.7748,4514.2345,7016.0661,7185.4781,25247.1,474.2192,6664.01,7.094899999999999,98.55560000000001,999.8,61.34,3037,2335.28,,,16.46,35.59,245.8774,248.6491,129.8118,242.5735,276.5483,1.7852,2.1755,1.8246,18.03,,,,,,,,10607
2025-10-16,3019.1966,4618.4218,7231.5336,7401.8375,25888.51,478.7171,6629.07,7.0968,98.3526,966.42,61.02,3049,2363.76,,,16.82,36.69,245.46,248.5681,129.5979,242.4704,276.4228,1.7955,2.1883,1.8407,18.02,,,,,,,,10620
2025-10-15,3001.3489,4606.2879,7294.0014,7483.449,25910.6,482.174,6671.06,7.099500000000001,98.6659,960.34,62.47,3034,2382.33,,,16.76,37.07,245.2831,248.5202,129.512,242.4748,276.3572,1.7888,2.1875,1.8449,18.21,,,,,,,,10576
2025-10-14,2961.101,4539.0644,7194.8509,7373.1522,25441.35,479.8334,6644.31,7.102099999999999,99.04530000000001,938.98,62.28,3061,2379.66,,,16.49,36.53,245.2812,248.5023,129.5194,242.444,276.3184,1.7826,2.1879,1.8368,18.48,,,,,,,,10598.5
2025-10-13,2967.206,4593.9785,7376.5636,7519.7636,25889.48,483.6015,6654.72,7.100700000000001,99.2595,927.56,63.39,3083,2384.55,,,16.68,37.28,245.2495,248.4888,129.5108,242.5488,276.2796,1.7813,2.1784,1.8383,18.47,,,,,,,,10802
2025-10-11,,,,,,,,,,,,,,,,,,,,,,,1.7613,2.1781,1.8206,18.77,,,,,,,,
2025-10-10,2974.8535,4616.8341,7398.2241,7533.8201,26290.32,485.6199,6552.51,7.1048,98.8223,901.56,62.09,3103,2391.36,,,16.82,37.4,244.9939,248.3563,129.3996,242.4438,276.0751,1.7827,2.191,1.846,18.85,,,,,,,,10374
2025-10-09,3020.5964,4709.482,7548.9226,7648.0523,26752.59,487.8128,6735.11,7.1102,99.40440000000001,914.32,65.23,3096,2377.64,,,17.17,38.04,245.1263,248.3334,129.4785,242.4358,276.0464,1.7802,2.1943,1.8466,18.64,,,,,,,,10776.5
2025-10-08,,,,,26829.46,,6753.72,,98.84899999999999,,66.08,,,,,,,,,,,,,,,,,,,,,,,10701
2025-10-07,,,,,,,6714.59,,98.5859,,65.73,,,,,,,,,,,,,,,,,,,,,,,10725.5
2025-10-06,,,,,26957.77,,6740.28,,98.10410000000002,,65.52,,,,,,,,,,,,,,,,,,,,,,,10652.5
2025-10-03,,,,,27140.92,,6715.79,,97.7229,,64.36,,,,,,,,,,,,,,,,,,,,,,,10700
2025-10-02,,,,,27287.12,,6715.35,,97.8916,,64.32,,,,,,,,,,,,,,,,,,,,,,,10481.5
2025-10-01,,,,,,,6711.2,,97.74119999999999,,65.42,,,,,,,,,,,,,,,,,,,,,,,10360
2025-09-30,2988.9386,4640.6935,7412.3684,7574.9631,26855.56,485.4927,6688.46,7.105500000000001,97.82240000000002,874.4,66.15,3072,2411.09,8.4,8.7,16.95,37.58,244.8721,248.1633,129.4181,242.2428,275.8175,1.7796,2.1969,1.8605,19.31,49.8,-0.5,3,8.16714,8.037008,-0.3,-2.3,10296
2025-09-29,2973.0417,4620.0528,7350.5599,7497.8308,26622.88,482.1882,6661.21,7.108899999999999,97.9325,866.52,66.77,3097,2360.97,,,16.9,37.22,244.6239,248.1335,129.2942,242.1663,275.8075,1.7996,2.1973,1.887,19.32,,,,,,,,10428.5
2025-09-28,,,,,,,,,,,,,,,,,,,,,,,1.7954,2.1922,1.8781,19.17,,,,,,,,
2025-09-26,2941.0184,4550.0487,7240.9114,7397.5894,26128.2,478.0513,6643.7,7.1152,98.1926,856.06,68.82,3114,2340.73,,,16.64,36.71,244.8174,248.1103,129.4223,242.0776,275.8144,1.8009,2.1903,1.8768,19.42,,,,,,,,10205
2025-09-25,2952.7352,4593.4875,7341.3238,7506.5124,26484.68,479.0116,6604.72,7.1118,98.46209999999999,854.72,68.8,3167,2336.07,,,16.81,37.32,244.7249,248.1105,129.3814,241.9539,275.81,1.802,2.1916,1.884,19.44,,,,,,,,10275.5
2025-09-24,2939.5078,4566.0708,7323.7093,7534.2223,26518.65,476.829,6637.97,7.1076999999999995,97.8657,860,68.26,3164,2355.53,,,16.71,37.37,244.7254,248.2432,129.39,242.1236,276.0157,1.7923,2.1819,1.9022,19.6,,,,,,,,10320
2025-09-23,2919.5148,4519.7781,7180.7137,7408.0691,26159.12,470.7302,6656.92,7.1057,97.2351,855.44,67.17,3155,2303.68,,,16.54,36.73,245.1662,248.3453,129.6333,242.2755,276.1867,1.7838,2.1417,1.877,19.57,,,,,,,,9993.5
2025-09-22,2922.1795,4522.608,7225.1281,7489.4784,26344.14,471.594,6693.75,7.1106,97.311,846.5,66.01,3185,2348.72,,,16.54,37.07,245.498,248.406,129.8186,242.3662,276.2829,1.7708,2.1371,1.8647,19.56,,,,,,,,10002
2025-09-19,2909.7442,4501.9195,7170.3488,7438.1887,26545.1,473.6069,6664.36,7.1128,97.6519,830.56,66.05,3172,2344.38,,,16.45,36.86,245.385,248.3794,129.7833,242.3185,276.2538,1.7807,2.1223,1.8789,19.48,,,,,,,,9996.5
2025-09-18,2912.8256,4498.109,7199.8828,7476.402,26544.85,476.2048,6631.96,7.108499999999999,97.3696,824.1,66.97,3147,2335.82,,,16.46,37.02,245.8305,248.405,130.0292,242.3836,276.2771,1.7701,2.1057,1.8546,19.55,,,,,,,,9946
2025-09-17,2952.7778,4551.023,7260.0353,7554.8125,26908.39,479.4424,6600.35,7.101299999999999,97.03509999999999,835.08,67.91,3168,2388,,,16.64,37.4,246.0269,248.4042,130.1423,242.3789,276.2666,1.76,2.103,1.8349,19.73,,,,,,,,9974
2025-09-16,2947.8222,4523.3367,7190.9928,7483.6282,26438.51,476.726,6606.76,7.1027000000000005,96.6434,842.08,68.49,3166,2370.16,,,16.54,37.06,245.7022,248.3833,129.9775,242.1577,276.2305,1.78,2.1102,1.8527,19.88,,,,,,,,10117
2025-09-15,2962.6154,4533.0557,7137.3627,7415.5711,26446.56,477.5656,6615.28,7.1056,97.35860000000001,831.6,67.47,3136,2339.14,,,16.47,36.74,245.4805,248.3763,129.8675,242.0908,276.2174,1.7656,2.1119,1.8724,19.88,,,,,,,,10189
2025-09-12,2968.5397,4521.998,7147.7489,7422.8844,26388.16,481.0447,6584.29,7.1019000000000005,97.6178,834.22,66.88,3127,2327.74,,,16.42,36.73,245.412,248.3208,129.856,241.9236,276.1363,1.7411,2.1201,1.867,19.88,,,,,,,,10067.5
2025-09-11,2983.0829,4548.0345,7122.7051,7399.8854,26086.32,480.2478,6587.47,7.1034,97.5299,830.78,66.31,3092,2293.18,,,16.51,36.66,245.1768,248.3193,129.7388,241.8393,276.1371,1.7461,2.1176,1.8743,19.93,,,,,,,,10051.5
2025-09-10,2939.5911,4445.3649,6932.1092,7230.1678,26200.26,474.3999,6532.04,7.1062,97.8433,833.42,67.6,3109,2264.65,,,16.1,35.79,245.1483,248.3616,129.7319,241.9098,276.187,1.7504,2.1071,1.8992,19.91,,,,,,,,10013
2025-09-09,2928.6323,4436.2584,6928.9651,7226.0277,25938.13,477.4143,6512.61,7.1008,97.76689999999999,834.48,66.53,3123,2252.96,,,16.04,35.79,245.6811,248.4297,130.0247,242.1086,276.2648,1.7207,2.1013,1.8641,19.86,,,,,,,,9914
2025-09-08,2939.8823,4467.5733,6992.1169,7311.0343,25633.91,482.0418,6495.15,7.102899999999999,97.44779999999999,822.86,66.24,3132,2216.57,,,16.15,36.14,245.9577,248.4444,130.1807,242.2215,276.2996,1.7019,2.0996,1.8514,20.1,,,,,,,,9915
2025-09-05,2942.2162,4460.3249,6913.9532,7245.667,25417.98,479.0023,6481.5,7.1064,97.7357,815.6,65.67,3143,2196.34,,,16.15,35.76,246.4203,248.4486,130.4528,242.3982,276.3216,1.6794,2.0777,1.826,19.84,,,,,,,,9897.5
2025-09-04,2910.47,4365.2085,6698.4474,7041.1544,25058.51,468.8432,6502.08,7.1052,98.2748,812.98,66.88,3117,2176.61,,,15.71,34.7,246.8704,248.4539,130.7014,242.5808,276.3233,1.6644,2.0712,1.806,19.85,,,,,,,,9898
2025-09-03,2960.9933,4459.8296,6868.4615,7206.8758,25343.43,469.74,6448.26,7.1108,98.1485,814.88,67.39,3106,2201.1,,,16.06,35.55,246.8356,248.3811,130.6912,242.4631,276.2044,1.6619,2.0839,1.7984,20.04,,,,,,,,9975.5
2025-09-02,2992.881,4490.4528,6961.6894,7313.8824,25496.55,468.5273,6415.54,7.108899999999999,98.31469999999999,804.32,69.07,3117,2230.06,,,16.17,36.06,246.4282,248.3264,130.4821,242.288,276.1408,1.6744,2.0841,1.8167,19.8,,,,,,,,9980.5
2025-09-01,2981.2024,4523.7111,7110.2882,7501.1483,25617.42,472.6729,,7.1072,97.6793,800.56,68.16,3115,2246.31,,,16.27,36.97,246.3647,248.3216,130.4565,242.1698,276.1426,1.6846,2.0944,1.8257,20.01,,,,,,,,9884
2025-08-31,,,,,,,,,,,,,,8.8,8.8,,,,,,,,,,,,49.4,0.5,3.4,4.230031,1.654395,-0.4,-2.9,
2025-08-29,2976.4732,4496.7591,7043.9416,7438.6767,25077.62,476.113,6460.26,7.103,97.84769999999999,785.12,67.46,3090,2229.34,,,16.44,36.59,246.1598,248.2698,130.3722,242.0659,276.0745,1.6916,2.0941,1.8379,19.94,,,,,,,,9902
2025-08-28,2960.7266,4463.782,7011.1602,7447.1101,24998.82,477.8422,6501.86,7.106300000000001,97.8679,783.22,67.65,3129,2241.04,,,16.33,36.61,246.112,248.2577,130.3551,242.079,276.0619,1.7019,2.0937,1.8478,19.82,,,,,,,,9818
2025-08-27,2918.3789,4386.1266,6862.5624,7336.5036,25201.76,476.941,6481.4,7.1108,98.1926,781.16,67.2,3111,2215.8,,,16.04,36.04,246.5238,248.2498,130.5833,242.1031,276.0547,1.6769,2.1087,1.7988,19.92,,,,,,,,9755.5
2025-08-26,2969.7762,4452.5905,6964.0653,7476.4672,25524.92,490.7594,6465.94,7.1188,98.2375,781.12,66.69,3113,2296.32,,,16.28,36.6,246.5761,248.2176,130.6196,242.1571,276.014,1.6769,2.1234,1.7598,20.01,,,,,,,,9837
2025-08-25,2989.8549,4469.2217,6951.8955,7477.728,25829.91,490.9831,6439.32,7.116099999999999,98.4262,779.18,68.2,3138,2304.7,,,16.35,36.56,246.2912,248.1873,130.4758,242.0229,275.9835,1.683,2.1172,1.7643,20.11,,,,,,,,
2025-08-22,2928.6135,4377.9977,6822.8469,7362.9396,25339.14,488.7186,6466.91,7.132099999999999,97.7244,773.4,67.26,3119,2230.67,,,16,35.89,245.9223,248.1299,130.3039,241.9552,275.9108,1.6955,2.1251,1.7818,20.1,,,,,,,,9796.5
2025-08-21,2862.1764,4288.0707,6704.1657,7253.3429,25104.61,484.1253,6370.17,7.1287,98.6526,775.12,67.67,3121,2221.01,,,15.64,35.34,245.9911,248.1275,130.349,241.9145,275.923,1.7006,2.1213,1.7667,20.03,,,,,,,,9724.5
2025-08-20,2846.9907,4271.3958,6728.0692,7305.4613,25165.94,482.1048,6395.78,7.1384,98.2406,772.68,67.04,3132,2227.49,,,15.56,35.55,245.7405,248.1447,130.2236,241.9434,275.9401,1.7125,2.1227,1.782,20.04,,,,,,,,9720.5
2025-08-19,2812.4225,4223.3741,6655.3105,7242.8494,25122.9,480.3852,6411.37,7.1359,98.279,775.06,65.95,3126,2223.95,,,15.37,35.22,245.8517,248.1534,130.2913,241.8943,275.9679,1.705,2.1227,1.7725,20.21,,,,,,,,9692
2025-08-18,2838.8726,4239.4125,6668.1726,7237.6018,25176.85,479.6236,6449.15,7.1322,98.1535,777.66,66.46,3155,2209.2,,,15.44,35.24,245.7089,248.2199,130.2235,241.9283,276.0918,1.72,2.1163,1.7872,20.2,,,,,,,,9733
2025-08-15,2832.8759,4202.3533,6568.57,7117.5009,25270.07,475.2459,6449.8,7.1371,97.8467,775.8,66.13,3188,2219.49,,,15.31,34.63,246.7329,248.3987,130.7959,242.3687,276.3986,1.67,2.0568,1.7465,20.05,,,,,,,,9760
2025-08-14,2829.4703,4173.3131,6429.8462,6976.4875,25519.32,471.0126,6468.54,7.133699999999999,98.20410000000001,778.7,66.89,3189,2173.7,,,15.21,33.94,246.948,248.4231,130.9194,242.4735,276.4529,1.66,2.0578,1.7341,20.23,,,,,,,,9777
2025-08-13,2812.9804,4176.5776,6508.0978,7064.3339,25613.67,472.9332,6466.58,7.135,97.7884,777.72,65.74,3222,2185.61,,,15.19,34.38,247.1337,248.4557,131.027,242.4529,276.499,1.6525,2.0459,1.7262,20.25,,,,,,,,9777
2025-08-12,2807.0124,4143.8252,6418.1595,6963.611,24969.68,469.7258,6445.76,7.1418,98.0707,776.04,66.11,3258,2176.82,,,15.07,33.89,247.1301,248.4664,131.0335,242.483,276.5114,1.66,2.0462,1.7271,20.26,,,,,,,,9840
2025-08-11,2789.8959,4122.5106,6391.7595,6943.9366,24906.81,470.9079,6373.45,7.140499999999999,98.5013,779.48,66.71,3250,2161.81,,,14.98,33.8,247.4646,248.5252,131.2208,242.6464,276.6138,1.645,2.0504,1.7203,20.2,,,,,,,,9726.5
2025-08-08,2789.1744,4104.9669,6323.4999,6838.1299,24858.82,467.7706,6389.45,7.1382,98.267,787.8,66.32,3213,2135.43,,,14.93,33.36,247.902,248.5213,131.4801,242.6881,276.6116,1.63,2.0381,1.6891,20.41,,,,,,,,9768
2025-08-07,2798.3111,4114.666,6337.5425,6862.1497,25081.63,467.386,6340,7.134499999999999,98.0872,785.02,66.41,3231,2135.92,,,14.97,33.52,247.9327,248.5107,131.505,242.6066,276.595,1.64,2.0317,1.6894,20.45,,,,,,,,9670.5
2025-08-06,2797.4234,4113.4852,6357.3769,6861.3091,24910.63,467.8391,6345.06,7.140899999999999,98.22300000000001,783.68,66.96,3234,2118.54,,,14.96,33.55,247.7702,248.4772,131.4265,242.5251,276.5535,1.6425,2.0356,1.6999,20.67,,,,,,,,9674
2025-08-05,2790.7287,4103.45,6303.2359,6787.4806,24902.53,465.1185,6299.19,7.1366,98.7559,782.5,67.68,3233,2115.95,,,14.92,33.26,247.6986,248.4101,131.3966,242.4663,276.4621,1.65,2.0534,1.7061,20.33,,,,,,,,9634.5
2025-08-04,2769.3934,4070.7023,6261.7313,6739.6936,24733.45,461.3364,6329.94,7.139500000000001,98.7427,781.42,68.68,3204,2092,,,14.8,33.08,247.7427,248.349,131.4286,242.5585,276.3655,1.645,2.071,1.7083,20.33,,,,,,,,9708.5
2025-08-01,2754.1302,4054.9286,6213.2014,6670.472,24507.81,457.2298,6238.01,7.1496,98.69000000000001,770.72,69.52,3203,2090.3,,,14.74,32.75,247.5687,248.2789,131.3609,242.4957,276.2823,1.64,2.0854,1.7059,20.6,,,,,,,,9633
2025-07-31,2775.9935,4075.5912,6226.3432,6661.1862,24773.33,456.3895,6339.39,7.1494,100.04889999999999,770.28,71.78,3205,2093.78,8.8,9,14.82,32.7,247.5246,248.2038,131.3458,242.4984,276.1819,1.64,2.0899,1.7044,20.45,49.3,1.6,3.7,6.992197,4.237266,0,-3.6,9607
2025-07-30,2819.3508,4151.2379,6314.6873,6718.4819,25176.93,460.6255,6362.9,7.144099999999999,99.9684,773.78,72.75,3315,2161.72,,,15.09,33.03,247.183,248.0961,131.1715,242.2386,276.0239,1.6625,2.121,1.718,20.67,,,,,,,,9730
2025-07-29,2808.5917,4152.0247,6356.1327,6773.8843,25524.45,460.9982,6370.86,7.1511000000000005,98.92340000000002,771.44,71.77,3347,2179.09,,,15.1,33.28,246.7731,248.0764,130.9607,242.2385,276.0031,1.675,2.1189,1.7466,20.5,,,,,,,,9803
2025-07-28,2802.7674,4135.8242,6323.4198,6729.979,25562.13,460.3422,6389.77,7.146700000000001,98.6694,774.78,69.6,3248,2171.75,,,15.06,33.06,247.3707,248.1485,131.2888,242.3798,276.1156,1.66,2.0917,1.7146,20.51,,,,,,,,9762.5
2025-07-25,2795.5127,4127.1634,6299.5908,6706.6098,25388.35,463.5676,6388.64,7.141900000000001,97.6701,777.32,67.6,3356,2164.62,,,15.02,33.01,246.9941,248.0641,131.1128,242.1467,275.9934,1.675,2.1052,1.7324,20.87,,,,,,,,9796
2025-07-24,2812.4428,4149.0368,6293.5984,6701.12,25667.18,463.0448,6363.35,7.1385,97.4884,778.74,68.53,3294,2151.03,,,15.1,32.98,247.0431,248.1378,131.1474,242.2311,276.1136,1.68,2.0847,1.7376,20.62,,,,,,,,9854.5
2025-07-23,2801.2002,4119.7685,6196.7577,6607.22,25538.07,459.4234,6358.91,7.1414,97.20479999999999,792.9,68.67,3274,2110.68,,,15,32.47,247.5784,248.2978,131.4424,242.4839,276.3305,1.64,2.0447,1.7041,20.57,,,,,,,,9933.5
2025-07-22,2792.1823,4118.9582,6213.4072,6637.1035,25130.03,459.5903,6309.62,7.146,97.35499999999999,784.84,68.67,3307,2121.43,,,14.98,32.58,247.8684,248.408,131.6061,242.7496,276.5028,1.6225,2.0131,1.6907,20.74,,,,,,,,9898
2025-07-21,2772.2385,4085.6072,6161.3086,6612.2589,24994.14,457.4094,6305.6,7.1522,97.8342,781.7,69.09,3224,2098.62,,,14.86,32.39,248.0767,248.4265,131.7261,242.8278,276.5435,1.6125,2.0098,1.6774,20.8,,,,,,,,9867
2025-07-18,2764.516,4058.5486,6099.6104,6552.0741,24825.66,453.8552,6296.79,7.1498,98.46000000000001,777.02,69.23,3147,2080,,,14.76,32.03,248.3671,248.4435,131.907,242.8787,276.5931,1.6,1.9912,1.6652,20.66,,,,,,,,9794.5
2025-07-17,2744.2604,4034.491,6082.4644,6535.6713,24498.95,452.8076,6297.36,7.1461,98.6419,776.28,69.65,3133,2070.11,,,14.66,31.9,248.4408,248.4031,131.9549,242.9042,276.528,1.6025,1.9945,1.663,20.63,,,,,,,,9678
2025-07-16,2740.9006,4007.2019,6017.1947,6462.063,24517.76,449.0357,6263.7,7.1526,98.2859,776.66,68.71,3106,2071.98,,,14.57,31.57,248.429,248.3534,131.957,242.9036,276.464,1.6,2.0156,1.6617,20.61,,,,,,,,9637
2025-07-15,2747.2269,4019.0644,6018.7583,6442.834,24590.12,447.3217,6243.76,7.1498,98.6306,780.4,68.86,3114,2078,,,14.61,31.46,248.411,248.2966,131.9559,242.8597,276.3771,1.6,2.0186,1.6557,20.74,,,,,,,,9657.5
2025-07-14,2757.808,4017.6678,6020.8585,6462.3051,24203.32,448.9428,6268.56,7.149100000000001,98.10820000000001,781.4,69.14,3138,2098.56,,,14.6,31.48,248.0479,248.2431,131.7699,242.6835,276.3036,1.6072,2.0231,1.6726,20.6,,,,,,,,9643.5
2025-07-11,2756.7725,4014.807,6027.0789,6461.0997,24139.57,450.848,6259.75,7.147500000000001,97.8731,773.56,70.63,3133,2126.08,,,14.6,31.46,248.187,248.2427,131.8699,242.7305,276.3146,1.5972,2.0128,1.6653,20.6,,,,,,,,9663
2025-07-10,2756.9349,4010.0243,5983.0505,6406.5677,24028.37,450.7098,6280.46,7.151,97.5904,773.3,68.88,3123,2122.6,,,14.57,31.22,248.3034,248.2861,131.9408,242.8439,276.3942,1.5922,2.001,1.6616,20.73,,,,,,,,9682
2025-07-09,2739.9202,3991.4006,5953.4871,6390.4655,23892.32,448.8922,6263.26,7.1541,97.49310000000001,766.82,70.18,3063,2056.89,,,14.51,31.11,248.5363,248.3113,132.074,242.9391,276.4521,1.5732,1.9913,1.6446,20.53,,,,,,,,9660
2025-07-08,2747.1875,3998.4527,5977.7437,6407.6976,24148.07,450.0067,6225.52,7.1534,97.4921,776.22,70.03,3063,2057.08,,,14.53,31.2,248.5293,248.2986,132.0788,242.999,276.4457,1.5682,1.9848,1.6444,20.51,,,,,,,,9665
2025-07-07,2731.5324,3965.1746,5900.4056,6327.139,23887.83,446.5892,6229.98,7.1506,97.5537,771.3,69.6,3061,2037.17,,,14.42,30.78,248.6631,248.302,132.1591,243.1055,276.4478,1.5582,1.9857,1.6406,20.66,,,,,,,,9784
2025-07-04,2740.444,3982.2034,5911.4352,6312.1966,23916.06,447.4561,,7.153500000000001,96.988,777.06,68.51,3072,2003.54,,,14.48,30.75,248.6053,248.2249,132.1536,243.0929,276.3502,1.5557,1.9994,1.6433,20.58,,,,,,,,9852
2025-07-03,2724.5488,3968.0676,5922.66,6342.638,24069.94,446.807,6279.35,7.1523,97.11850000000001,781.28,68.85,3076,2012.16,,,14.42,30.86,248.5467,248.1304,132.1308,243.0751,276.2173,1.5572,2.0108,1.6407,20.29,,,,,,,,9951.5
2025-07-02,2722.5522,3943.6849,5892.9505,6309.4837,24221.41,444.3388,6227.42,7.1546,96.77879999999999,776.04,69.15,3065,2012.38,,,14.33,30.74,248.4994,248.0336,132.114,242.9949,276.0616,1.5557,2.0169,1.6396,20.54,,,,,,,,10010
2025-07-01,2717.7128,3942.762,5934.67,6373.7679,,445.7806,6198.01,7.1534,96.64510000000001,776.1,67.28,3003,2001.37,,,14.33,31.02,248.2419,247.9625,131.9846,242.8757,275.9591,1.5657,2.0413,1.6433,20.2,,,,,,,,9943
2025-06-30,2711.9853,3936.0791,5915.3876,6356.1813,24072.28,443.6496,6204.95,7.1586,96.77229999999999,767.58,66.63,2997,2008.35,8.3,8.9,14.34,31.19,248.054,247.9059,131.8924,242.854,275.8617,1.5807,2.0439,1.6469,20.28,49.7,2.8,4.8,5.657325,1.271714,0.1,-3.6,9878
2025-06-27,2707.5688,3921.7578,5863.7282,6276.9373,24284.15,442.1074,6173.07,7.162700000000001,97.2612,766.4,66.34,2995,1997.82,,,14.29,30.85,248.163,247.8563,131.9764,242.8667,275.8109,1.5757,2.0378,1.6462,20.23,,,,,,,,9879
2025-06-26,2738.4657,3946.0195,5838.2454,6247.791,24325.4,441.1842,6141.02,7.162,97.2985,775.28,66.74,2973,1992.63,,,14.38,30.71,248.0858,247.8348,131.9436,242.7985,275.7792,1.5807,2.0471,1.6462,20.31,,,,,,,,9896
2025-06-25,2747.7278,3960.0662,5862.5529,6276.1634,24474.67,441.4579,6092.16,7.1668,97.69770000000001,773.94,66.45,2976,2001.28,,,14.43,30.85,248.0187,247.8669,131.9162,242.787,275.8247,1.5907,2.0491,1.6544,20.22,,,,,,,,9727
2025-06-24,2715.9216,3904.0342,5765.8373,6194.666,24177.07,437.9552,6092.18,7.1656,97.96809999999999,771.86,66.84,2977,1973.65,,,14.15,30.42,248.189,247.8809,132.0159,242.7833,275.8448,1.5907,2.0546,1.648,20.29,,,,,,,,9664
2025-06-23,2684.7761,3857.9016,5674.1704,6078.2224,23689.13,434.9697,6025.17,7.171,98.3801,781.3,69.73,2995,1949.48,,,13.98,29.89,248.3924,247.894,132.1335,242.8436,275.8688,1.5782,2.05,1.6418,20.08,,,,,,,,9694.5
2025-06-20,2673.7191,3846.6443,5639.513,5999.5914,23530.48,433.093,5967.84,7.169500000000001,98.7639,778.58,75.78,2992,1938.26,,,13.94,29.62,248.3649,247.8235,132.1445,242.7765,275.7758,1.5782,2.0603,1.6396,20.33,,,,,,,,9660.5
2025-06-19,2665.5197,3843.0912,5676.8317,6048.2243,23237.74,433.1355,,7.172899999999999,98.7773,781.24,78.74,2986,1939.73,,,13.92,29.85,248.2552,247.7789,132.0942,242.7633,275.7089,1.5782,2.0703,1.6425,20.29,,,,,,,,9619.5
2025-06-18,2679.9218,3874.9708,5745.8714,6135.3858,23710.69,435.2638,5980.87,7.176099999999999,98.8911,785.42,76.08,2986,1975.24,,,14.03,30.26,248.0869,247.7271,132.0126,242.7244,275.6443,1.5832,2.0706,1.6384,20.24,,,,,,,,9650.5
2025-06-17,2683.9528,3870.3786,5750.9122,6141.4684,23980.3,435.2201,5982.72,7.1746,98.83039999999998,785.08,77.19,2981,2002.21,,,14.01,30.29,247.9523,247.668,131.949,242.642,275.5626,1.5857,2.0788,1.6364,20.23,,,,,,,,9670
2025-06-16,2685.0092,3873.7951,5767.8083,6147.46,24060.99,434.9227,6033.11,7.1789,98.1548,792.3,72.5,2990,2008.08,,,14.03,30.3,247.7251,247.6265,131.8358,242.5441,275.5074,1.6045,2.0792,1.6432,20.37,,,,,,,,9695
2025-06-13,2676.4328,3864.1822,5740.2397,6106.0083,23892.56,433.8395,5976.97,7.1772,98.145,794.36,75.18,2969,1971.62,,,13.99,30.11,247.6391,247.5558,131.8155,242.4893,275.418,1.602,2.0812,1.644,20.26,,,,,,,,9647.5
2025-06-12,2691.2752,3892.1992,5799.9319,6192.22,24035.38,435.9921,6045.26,7.180300000000001,97.8655,785.16,70.34,2968,2002.62,,,14.1,30.53,247.6457,247.5217,131.8276,242.5135,275.3617,1.6042,2.0818,1.6475,20.33,,,,,,,,9690.5
2025-06-11,2692.1365,3894.6252,5792.9464,6186.5122,24366.94,435.8033,6022.24,7.181500000000001,98.64540000000001,777.54,70.78,2991,2013.73,,,14.12,30.51,247.607,247.4906,131.8154,242.5302,275.3284,1.5942,2.0807,1.642,20.28,,,,,,,,9647
2025-06-10,2676.4013,3865.4652,5757.9921,6161.6919,24162.87,434.437,6038.81,7.184,99.0522,775.06,66.6,2974,2001.4,,,14,30.35,247.3981,247.4468,131.7119,242.5072,275.267,1.6017,2.0874,1.6569,20.3,,,,,,,,9725
2025-06-09,2686.8276,3885.2459,5805.6543,6218.9637,24181.43,435.6601,6005.88,7.1855,99.0187,774.72,67.13,2981,2008.13,,,14.07,30.63,247.3582,247.4036,131.6991,242.5428,275.1931,1.6017,2.0871,1.6559,20.46,,,,,,,,9768.5
2025-06-06,2688.8504,3873.9841,5762.0778,6152.8446,23792.54,433.9206,6000.36,7.184499999999999,99.2031,783.24,66.65,2975,2006.95,,,14.04,30.32,247.1894,247.3142,131.6343,242.4282,275.0827,1.6042,2.0922,1.6547,20.46,,,,,,,,9670.5
2025-06-05,2692.1287,3877.5557,5769.9675,6167.0149,23906.97,433.4241,5939.3,7.1865,98.74440000000001,783.72,65.29,2959,2004.34,,,14.06,30.38,246.8932,247.274,131.484,242.2553,275.013,1.6217,2.1024,1.6741,20.7,,,,,,,,9707.5
2025-06-04,2690.8243,3868.7429,5739.0058,6123.172,23654.03,432.6828,5970.81,7.1886,98.8128,782.42,64.91,2974,2003.49,,,14.03,30.16,246.7936,247.2534,131.4392,242.1413,274.9671,1.6292,2.1022,1.6704,20.75,,,,,,,,9649
2025-06-03,2687.296,3852.0127,5694.8385,6070.0368,23512.49,430.5605,5970.37,7.1869,99.2781,783.1,65.61,2928,1983.77,,,13.98,29.9,246.6716,247.2474,131.3823,242.1285,274.9569,1.6392,2.1072,1.6764,20.59,,,,,,,,9638.5
2025-06-02,,,,,23157.97,,5935.94,,98.68929999999999,,65.12,,,,,,,,,,,,,,,,,,,,,,,9615
2025-05-31,,,,,,,,,,,,,,7.9,8.7,,,,,,,,,,,,49.5,3.7,6.4,4.651185,-3.288482,-0.1,-3.3,
2025-05-30,2678.6955,3840.2323,5671.0723,6026.5603,23289.77,429.3055,5911.69,7.1848,99.4393,771.8,62.61,2961,1989.86,,,13.94,29.74,246.6188,247.1759,131.3885,242.1213,274.8738,1.6304,2.1053,1.6712,20.66,,,,,,,,9497
2025-05-29,2690.8926,3858.6998,5719.9101,6089.5778,23573.38,429.0539,5912.17,7.1907000000000005,99.3633,764.32,63.36,2978,1993.04,,,14.01,30.01,246.252,247.1233,131.2002,241.9424,274.796,1.6404,2.1234,1.6877,20.69,,,,,,,,9567
2025-05-28,2683.0628,3836.2366,5637.2378,5984.4557,23258.31,426.581,5888.55,7.1894,99.8978,772.28,64.33,2964,1974.18,,,13.94,29.47,246.5458,247.1931,131.3666,242.1244,274.9002,1.6304,2.1085,1.6832,20.84,,,,,,,,9566
2025-05-27,2685.2812,3839.3969,5652.1454,6008.4599,23381.99,426.2916,5921.54,7.1876,99.61470000000001,771.6,63.74,2980,1987.64,,,13.95,29.56,246.6384,247.2048,131.425,242.2229,274.9124,1.6204,2.0986,1.7261,20.91,,,,,,,,9596
2025-05-26,2699.4225,3860.1067,5669.4609,6028.7861,23282.33,427.3294,,7.183299999999999,98.9787,777.3,64.18,3004,1975.29,,,14.03,29.68,246.7815,247.1746,131.5105,242.2831,274.8543,1.6104,2.1023,1.7201,20.6,,,,,,,,
2025-05-23,2711.8524,3882.2741,5653.0436,5989.6752,23601.26,428.3355,5802.82,7.1919,99.1231,780.1,65.03,3046,1971.22,,,14.12,29.54,246.6601,247.0885,131.4713,242.1832,274.7128,1.6154,2.1204,1.7208,20.95,,,,,,,,9614
2025-05-22,2733.6323,3913.8651,5703.2797,6066.1031,23544.31,429.672,5842.01,7.190300000000001,99.9388,780.1,64.03,3061,1994.41,,,14.23,29.87,246.7747,247.035,131.5415,242.2024,274.6098,1.6171,2.1239,1.7186,20.67,,,,,,,,9519.5
2025-05-21,2728.4262,3916.3807,5757.9225,6132.1809,23827.78,431.0561,5844.61,7.1937,99.60139999999998,778.78,64.58,3061,2022.52,,,14.24,30.18,246.7693,246.9655,131.5474,242.1494,274.4815,1.6149,2.1306,1.71,20.72,,,,,,,,9487
2025-05-20,2716.6294,3898.1705,5747.367,6146.0166,23681.48,430.515,5940.46,7.1931,100.0219,754.38,65.6,3058,2033.24,,,14.17,30.21,246.8768,246.9178,131.6138,242.1918,274.4083,1.6073,2.1355,1.7004,20.76,,,,,,,,9554.5
2025-05-19,2705.0884,3877.1453,5720.7949,6095.3369,23332.72,429.414,5963.6,7.1916,100.37259999999999,755.86,65.48,3069,2035.57,,,14.09,30.05,246.8639,246.8326,131.6156,242.0971,274.283,1.6108,2.1307,1.6893,20.91,,,,,,,,9523.5
2025-05-16,2716.6618,3889.0854,5715.8491,6068.1165,23345.05,428.8266,5958.38,7.1938,100.9828,751.8,65.33,3082,2000.54,,,14.13,29.99,246.5587,246.7639,131.4776,241.9725,274.2079,1.6144,2.124,1.6793,20.94,,,,,,,,9447.5
2025-05-15,2740.2976,3907.1992,5715.2966,6057.0357,23453.16,428.6401,5916.93,7.196300000000001,100.8196,739.82,64.62,3118,2001.7,,,14.21,29.96,246.6987,246.7707,131.5617,242.188,274.2324,1.6084,2.1126,1.6798,20.9,,,,,,,,9577
2025-05-14,2753.785,3943.2108,5799.1191,6160.3697,23640.65,430.5145,5892.58,7.1956,101.0655,761.72,65.85,3127,2025.25,,,14.33,30.49,246.7972,246.7132,131.6235,242.3166,274.1571,1.5922,2.1231,1.6736,20.9,,,,,,,,9606.5
2025-05-13,2708.0588,3896.2583,5781.6683,6151.0098,23108.27,430.5518,5886.55,7.1991000000000005,100.9827,767.68,66.6,3079,2014.36,,,14.15,30.43,246.8989,246.6551,131.687,242.4103,274.0773,1.5809,2.1379,1.6704,20.81,,,,,,,,9599.5
2025-05-12,2702.6172,3890.6096,5793.6743,6167.4606,23549.46,430.0488,5844.19,7.2066,101.81400000000001,772.28,64.99,3082,2019.97,,,14.14,30.49,246.6958,246.597,131.5863,242.4065,274.0033,1.6032,2.1473,1.688,20.85,,,,,,,,9520.5
2025-05-09,2684.0056,3846.1566,5721.7225,6082.0817,22867.74,427.4683,5659.91,7.2095,100.4218,788.42,63.88,3022,2006.78,,,13.97,30.06,247.5255,246.5568,132.0595,242.4941,273.9537,1.5841,2.1471,1.6351,20.62,,,,,,,,9445.5
2025-05-08,2679.509,3852.8963,5773.8056,6158.0774,22775.92,427.9315,5663.94,7.207299999999999,100.63250000000001,790.78,63.12,3052,2039.74,,,13.98,30.45,247.4758,246.4401,132.0415,242.3607,273.7844,1.5936,2.1662,1.6331,20.92,,,,,,,,9431.5
2025-05-07,2670.7023,3831.627,5750.2911,6111.4946,22691.88,425.4044,5631.28,7.200499999999999,99.9006,803.5,60.95,3098,2042.45,,,13.89,30.25,247.2479,246.3169,131.9275,242.1172,273.5922,1.6336,2.1863,1.6418,21.02,,,,,,,,9419.5
2025-05-06,2647.7166,3808.5424,5740.3338,6102.9221,22662.71,425.388,5606.91,7.2008,99.26539999999999,794.8,62.04,3077,2021.08,,,13.8,30.2,247.4909,246.2768,132.0671,242.0312,273.5712,1.6412,2.1971,1.6298,20.96,,,,,,,,9538
2025-05-05,,,,,,,5650.38,,99.7911,,60.25,,,,,,,,,,,,,,,,,,,,,,,
2025-05-03,,,,,,,,,,,,,,,,,,,,,,,,,,,,,,,,,,9431.5
2025-05-02,,,,,22504.68,,5686.67,,100.0424,,61.45,,,,,,,,,,,,,,,,,,,,,,,9365.5
2025-05-01,,,,,,,5604.14,,100.1866,,61.87,,,,,,,,,,,,,,,,,,,,,,,9206
2025-04-30,2633.1603,3770.5705,5631.8249,5950.1169,22119.41,421.9197,5569.06,7.2014,99.64030000000001,780.3,61.04,3096,1998.59,8,8.7,14.03,29.78,247.3808,246.1687,132.0603,241.9382,273.4431,1.6335,2.1961,1.6243,20.59,49,4,5.1,8.021155,-0.265102,-0.1,-2.7,9125
2025-04-29,2645.5122,3775.0767,5604.9057,5903.3812,22008.11,421.3005,5560.83,7.2029,99.21,785.14,63.01,3100,1987.19,,,13.97,29.34,247.2988,246.1145,132.0249,241.7929,273.3691,1.6412,2.2098,1.6241,20.78,,,,,,,,9440
2025-04-28,2651.2252,3781.6188,5598.2951,5877.0566,21971.96,419.9149,5528.75,7.204300000000001,98.9357,780.04,64.53,3129,1985.71,,,13.95,29.02,246.8747,246.0604,131.8053,241.6476,273.3105,1.6618,2.2007,1.6483,20.87,,,,,,,,9378
2025-04-27,,,,,,,,,,,,,,,,,,,,,,,1.6635,2.2025,1.6607,20.61,,,,,,,,
2025-04-25,2648.8101,3786.9937,5627.1804,5939.5021,21980.74,422.2063,5525.21,7.2066,99.5836,787.2,65.83,3101,2061.25,,,13.98,29.04,246.5848,246.01,131.6755,241.5997,273.2484,1.6643,2.1923,1.6606,20.78,,,,,,,,9360
2025-04-24,2655.3644,3784.3574,5605.8796,5920.4776,21909.76,421.4944,5484.77,7.2098,99.28800000000001,792.2,65.6,3106,2073.75,,,13.97,28.81,246.4813,246.0199,131.6285,241.6015,273.2672,1.6643,2.1816,1.664,20.88,,,,,,,,9392.5
2025-04-23,2648.8297,3786.8824,5634.9487,5984.5833,22072.62,422.7764,5375.86,7.2116,99.90960000000001,784.28,66.14,3137,2067.48,,,14.02,29.02,246.4228,246.0391,131.6057,241.5869,273.2983,1.6593,2.1743,1.6611,20.99,,,,,,,,9382.5
2025-04-22,2656.5387,3783.9522,5624.209,5949.3123,21562.32,421.2108,5287.76,7.2074,98.9757,831.42,67.82,3075,2096.51,,,14.03,28.93,246.6781,246.0974,131.7522,241.6937,273.3991,1.6481,2.1554,1.6509,20.91,,,,,,,,9369
2025-04-21,2652.8103,3784.8806,5642.3805,5952.6374,,420.1626,5158.2,7.205500000000001,98.3518,805.06,66.47,3113,2078.99,,,14.01,28.96,246.4722,246.0911,131.65,241.6477,273.3772,1.6539,2.1552,1.6664,20.96,,,,,,,,
2025-04-18,2657.6367,3772.523,5560.7207,5831.6869,,418.4595,,7.206899999999999,99.2286,791.02,,3076,2088.6,,,13.98,28.22,246.667,246.0893,131.7813,241.7208,273.381,1.6489,2.137,1.6493,20.85,,,,,,,,
2025-04-17,2659.8958,3772.2221,5557.0105,5839.5639,21395.14,418.4766,5282.7,7.208499999999999,99.424,789.22,67.85,3092,2057.05,,,13.99,28.28,246.705,246.0925,131.8106,241.7987,273.3698,1.6439,2.1243,1.6522,20.65,,,,,,,,9188.5
2025-04-16,2658.4955,3772.8204,5556.8642,5835.348,21056.98,417.6782,5275.7,7.213299999999999,99.2667,781.6,66.06,3093,2010.36,,,13.98,28.28,246.9419,246.0947,131.9471,241.8064,273.381,1.6246,2.1097,1.643,20.94,,,,,,,,9203.5
2025-04-15,2634.5926,3761.2348,5602.534,5914.0286,21466.27,419.9982,5396.63,7.2096,100.167,764.44,64.85,3125,2006.61,,,13.92,28.61,246.8204,246.0856,131.8904,241.7761,273.3762,1.6321,2.1127,1.6583,20.62,,,,,,,,9164
2025-04-14,2628.206,3759.1422,5627.1375,5938.5262,21417.4,421.6735,5405.97,7.211,99.69200000000001,763.64,64.82,3126,2023.97,,,13.9,28.75,246.7952,246.08,131.8856,241.8082,273.3707,1.6171,2.1171,1.6584,20.79,,,,,,,,9187
2025-04-11,2619.5762,3750.5167,5581.3184,5862.1876,20914.69,420.9108,5363.36,7.2087,99.769,757.3,64.59,3131,2019.99,,,13.86,28.41,246.8442,246.0452,131.9386,241.8956,273.3225,1.6171,2.1013,1.6568,20.84,,,,,,,,9184
2025-04-10,2612.619,3735.1151,5544.0646,5784.5853,20681.78,422.1322,5268.05,7.2092,100.9374,744.48,63.4,3139,2040.02,,,13.83,28.02,246.7609,246.0186,131.9024,241.6032,273.2927,1.6479,2.1125,1.6444,20.76,,,,,,,,8988
2025-04-09,2597.1016,3686.7943,5439.7716,5652.3303,20264.49,418.2949,5456.9,7.2066,102.97099999999999,728.14,65.72,3088,1996.06,,,13.64,27.46,246.8091,246.0379,131.9373,241.5525,273.3253,1.661,2.1058,1.6508,20.51,,,,,,,,8613
2025-04-08,2574.3529,3650.759,5326.914,5530.0189,20127.68,414.8302,4982.77,7.2038,102.956,719.22,61.62,3101,1911.96,,,13.53,26.49,246.5823,246.042,131.8238,241.5774,273.349,1.6785,2.1036,1.6633,20.61,,,,,,,,8655.5
2025-04-07,2516.9653,3589.4406,5287.0333,5496.4427,19828.3,410.8648,5062.25,7.198,103.501,718.18,64.36,3083,1870.99,,,13.29,26.34,247.0905,246.0683,132.1068,241.9471,273.3929,1.6056,2.0863,1.6318,20.98,,,,,,,,8732
2025-04-04,,,,,,,5074.08,,102.9189,,66.06,,,,,,,,,,,,,,,,,,,,,,,8780
2025-04-03,2662.2522,3861.5034,5845.5045,6203.257,22849.81,428.2091,5396.52,7.188899999999999,101.9451,739.04,69.81,3164,2050.05,,,14.29,29.48,245.6049,245.6849,131.3405,241.326,272.8563,1.6688,2.1576,1.718,20.91,,,,,,,,9366.5
2025-04-02,2658.6209,3884.3858,5899.0865,6277.2533,23202.53,429.8218,5670.97,7.1793,103.6608,733.6,73.37,3166,2029.05,,,14.36,29.79,244.2226,245.4184,130.6033,240.6858,272.4692,1.7343,2.2087,1.7887,20.72,,,,,,,,9700.5
2025-04-01,2662.7113,3887.6841,5892.8502,6259.4838,23206.84,428.9758,5633.07,7.1775,104.22630000000001,736.3,74.51,3170,2036.89,,,14.38,29.73,243.7098,245.351,130.3355,240.5612,272.3703,1.7568,2.2231,1.8104,20.76,,,,,,,,9693
2025-03-31,2665.6339,3887.3056,5857.7721,6226.6488,23119.58,427.5222,5611.85,7.1782,104.1921,729.8,74.71,3159,2031.53,7,8.4,14.42,29.53,243.6953,245.3211,130.3365,240.5532,272.3401,1.7443,2.2305,1.8129,20.85,50.5,4.2,5.9,12.146544,-4.266668,-0.1,-2.5,9710
2025-03-28,2679.7399,3915.1662,5916.0314,6268.3214,23426.6,429.6334,5580.94,7.1752,104.03359999999999,722.8,72.54,3197,2068.68,,,14.56,29.85,243.6589,245.2525,130.3435,240.5233,272.2586,1.7393,2.2281,1.8126,20.94,,,,,,,,9794.5
2025-03-27,2690.8428,3932.4117,5957.6017,6328.7665,23578.8,431.2803,5693.31,7.1763,104.2597,710.3,73.35,3208,2077.88,,,14.68,30.18,243.7464,245.194,130.3996,240.4959,272.1675,1.7442,2.2407,1.8062,20.74,,,,,,,,9846.5
2025-03-26,2677.3121,3919.3566,5948.4986,6334.9077,23483.32,431.3784,5712.2,7.1754,104.55860000000001,709.02,73.35,3209,2081.71,,,14.67,30.19,243.7351,245.1178,130.4023,240.4032,272.0528,1.7297,2.2556,1.7943,20.94,,,,,,,,9927
2025-03-25,2691.8976,3932.2951,5946.951,6310.7641,23344.25,429.8176,5776.65,7.1788,104.2099,706.76,72.51,3220,2066.64,,,14.74,30.14,243.3671,245.032,130.2126,240.4271,271.9197,1.7397,2.2653,1.8183,20.68,,,,,,,,10112
2025-03-24,2693.3313,3934.8486,5969.0789,6360.3412,23905.56,428.6044,5767.57,7.178,104.3068,707.14,72.43,3204,2062.76,,,14.78,30.34,242.9437,244.9091,129.9928,240.2854,271.7425,1.7399,2.2798,1.8413,21.05,,,,,,,,9956
2025-03-21,2675.3578,3914.6956,5971.9302,6405.611,23689.72,430.4835,5667.56,7.176,104.154,706.96,71.67,3156,2099.98,,,14.76,30.54,242.8119,244.7792,129.9483,240.3,271.5518,1.74,2.3112,1.8458,20.89,,,,,,,,9852
2025-03-20,2718.1862,3974.9918,6059.4859,6535.0624,24219.95,434.6194,5662.89,7.1754,103.81700000000001,708.5,71.71,3176,2121.54,,,15,31.09,242.9171,244.6549,130.0141,240.3302,271.3719,1.7396,2.3413,1.8309,20.73,,,,,,,,9910
2025-03-19,2746.9627,4010.168,6101.4369,6564.6767,24771.14,435.7143,5675.29,7.1697,103.46289999999999,707.34,70.4,3162,2123.06,,,15.28,31.28,242.1335,244.4972,129.5997,240.0846,271.1232,1.7368,2.3817,1.8708,20.58,,,,,,,,9997.5
2025-03-18,2739.7453,4007.7229,6133.3018,6611.9263,24740.57,437.9657,5614.66,7.173299999999999,103.25370000000001,700.7,70.42,3191,2136.74,,,15.26,31.52,242.021,244.4048,129.5478,240.0104,270.9773,1.7468,2.3963,1.8885,21,,,,,,,,9902
2025-03-17,2737.9227,3996.7876,6108.0176,6589.5655,24145.57,437.7656,5675.12,7.1688,103.3986,695.94,70.93,3217,2145.14,,,15.16,31.44,241.9714,244.343,129.53,239.972,270.9008,1.7568,2.4156,1.8957,20.76,,,,,,,,9864.5
2025-03-14,2740.5066,4006.5567,6099.9809,6571.1707,23959.98,436.4847,5638.94,7.1738,103.73630000000001,694.96,70.65,3267,2124.72,,,15.22,31.4,243.0809,244.3565,130.1565,240.174,270.9389,1.713,2.3978,1.8317,20.79,,,,,,,,9793
2025-03-13,2664.6173,3911.5793,5993.967,6466.8509,23462.65,433.2896,5521.52,7.1728,103.83630000000001,684.5,70.15,3256,2082.98,,,14.84,30.92,243.0439,244.2781,130.1455,240.0831,270.8395,1.7422,2.4168,1.8565,20.86,,,,,,,,9749
2025-03-12,2669.0146,3927.2315,6040.4965,6566.9679,23600.31,435.5612,5599.3,7.1696,103.5872,679.56,70.91,3226,2102.93,,,14.9,31.35,243.1647,244.1469,130.2197,239.8706,270.6252,1.7523,2.4411,1.8334,20.73,,,,,,,,9789
2025-03-11,2682.223,3941.4157,6044.9742,6551.7341,23782.14,435.2161,5572.07,7.174099999999999,103.38550000000001,677.56,69.92,3209,2112.33,,,14.95,31.37,242.6923,244.1278,129.9732,239.5765,270.5794,1.8148,2.4438,1.8853,20.73,,,,,,,,9679
2025-03-10,2668.8062,3928.8018,6013.6191,6520.9725,23783.49,436.6581,5614.56,7.173299999999999,103.92500000000001,681.5,69.14,3220,2110.25,,,14.91,31.22,243.8003,244.2804,130.5814,240.0117,270.8446,1.7648,2.395,1.8128,20.82,,,,,,,,9493
2025-03-07,2682.0161,3944.0143,6013.7747,6507.7645,24231.3,435.8502,5770.2,7.1705,103.8945,679.48,70.45,3252,2114.62,,,14.96,31.18,243.9257,244.3314,130.6761,240.0896,270.9528,1.7598,2.37,1.8002,20.81,,,,,,,,9602
2025-03-06,2683.9491,3956.2369,6047.7734,6534.9711,24369.71,435.2546,5738.52,7.1692,104.2055,680.64,69.42,3282,2155.98,,,15.01,31.31,244.9392,244.5541,131.2332,240.5458,271.3231,1.7142,2.32,1.7455,20.99,,,,,,,,9689
2025-03-05,2641.4462,3902.5706,5950.7034,6398.237,23594.21,431.1741,5842.63,7.1714,104.32180000000001,682.16,69.36,3259,2106.87,,,14.8,30.7,245.519,244.571,131.5557,240.7849,271.3506,1.6792,2.315,1.7083,20.83,,,,,,,,9594
2025-03-04,2621.2168,3885.2208,5937.6302,6357.6277,22941.77,429.5475,5778.15,7.173900000000001,105.5372,676.82,71.13,3282,2138.15,,,14.72,30.5,245.4192,244.5389,131.5107,240.8081,271.324,1.6792,2.3144,1.7079,20.71,,,,,,,,9387
2025-03-03,2628.5236,3888.4738,5885.7696,6273.6699,23006.27,427.8468,5849.72,7.174499999999999,106.5345,672.4,71.49,3296,2144.27,,,14.8,30.26,245.4351,244.4792,131.5283,240.6424,271.2294,1.6767,2.3201,1.6955,20.82,,,,,,,,9400
2025-02-28,2638.9574,3890.0487,5859.8708,6270.4186,22941.32,429.8744,5954.5,7.1738,107.5644,672.12,73.08,3328,2133.95,7,8.2,14.81,30.19,244.9529,244.411,131.2944,240.1922,271.1477,1.7249,2.3252,1.7152,20.86,50.2,4.1,4,-3.106907,1.612699,-0.7,-2.2,9361
2025-02-27,2679.0768,3968.1159,6028.9856,6499.5301,23718.29,435.6873,5861.57,7.174,107.28659999999999,677,73.42,3329,2165.52,,,15.1,31.28,244.6718,244.4612,131.1513,240.1713,271.2386,1.7405,2.3176,1.7576,21.23,,,,,,,,9413
2025-02-26,2666.6563,3959.9413,6051.7401,6524.4057,23787.93,436.8522,5956.06,7.1732,106.4987,679.42,72.31,3339,2154.89,,,15.06,31.45,245.0522,244.5541,131.366,240.4393,271.378,1.7055,2.3003,1.7251,21.4,,,,,,,,9423
2025-02-25,2643.2325,3925.6505,5979.9653,6435.4284,23034.02,433.3276,5955.25,7.1726,106.2821,685.58,72.56,3273,2108.41,,,14.94,31.01,244.8814,244.5365,131.2826,240.3285,271.3616,1.713,2.3003,1.7275,21.25,,,,,,,,9395
2025-02-24,2674.1169,3969.7169,6044.973,6464.0235,23341.61,433.2108,5983.25,7.1716999999999995,106.67009999999999,685.98,74.45,3340,2122.09,,,15.11,31.28,244.6573,244.667,131.1703,240.4039,271.5506,1.7343,2.2646,1.7625,21.33,,,,,,,,9502
2025-02-21,2682.2385,3978.444,6057.0648,6449.2279,23477.92,433.7259,6013.13,7.1696,106.6501,684.44,73.85,3361,2087.51,,,15.14,31.25,245.3211,244.8369,131.5567,240.7998,271.8118,1.6868,2.2238,1.72,21.45,,,,,,,,9515.5
2025-02-20,2648.1665,3928.8959,5957.5465,6334.4143,22576.98,431.0347,6117.52,7.1712,106.3538,690,76.62,3358,2088.55,,,14.94,30.66,245.9582,244.9925,131.9106,241.2107,272.0413,1.6518,2.1838,1.685,21.54,,,,,,,,9558
2025-02-19,2663.6032,3940.1602,5943.8823,6288.529,22944.24,430.006,6144.15,7.1705,107.1981,687.8,76.13,3315,2100.39,,,14.99,30.45,246.4171,245.0859,132.168,241.3742,272.1681,1.6153,2.1607,1.6626,21.45,,,,,,,,9442
2025-02-18,2651.1117,3912.7829,5840.7112,6142.138,22976.81,425.9744,6129.58,7.1697,107.0553,682.82,75.77,3313,2077.96,,,14.89,29.77,246.1724,245.0869,132.0446,241.2093,272.1649,1.6303,2.1622,1.7006,21.64,,,,,,,,9475
2025-02-17,2664.475,3947.3983,5948.7197,6281.5658,22616.23,428.4031,,7.1702,106.7296,677.1,75.32,3290,2136.54,,,15.01,30.36,246.5665,245.2124,132.2669,241.4746,272.3295,1.6153,2.1555,1.6934,21.76,,,,,,,,9382.5
2025-02-14,2660.8549,3939.0085,5947.796,6248.8345,22620.33,428.0635,6114.63,7.1706,106.80369999999999,688.4,74.64,3262,2120.95,,,14.98,30.18,247.1737,245.2498,132.6228,241.6318,272.3887,1.5903,2.1321,1.6546,21.78,,,,,,,,9465
2025-02-13,2641.1305,3905.1398,5898.2611,6212.4968,21814.37,427.6648,6115.07,7.171900000000001,107.0559,684.56,75.32,3265,2151.42,,,14.86,29.93,247.5439,245.3133,132.8324,241.904,272.4872,1.5551,2.114,1.6346,21.99,,,,,,,,9476
2025-02-12,2640.0458,3919.8617,5940.5299,6284.6107,21857.92,428.5004,6051.97,7.171,108.00999999999999,681.22,74.94,3292,2139.32,,,14.9,30.24,247.6219,245.2875,132.8837,242.021,272.4574,1.5351,2.113,1.6336,22.16,,,,,,,,9469
2025-02-11,2614.3218,3883.1352,5858.2805,6190.1739,21294.86,426.5862,6068.5,7.1716,107.92479999999999,685.74,76.82,3275,2074.94,,,14.76,29.78,247.5524,245.2648,132.855,242.0066,272.4264,1.5251,2.1155,1.6274,22.3,,,,,,,,9356.5
2025-02-10,2621.0404,3901.0618,5888.5509,6210.5471,21521.98,427.8392,6066.44,7.170700000000001,108.33200000000001,679.08,76.13,3331,2110.21,,,14.84,29.89,247.4662,245.2744,132.8174,242.1199,272.4544,1.5174,2.0925,1.6342,22.43,,,,,,,,9453
2025-02-08,,,,,,,,,,,,,,,,,,,,,,,1.4747,2.0693,1.6057,22.81,,,,,,,,
2025-02-07,2608.0888,3892.7028,5833.9883,6134.0545,21133.54,426.9744,6025.99,7.169900000000001,108.1001,669.9,74.69,3352,2078.91,,,14.81,29.52,247.8891,245.266,133.0736,242.3961,272.4656,1.4727,2.0654,1.6032,22.93,,,,,,,,9440
2025-02-06,2580.4257,3842.8314,5747.9012,6041.8337,20891.62,424.665,6083.57,7.1691,107.7047,668.46,74.27,3357,2032.37,,,14.62,29.03,247.866,245.1793,133.0701,242.3286,272.3457,1.4627,2.0856,1.5958,23.1,,,,,,,,9289
2025-02-05,2561.9419,3795.0848,5614.3872,5881.4366,20597.09,421.3558,6061.48,7.1693,107.61880000000001,670.64,74.69,3320,2013.39,,,14.44,28.29,247.4615,245.0706,132.8599,242.1462,272.1961,1.4827,2.0904,1.6207,23.04,,,,,,,,9270
2025-02-04,,,,,20789.96,,6037.88,,107.9984,,76.05,,,,,,,,,,,,,,,,,,,,,,,9174
2025-02-03,,,,,20217.26,,5994.57,,108.4274,,75.5,,,,,,,,,,,,,,,,,,,,,,,9110
2025-01-31,,,,,,,6040.53,,108.51599999999999,,76.5,,,7,8,,,,,,,,,,,,49.1,,,5.890302,-16.251832,0.5,-2.3,9064
2025-01-30,,,,,,,6071.17,,108.1505,,76.1,,,,,,,,,,,,,,,,,,,,,,,9113
2025-01-29,,,,,,,6039.31,,107.9555,,75.91,,,,,,,,,,,,,,,,,,,,,,,9077
2025-01-28,,,,,20225.11,,6067.7,,107.901,,76.59,,,,,,,,,,,,,,,,,,,,,,,9015.5
2025-01-27,2583.6516,3817.0802,5589.3432,5846.0686,20197.77,420.1001,6012.28,7.1698,107.33269999999999,647.54,76.19,3382,2025.21,,,14.52,28.06,246.9736,244.9021,132.6771,241.9118,271.9873,1.4877,2.0968,1.6299,23.35,,,,,,,,9086.5
2025-01-26,,,,,,,,,,,,,,,,,,,,,,,1.5427,2.1062,1.6537,23.35,,,,,,,,
2025-01-24,2579.096,3832.8637,5649.9504,5938.1301,20066.19,421.8152,6101.24,7.1705,107.4804,648.9,77.49,3377,2050.53,,,14.58,28.4,246.3945,244.7174,132.3904,241.5349,271.7298,1.5425,2.1062,1.6565,22.95,,,,,,,,9269
2025-01-23,2567.4765,3803.7439,5584.2548,5829.0329,19700.56,419.6792,6118.71,7.1708,108.1472,646.2,77.17,3352,2053.59,,,14.49,27.96,246.4513,244.7651,132.4302,241.6932,271.825,1.54,2.1073,1.6645,22.86,,,,,,,,9237
2025-01-22,2551.3535,3797.0166,5607.0594,5855.7393,19778.77,419.7459,6086.37,7.1696,108.2525,645.46,78.97,3337,2035.22,,,14.46,28.08,246.5775,244.8002,132.5077,241.8962,271.8613,1.5,2.0918,1.6602,22.83,,,,,,,,9235
2025-01-21,2584.8889,3832.6145,5633.9249,5908.0234,20106.55,420.4046,6049.24,7.170300000000001,107.96959999999999,639.78,79.35,3354,2107.34,,,14.61,28.35,246.5104,244.754,132.4804,241.8084,271.7986,1.4975,2.1102,1.6496,22.72,,,,,,,,9291
2025-01-20,2589.0685,3829.6764,5614.3311,5879.1495,19925.81,419.1809,,7.1886,108.0744,639.8,79.79,3354,2086.22,,,14.59,28.21,246.193,244.7549,132.3173,241.709,271.8012,1.5175,2.1066,1.6747,22.64,,,,,,,,9266
2025-01-17,2582.4859,3812.3429,5587.2939,5841.5718,19584.06,417.3925,5996.66,7.188899999999999,109.3792,640.68,80.73,3372,2077.32,,,14.5,28.07,246.4213,244.7801,132.4683,241.7358,271.8611,1.515,2.0936,1.6593,22.85,,,,,,,,9181.5
2025-01-16,2580.1177,3800.3836,5545.6336,5801.3051,19522.89,416.0848,5937.34,7.1880999999999995,108.9414,639.12,81.36,3327,2076.59,,,14.47,27.89,246.6007,244.8344,132.5747,241.7089,271.9265,1.51,2.0766,1.6394,22.66,,,,,,,,9245
2025-01-15,2591.5027,3796.026,5522.459,5775.5709,19286.07,416.5591,5949.91,7.188300000000001,109.1073,636.84,82.49,3290,2071.97,,,14.47,27.8,246.7162,244.9319,132.6464,241.9086,272.0668,1.485,2.0507,1.633,22.53,,,,,,,,9217
2025-01-14,2598.8068,3820.5395,5572.2722,5811.0545,19219.78,415.6644,5842.91,7.1878,109.1825,632.1,80.32,3283,2080.18,,,14.56,27.96,246.4594,244.9107,132.5161,241.7608,272.0304,1.48,2.061,1.6446,22.74,,,,,,,,9164
2025-01-13,2553.3593,3722.513,5381.6974,5559.4725,18874.14,411.3616,5836.22,7.1884999999999994,109.62079999999999,637.14,80.9,3249,2021.92,,,14.19,26.83,246.1466,244.958,132.3554,241.5038,272.0888,1.545,2.0606,1.6592,22.79,,,,,,,,9094
2025-01-10,2560.2497,3732.4806,5369.2811,5544.9158,19064.29,411.9966,5827.04,7.189100000000001,109.6567,635.46,79.79,3202,1999.59,,,14.24,26.72,246.4085,245.0148,132.5248,241.6864,272.1675,1.5055,2.0593,1.6338,22.62,,,,,,,,9073.5
2025-01-09,2579.5751,3779.8773,5456.5863,5672.7796,19240.89,413.1409,,7.1886,109.17660000000001,631.3,77.2,3205,2055.64,,,14.4,27.29,246.4266,245.0873,132.5438,241.89,272.3003,1.508,2.0534,1.6368,22.64,,,,,,,,9111.5
2025-01-08,2597.4459,3789.2153,5461.5861,5661.7793,19279.84,412.1421,5918.25,7.188700000000001,108.99589999999999,627.96,76.22,3211,2054.54,,,14.43,27.24,246.9448,245.1223,132.8341,242.1318,272.3695,1.4725,2.0329,1.6069,22.77,,,,,,,,9051
2025-01-07,2593.9654,3796.1055,5484.6847,5692.041,19447.58,412.3548,5909.03,7.187900000000001,108.7038,625.02,77.25,3239,2063.62,,,14.45,27.35,247.0432,245.0916,132.8966,242.2706,272.3354,1.455,2.0412,1.6093,22.82,,,,,,,,8980
2025-01-06,2579.9632,3768.9697,5427.1007,5608.0344,19688.29,409.1309,5975.38,7.1876,108.2413,624.92,76.26,3252,2041.27,,,14.34,27.01,247.4232,245.0846,133.1119,242.4874,272.3102,1.415,2.0122,1.5966,22.81,,,,,,,,8966
2025-01-03,2587.1316,3775.1648,5427.8041,5625.209,19760.27,410.1607,5942.47,7.1878,108.9212,627.96,76.69,3272,2055.39,,,14.37,27.03,247.1814,244.9665,133.008,242.5081,272.1515,1.39,2.0297,1.6041,22.35,,,,,,,,8893.5
2025-01-02,2610.342,3820.3952,5545.8174,5797.089,19623.32,411.5451,5868.55,7.187900000000001,109.2411,622.4,75.95,3306,2120.94,,,14.54,27.77,246.8764,244.8219,132.8516,242.2929,271.9444,1.4075,2.0359,1.6077,22.49,,,,,,,,8801
2025-01-01,,,,,,,,,108.4892,,,,,,,,,,,,,,,,,,,,,,,,,
2024-12-31,2684.7706,3934.9109,5725.7324,5957.7172,20059.95,414.5573,5881.63,7.1884,108.48159999999999,617.6,74.83,3309,2157.29,7.3,8,14.78,29.57,245.9143,244.5996,132.3476,242.1428,271.6379,1.4275,2.0641,1.6752,22.36,50.1,3.2,3.7,10.67,0.84,0.1,-2.3,8781.5
2024-12-30,2718.7486,3999.0549,5898.884,6145.928,20041.42,417.6362,5906.94,7.188899999999999,108.0351,617.66,74.13,3317,2192.88,,,15.01,30.47,245.4316,244.4744,132.0947,242.1236,271.4549,1.4113,2.0957,1.7128,22.35,,,,,,,,8933.5
2024-12-27,2701.7031,3981.0307,5899.1665,6171.5653,20090.46,417.2521,5970.84,7.189299999999999,108.0151,620.22,73.62,3268,2225.78,,,14.92,30.52,245.4965,244.4174,132.1572,242.1593,271.3761,1.3863,2.0955,1.6929,22.17,,,,,,,,8981.5
2024-12-26,2702.5952,3987.4801,5887.0605,6160.4518,,416.2609,6037.59,7.189699999999999,108.09490000000001,619.74,72.87,3305,2201.56,,,14.95,30.45,244.9772,244.3236,131.8845,241.8841,271.2282,1.4063,2.1204,1.7122,22.12,,,,,,,,
2024-12-25,2710.1649,3985.6291,5840.2889,6094.6866,,415.1529,,7.1868,108.0975,619,,3300,2202.37,,,14.95,30.14,244.7508,244.3384,131.7707,241.9005,271.2466,1.4262,2.1207,1.7365,22.37,,,,,,,,
2024-12-24,2702.282,3983.6882,5895.2595,6164.3605,20098.29,416.1937,6040.04,7.1876,108.1118,617.58,73.23,3314,2235.21,,,14.94,30.46,245.0543,244.3702,131.9446,242.1484,271.2982,1.3836,2.1058,1.7166,22.63,,,,,,,,8967
2024-12-23,2671.2025,3933.5718,5818.551,6096.3813,19883.13,414.4328,5974.07,7.187,108.08250000000001,620.14,72.65,3290,2226.42,,,14.75,30.11,245.5248,244.4073,132.2092,242.2228,271.3867,1.3969,2.0956,1.7019,22.91,,,,,,,,8936.5
2024-12-20,2648.4609,3927.7441,5917.1751,6271.7532,19720.7,416.6121,5930.85,7.190099999999999,107.8408,613.94,72.6,3279,2307.55,,,14.71,30.82,245.412,244.3167,132.1752,241.9816,271.2454,1.4219,2.1053,1.7018,22.81,,,,,,,,8944
2024-12-19,2661.7224,3945.4635,5901.9155,6207.1862,19752.51,414.7431,5867.08,7.1911000000000005,108.4157,613.52,72.67,3287,2305.09,,,14.78,30.58,244.5718,244.2292,131.728,241.5502,271.1094,1.4669,2.1091,1.7417,23.1,,,,,,,,8885
2024-12-18,2671.3461,3941.89,5888.6162,6195.8677,19864.55,415.3977,5872.16,7.188,108.2621,618.5,72.99,3312,2331.01,,,14.77,30.49,244.5735,244.2685,131.738,241.4291,271.1724,1.5019,2.0977,1.7564,23.02,,,,,,,,9045
2024-12-17,2652.3455,3922.0334,5848.1628,6143.9436,19700.48,413.5901,6050.61,7.189100000000001,106.9473,619.14,73.32,3364,2331.98,,,14.69,30.25,244.9206,244.311,131.9357,241.4038,271.247,1.5019,2.0833,1.7237,23.05,,,,,,,,9006.5
2024-12-16,2641.5604,3911.8416,5912.6014,6277.5162,19795.49,416.4591,6074.08,7.1882,106.8616,619.72,73.91,3362,2397.55,,,14.64,30.8,245.1159,244.3301,132.0509,241.5407,271.3023,1.4819,2.0826,1.7215,22.97,,,,,,,,9065
2024-12-13,2638.0266,3933.1808,5988.292,6354.9883,19971.24,419.9661,6051.09,7.1876,106.9428,625.6,74.35,3360,2424.66,,,14.72,31.17,244.3945,244.1718,131.6863,241.2622,271.079,1.5069,2.106,1.7771,23.14,,,,,,,,9056.5
2024-12-12,2702.2681,4028.5048,6100.3945,6490.1455,20397.05,422.3355,6051.25,7.1854,107.01700000000001,631.38,73.41,3428,2506.48,,,15.09,31.8,243.5765,244.0169,131.2509,240.7338,270.8546,1.5469,2.1397,1.8172,23.14,,,,,,,,9072
2024-12-11,2676.5518,3988.8308,6047.105,6447.3744,20155.05,419.3859,6084.19,7.1843,106.6559,627.06,73.64,3413,2475.68,,,14.94,31.58,243.3232,243.9671,131.1225,240.426,270.7736,1.5869,2.1419,1.8218,23.15,,,,,,,,9177
2024-12-10,2689.3292,3995.6369,5992.0937,6362.0203,20311.28,415.9175,6034.91,7.1896,106.41099999999999,621.44,72.06,3402,2420.42,,,14.97,31.25,243.1093,243.9393,131.0154,240.3841,270.7523,1.5994,2.1567,1.8468,23.02,,,,,,,,9233.5
2024-12-09,2667.5924,3966.5708,5947.1089,6303.2721,20414.09,413.1186,6052.85,7.187,106.1571,619.12,71.9,3330,2398.14,,,14.85,31.02,241.9417,243.717,130.39,239.8127,270.4115,1.6619,2.1971,1.9168,23.23,,,,,,,,9231.5
2024-12-06,2665.4281,3973.1405,5979.197,6349.6211,19865.85,412.6416,6090.27,7.1848,105.9702,615.94,71.05,3311,2470.44,,,14.87,31.25,241.5754,243.6287,130.2184,239.6628,270.2811,1.6819,2.1994,1.9539,23.13,,,,,,,,9092.5
2024-12-05,2635.5615,3921.5881,5901.9859,6285.6007,19560.44,410.4874,6075.11,7.187900000000001,105.7222,618.4,72.17,3280,2436.97,,,14.68,30.85,241.668,243.56,130.2778,239.6708,270.1695,1.6719,2.2037,1.9462,23.33,,,,,,,,9090
2024-12-04,2648.7554,3930.5568,5879.2695,6204.9448,19742.46,408.9052,6086.49,7.1934,106.36650000000002,618.22,72.5,3339,2422.54,,,14.72,30.54,241.6467,243.4692,130.2754,239.6589,270.022,1.6744,2.2293,1.9612,23.52,,,,,,,,9097
2024-12-03,2652.8982,3951.8912,5932.1207,6303.2758,19746.32,410.936,6049.88,7.1996,106.3397,619.32,73.69,3352,2475.65,,,14.79,30.96,241.1856,243.3283,130.0339,239.527,269.8087,1.6919,2.2485,1.9886,23.44,,,,,,,,9120.5
2024-12-02,2639.0408,3947.632,5943.6245,6313.6077,19550.29,410.4232,6047.15,7.1865,106.4026,613.28,71.93,3333,2451,,,14.76,31,241.2194,243.2341,130.0614,239.5547,269.6723,1.6819,2.27,1.981,23.36,,,,,,,,8996.5
2024-11-30,,,,,,,,,,,,,,7.1,7.8,,,,,,,,,,,,50.3,3.3,3,6.58,-4.03,0.2,-2.5,
2024-11-29,2624.9558,3916.5832,5851.9385,6189.1276,19423.61,408.4526,6032.38,7.1876999999999995,105.7761,618.8,72.09,3318,2391.95,,,14.64,30.45,240.4968,242.9256,129.6959,238.9307,269.2534,1.7341,2.3238,2.0206,23.51,,,,,,,,9015
2024-11-28,2610.1214,3872.5505,5757.5965,6086.0852,19366.96,405.654,,7.1894,106.1693,613.2,72.69,3312,2379.16,,,14.47,29.97,240.2195,242.7921,129.5542,238.693,269.0544,1.7791,2.3514,2.0304,23.5,,,,,,,,8987
2024-11-27,2625.7605,3907.0447,5804.9368,6118.6636,19603.13,404.7831,5998.74,7.1982,106.05599999999998,616.46,72.38,3309,2351.16,,,14.61,30.15,239.924,242.7217,129.4026,238.5971,268.963,1.7899,2.3631,2.0553,23.43,,,,,,,,9018
2024-11-26,2592.7374,3840.1847,5690.4792,5981.5699,19159.2,401.8371,6021.63,7.191,106.8843,610.84,72.39,3303,2318.77,,,14.36,29.49,239.9262,242.6354,129.413,238.5775,268.8232,1.7948,2.3772,2.0657,23.27,,,,,,,,8962.5
2024-11-25,2582.0536,3848.0909,5735.6493,6052.1287,19150.99,402.3537,5987.37,7.1918,106.8942,619.16,72.55,3297,2313.73,,,14.38,29.79,239.842,242.5505,129.3763,238.5322,268.677,1.7982,2.396,2.0682,23.5,,,,,,,,9044
2024-11-22,2601.5573,3865.6989,5750.2457,6030.4882,19229.97,402.3981,5969.34,7.1942,107.4911,627.88,75.28,3277,2320.59,,,14.46,29.73,239.504,242.4306,129.2196,238.4275,268.5007,1.803,2.4203,2.0832,23.48,,,,,,,,8972.5
2024-11-21,2680.798,3989.2979,5985.3128,6262.1644,19601.11,405.8131,5948.71,7.1934,107.06309999999999,617.7,74.37,3332,2381.41,,,14.91,30.88,239.3332,242.3527,129.1357,238.3988,268.3506,1.7977,2.4377,2.0843,23.59,,,,,,,,9023
2024-11-20,2676.2068,3985.7727,5992.3904,6250.8029,19705.01,405.2529,5917.11,7.1935,106.6475,610.6,73.1,3319,2387.96,,,14.9,30.89,239.0172,242.3042,128.9727,238.307,268.2668,1.8126,2.441,2.1025,23.71,,,,,,,,9082
2024-11-19,2671.1887,3976.8912,5936.6015,6130.2848,19663.67,402.8272,5916.98,7.1911000000000005,106.17649999999999,609.84,73.3,3322,2370.63,,,14.87,30.41,239.0765,242.267,129.0141,238.268,268.1808,1.8151,2.4509,2.0947,23.9,,,,,,,,9117
2024-11-18,2678.2735,3950.3806,5833.0358,5974.5576,19576.61,400.2683,5893.62,7.1907000000000005,106.2149,600.6,73.14,3279,2359.98,,,14.78,29.71,238.8827,242.2256,128.9176,238.2621,268.1118,1.8164,2.4493,2.1117,23.84,,,,,,,,9094.5
2024-11-15,2671.4515,3968.8308,5924.4834,6125.5126,19426.34,402.7898,5870.62,7.1992,106.6842,593.3,71.05,3232,2340.04,,,14.83,30.28,239.2912,242.1791,129.1677,238.3112,268.052,1.7989,2.4535,2.0948,23.85,,,,,,,,8971
2024-11-14,2704.1521,4039.6191,6078.3051,6272.1911,19435.81,405.1039,5949.17,7.1966,106.86819999999999,593.1,72.41,3313,2418.34,,,15.1,31.07,239.3188,242.1069,129.1919,238.262,267.9428,1.798,2.4598,2.0808,24.05,,,,,,,,9024
2024-11-13,2728.2286,4110.8901,6259.8412,6474.3941,19823.45,408.839,5985.38,7.1991000000000005,106.48389999999999,604.46,72.03,3337,2500,,,15.35,32.08,239.341,242.0696,129.2132,238.2574,267.8754,1.8047,2.4679,2.0876,24.2,,,,,,,,9007.5
2024-11-12,2712.2651,4085.743,6263.883,6491.9723,19846.88,408.8203,5983.99,7.1927,105.9343,605.66,71.79,3344,2522.68,,,15.24,32.13,239.4439,241.9988,129.2784,238.2487,267.7873,1.8043,2.4738,2.0729,24.16,,,,,,,,9144.5
2024-11-11,2753.7448,4131.1312,6330.6152,6579.0054,20426.93,410.5114,6001.35,7.1786,105.5069,615.78,71.9,3331,2542.13,,,15.41,32.5,239.1141,241.9028,129.1077,238.1236,267.6586,1.8287,2.4969,2.092,24.17,,,,,,,,9299
2024-11-08,2765.5385,4104.047,6222.445,6423.1217,20728.19,406.4922,5995.54,7.143299999999999,104.95210000000002,615.48,73.9,3367,2569.08,,,15.36,31.73,238.9747,241.7899,129.059,238.0626,267.5082,1.8293,2.5109,2.1067,24.24,,,,,,,,9433
2024-11-07,2797.8602,4145.6952,6239.5598,6403.9175,20953.34,407.106,5973.1,7.165900000000001,104.3389,611.32,75.57,3436,2656.47,,,15.53,31.67,238.8243,241.7285,128.9862,238.0551,267.4296,1.8207,2.5278,2.1115,24.23,,,,,,,,9678.5
2024-11-06,2706.6145,4024.2831,6125.7868,6293.1933,20538.38,403.8314,5929.04,7.0992999999999995,105.15480000000001,624.06,75.16,3392,2557.46,,,15.05,31.11,238.695,241.6371,128.9248,237.9267,267.3344,1.8407,2.5452,2.1234,24.42,,,,,,,,9321
2024-11-05,2727.6665,4044.5725,6111.9707,6266.5423,21006.97,403.9964,5782.76,7.1016,103.40970000000002,625.02,75.54,3433,2504.48,,,15.14,31,238.6198,241.5732,128.8929,237.9103,267.248,1.8374,2.5555,2.1106,24.4,,,,,,,,9733
2024-11-04,2675.7707,3944.7619,5928.9085,6053.1116,20567.52,400.363,5712.69,7.1203,103.89710000000001,625.38,75.2,3425,2403.88,,,14.77,29.97,238.3976,241.5391,128.7808,237.917,267.2306,1.8405,2.5574,2.1275,24.54,,,,,,,,9676
2024-11-01,2651.5349,3890.0203,5831.8217,5930.2319,20506.43,397.9021,5728.8,7.113500000000001,104.3228,629.72,72.94,3393,2404.94,,,14.54,29.38,238.1934,241.4342,128.6968,237.8102,267.0901,1.8418,2.582,2.1406,24.44,,,,,,,,9539
2024-10-31,2633.117,3891.0396,5901.2904,6116.6632,20317.33,398.7526,5705.45,7.125,103.8939,635.66,74.06,3427,2404.97,7.5,7.8,15.14,29.92,237.8505,241.3222,128.5189,237.6089,266.9325,1.8643,2.5982,2.1476,24.63,50.1,3.4,4.8,12.64,-2.38,0.3,-2.9,9547
2024-10-30,2634.7375,3889.4487,5837.9338,6019.3472,20380.64,397.1976,5813.67,7.139,104.1215,638.62,72.67,3442,2329.99,,,15.14,29.55,237.6488,241.3168,128.418,237.5579,266.9289,1.8704,2.5914,2.1597,24.74,,,,,,,,9559
2024-10-29,2667.9385,3924.649,5812.5286,5983.8364,20701.14,398.4167,5832.92,7.1283,104.26480000000001,631.8,71,3422,2296.91,,,15.28,29.44,237.5392,241.3426,128.3674,237.5571,267,1.8654,2.5816,2.1598,24.73,,,,,,,,9550
2024-10-28,2686.2894,3964.1569,5883.7203,6082.0877,20599.36,401.3599,5823.52,7.130700000000001,104.3122,626.58,71.64,3451,2347.18,,,15.41,29.87,237.3847,241.3883,128.2922,237.5338,267.0886,1.8754,2.5768,2.1617,24.61,,,,,,,,9556
2024-10-25,2683.3246,3956.421,5809.6879,5974.9086,20590.15,400.0675,5808.12,7.109,104.31530000000001,624.72,75.9,3376,2268.6,,,15.39,29.43,237.5441,241.4391,128.4066,237.4067,267.1972,1.8804,2.5552,2.1539,24.67,,,,,,,,9563.5
2024-10-24,2680.7044,3928.8334,5726.7041,5861.6319,20489.62,396.5279,5809.86,7.1286,104.0255,624.54,74.54,3330,2230.68,,,15.31,28.93,237.642,241.5278,128.4692,237.3959,267.3255,1.8981,2.5321,2.1661,24.83,,,,,,,,9563
2024-10-23,2708.0459,3973.2089,5776.383,5903.5783,20760.15,399.1286,5797.42,7.124499999999999,104.42399999999999,629.96,75.16,3316,2237.08,,,15.48,29.13,237.6302,241.5525,128.472,237.3123,267.3655,1.8881,2.5274,2.1559,24.7,,,,,,,,9503
2024-10-22,2692.6613,3957.7755,5753.8497,5888.8148,20498.95,397.6125,5851.2,7.122300000000001,104.0766,626.5,75.64,3349,2233.36,,,15.41,29.09,237.9242,241.7635,128.6416,237.5304,267.7,1.8781,2.4867,2.1458,24.58,,,,,,,,9619
2024-10-21,2681.0567,3935.1974,5704.225,5860.5711,20478.46,396.8628,5853.98,7.0982,103.98660000000001,625.82,74.07,3358,2211.66,,,15.32,28.9,238.2688,241.8245,128.8389,237.7144,267.8119,1.8365,2.479,2.1211,24.83,,,,,,,,9562
2024-10-18,2681.9116,3925.234,5640.0198,5749.4341,20804.11,394.1507,5864.67,7.1274,103.4615,619.06,73.17,3336,2203.07,,,15.3,28.45,238.3404,241.7835,128.9055,237.8423,267.7842,1.8265,2.4823,2.1209,25.08,,,,,,,,9622.5
2024-10-17,2610.467,3788.2217,5418.9883,5505.6149,20079.1,390.0539,5841.47,7.122,103.77520000000001,614.26,74.46,3300,2166.41,,,14.76,27.28,238.4002,241.7228,128.9473,237.8114,267.6882,1.8129,2.4929,2.1084,24.82,,,,,,,,9506.5
2024-10-16,2650.1756,3831.589,5461.0877,5524.2546,20286.85,390.2821,5842.47,7.1191,103.52180000000001,611.98,74.45,3447,2310.35,,,14.93,27.4,237.9942,241.6228,128.7348,237.7698,267.5501,1.8329,2.5132,2.1331,25.06,,,,,,,,9591
2024-10-15,2655.1159,3855.9949,5472.56,5507.1758,20318.79,388.1331,5815.26,7.083,103.2112,603.64,74.65,3467,2189.92,,,15.02,27.36,238.0679,241.514,128.7842,237.764,267.4246,1.8129,2.5428,2.1254,24.89,,,,,,,,9520
2024-10-14,2723.183,3961.3424,5608.153,5615.7563,21092.87,388.8899,5859.85,7.0723,103.1953,603.3,75.19,3502,2222.2,,,15.45,27.92,238.0261,241.2729,128.7706,237.7501,267.0643,1.8254,2.5866,2.1368,24.99,,,,,,,,9648
2024-10-12,,,,,,,,,,,,,,,,,,,,,,,1.8503,2.6566,2.1441,25.06,,,,,,,,
2024-10-11,2680.388,3887.167,5470.8133,5416.7576,,383.0264,5815.03,7.073100000000001,102.9254,597.38,78.79,3468,2139.74,,,15.16,27.08,238.0495,240.638,128.811,237.62,266.1222,1.8503,2.6847,2.1392,25.02,,,,,,,,9803
2024-10-10,2739.0507,3997.7879,5690.8822,5654.5298,21251.98,387.5728,5780.05,7.0742,102.8529,590.7,79.3,3442,2143.65,,,15.57,28.27,237.9015,240.2511,128.7393,237.2717,265.6093,1.8749,2.747,2.1441,25.04,,,,,,,,9737.5
2024-10-09,2680.7145,3955.9839,5735.641,5727.38,20637.24,386.5799,5792.04,7.0568,102.90079999999999,588.56,76.76,3466,2173.12,,,15.36,28.61,237.0417,240.0961,128.2783,236.7419,265.3799,1.9269,2.7396,2.176,24.84,,,,,,,,9684
2024-10-08,2853.1376,4256.0962,6155.5817,6201.9854,20926.79,401.6277,5751.13,7.070899999999999,102.46189999999999,596.22,77.44,3486,2387.25,,,16.53,30.82,236.727,240.6649,128.1155,236.7749,266.1852,1.9419,2.638,2.1928,25.1,,,,,,,,9758
2024-10-07,,,,,23099.78,,5695.94,,102.48530000000001,,81.14,,,,,,,,,,,,,,,,,,,,,,,9952.5
2024-10-04,,,,,22736.87,,5751.07,,102.493,,78.14,,,,,,,,,,,,,,,,,,,,,,,9956
2024-10-03,,,,,22113.51,,5699.94,,101.96629999999999,,77.88,,,,,,,,,,,,,,,,,,,,,,,9893.5
2024-10-02,,,,,22443.73,,5709.54,,101.6375,,74.66,,,,,,,,,,,,,,,,,,,,,,,10103
2024-10-01,,,,,,,5708.75,,101.2063,,74.47,,,,,,,,,,,,,,,,,,,,,,,9945
2024-09-30,2755.4044,4017.8545,5743.217,5708.8258,21133.68,392.7695,5762.48,7.0074,100.7604,596.72,72,3551,2333.64,6.8,8,15.61,28.43,237.093,240.9622,128.3894,237.1357,266.6436,1.8769,2.5438,2.1518,25.45,49.8,3.4,3.2,2.33,0.13,0.4,-2.8,9865
2024-09-29,,,,,,,,,,,,,,,,,,,,,,,1.9239,2.5101,2.2534,25.71,,,,,,,,
2024-09-27,2571.0848,3703.6849,5201.6656,5136.4408,20632.3,383.2308,5738.17,7.0100999999999996,100.4199,599.42,71.98,3341,2136.34,,,14.4,25.63,237.4719,241.654,128.6243,237.3321,267.6921,1.8039,2.3615,2.1714,26.13,,,,,,,,9973.5
2024-09-26,2498.1797,3545.3204,4938.1839,4874.1321,19924.58,378.761,5745.37,7.0354,100.5576,599.9,70.89,3281,2000.75,,,13.79,24.28,239.4098,241.9271,129.6935,238.1786,268.0899,1.7505,2.2702,2.0787,25.97,,,,,,,,10090
2024-09-25,2386.3227,3401.533,4731.4755,4686.2584,19129.1,372.9747,5722.26,7.0202,100.9252,598.36,73.11,3225,1851.19,,,13.22,23.29,239.9689,241.9182,130.0085,238.0438,268.089,1.7405,2.2601,2.0437,25.98,,,,,,,,9801
2024-09-24,2352.1449,3351.909,4689.5964,4642.5577,19000.56,371.302,5732.93,7.051,100.3527,594.24,74.47,3217,1819.65,,,13.03,23.08,239.5821,241.8734,129.8061,237.7311,268.0312,1.7926,2.2713,2.0728,26.22,,,,,,,,9821
2024-09-23,2243.0249,3212.7639,4494.6878,4469.1326,18247.11,364.1421,5718.57,7.053100000000001,100.9383,595.14,73.62,3087,1778.76,,,12.46,22.19,240.1327,241.8869,130.1167,237.7115,268.065,1.7819,2.2726,2.0381,26.25,,,,,,,,9542
2024-09-20,2233.2565,3201.0497,4498.3901,4463.3561,18258.57,364.2125,5702.55,7.0644,100.73349999999999,590.62,73.93,3165,1778.14,,,12.41,22.2,239.9034,241.8672,130.0189,237.5943,268.0579,1.7819,2.2679,2.0431,26.66,,,,,,,,9486
2024-09-19,2229.8053,3196.0357,4520.3939,4482.2746,18013.16,365.1962,5713.64,7.098300000000001,100.6377,582.2,74.03,3206,1750.38,,,12.38,22.32,239.8352,241.892,129.9909,237.6082,268.1161,1.7869,2.2628,2.045,27.09,,,,,,,,9539
2024-09-18,2218.6562,3171.0102,4462.8701,4399.1332,,363.3117,5618.26,7.087,100.942,582.98,72.08,3150,1703.23,,,12.29,21.96,239.8663,241.895,130.0171,237.648,268.1292,1.7769,2.2574,2.0403,27.01,,,,,,,,9400
2024-09-17,,,,,17660.02,,5634.58,,101.01859999999999,,73.05,,,,,,,,,,,,,,,,,,,,,,,9379
2024-09-16,,,,,17422.12,,5633.09,,100.6625,,72.36,,,,,,,,,,,,,,,,,,,,,,,9372.5
2024-09-14,,,,,,,,,,,,,,,,,,,,,,,1.7686,2.2519,2.0425,27.14,,,,,,,,
2024-09-13,2205.8115,3159.247,4450.9587,4413.1872,17369.09,364.6417,5626.02,7.103,101.11099999999999,583.58,71.48,3190,1664,,,12.24,21.98,239.2266,241.7559,129.713,237.507,267.9824,1.7786,2.256,2.0724,26.91,,,,,,,,9257
2024-09-12,2209.5603,3172.4747,4496.5919,4468.7439,17240.39,365.9799,5595.76,7.1214,101.242,575.22,72.23,3185,1651.35,,,12.28,22.24,238.9014,241.7509,129.5442,237.4635,267.982,1.781,2.2605,2.0998,27,,,,,,,,9207.5
2024-09-11,2220.798,3186.1299,4514.9158,4486.0066,17108.71,366.3385,5554.13,7.1182,101.7414,576.12,70.72,3137,1649.74,,,12.33,22.36,238.7446,241.7425,129.4676,237.4057,267.9959,1.7808,2.2647,2.1044,27.15,,,,,,,,9138
2024-09-10,2235.6866,3195.7552,4507.7074,4487.5755,17234.09,367.4012,5495.52,7.1136,101.6712,573.24,69.71,3080,1646.31,,,12.36,22.34,238.4557,241.7377,129.3186,237.2084,268.0166,1.805,2.2664,2.1143,26.91,,,,,,,,9019
2024-09-09,2232.9593,3192.9516,4507.1866,4475.5315,17196.96,369.1773,5471.05,7.0988999999999995,101.6448,569.22,71.91,3078,1663.66,,,12.35,22.31,238.1448,241.7462,129.1575,237.1546,268.0385,1.8075,2.2693,2.1267,27.21,,,,,,,,9096.5
2024-09-06,2263.5629,3231.3457,4537.4544,4508.2281,,371.11,5408.42,7.092499999999999,101.183,573.68,71.47,3051,1672.36,,,12.51,22.48,237.8424,241.6867,129.0197,237.0328,267.9645,1.81,2.2658,2.1388,27.36,,,,,,,,8954
2024-09-05,2275.1177,3257.7578,4601.0911,4586.7813,17444.3,372.174,5503.41,7.0988999999999995,101.05999999999999,572.04,72.86,3083,1699.28,,,12.6,22.86,237.8278,241.661,129.021,237.0603,267.9274,1.8175,2.2656,2.1338,27.05,,,,,,,,9100.5
2024-09-04,2271.8069,3252.1649,4582.084,4550.7697,17457.34,369.831,5520.07,7.1148,101.2864,568.22,72.78,3109,1666.29,,,12.58,22.7,237.5688,241.5965,128.8884,237.0156,267.8512,1.8125,2.2816,2.1336,27.24,,,,,,,,8965
2024-09-03,2291.1775,3273.4282,4596.4819,4572.397,17651.49,369.6533,5528.93,7.1112,101.7512,572.12,73.72,3149,1686.17,,,12.66,22.77,237.3227,241.5302,128.7629,236.8765,267.7582,1.8125,2.2903,2.1432,27.23,,,,,,,,8988
2024-09-02,2299.9325,3265.011,4546.8832,4532.5145,17691.97,369.1436,,7.1027000000000005,101.6452,570.82,77.28,3178,1667.01,,,12.64,22.56,237.117,241.4478,128.6595,236.7342,267.6433,1.8325,2.3052,2.1457,27.47,,,,,,,,9217.5
2024-08-31,,,,,,,,,,,,,,6.3,8.1,,,,,,,,,,,,49.1,3.4,2.1,8.6,0.03,0.6,-1.8,
2024-08-30,2335.2146,3321.4323,4639.1144,4629.3195,17989.07,371.2909,5648.4,7.1124,101.732,574.06,77.05,3222,1713.17,,,12.89,22.46,236.6029,241.3008,128.4057,236.3369,267.4273,1.8725,2.3005,2.1704,27.53,,,,,,,,9251.5
2024-08-29,2317.6636,3277.6812,4557.9006,4542.4637,17786.32,367.8627,5591.96,7.129900000000001,101.3796,575.06,78.76,3259,1633.91,,,12.71,22.07,236.6662,241.2478,128.4497,236.3494,267.357,1.8825,2.321,2.1703,27.32,,,,,,,,9272
2024-08-28,2336.1475,3286.4956,4500.0088,4470.5501,17692.45,366.2729,5592.18,7.1216,101.06309999999999,575.16,77.42,3264,1627.84,,,12.76,21.71,236.6505,241.19,128.4504,236.2895,267.2772,1.88,2.3321,2.1673,27.68,,,,,,,,9238.5
2024-08-27,2350.4141,3305.3338,4495.2856,4459.6801,17874.67,366.4213,5625.8,7.124899999999999,100.55489999999999,575.94,78.96,3249,1640.46,,,12.84,21.69,236.4579,241.192,128.3542,236.2525,267.275,1.9075,2.3216,2.1903,27.51,,,,,,,,9419.5
2024-08-26,2352.2729,3324.2231,4544.3594,4512.893,17798.73,367.4878,5616.84,7.113900000000001,100.8783,576.2,80.18,3264,1691.52,,,12.91,21.95,236.8663,241.4193,128.5873,236.4764,267.5978,1.8725,2.2839,2.1628,27.48,,,,,,,,
2024-08-23,2355.3787,3327.1905,4537.0872,4495.3439,17612.1,364.5705,5634.61,7.1358,100.6824,572.58,78.22,3154,1670.65,,,12.93,21.85,236.7672,241.5097,128.5609,236.303,267.7488,1.8775,2.2613,2.1547,27.75,,,,,,,,9298
2024-08-22,2341.1509,3313.1357,4533.3695,4491.8392,17641,364.3501,5570.64,7.1228,101.5149,574.46,77.11,3174,1682.67,,,12.86,21.85,236.6402,241.5864,128.5005,236.2532,267.8924,1.9025,2.2404,2.1582,27.77,,,,,,,,9120
2024-08-21,2339.072,3321.635,4587.1218,4548.2644,17391.01,366.0405,5620.85,7.130700000000001,101.17559999999999,576.2,76.07,3235,1692.2,,,12.89,22.11,236.3982,241.6088,128.3771,236.1022,267.9179,1.9075,2.2261,2.167,27.75,,,,,,,,9249
2024-08-20,2346.6379,3332.7034,4602.0095,4579.3041,17511.08,366.3819,5597.12,7.132499999999999,101.36769999999999,574.24,77.16,3172,1699.58,,,12.92,22.24,236.4549,241.6949,128.4175,236.2073,268.0526,1.91,2.1988,2.171,27.64,,,,,,,,9181.5
2024-08-19,2357.0309,3356.9677,4682.9628,4663.6121,17569.57,369.7935,5608.25,7.141500000000001,101.85780000000001,573.7,77.73,3156,1729.44,,,13,22.64,236.3353,241.7159,128.3613,236.1812,268.0865,1.9075,2.195,2.1816,27.46,,,,,,,,9260
2024-08-16,2345.0481,3345.634,4670.3789,4655.6509,17430.16,368.2629,5554.25,7.1464,102.404,567.74,79.58,3078,1736.31,,,12.95,22.65,236.0762,241.6836,128.2472,236.1559,268.0477,1.9075,2.1975,2.1978,27.38,,,,,,,,9177.5
2024-08-15,2335.9381,3341.953,4698.375,4691.8503,17109.14,372.5846,5543.22,7.139900000000001,103.05170000000001,566.98,80.97,3119,1759.33,,,12.92,22.83,236.0182,241.6508,128.2246,236.2266,268.0054,1.9075,2.1978,2.205,27.36,,,,,,,,9138
2024-08-14,2306.1154,3309.2389,4667.0731,4649.2784,17113.36,374.0939,5455.21,7.141500000000001,102.6053,568.22,80.03,3099,1730.71,,,12.79,22.67,236.197,241.6161,128.3321,236.4725,267.9665,1.8713,2.1919,2.1966,27.29,,,,,,,,8944.5
2024-08-13,2317.6526,3334.3903,4731.8353,4697.5858,17174.06,375.4809,5434.43,7.147900000000001,102.61410000000001,569.46,80.97,3173,1745.38,,,12.88,22.93,235.6531,241.4672,128.043,236.1444,267.7538,1.8913,2.2233,2.2255,27.09,,,,,,,,8978.5
2024-08-12,2316.9106,3325.8645,4714.1586,4674.1017,17111.65,375.7785,5344.39,7.1458,103.13069999999999,565.3,82.04,3222,1749.37,,,12.85,22.83,235.3159,241.4608,127.8673,235.923,267.735,1.9313,2.2234,2.2508,26.78,,,,,,,,9028
2024-08-09,2317.9915,3331.6274,4720.3104,4702.7453,17090.23,377.0054,5344.16,7.144899999999999,103.1518,560.7,79.46,3277,1806.99,,,12.86,22.93,236.2512,241.7071,128.4087,236.3807,268.1067,1.8663,2.173,2.1986,26.19,,,,,,,,8831
2024-08-08,2320.4245,3342.9369,4755.8149,4739.4933,16891.83,377.2487,5319.31,7.146,103.2189,556.1,78.94,3254,1777.77,,,12.89,23.13,236.5654,241.8343,128.5906,236.6617,268.298,1.8338,2.1384,2.181,26.21,,,,,,,,8809
2024-08-07,2314.4261,3341.489,4751.9408,4743.41,16877.86,377.6124,5199.5,7.1386,103.18199999999999,556.06,78.55,3304,1754.26,,,12.88,23.13,237.0974,241.8707,128.8921,236.803,268.3698,1.8088,2.1229,2.1414,26.13,,,,,,,,8750.5
2024-08-06,2313.3361,3342.9789,4750.776,4749.9466,16647.34,377.2521,5240.03,7.1318,102.89429999999999,554.18,76.11,3306,1772.92,,,12.88,23.16,236.8154,241.8391,128.7466,236.6975,268.3197,1.8113,2.1256,2.1491,25.81,,,,,,,,8923
2024-08-05,2328.9222,3343.3205,4693.8478,4678.7753,16698.36,376.6678,5186.33,7.134499999999999,102.7266,559.94,77.25,3367,1730.59,,,12.91,22.86,237.0435,241.8614,128.8812,236.8155,268.3469,1.8013,2.1128,2.1376,25.42,,,,,,,,8854.5
2024-08-02,2343.7153,3384.3919,4788.6159,4809.8891,16945.51,379.7139,5346.56,7.1376,103.2295,574.04,77.56,3379,1749.94,,,13.05,23.42,236.786,241.745,128.7679,236.7387,268.1977,1.8013,2.1179,2.1277,25.33,,,,,,,,9087
2024-08-01,2360.422,3419.2666,4852.9725,4878.289,17304.96,380.8082,5446.68,7.132300000000001,104.3402,570.9,80.04,3355,1761.72,,,13.18,23.69,236.5604,241.6685,128.6534,236.6397,268.105,1.8113,2.1305,2.1297,25.23,,,,,,,,9002.5
2024-07-31,2375.3942,3442.0844,4886.4136,4889.0807,17344.6,380.5997,5522.3,7.1346,104.0574,566.28,81.51,3326,1793.73,6.3,8.2,13.28,23.76,236.2627,241.5743,128.4993,236.4975,267.9572,1.8363,2.1408,2.1494,25.16,49.4,3.6,2.7,6.93,6.63,0.5,-0.8,9240
2024-07-30,2335.3123,3369.3821,4699.282,4702.4914,17002.91,376.5437,5436.44,7.1364,104.46900000000001,562.02,78.57,3301,1727.97,,,13,22.83,236.0927,241.5076,128.4153,236.2584,267.861,1.8563,2.1459,2.148,25.21,,,,,,,,9031
2024-07-29,2348.4784,3390.742,4708.8443,4685.6457,17238.34,377.1431,5463.54,7.1316,104.57440000000001,561.24,79.13,3363,1704.14,,,13.1,22.78,235.8657,241.4104,128.3,236.1947,267.7193,1.8663,2.1508,2.1574,25.35,,,,,,,,9025
2024-07-26,2355.3163,3409.2931,4736.3771,4702.08,17021.31,377.3258,5459.1,7.127,104.3233,557.38,79.85,3371,1727.17,,,13.16,22.9,235.5005,241.2914,128.1275,236.1259,267.5862,1.8724,2.1607,2.1944,25.22,,,,,,,,9073
2024-07-25,2369.7153,3399.2716,4665.4488,4632.5667,17004.97,373.2201,5399.22,7.132099999999999,104.40530000000001,555.68,81.42,3329,1705.96,,,13.11,22.59,235.3071,241.2053,128.0307,236.1175,267.4964,1.8784,2.1757,2.2168,25.2,,,,,,,,9091
2024-07-24,2390.954,3418.1663,4668.0621,4631.0111,17311.05,373.4634,5427.13,7.1358,104.356,569.64,80.6,3391,1692.18,,,13.2,22.58,234.9956,241.0978,127.869,236.0613,267.3698,1.8786,2.1858,2.2381,25.08,,,,,,,,9050.5
2024-07-23,2396.6727,3439.8779,4722.7994,4694.9525,17469.36,377.3984,5555.74,7.1334,104.4379,562.6,81.58,3397,1737.15,,,13.29,22.9,234.9301,241.0228,127.8423,236.0405,267.2944,1.8761,2.1958,2.2322,24.98,,,,,,,,9157
2024-07-22,2432.5496,3514.9249,4865.9778,4826.8713,17635.88,381.1812,5564.41,7.133500000000001,104.2941,565.4,82.26,3451,1765.46,,,13.57,23.55,234.6851,240.9183,127.7171,235.788,267.1699,1.9013,2.2166,2.2461,25.1,,,,,,,,9236.5
2024-07-19,2456.79,3539.0156,4872.0532,4821.4227,17417.68,383.2424,5505,7.131500000000001,104.3654,565.94,82.56,3479,1774.97,,,13.67,23.55,234.2529,240.7845,127.5078,235.3929,267.0104,1.9452,2.2361,2.2614,24.87,,,,,,,,9290
2024-07-18,2444.5086,3520.931,4877.6916,4812.4263,17778.41,382.9559,5544.59,7.128499999999999,104.1947,581.48,84.86,3492,1808.18,,,13.61,23.51,234.1739,240.747,127.4737,235.3492,266.9651,1.9542,2.2246,2.2673,25.04,,,,,,,,9371
2024-07-17,2432.8325,3501.5836,4856.5794,4795.6236,17739.41,383.2538,5588.27,7.1318,103.72609999999999,581.56,85.19,3487,1796.42,,,13.53,23.4,234.2746,240.7171,127.5385,235.3749,266.9303,1.9454,2.2342,2.2598,24.87,,,,,,,,9616
2024-07-16,2424.755,3498.2827,4898.3626,4836.7184,17727.98,385.8921,5667.2,7.1328,104.22829999999999,574.94,83.85,3544,1769.71,,,13.51,23.56,234.2559,240.6769,127.5376,235.3429,266.881,1.9492,2.2424,2.2613,24.93,,,,,,,,9664
2024-07-15,2420.5214,3476.2467,4883.8971,4827.6023,18015.94,386.3777,5631.22,7.1312999999999995,104.2633,568.34,84.88,3551,1759.71,,,13.43,23.49,234.2076,240.6261,127.5204,235.2921,266.8107,1.9517,2.2458,2.2541,24.68,,,,,,,,9768
2024-07-12,2412.6181,3472.4014,4919.3639,4878.0195,18293.38,388.031,5615.35,7.131500000000001,104.0997,568.54,85.27,3523,1787.87,,,13.41,23.72,234.0263,240.5176,127.449,235.1816,266.6746,1.963,2.2508,2.2604,24.73,,,,,,,,9877
2024-07-11,2396.407,3468.169,4939.7318,4893.5942,17832.33,389.0253,5584.54,7.133900000000001,104.44879999999999,565.46,85.61,3514,1743.32,,,13.39,23.77,233.8176,240.4446,127.3436,235.0753,266.5879,1.9705,2.2636,2.2648,24.79,,,,,,,,9777.5
2024-07-10,2381.831,3428.9657,4844.1624,4777.6817,17471.67,386.6,5633.91,7.1342,105.00229999999999,561.1,85.45,3478,1702.91,,,13.25,23.21,233.7308,240.3746,127.3053,235.0109,266.492,1.9772,2.2735,2.2707,24.34,,,,,,,,9858
2024-07-09,2389.3843,3439.8111,4876.899,4797.0634,17523.23,387.4765,5576.98,7.131,105.1279,558.66,85.04,3515,1727.75,,,13.29,23.3,233.6964,240.3236,127.2958,234.9764,266.4305,1.9785,2.2827,2.2698,24.49,,,,,,,,9875
2024-07-08,2371.6891,3401.7604,4783.6165,4693.9648,17524.06,385.3542,5572.85,7.1286,105.0203,560.74,85.69,3503,1715.58,,,13.15,22.83,233.3703,240.2671,127.1259,234.7469,266.3623,1.9985,2.3001,2.2904,24.41,,,,,,,,9897
2024-07-05,2386.004,3431.0605,4866.2647,4810.7939,17799.61,388.7803,5567.19,7.128899999999999,104.86890000000001,559.66,86.86,3553,1768.22,,,13.25,23.37,233.7044,240.2999,127.3379,235.0576,266.4061,1.9575,2.2742,2.2754,24.43,,,,,,,,9970
2024-07-04,2407.9029,3445.8128,4834.4982,4761.868,18028.28,387.9975,,7.1305,105.1517,558.34,87.55,3616,1777.57,,,13.33,23.18,234.0438,240.2876,127.534,235.2344,266.3853,1.9375,2.2631,2.2502,24.31,,,,,,,,9886
2024-07-03,2414.8657,3463.4141,4910.9245,4867.1326,17978.57,390.652,5537.02,7.1312,105.35340000000001,555.7,87.07,3619,1840.66,,,13.38,23.63,234.0732,240.215,127.5597,235.2412,266.3029,1.9308,2.2776,2.2426,24.11,,,,,,,,9852
2024-07-02,2416.6793,3471.7857,4949.4771,4905.6497,17769.14,392.6578,5509.01,7.1291,105.69069999999999,552.48,86.6,3562,1821.05,,,13.4,23.81,233.8953,240.1605,127.4713,235.0183,266.2439,1.9483,2.2955,2.2369,24.37,,,,,,,,9660.5
2024-07-01,2405.4665,3478.1827,5003.1608,4940.2471,,392.477,5475.09,7.126499999999999,105.8109,551.42,86.64,3562,1836.58,,,13.41,24.01,233.6844,240.1408,127.3647,234.9995,266.2263,1.9698,2.2907,2.2486,24.31,,,,,,,,9636
2024-06-30,,,,,,,,,,,,,,6.2,8.1,,,,,,,,,,,,49.5,3.9,2,8.42,-2.63,0.2,-0.8,
2024-06-28,2394.8746,3461.657,4942.7817,4895.9869,17718.61,390.5213,5460.48,7.1268,105.84270000000001,551.52,84.84,3544,1753.96,,,13.48,23.11,234.2307,240.0985,127.6935,235.0573,266.1705,1.9398,2.2862,2.2058,24.21,,,,,,,,9586
2024-06-27,2388.5609,3454.1175,4928.0514,4864.0855,17716.47,389.1174,5482.87,7.127,105.93039999999999,545.4,85.43,3535,1774.57,,,13.47,22.99,234.0941,240.0144,127.6278,234.9759,266.0804,1.934,2.297,2.2081,24.25,,,,,,,,9514
2024-06-26,2398.2556,3480.2648,5020.4318,4986.3839,18089.93,390.1664,5477.9,7.1248,106.0545,548.7,84.48,3563,1811.62,,,13.57,23.53,233.7959,239.9497,127.4732,234.8091,266.0107,1.9503,2.3045,2.2225,24.38,,,,,,,,9595
2024-06-25,2394.2154,3457.9023,4948.6343,4847.6106,18072.9,384.7751,5469.3,7.1225,105.62709999999998,552.16,84.15,3532,1804.66,,,13.49,22.96,233.6796,239.9192,127.4187,234.6933,265.9818,1.9653,2.3053,2.235,24.39,,,,,,,,9536
2024-06-24,2404.0848,3476.8102,4992.9097,4887.777,18027.71,383.1969,5447.87,7.120099999999999,105.48740000000001,551.18,85.19,3532,1781.55,,,13.56,23.16,233.4409,239.8673,127.2969,234.4911,265.9231,1.9855,2.3124,2.2451,24.38,,,,,,,,9644
2024-06-21,2398.9571,3495.6198,5102.3292,5055.3329,18028.52,388.7171,5464.62,7.1196,105.82509999999999,559.74,84.18,3563,1841.47,,,13.61,23.82,233.2111,239.8154,127.1987,234.3813,265.8718,1.998,2.3151,2.2571,24.55,,,,,,,,9680
2024-06-20,2408.3379,3503.2817,5094.5653,5056.1383,18335.32,390.972,5473.17,7.1192,105.6637,557.16,84.8,3597,1840.71,,,13.65,23.8,233.3777,239.8125,127.2999,234.4882,265.865,1.988,2.3152,2.2445,24.56,,,,,,,,9883.5
2024-06-19,2413.9722,3528.749,5168.8204,5159.9945,18430.39,394.966,,7.115900000000001,105.252,552.4,85.27,3614,1895.82,,,13.89,25.61,233.1928,239.7617,127.2076,234.3441,265.8121,1.993,2.3273,2.2429,24.67,,,,,,,,9785
2024-06-18,2415.4281,3545.5902,5230.8913,5227.2542,17915.55,396.737,5487.03,7.1148,105.2666,550.08,85.35,3618,1910.67,,,13.96,25.94,233.0328,239.7344,127.129,234.1829,265.7929,2.0232,2.3274,2.2537,24.8,,,,,,,,9719
2024-06-17,2416.3414,3536.1986,5207.128,5183.9678,17936.12,396.2812,5473.23,7.1149,105.3287,549.46,84.41,3613,1918.54,,,13.92,25.77,232.7964,239.6768,127.0083,234.1066,265.73,2.0383,2.3274,2.2609,24.82,,,,,,,,9693.5
2024-06-14,2426.509,3541.5331,5213.0927,5180.6513,17941.78,397.4706,5431.6,7.115100000000001,105.52669999999999,548.48,82.67,3637,1954.1,,,13.94,25.78,232.7805,239.5997,127.0279,234.0862,265.6384,2.0333,2.3265,2.2558,24.45,,,,,,,,9772.5
2024-06-13,2412.0736,3526.1306,5194.59,5180.2357,18112.63,397.2458,5433.74,7.1122,105.2302,548.44,82.19,3621,1922.04,,,13.87,25.77,232.5108,239.5372,126.8889,234.0874,265.5598,2.0372,2.3277,2.2678,24.64,,,,,,,,9787
2024-06-12,2423.607,3544.1225,5232.9534,5216.4621,17937.84,398.6668,5421.03,7.1133,104.70809999999999,548.04,82.52,3608,1955.26,,,13.95,25.93,232.4102,239.492,126.843,234.0827,265.5099,2.0325,2.3362,2.276,24.55,,,,,,,,9946
2024-06-11,2423.6184,3542.8771,5217.4702,5198.923,18176.34,397.6065,5375.32,7.113500000000001,105.2706,544.78,82.23,3597,1960.39,,,13.95,25.85,232.3825,239.4465,126.8372,234.0755,265.4525,2.0207,2.3354,2.2791,24.6,,,,,,,,9805
2024-06-10,,,,,,,5360.79,,105.12500000000001,,81.96,,,,,,,,,,,,,,,,,,,,,,,9881
2024-06-07,2457.2569,3574.1143,5208.9798,5153.5867,18366.95,397.0635,5346.99,7.1106,104.93950000000001,562.3,79.47,3655,1983.33,,,14.08,25.68,232.2135,239.3361,126.7819,233.9707,265.3342,2.0214,2.3333,2.2833,24.17,,,,,,,,9748.5
2024-06-06,2467.8865,3592.2454,5228.8002,5130.8693,18476.8,396.4847,5352.96,7.1108,104.11679999999998,562.14,80.02,3665,1942.31,,,14.17,25.64,232.144,239.2615,126.7532,233.9962,265.2458,2.0202,2.3399,2.2828,23.97,,,,,,,,10145.5
2024-06-05,2468.1918,3594.7936,5277.9405,5244.0851,18424.96,397.8718,5354.03,7.109699999999999,104.3163,553.62,78.66,3632,1976.34,,,14.17,26.06,232.0647,239.182,126.7189,233.9348,265.1408,2.0268,2.3534,2.2808,23.89,,,,,,,,10006.5
2024-06-04,2483.3189,3615.6714,5341.9496,5313.708,18444.11,398.7518,5291.34,7.108300000000001,104.1518,556.24,77.13,3646,2029.18,,,14.25,26.36,231.8809,239.0997,126.6271,233.7993,265.0518,2.0393,2.3704,2.2854,23.56,,,,,,,,9928
2024-06-03,2469.0165,3588.7483,5274.0687,5284.6236,18403.04,397.849,5283.4,7.1086,104.0608,551.56,78.15,3665,1994.4,,,14.14,26.11,231.8063,239.0452,126.5955,233.763,264.9888,2.0443,2.39,2.2853,23.19,,,,,,,,10193
2024-05-31,2462.1831,3579.9247,5308.5403,5355.2099,18079.61,401.2561,5277.51,7.1088,104.63179999999998,556.86,81.37,3706,2026.98,7,8.4,14.1,26.37,231.6248,238.9276,126.5239,233.5473,264.8492,2.0618,2.3922,2.2926,22.66,49.5,4,3.7,7.36,2.06,0.3,-1.4,10069
2024-05-30,2473.758,3594.3121,5308.66,5334.2958,18230.19,401.5715,5235.48,7.1111,104.7489,554.2,81.95,3737,2027.7,,,14.15,26.31,231.758,238.8917,126.6069,233.5654,264.8066,2.0656,2.3886,2.2826,22.21,,,,,,,,10125
2024-05-29,2493.1691,3613.5223,5328.3064,5351.2524,18477.01,401.5533,5266.95,7.1106,105.1293,559.7,83.36,3753,2076.17,,,14.23,26.37,231.8065,238.8178,126.6431,233.5517,264.7194,2.0706,2.3978,2.2776,22.09,,,,,,,,10475
2024-05-28,2490.1614,3609.1724,5316.1286,5348.0293,18821.16,401.8878,5306.04,7.110099999999999,104.6242,555.96,84.33,3745,2068.69,,,14.22,26.34,231.6184,238.7016,126.5489,233.409,264.5921,2.0706,2.4137,2.2994,21.89,,,,,,,,10533.5
2024-05-27,2497.6006,3635.7079,5371.3693,5404.6158,18827.35,402.2864,,7.109100000000001,104.5908,555.78,82.82,3763,2124.81,,,14.33,26.6,231.3905,238.6365,126.4328,233.3054,264.5157,2.0756,2.4233,2.3084,21.66,,,,,,,,
2024-05-24,2474.4254,3601.4754,5313.4546,5350.1073,18608.94,400.9978,5304.72,7.1102,104.74210000000001,554.48,81.85,3788,2127.32,,,14.2,26.33,231.3733,238.5574,126.4518,233.3028,264.4254,2.0731,2.4214,2.3134,21.2,,,,,,,,10334
2024-05-23,2500.821,3641.7917,5362.3053,5412.8237,18868.71,401.4662,5267.84,7.1098,105.0274,559.72,81.51,3775,2203.49,,,14.36,26.58,231.3473,238.5127,126.447,233.354,264.3855,2.0656,2.427,2.3063,20.83,,,,,,,,10359
2024-05-22,2529.0398,3684.451,5468.6068,5539.6597,19195.6,403.8012,5307.01,7.1076999999999995,104.93209999999999,573.32,81.74,3800,2243.64,,,14.52,27.17,231.0975,238.4324,126.3186,233.224,264.2738,2.0756,2.4366,2.3123,20.83,,,,,,,,10396
2024-05-21,2525.2326,3676.1611,5478.9131,5536.7447,19220.62,403.325,5321.41,7.1068999999999996,104.65140000000001,572.22,82.53,3746,2214.21,,,14.49,27.16,230.9736,238.3707,126.2597,233.1278,264.1818,2.0856,2.4512,2.3141,20.67,,,,,,,,10822
2024-05-20,2532.824,3690.9623,5523.5013,5596.7772,19636.22,404.0519,5308.13,7.1042,104.6184,578.84,83.71,3735,2213.32,,,14.54,27.42,231.0211,238.3424,126.2955,233.2422,264.1563,2.0756,2.4566,2.3105,20.7,,,,,,,,10958.5
2024-05-17,2524.1705,3677.9696,5491.8944,5563.231,19553.61,402.3917,5303.27,7.104499999999999,104.4932,564.86,84,3716,2245.52,,,14.51,27.25,230.8612,238.2378,126.2357,233.1203,264.0256,2.0756,2.4759,2.3077,20.76,,,,,,,,10715
2024-05-16,2489.4139,3640.3592,5424.6652,5488.946,19376.53,401.9192,5297.1,7.102,104.5052,564.42,83.44,3703,2091.3,,,14.35,26.91,230.9506,238.2504,126.2947,233.1055,264.0355,2.0831,2.4548,2.3147,20.55,,,,,,,,10371.5
2024-05-15,2477.3895,3626.0559,5446.6557,5497.2349,,401.6146,5308.15,7.1049,104.30149999999999,559.02,82.9,3621,2017.19,,,14.28,26.94,231.1433,238.2471,126.4107,233.1678,264.0226,2.0746,2.4786,2.302,20.56,,,,,,,,10282
2024-05-14,2496.7361,3657.0454,5500.7379,5551.6751,19073.71,402.5214,5246.68,7.1053,104.99889999999999,554.62,82.79,3630,1977.13,,,14.41,27.23,231.2093,238.1793,126.4568,233.1794,263.9338,2.0773,2.4863,2.2938,20.33,,,,,,,,10075
2024-05-13,2506.4593,3664.6907,5505.2595,5520.8038,19115.06,401.942,5221.42,7.103,105.2154,557.62,83.45,3686,1968.03,,,14.45,27.16,231.0284,238.0596,126.3663,232.995,263.7949,2.0823,2.5142,2.29,20.32,,,,,,,,10206
2024-05-11,,,,,,,,,,,,,,,,,,,,,,,2.1224,2.5307,2.3361,20.41,,,,,,,,
2024-05-10,2508.5753,3666.2771,5535.3954,5574.232,18963.68,402.4755,5222.68,7.101100000000001,105.32770000000001,561.4,82.78,3662,1993.38,,,14.46,27.39,230.6634,237.9558,126.1931,232.8197,263.6627,2.0989,2.5126,2.3122,20.46,,,,,,,,10040
2024-05-09,2501.7305,3664.561,5556.7712,5626.8251,18537.81,402.2608,5214.08,7.1028,105.22420000000001,548.1,84.1,3669,1923.62,,,14.46,27.6,230.7541,237.9444,126.2528,232.833,263.6516,2.1089,2.5128,2.3186,20.42,,,,,,,,9950
2024-05-08,2486.0186,3630.2233,5458.7559,5536.6589,18313.86,399.085,5187.67,7.1016,105.50789999999999,549,83.77,3674,1892.62,,,14.33,27.12,230.9796,237.9517,126.3871,232.9905,263.6517,2.0889,2.5016,2.2955,20.45,,,,,,,,9902
2024-05-07,2499.7709,3659.0076,5527.0847,5625.3358,18479.37,399.835,5187.7,7.1002,105.3886,549.82,82.98,3723,1950.11,,,14.45,27.53,230.9787,237.8212,126.3962,233.0399,263.4975,2.0739,2.528,2.2896,20.38,,,,,,,,10009.5
2024-05-06,2495.7617,3657.8767,5528.6036,5606.8416,18578.3,398.3356,5180.74,7.0994,105.0927,548.32,83.63,3735,1920.29,,,14.45,27.51,230.6651,237.6237,126.2323,232.7813,263.262,2.1039,2.5715,2.3081,20.52,,,,,,,,
2024-05-03,,,,,18475.92,,5127.79,,105.0851,,82.78,,,,,,,,,,,,,,,,,,,,,,,9914
2024-05-02,,,,,18207.13,,5064.2,,105.3848,,83.7,,,,,,,,,,,,,,,,,,,,,,,9795
2024-05-01,,,,,,,5018.39,,105.6542,,83.58,,,,,,,,,,,,,,,,,,,,,,,9897
2024-04-30,2464.2435,3604.3943,5441.1411,5497.4303,17763.03,394.8464,5035.69,7.106300000000001,106.3369,549.5,85.92,3656,1909.74,7.2,8.3,13.56,23.29,230.6464,237.4452,126.2794,232.4679,263.0489,2.1289,2.5886,2.3028,20.27,50.4,4.2,2.3,1.26,8.28,0.3,-2.5,9976.5
2024-04-29,2474.3397,3623.9124,5478.4908,5545.2346,17746.91,393.9134,5116.17,7.1066,105.6515,551.46,87.28,3675,1946.65,,,13.59,23.38,230.0262,237.3172,125.9458,231.9531,262.882,2.1889,2.6177,2.353,20.22,,,,,,,,10162
2024-04-28,,,,,,,,,,,,,,,,,,,,,,,2.1689,2.5733,2.3244,20.53,,,,,,,,
2024-04-26,2461.8556,3584.2686,5372.1209,5415.9379,17651.15,392.9901,5099.96,7.1056,106.0902,554.58,88.06,3685,1828.17,,,13.42,22.8,230.7645,237.5962,126.3831,232.6476,263.1938,2.1189,2.5602,2.3084,20.48,,,,,,,,9960
2024-04-25,2431.6221,3530.2813,5259.3354,5313.986,17284.54,390.9044,5048.42,7.1058,105.57589999999999,550.28,88.05,3669,1756.52,,,13.15,22.23,231.3356,237.7202,126.7087,232.9757,263.3275,2.0589,2.5055,2.2612,20.54,,,,,,,,9900
2024-04-24,2424.119,3521.6219,5263.0391,5305.6068,17201.27,390.3565,5071.63,7.1048,105.81600000000002,551,87.08,3681,1746.84,,,13.12,22.19,231.3662,237.7749,126.7353,232.9094,263.3804,2.0762,2.4873,2.2727,20.74,,,,,,,,9790
2024-04-23,2413.7392,3506.2249,5208.2712,5218.4277,16828.93,389.3057,5070.55,7.105900000000001,105.6998,544.84,88.45,3641,1750.21,,,13.07,21.72,232.0186,237.8395,127.1059,233.1321,263.4533,2.0362,2.447,2.226,20.55,,,,,,,,9728
2024-04-22,2424.7473,3530.9045,5267.5811,5246.0818,16511.69,389.669,5010.6,7.1043,106.13000000000001,558.42,87.15,3670,1761.32,,,13.11,21.99,231.7051,237.659,126.9419,232.9371,263.2418,2.0512,2.4784,2.2435,20.52,,,,,,,,9853
2024-04-19,2430.5819,3541.6619,5314.8667,5264.3891,16224.14,391.1604,4967.23,7.1046,106.1149,568.3,87.39,3675,1773.25,,,13.15,22.29,231.418,237.4625,126.8118,232.811,263.0208,2.0662,2.4975,2.254,20.65,,,,,,,,9874.5
2024-04-18,2445.2049,3569.8018,5349.8361,5286.7192,16385.87,391.9411,5011.12,7.102,106.16749999999999,565.52,86.9,3682,1794.53,,,13.25,22.46,231.1866,237.3223,126.6933,232.6597,262.8633,2.0762,2.5248,2.2537,20.72,,,,,,,,9743
2024-04-17,2439.8558,3565.403,5339.7467,5287.4563,16251.84,391.029,5022.21,7.102499999999999,105.9426,567.78,87.42,3682,1808.45,,,13.24,22.49,230.8937,237.1941,126.5406,232.4698,262.7113,2.1087,2.5506,2.2608,20.64,,,,,,,,9548
2024-04-16,2412.3219,3511.1146,5191.554,5066.6599,16248.97,387.4134,5051.41,7.1028,106.36710000000001,567,90.09,3608,1759.85,,,13.05,21.64,230.7081,237.09,126.4474,232.3588,262.5812,2.1187,2.5616,2.2723,20.75,,,,,,,,9474.5
2024-04-15,2424.0168,3549.0759,5339.7223,5287.5115,16600.46,390.3184,5061.82,7.097900000000001,106.20609999999999,563.88,90.41,3616,1806.5,,,13.17,22.41,230.6354,237.0332,126.4168,232.423,262.5225,2.1087,2.58,2.2798,20.72,,,,,,,,9568
2024-04-12,2374.0471,3475.8389,5277.219,5338.7692,16721.69,391.9092,5123.41,7.0967,106.0228,570.5,90.15,3628,1825.59,,,12.89,22.39,230.5201,236.8679,126.3817,232.4553,262.3164,2.0903,2.5957,2.2837,20.6,,,,,,,,9407
2024-04-11,2394.8667,3504.2447,5301.8094,5379.9153,17095.03,391.2867,5199.06,7.0968,105.28389999999999,555.22,90.2,3613,1870.86,,,13.01,22.53,230.2636,236.7001,126.2491,232.1923,262.1181,2.1078,2.6238,2.2928,20.69,,,,,,,,9361
2024-04-10,2396.7427,3504.7086,5275.4727,5367.0518,17139.17,390.3523,5160.64,7.0959,105.19749999999999,558.78,90.65,3583,1876.21,,,13.01,22.46,230.2994,236.5881,126.2786,232.0038,261.9829,2.1228,2.6331,2.2972,20.45,,,,,,,,9398
2024-04-09,2404.6089,3533.4871,5342.8982,5468.9109,16828.07,391.0095,5209.91,7.0956,104.1119,556.92,89.59,3594,1940.54,,,13.14,22.83,230.4547,236.4785,126.3743,231.9924,261.8416,2.1228,2.6535,2.2802,20.56,,,,,,,,9427
2024-04-08,2414.091,3536.4077,5298.5912,5399.9148,16732.85,389.4858,5202.39,7.0947000000000005,104.14260000000002,554.74,90.62,3560,1927.42,,,13.13,22.66,230.2947,236.3373,126.2952,231.7867,261.6694,2.1328,2.6859,2.2822,20.46,,,,,,,,9443.5
2024-04-07,,,,,,,,,,,,,,,,,,,,,,,2.1578,2.7043,2.2937,20.44,,,,,,,,
2024-04-05,,,,,16723.92,,5204.34,,104.2968,,90.86,,,,,,,,,,,,,,,,,,,,,,,9348
2024-04-04,,,,,,,5147.21,,104.2239,,91.09,,,,,,,,,,,,,,,,,,,,,,,9379
2024-04-03,2430.169,3567.8031,5374.5954,5500.9264,16725.1,390.5922,5211.49,7.094899999999999,104.24419999999999,541.52,89.56,3463,1965.83,,,13.25,23.01,230.1145,236.1609,126.2433,231.6255,261.4604,2.1541,2.7024,2.2837,20.37,,,,,,,,9295
2024-04-02,2435.7569,3580.6759,5381.2291,5531.0522,16931.52,390.0747,5205.81,7.095699999999999,104.77300000000001,534.74,89.27,3463,1992.68,,,13.31,23.1,229.8595,236.0373,126.1116,231.5007,261.3171,2.1713,2.7222,2.2927,20.39,,,,,,,,9011
2024-04-01,2441.5668,3595.6466,5401.2249,5559.0557,,389.8938,5243.77,7.0938,104.9595,534.04,87.81,3456,2015.73,,,13.35,23.24,229.6814,235.9562,126.0224,231.3358,261.2173,2.1951,2.7421,2.3082,20.49,,,,,,,,
2024-03-31,,,,,,,,,,,,,,8.3,8.7,,,,,,,,,,,,50.8,4.5,3.1,-7.71,-2.14,0.1,-2.8,
2024-03-29,2414.9202,3537.4843,5286.1612,5441.2603,,387.6152,,7.095,104.50699999999999,531.3,,3412,1994.8,,,13.11,22.63,229.9101,235.8721,126.1781,231.3859,261.1168,2.1748,2.7435,2.2901,20.46,,,,,,,,
2024-03-28,2401.9872,3520.9648,5223.806,5382.2363,16541.42,386.4592,5254.35,7.0948,104.53899999999999,520,87.07,3481,2018.69,,,12.85,22.47,229.6709,235.8,126.0551,231.3388,261.0316,2.1896,2.7512,2.3026,20.41,,,,,,,,8872
2024-03-27,2398.9372,3502.7866,5156.684,5266.2306,16392.84,385.42,5248.49,7.0946,104.2877,516.42,85.7,3479,2011.08,,,12.72,21.93,229.6092,235.7354,126.0304,231.2542,260.9478,2.1693,2.771,2.2876,20.34,,,,,,,,8867.5
2024-03-26,2413.7415,3543.7467,5284.4188,5447.7484,16618.32,387.631,5203.58,7.0943000000000005,104.3076,514.2,85.27,3499,2071.82,,,12.85,22.62,229.2931,235.6873,125.8648,231.0238,260.8819,2.2196,2.7797,2.3175,20.53,,,,,,,,8863.5
2024-03-25,2401.2113,3525.7634,5294.7463,5466.0615,16473.64,388.5262,5218.19,7.0996,104.2268,513.42,86.04,3585,2043.05,,,12.79,22.69,229.3193,235.675,125.8889,230.9954,260.8624,2.2337,2.7723,2.3151,20.26,,,,,,,,8863
2024-03-22,2403.2023,3545.0023,5384.5656,5595.8848,16499.47,389.5274,5234.18,7.1004,104.43319999999999,512.48,84.94,3612,2030.17,,,12.88,23.18,229.4993,235.6452,126.0177,231.0858,260.8227,2.2323,2.7516,2.3051,20.31,,,,,,,,8847
2024-03-21,2427.101,3581.0902,5465.8286,5658.2794,16863.1,390.8131,5241.53,7.0942,104.00739999999999,515.7,85.05,3616,2058.44,,,12.95,23.48,229.6002,235.5862,126.0833,231.0004,260.7467,2.2253,2.7671,2.2851,20.21,,,,,,,,8963.5
2024-03-20,2426.4586,3585.3838,5493.414,5659.1539,16543.07,390.423,5224.62,7.0968,103.4023,505.74,86.15,3570,2046.3,,,12.96,23.53,229.5611,235.5359,126.0712,230.9784,260.6853,2.2433,2.7689,2.2951,20.06,,,,,,,,8990
2024-03-19,2416.8349,3577.6303,5478.2248,5607.4754,16529.48,389.0417,5178.51,7.0985,103.8142,505.22,87.23,3573,2041.34,,,12.93,23.37,229.7288,235.4729,126.1739,231.0253,260.6158,2.2317,2.79,2.2801,20.11,,,,,,,,8972
2024-03-18,2438.1911,3603.528,5528.447,5648.0117,16737.12,388.6762,5149.42,7.0943000000000005,103.5873,504.04,86.89,3513,2057.71,,,13.03,23.53,229.4196,235.4072,126.012,230.8356,260.5444,2.24,2.79,2.2926,20.08,,,,,,,,9102
2024-03-15,2427.1969,3569.993,5454.1463,5555.6442,16720.89,386.8597,5117.09,7.097500000000001,103.45309999999999,508.16,85.35,3490,2057.55,,,12.92,23.2,229.0339,235.3096,125.8268,230.5281,260.4226,2.27,2.7869,2.32,20.27,,,,,,,,9074
2024-03-14,2423.8556,3562.2229,5392.9267,5486.6461,16961.66,385.6032,5150.48,7.0974,103.3672,506.34,85.13,3506,2060.46,,,12.89,22.93,228.7906,235.2951,125.7014,230.4825,260.4018,2.2851,2.7761,2.3425,20.12,,,,,,,,8912
2024-03-13,2427.5969,3572.361,5415.1126,5521.7838,17082.11,386.0499,5165.31,7.093,102.81190000000001,505.62,83.95,3583,2048.53,,,12.92,23.09,228.8309,235.3461,125.7334,230.4763,260.4429,2.2818,2.7458,2.3326,20.01,,,,,,,,8920
2024-03-12,2450.4693,3597.4939,5423.7183,5496.3553,17093.5,385.9544,5175.27,7.0963,102.93209999999999,506.74,82.36,3636,2097.64,,,13.02,22.97,228.7967,235.4281,125.724,230.6656,260.5442,2.277,2.7308,2.3476,19.96,,,,,,,,8648.5
2024-03-11,2443.1064,3589.2635,5441.0507,5466.6455,16587.57,386.1553,5117.94,7.0969,102.8445,508.3,82.45,3606,2018.72,,,12.98,22.93,229.5808,235.5027,126.1691,230.9854,260.6312,2.2401,2.71,2.305,19.89,,,,,,,,8654
2024-03-08,2426.1679,3544.9099,5349.595,5370.3719,16353.39,384.6689,5123.69,7.0978,102.742,506.28,82.05,3691,1969.45,,,12.8,22.56,229.906,235.4219,126.3787,231.0536,260.5403,2.2207,2.7008,2.2825,20.1,,,,,,,,8568
2024-03-07,2426.9732,3529.7195,5277.2988,5303.2766,16229.78,384.0072,5157.36,7.1002,102.8058,505.88,83.36,3708,1976.23,,,12.76,22.27,230.0103,235.3922,126.4463,231.1739,260.5014,2.214,2.6996,2.2776,20.17,,,,,,,,8641.5
2024-03-06,2434.1156,3551.0481,5350.1016,5381.4587,16438.09,384.4868,5104.76,7.1016,103.36699999999999,500.7,82.91,3712,1992.5,,,12.82,22.58,230.0564,235.3199,126.4816,231.2112,260.4179,2.1748,2.7258,2.265,20.14,,,,,,,,8546
2024-03-05,2446.4173,3565.5143,5351.8268,5375.1317,16162.64,384.1784,5078.65,7.1027000000000005,103.783,497.36,82.08,3723,2006.92,,,12.87,22.55,229.3603,235.2661,126.1044,230.7299,260.3669,2.2258,2.7261,2.3169,20.07,,,,,,,,8489
2024-03-04,2418.584,3540.8686,5388.82,5428.3356,16595.97,385.7627,5130.95,7.102,103.8343,490.1,82.84,3762,2011.08,,,12.77,22.75,229.285,235.2295,126.0723,230.6602,260.3239,2.2407,2.7275,2.3475,20.03,,,,,,,,8525
2024-03-01,2414.8439,3537.8038,5379.0482,5401.9394,16589.44,386.4393,5137.08,7.105900000000001,103.8849,483.8,83.46,3763,2062.76,,,12.78,22.64,229.0357,235.1386,125.9628,230.5826,260.2203,2.2454,2.7277,2.3675,20.14,,,,,,,,8522
2024-02-29,2413.1361,3516.0826,5346.7929,5344.6052,16511.44,385.4975,5096.27,7.1036,104.13589999999999,481.82,82.02,3788,2073.17,8.7,9,12.7,22.42,229.5527,235.1741,126.2503,230.8993,260.2564,2.1956,2.7045,2.3375,20.36,49.1,4.2,5.5,6.24,-8.11,0.7,-2.7,8478.5
2024-02-28,2385.6099,3450.2598,5184.0471,5152.0519,16536.85,383.0097,5069.76,7.107500000000001,103.9365,481.28,81.85,3810,2034.18,,,12.48,21.71,229.1875,235.0433,126.057,230.7211,260.1054,2.201,2.7235,2.3376,20.31,,,,,,,,8455
2024-02-27,2405.0609,3494.7874,5307.8043,5394.0342,16790.8,387.3526,5078.18,7.1057,103.8116,481.42,82.27,3824,2099.97,,,12.62,22.49,228.934,234.9717,125.9258,230.6796,260.0162,2.216,2.7394,2.3809,20.42,,,,,,,,8490
2024-02-26,2393.5488,3453.3585,5195.4642,5255.3962,16634.74,386.3556,5069.53,7.108,103.77770000000001,481.54,81.74,3749,2060.75,,,12.49,21.97,228.7156,234.8624,125.8141,230.5867,259.8853,2.1959,2.7519,2.3789,20.67,,,,,,,,8449
2024-02-23,2433.4073,3489.7416,5197.7115,5225.6697,16725.86,387.2809,5088.8,7.1064,103.9738,478.96,80.75,3790,2077.64,,,12.62,21.92,228.4188,234.7014,125.6781,230.5274,259.6961,2.2143,2.7704,2.4009,20.93,,,,,,,,8559
2024-02-22,2433.0819,3486.6747,5176.3431,5151.5343,16742.95,386.6833,5087.03,7.1018,103.94059999999999,480.06,82.46,3797,2060.28,,,12.61,21.7,228.1474,234.5653,125.5369,230.2601,259.53,2.2358,2.7974,2.4033,21.07,,,,,,,,8608
2024-02-21,2410.2278,3456.8713,5139.0372,5073.4821,16503.1,385.8646,4981.8,7.103,103.986,480.42,83.16,3791,2057.72,,,12.52,21.41,227.9852,234.4612,125.4563,230.0979,259.398,2.2665,2.8161,2.4119,21.08,,,,,,,,8546
2024-02-20,2369.0834,3410.8542,5140.9575,5046.0121,16247.51,383.549,4975.51,7.1068,104.0599,480.42,82.56,3753,2014.9,,,12.34,21.34,227.9403,234.3772,125.441,229.9434,259.3091,2.2877,2.8378,2.4134,21.37,,,,,,,,8531
2024-02-19,2371.5483,3403.8078,5141.6037,5029.5861,16155.61,380.6535,,7.1032,104.2525,480.7,83.35,3808,1997.25,,,12.31,21.26,227.6724,234.2705,125.3017,229.7642,259.193,2.3151,2.8429,2.4344,22.05,,,,,,,,8427.5
2024-02-18,,,,,,,,,,,,,,,,,,,,,,,2.3251,2.8519,2.4393,22.37,,,,,,,,
2024-02-16,,,,,16339.96,,5005.57,,104.27659999999999,,83.58,,,,,,,,,,,,,,,,,,,,,,,8472
2024-02-15,,,,,15944.63,,5029.73,,104.26520000000001,,82.85,,,,,,,,,,,,,,,,,,,,,,,8322.5
2024-02-14,,,,,15879.38,,5000.62,,104.7252,,81.44,,,,,,,,,,,,,,,,,,,,,,,8201
2024-02-13,,,,,,,4953.17,,104.8646,,82.66,,,,,,,,,,,,,,,,,,,,,,,8209
2024-02-12,,,,,,,5021.84,,104.1446,,82.08,,,,,,,,,,,,,,,,,,,,,,,8257.5
2024-02-09,,,,,15746.58,,5026.61,7.1036,104.0736,,81.86,,,,,,,,,,,,2.3302,2.8503,2.4302,22.96,,,,,,,,8189
2024-02-08,2352.5775,3364.9297,5150.2288,4993.1046,15878.07,379.2708,4997.91,7.106300000000001,104.1405,483.54,81.75,3854,1988.23,,,12.21,21.11,227.3998,234.0298,125.2564,229.6092,258.9273,2.3302,2.8503,2.4379,22.97,,,,,,,,8226
2024-02-07,2344.1508,3343.6303,5109.5685,4797.8456,16081.89,376.8586,4995.06,7.1049,104.04990000000001,482.1,79.43,3840,1893.05,,,12.13,20.65,227.5094,233.9767,125.327,229.5037,258.873,2.3227,2.8499,2.4153,22.91,,,,,,,,8308
2024-02-06,2318.8418,3311.6922,4805.9013,4592.4444,16136.87,376.2213,4954.23,7.1082,104.1764,480.66,78.77,3836,1894.63,,,12.02,19.58,227.1954,233.9006,125.162,229.4614,258.7919,2.3622,2.8467,2.4525,22.79,,,,,,,,8401.5
2024-02-05,2255.2809,3200.4218,4460.2635,4293.0695,15510.01,370.8593,4942.81,7.107,104.4557,481.44,77.93,3833,1855.64,,,11.63,18.25,227.8703,233.9221,125.5473,229.705,258.8269,2.3123,2.8293,2.4002,22.45,,,,,,,,8374.5
2024-02-04,,,,,,,,,,,,,,,,,,,,,,,2.3095,2.8399,2.4053,22.17,,,,,,,,
2024-02-02,2229.0142,3179.6276,4563.2221,4574.6692,15533.56,374.1467,4958.61,7.1006,103.96549999999999,484.82,77.67,3825,1968.46,,,11.53,19.17,227.4884,233.7278,125.3637,229.5395,258.6199,2.3234,2.855,2.4244,21.79,,,,,,,,8464
2024-02-01,2248.268,3217.7109,4678.7308,4750.4439,15566.21,375.4345,4906.19,7.1049,103.0629,482.84,78.82,3868,1978.39,,,11.66,19.8,227.4787,233.6505,125.368,229.564,258.5356,2.3228,2.8563,2.4354,21.55,,,,,,,,8524.5
2024-01-31,2254.2994,3215.3518,4696.9796,4785.032,15485.07,375.2668,4845.65,7.1039,103.5235,481.58,80.69,3869,2027.04,8.7,9.5,11.65,19.93,227.4874,233.5435,125.3825,229.6248,258.4194,2.3197,2.8563,2.433,21.2,49.2,,,7.67,15.57,-0.8,-2.5,8615.5
2024-01-30,2270.9789,3245.0387,4814.9908,4984.6598,15703.45,377.3906,4924.97,7.105500000000001,103.39690000000002,481,82.43,3913,2107.26,,,11.74,20.64,227.056,233.3587,125.152,229.4948,258.2187,2.3141,2.8837,2.4557,21.19,,,,,,,,8642
2024-01-29,2304.4364,3303.9604,4927.9137,5131.2465,16077.24,379.8974,4927.93,7.109699999999999,103.468,480.04,82,3968,2183.82,,,11.94,21.19,226.3798,233.1902,124.7852,229.1566,258.0308,2.3466,2.9133,2.494,20.62,,,,,,,,8578
2024-01-26,2314.3741,3333.8213,5027.0932,5269.7646,15952.23,382.6295,4890.97,7.1074,103.4744,478.72,83.02,3973,2224.72,,,12.04,21.71,226.223,233.0721,124.7269,229.0191,257.8951,2.3605,2.9162,2.4994,20.37,,,,,,,,8529
2024-01-25,2312.8544,3342.9189,5073.1779,5316.195,16211.96,381.7972,4894.16,7.1044,103.4839,476.84,81.84,3967,2157.8,,,11.99,21.85,226.1779,232.9979,124.7115,229.0035,257.8112,2.355,2.9244,2.4984,20.05,,,,,,,,8547.5
2024-01-24,2260.5575,3277.1089,4933.7009,5143.4078,15899.87,377.1471,4868.55,7.1053,103.25829999999999,478.66,80.23,3955,2047.5,,,11.76,21.16,225.9844,232.8971,124.6134,228.6862,257.69,2.3827,2.9313,2.5042,20.11,,,,,,,,8567.5
2024-01-23,2226.3713,3231.9329,4865.743,5079.6315,15353.98,377.1522,4864.6,7.111699999999999,103.5491,479.18,79.73,3932,1976.37,,,11.6,20.86,225.9379,232.8529,124.5972,228.6568,257.6139,2.3979,2.9417,2.5042,19.81,,,,,,,,8420
2024-01-22,2230.6094,3218.9016,4780.9748,5000.8336,14961.18,376.628,4850.43,7.110499999999999,103.34660000000001,478.88,79.89,3902,1948.4,,,11.56,20.52,225.9783,232.797,124.6293,228.7078,257.5499,2.3832,2.9507,2.4922,19.85,,,,,,,,8329
2024-01-19,2243.5396,3269.7763,5018.4332,5306.9862,15308.69,381.9263,4839.81,7.116700000000001,103.2317,480.36,78.63,3915,2041.46,,,11.72,21.69,225.5417,232.648,124.4151,228.5351,257.3818,2.3869,2.9745,2.5027,19.89,,,,,,,,8380
2024-01-18,2238.4588,3274.7286,5066.9579,5373.4239,15391.79,382.2827,4780.94,7.1174,103.4048,478.72,78.96,3913,2043.97,,,11.73,21.93,225.3569,232.5647,124.3218,228.429,257.2904,2.4066,2.9798,2.5092,19.97,,,,,,,,8312
2024-01-17,2199.2587,3229.082,5061.5395,5389.1216,15276.9,382.8081,4739.21,7.1168,103.3728,479.66,78.11,3858,2046.69,,,11.56,21.94,225.2415,232.4806,124.2672,228.3025,257.2022,2.4163,2.9868,2.5077,19.84,,,,,,,,8283.5
2024-01-16,2248.975,3300.8762,5190.3975,5539.4741,15865.92,386.1729,4765.98,7.1134,103.33599999999998,483.34,77.9,3899,2103.95,,,11.82,22.51,225.0691,232.4162,124.1808,228.213,257.1291,2.4156,3.0089,2.5252,19.71,,,,,,,,8345
2024-01-15,2238.5029,3280.9195,5193.2956,5559.376,16216.33,387.0544,,7.1084,102.5912,483.58,78.64,3896,2125.66,,,11.75,22.57,225.0791,232.3684,124.1961,228.2513,257.0804,2.4059,3.0041,2.5212,19.78,,,,,,,,8384
2024-01-12,2237.2073,3284.1667,5206.178,5574.4926,16244.58,387.6559,4783.83,7.105,102.44030000000001,480.78,78.32,3902,2116.98,,,11.76,22.63,225.0235,232.2846,124.1941,228.2103,256.993,2.4154,2.9914,2.5172,19.62,,,,,,,,8295
2024-01-11,2240.1061,3295.6717,5223.8633,5611.1149,16302.04,386.7067,4780.24,7.108700000000001,102.31,480.24,78.48,3926,2124.45,,,11.8,22.74,225.1741,232.2478,124.2878,228.2745,256.9609,2.4101,3.0064,2.4992,19.81,,,,,,,,8375
2024-01-10,2235.2089,3277.129,5158.0784,5512.0686,16097.28,385.2214,4783.45,7.105500000000001,102.35289999999999,479.86,76.78,3887,2107.21,,,11.73,22.37,225.1798,232.186,124.3006,228.3201,256.9002,2.4101,3.0078,2.4982,19.83,,,,,,,,8391
2024-01-09,2245.6219,3292.4994,5180.653,5553.3035,16190.02,385.5937,4756.5,7.101,102.5125,481.02,77.49,3943,2114.89,,,11.78,22.53,225.248,232.1216,124.3484,228.3818,256.8304,2.3901,3.009,2.4862,19.83,,,,,,,,8329
2024-01-08,2243.8422,3286.0564,5167.6997,5543.5745,16224.45,384.8534,4763.54,7.1006,102.2903,481.72,76.27,3950,2102.48,,,11.76,22.49,224.8908,231.9795,124.1589,228.3074,256.6755,2.3994,3.039,2.5136,19.79,,,,,,,,8437
2024-01-05,2268.5377,3329.1114,5281.8711,5675.8091,16535.33,387.6746,4697.24,7.102899999999999,102.4395,482.38,78.9,3979,2140.34,,,11.91,23,224.8237,231.8213,124.1506,228.2645,256.4958,2.3919,3.0595,2.5175,20.04,,,,,,,,8415
2024-01-04,2279.0361,3347.0519,5355.3216,5783.0155,16645.98,388.5764,4688.68,7.0996999999999995,102.42530000000001,481.64,77.74,4046,2143.25,,,11.95,23.39,224.5493,231.7221,124.0072,228.1792,256.3876,2.4069,3.0759,2.5368,20.23,,,,,,,,8481.5
2024-01-03,2294.8357,3378.2971,5401.395,5824.0428,16646.41,389.452,4704.81,7.1002,102.46910000000001,483.58,78.44,4055,2173.05,,,12.08,23.55,224.3104,231.6278,123.8837,228.051,256.279,2.4069,3.0819,2.5531,20.28,,,,,,,,8515
2024-01-02,2292.2286,3386.3522,5409.4554,5854.7494,16788.55,391.2979,4742.83,7.077,102.24600000000001,483.32,76.04,4047,2162.04,,,12.11,23.62,224.3953,231.614,123.9407,228.1683,256.2786,2.4019,3.0816,2.5601,20.26,,,,,,,,8532.5
2024-01-01,,,,,,,,,101.322,,,,,,,,,,,,,,,,,,,,,,,,,
2023-12-31,,,,,,,,,,,,,,9.7,9.5,,,,,,,,2.3413,3.0921,2.5553,,49,3,7.4,2.147524,0.287854,-0.3,-2.7,
2023-12-29,2326.1732,3431.1099,5429.2288,5887.235,17047.39,390.7942,4769.83,7.082700000000001,101.37780000000001,481.7,77.08,4002,2204.67,,,12.29,24.73,224.4314,231.4551,123.9997,228.3031,256.0994,2.3413,3.0921,2.5553,20.45,,,,,,,,8562
2023-12-28,2317.7033,3414.5403,5382.7966,5805.5271,17043.53,388.5673,4783.35,7.0974,101.2418,483.6,77.48,3996,2214.14,,,12.23,24.44,224.4425,231.2722,124.0156,228.3912,255.881,2.3513,3.1196,2.5694,20.47,,,,,,,,8615
2023-12-27,2266.5441,3336.3572,5285.5301,5696.1606,16624.84,384.4981,4781.58,7.1002,100.9438,482.6,79.31,4023,2158.58,,,11.93,24.03,224.4156,231.0948,124.0102,228.2226,255.6866,2.3613,3.1343,2.5577,20.3,,,,,,,,8696
2023-12-26,2262.2095,3324.7902,5258.2841,5651.5883,,383.005,4774.75,7.096499999999999,101.45949999999999,481.4,80.64,4023,2153.13,,,11.9,23.86,224.2698,230.9389,123.9386,228.0286,255.5085,2.4139,3.1443,2.5804,20.45,,,,,,,,
2023-12-25,2272.9578,3347.4508,5315.3746,5735.7256,,384.6593,,7.101,101.7027,480.8,,3998,2187.69,,,11.97,24.18,224.2095,230.8241,123.9147,227.7009,255.385,2.4463,3.162,2.5678,20.51,,,,,,,,
2023-12-22,2270.5018,3337.2281,5311.6902,5733.9089,16340.41,385.2316,4754.63,7.095299999999999,101.70309999999999,479.54,78.89,4004,2211.76,,,11.93,24.13,223.8411,230.6921,123.7382,227.5488,255.2317,2.4663,3.1737,2.5877,20.62,,,,,,,,8570
2023-12-21,2261.3818,3330.8698,5338.762,5798.912,16621.13,385.23,4746.75,7.1012,101.74680000000001,477.02,79.12,3988,2240.83,,,11.89,24.4,223.6468,230.563,123.6394,227.3448,255.0841,2.4663,3.2016,2.5901,20.54,,,,,,,,8606
2023-12-20,2237.5812,3297.5022,5309.2865,5761.3123,16613.81,384.1478,4698.35,7.0966,102.42679999999999,476.92,79.13,3940,2217.21,,,11.76,24.26,223.3227,230.488,123.4683,227.3324,255.0099,2.4963,3.2036,2.6222,20.39,,,,,,,,8596
2023-12-19,2257.2098,3334.0412,5379.8735,5863.5419,16505,385.0924,4768.37,7.0982,102.1234,475.9,79.39,3925,2251.7,,,11.89,24.66,223.2779,230.4285,123.453,227.3587,254.9428,2.4863,3.208,2.6191,20.24,,,,,,,,8586
2023-12-18,2251.2303,3329.3657,5385.2702,5857.0052,16629.23,386.2525,4740.56,7.093299999999999,102.5023,474.9,78.04,3933,2280.61,,,11.87,24.66,223.2805,230.3496,123.4642,227.4522,254.8565,2.4663,3.2113,2.6126,20.12,,,,,,,,8470
2023-12-15,2245.2883,3341.5517,5449.7864,5951.6003,16792.19,387.9571,4719.19,7.095699999999999,102.5936,475.46,76.95,3915,2307.2,,,11.92,25.01,223.0577,230.2041,123.369,227.3291,254.7008,2.4713,3.2401,2.6227,20.06,,,,,,,,8525
2023-12-14,2249.9385,3351.9639,5489.3267,5991.8623,16402.19,388.8901,4719.55,7.109,101.9513,476.2,76.6,3925,2282.9,,,11.94,25.15,222.7402,230.0787,123.2014,227.2064,254.5633,2.5037,3.267,2.6376,20.02,,,,,,,,8531
2023-12-13,2261.0183,3369.605,5507.5128,6019.5531,16228.75,389.5129,4707.09,7.1126,102.9468,469.02,74.62,3942,2291.33,,,12,25.26,222.679,229.9724,123.177,227.1462,254.4374,2.5063,3.2789,2.6226,19.93,,,,,,,,8339
2023-12-12,2305.138,3426.803,5566.1778,6078.9899,16374.5,390.9021,4643.7,7.1174,103.8123,469.9,73.32,4060,2340.09,,,12.22,25.49,222.421,229.8729,123.0427,226.8601,254.3217,2.5438,3.2982,2.6375,19.89,,,,,,,,8342
2023-12-11,2292.6788,3419.4548,5564.8538,6075.0796,16201.49,390.8138,4622.44,7.116300000000001,104.08109999999999,471.6,76.11,4025,2269.9,,,12.19,25.43,222.4004,229.8451,123.0409,226.7853,254.3019,2.5713,3.2886,2.644,19.83,,,,,,,,8343
2023-12-08,2281.6486,3399.4618,5497.9897,6003.1435,16334.37,390.1598,4604.37,7.1123,103.99799999999999,475.2,75.65,4042,2282.47,,,12.12,25.08,222.1591,229.7483,122.9353,226.5988,254.2077,2.5801,3.2966,2.6636,20.02,,,,,,,,8438
2023-12-07,2274.8281,3391.2823,5481.1355,6020.8304,16345.89,389.5046,4585.59,7.1176,103.64670000000001,474.88,74.56,4011,2325.07,,,12.09,25.13,222.062,229.7328,122.8908,226.44,254.1829,2.5924,3.2939,2.664,19.96,,,,,,,,8370
2023-12-06,2284.0636,3399.598,5481.824,6023.8036,16463.26,389.2835,4549.34,7.114,104.17790000000001,474.08,74.28,3918,2316.81,,,12.12,25.15,222.0068,229.7025,122.8697,226.3748,254.1469,2.6224,3.2839,2.6725,20.06,,,,,,,,8247
2023-12-05,2286.5809,3394.2571,5460.4088,5992.6003,16327.86,388.8157,4567.18,7.1127,103.94740000000002,475,77,3870,2290.16,,,12.1,25.03,222.0255,229.7144,122.8899,226.3974,254.1691,2.6074,3.2802,2.665,20.16,,,,,,,,8341.5
2023-12-04,2333.8788,3460.138,5559.0682,6114.3926,16646.05,390.7036,4569.78,7.101100000000001,103.6354,481.62,78.2,3871,2340.92,,,12.32,25.51,222.0267,229.7166,122.9002,226.4728,254.1773,2.6024,3.2711,2.6725,20.14,,,,,,,,8427
2023-12-01,2352.0003,3482.8813,5566.8689,6130.051,16830.3,390.9886,4594.63,7.1104,103.19519999999999,475.78,79.56,3923,2370.09,,,12.4,25.55,222.0331,229.6434,122.933,226.4976,254.096,2.5724,3.2544,2.6625,20.19,,,,,,,,8625
2023-11-30,2365.9963,3496.2028,5545.0504,6080.547,17042.88,390.0951,4567.8,7.1018,103.5064,475.72,80.35,3913,2354.78,10,9.4,12.45,25.32,222.0469,229.5946,122.9505,226.5234,254.0383,2.5704,3.263,2.668,20.19,49.4,2.9,10.1,0.693013,-0.563534,-0.5,-3,8469.5
2023-11-29,2358.1163,3488.3073,5553.3349,6113.366,16993.44,390.8039,4550.58,7.1031,102.86179999999999,475.46,82.65,3896,2358.55,,,12.43,25.46,221.8808,229.5318,122.8673,226.3777,253.9677,2.5878,3.2701,2.6826,20.4,,,,,,,,8445
2023-11-28,2371.212,3518.5232,5591.4955,6143.3015,17354.14,391.89,4554.89,7.1132,102.73089999999999,471.6,81.43,3893,2418.82,,,12.54,25.59,221.8088,229.5254,122.8368,226.3731,253.953,2.5878,3.2634,2.6898,20.41,,,,,,,,8451
2023-11-27,2370.7186,3511.9424,5566.5069,6111.3644,17525.06,391.206,4550.43,7.115900000000001,103.2163,470.08,80,3959,2444.83,,,12.52,25.49,221.6619,229.5064,122.7644,226.3133,253.9217,2.6078,3.2639,2.7108,20.27,,,,,,,,8375
2023-11-24,2391.0208,3538.0087,5570.4205,6115.4072,17559.42,391.0725,4559.34,7.115100000000001,103.4359,465.9,80.15,3976,2491.85,,,12.62,25.57,221.7744,229.4878,122.8565,226.3948,253.8985,2.5778,3.26,2.7053,19.89,,,,,,,,8440
2023-11-23,2405.1654,3561.5204,5622.9891,6197.5257,17910.84,392.4769,,7.1212,103.76089999999999,465.46,81.12,3934,2493.26,,,12.7,25.87,221.7699,229.493,122.8637,226.3891,253.9113,2.5728,3.2604,2.7023,20.16,,,,,,,,8397
2023-11-22,2396.904,3544.4162,5572.8986,6132.9704,17734.6,392.6423,4556.62,7.1254,103.8731,466.1,81.66,4001,2437.4,,,12.63,25.61,222.0454,229.5276,123.0276,226.6006,253.9552,2.5428,3.2202,2.6823,20.26,,,,,,,,8376.5
2023-11-21,2416.241,3581.0674,5641.0844,6212.125,17733.89,395.7085,4538.19,7.1406,103.6092,466.98,82.39,3983,2447.66,,,12.76,25.91,222.1837,229.5112,123.1147,226.6973,253.9471,2.5178,3.2203,2.6684,20.15,,,,,,,,8470
2023-11-20,2404.7673,3576.3233,5659.7727,6253.2756,17778.07,396.3146,4547.38,7.1612,103.4892,468,82.03,3983,2394.34,,,12.73,26.09,222.2193,229.4234,123.1444,226.7435,253.856,2.4953,3.2295,2.6584,20.43,,,,,,,,8447.5
2023-11-17,2398.2037,3568.0685,5631.4233,6199.2278,17454.19,395.1803,4514.02,7.1728,103.8218,473.44,80.62,3929,2392.12,,,12.7,25.86,222.2044,229.2869,123.1651,226.7304,253.7085,2.4778,3.2378,2.6524,20.26,,,,,,,,8309
2023-11-16,2404.3187,3572.3641,5609.3607,6145.1505,17832.82,395.7756,4508.24,7.1724,104.3757,471.86,77.45,3972,2409.42,,,12.72,25.67,222.0995,229.2019,123.1161,226.7208,253.6126,2.4728,3.2547,2.6558,20.07,,,,,,,,8241
2023-11-15,2427.1241,3607.2454,5664.617,6207.2678,18079,397.825,4502.88,7.1752,104.4005,472.98,81.07,3920,2421.89,,,12.83,25.91,221.9527,229.0949,123.0435,226.6042,253.4999,2.4828,3.2696,2.6633,20.27,,,,,,,,8276.5
2023-11-14,2406.3969,3582.0584,5630.5534,6181.9796,17396.86,396.5921,4495.7,7.1768,104.0765,471.52,82.37,3856,2432.9,,,12.74,25.78,221.9771,229.0229,123.0669,226.5541,253.4234,2.5003,3.2896,2.6573,20.26,,,,,,,,8212.5
2023-11-13,2407.5885,3579.4141,5605.5688,6144.6346,17426.21,395.5794,4411.55,7.176899999999999,105.6703,469.98,82.7,3872,2400.61,,,12.73,25.66,222.038,228.9193,123.1108,226.5811,253.3134,2.4953,3.2896,2.6454,20.25,,,,,,,,8187
2023-11-10,2414.0167,3586.4893,5573.0999,6088.5583,17203.26,395.5765,4415.24,7.1771,105.81020000000001,471.36,81.7,3879,2399.49,,,12.77,25.42,221.875,228.7636,123.0486,226.4447,253.1417,2.5078,3.3096,2.6444,20.48,,,,,,,,8034.5
2023-11-09,2436.2349,3612.8263,5592.0568,6100.6929,17511.29,396.1943,4347.35,7.1772,105.9201,468.9,79.87,3853,2427.6,,,12.86,25.54,221.7792,228.6523,123.0046,226.4238,253.0028,2.5328,3.3046,2.6494,20.57,,,,,,,,8117.5
2023-11-08,2436.6983,3611.0723,5608.0173,6138.9377,17568.46,396.3598,4382.78,7.177299999999999,105.5321,471.84,79.71,3848,2441.32,,,12.87,25.67,221.6774,228.5598,122.9573,226.3359,252.9022,2.5254,3.3245,2.6464,20.41,,,,,,,,8106
2023-11-07,2443.9657,3619.7593,5611.0983,6116.7569,17670.16,396.8108,4378.38,7.1776,105.5118,474,81.41,3791,2419.03,,,12.91,25.56,221.635,228.507,122.9432,226.4079,252.8504,2.5278,3.3344,2.6632,20.49,,,,,,,,8195
2023-11-06,2456.7745,3632.6084,5605.0621,6096.5695,17966.59,396.2849,4365.98,7.178,105.28429999999999,475.96,85.21,3805,2418.05,,,12.96,25.49,221.6328,228.4349,122.9517,226.4511,252.7724,2.5053,3.3301,2.6554,20.44,,,,,,,,8247
2023-11-03,2436.9411,3584.1364,5510.357,5973.167,17664.12,393.4704,4358.34,7.1796,105.05409999999999,478.2,85.23,3805,2346.39,,,12.78,24.98,221.5533,228.3262,122.9363,226.4456,252.6423,2.4878,3.3399,2.6613,20.81,,,,,,,,8168.5
2023-11-02,2417.459,3554.1889,5459.4517,5885.2468,17230.59,392.1579,4317.78,7.1796999999999995,106.13990000000001,478.72,86.96,3756,2355.21,,,12.67,24.67,221.5865,228.2512,122.9646,226.5129,252.5522,2.4778,3.3406,2.6553,20.55,,,,,,,,8179.5
2023-11-01,2420.7346,3571.0268,5509.9662,5958.4178,17101.78,392.7933,4237.86,7.1778,106.66,477.18,84.9,3749,2370.79,,,12.73,24.91,221.3008,228.1478,122.8141,226.3646,252.4309,2.5003,3.3558,2.6853,20.69,,,,,,,,8108
2023-10-31,2411.4794,3572.5056,5528.2385,5969.3413,17112.48,394.0938,4193.8,7.177900000000001,106.7227,478.94,85.62,3733,2390.17,10.3,9.3,12.54,24.57,221.2386,228.0772,122.789,226.3989,252.3457,2.4928,3.3617,2.6938,20.7,49.5,2.9,7.6,-6.612764,3.034364,-0.2,-2.6,8119
2023-10-30,2414.1562,3583.7718,5546.3881,6006.5591,17406.36,396.2164,4166.82,7.1781,106.13690000000001,478.12,86.57,3740,2383.47,,,12.61,24.7,221.046,228.0182,122.6907,226.247,252.2765,2.4978,3.3859,2.7141,20.54,,,,,,,,8138.5
2023-10-27,2414.9125,3562.3851,5492.0274,5916.6783,17398.73,395.7426,4117.37,7.1782,106.57900000000001,476.98,89.17,3724,2390.29,,,12.53,24.46,220.9444,227.8817,122.6629,226.0823,252.1323,2.5078,3.3974,2.7133,20.81,,,,,,,,8091
2023-10-26,2393.7344,3514.1448,5398.934,5811.6917,17044.61,392.5809,4137.23,7.1784,106.62270000000001,476.66,87.29,3685,2364.39,,,12.37,24.08,221.0052,227.8274,122.7068,226.1178,252.0602,2.5278,3.4056,2.7152,21.38,,,,,,,,7988
2023-10-25,2386.3026,3504.4576,5375.9983,5778.9048,17085.33,391.8775,4186.77,7.1785,106.55789999999999,473.92,89.09,3673,2392.44,,,12.32,23.95,220.9516,227.7661,122.6864,225.9627,251.9843,2.5228,3.4302,2.7052,20.97,,,,,,,,7984.5
2023-10-24,2378.4389,3487.1302,5352.0123,5719.3227,16991.53,390.0291,4247.68,7.1786,106.2683,475.2,88.08,3630,2388.82,,,12.26,23.72,220.8157,227.7333,122.6199,225.6434,251.9452,2.5728,3.4374,2.7177,20.95,,,,,,,,8077
2023-10-23,2369.9347,3474.2438,5290.3343,5638.1362,,385.8907,4217.04,7.1792,105.59769999999999,476,90.5,3572,2341.13,,,12.23,23.4,220.9588,227.7691,122.7099,225.7471,251.9834,2.5754,3.438,2.7047,21.04,,,,,,,,7985.5
2023-10-20,2389.2196,3510.5889,5423.6748,5774.32,17172.13,390.1119,4224.16,7.1793,106.15540000000001,476.68,92.51,3610,2385.08,,,12.34,23.99,220.7375,227.7155,122.6149,225.495,251.9123,2.5878,3.4278,2.7052,21.29,,,,,,,,7940
2023-10-19,2401.9299,3533.5445,5464.027,5842.8915,17295.89,391.278,4278,7.179500000000001,106.2305,471.26,93.05,3644,2371.17,,,12.42,24.25,220.6774,227.7479,122.5909,225.5259,251.9555,2.6178,3.4278,2.7177,21.32,,,,,,,,8010.5
2023-10-18,2467.1915,3610.5767,5524.5988,5908.0077,17732.52,394.8494,4314.6,7.179500000000001,106.56830000000001,467.94,91.41,3615,2395.97,,,12.71,24.56,220.9017,227.8158,122.7265,225.7746,252.0431,2.5678,3.3915,2.7052,21.56,,,,,,,,7992
2023-10-17,2478.9047,3639.4018,5595.3423,6011.3698,17773.34,397.9136,4373.2,7.1796,106.18820000000001,463.4,90.91,3647,2435.66,,,12.79,24.94,220.9611,227.8006,122.7696,225.8373,252.031,2.5428,3.3821,2.6882,21.44,,,,,,,,7961
2023-10-16,2468.4363,3626.5972,5580.6666,6024.3594,17640.36,398.8122,4373.63,7.1798,106.1957,461.2,90.16,3657,2450.48,,,12.74,24.99,221.0668,227.7873,122.8388,226.0148,252.0214,2.5128,3.3769,2.6777,21.52,,,,,,,,7984.5
2023-10-13,2489.1251,3663.4104,5633.3831,6081.8658,17813.45,400.8546,4327.78,7.1775,106.6767,454.92,90.8,3620,2490.11,,,12.87,25.18,220.9734,227.689,122.8156,225.9372,251.905,2.4963,3.3652,2.6702,21.7,,,,,,,,7938
2023-10-12,2514.3904,3702.3824,5671.6419,6104.4558,18238.21,401.7178,4349.61,7.1776,106.5804,453.66,86.26,3627,2513.71,,,13.01,25.29,220.7273,227.6433,122.6869,225.7399,251.8511,2.5112,3.3792,2.6911,21.77,,,,,,,,7964
2023-10-11,2490.855,3667.5483,5629.7886,6059.4014,17893.1,400.7726,4376.95,7.177900000000001,105.7137,450.4,85.54,3619,2502.87,,,12.88,25.08,220.7677,227.6669,122.7194,225.7977,251.8746,2.5112,3.379,2.6976,21.69,,,,,,,,8001
2023-10-10,2482.5345,3657.1259,5630.3714,6043.4816,17664.73,401.8193,4358.24,7.1781,105.7727,450.58,87.72,3610,2506.9,,,12.85,25.03,221.0313,227.6968,122.8774,226.0166,251.9041,2.4762,3.3836,2.6811,21.82,,,,,,,,8029
2023-10-09,2499.5666,3684.7272,5658.0832,6059.9651,17517.4,402.8909,4335.66,7.1789,106.07260000000001,454.8,88.25,3638,2517.83,,,12.94,25.09,221.1718,227.6856,122.9662,226.1918,251.8945,2.4462,3.3936,2.6702,21.8,,,,,,,,8111
2023-10-08,,,,,,,,,,,,,,,,,,,,,,,2.4353,3.3857,2.6626,21.96,,,,,,,,
2023-10-07,,,,,,,,,,,,,,,,,,,,,,,2.4379,3.3857,2.6651,21.82,,,,,,,,
2023-10-06,,,,,17485.98,,4308.5,,106.10709999999999,,84.43,,,,,,,,,,,,,,,,,,,,,,,8045
2023-10-05,,,,,17213.87,,4258.19,,106.3383,,84.18,,,,,,,,,,,,,,,,,,,,,,,7889
2023-10-04,,,,,17195.84,,4263.75,,106.7994,,86.09,,,,,,,,,,,,,,,,,,,,,,,7921
2023-10-03,,,,,17331.22,,4229.45,,107.07400000000001,,91.1,,,,,,,,,,,,,,,,,,,,,,,8008.5
2023-10-02,,,,,,,4288.39,,107.0315,,90.48,,,,,,,,,,,,,,,,,,,,,,,8065
2023-09-30,,,,,,,,,,,,,,10.3,9,,,,,,,,,,,,50.2,3.1,5.5,-6.846969,-6.251377,0,-2.5,
2023-09-29,,,,,17809.66,,4288.05,,106.1919,,92.11,,,,,,,,,,,,,,,,,,,,,,,8275
2023-09-28,2507.0857,3689.5172,5690.7697,6078.9449,17373.03,403.7974,4299.7,7.1798,106.13459999999999,459.5,93.13,3690,2577.66,,,12.96,25.13,220.8765,227.3493,122.9075,225.9858,251.5086,2.4529,3.3826,2.6751,,,,,,,,,8215
2023-09-27,2520.1395,3700.495,5674.3451,6034.0605,17611.87,402.3903,4274.51,7.1716999999999995,106.70509999999999,466.9,94.45,3682,2568.97,,,13.01,24.97,220.6468,227.2383,122.788,225.7077,251.3688,2.4804,3.3834,2.6877,22.14,,,,,,,,8080
2023-09-26,2513.4072,3692.8928,5646.6544,5996.1104,17466.9,401.7904,4273.53,7.172700000000001,106.1786,470.6,92.55,3675,2580.12,,,12.99,24.85,220.6408,227.2365,122.7944,225.6681,251.3569,2.4988,3.3798,2.6951,22.32,,,,,,,,8106.5
2023-09-25,2529.1496,3714.6037,5666.6642,6027.3938,17729.29,401.7647,4337.44,7.172700000000001,105.9485,471.48,91.98,3716,2592.6,,,13.07,24.96,220.7532,227.2965,122.8675,225.814,251.4232,2.4865,3.376,2.6976,22.36,,,,,,,,8149
2023-09-22,2550.9827,3738.9327,5698.8168,6054.9279,18057.45,402.1352,4320.06,7.172899999999999,105.60979999999999,470.48,92.43,3779,2651.1,,,13.16,25.09,220.9386,227.2311,123.0011,225.9121,251.3388,2.4604,3.3587,2.6776,22.17,,,,,,,,8198.5
2023-09-21,2495.7393,3672.4448,5611.9186,5939.6638,17655.41,399.7314,4330,7.173,105.3811,470.88,92.24,3762,2626.94,,,12.91,24.65,221.0739,227.1927,123.0871,225.9347,251.2893,2.447,3.3586,2.6576,22.28,,,,,,,,8225
2023-09-20,2521.562,3705.6898,5651.0062,5982.5578,17885.6,400.7717,4402.2,7.1732,105.35789999999999,471.38,92.06,3842,2630,,,13.05,24.82,220.9491,227.0995,123.0267,225.7998,251.1995,2.4689,3.3857,2.665,22.17,,,,,,,,8337.5
2023-09-19,2532.2789,3720.5021,5687.9007,6031.0416,17997.17,401.2614,4443.95,7.173299999999999,105.15019999999998,469.8,93.2,3831,2630.14,,,13.1,24.99,220.9942,227.0618,123.0618,225.8129,251.1501,2.4795,3.3929,2.6625,22.32,,,,,,,,8309.5
2023-09-18,2531.8974,3727.711,5719.6887,6083.9692,17930.55,402.1,4453.53,7.1736,105.0795,467.32,93.37,3842,2637.84,,,13.12,25.18,221.0315,227.0643,123.0926,225.8227,251.1564,2.4709,3.399,2.65,22.28,,,,,,,,8352
2023-09-15,2514.9794,3708.7766,5704.6632,6079.0632,18182.89,401.5653,4450.32,7.1786,105.3359,469.72,94.27,3824,2664.66,,,13.05,25.16,221.2051,227.065,123.2199,226.0839,251.1495,2.4491,3.3764,2.64,22.29,,,,,,,,8409
2023-09-14,2530.9791,3733.5077,5702.102,6068.7131,18047.92,401.2244,4505.1,7.1874,105.34469999999999,472,94.14,3794,2657.01,,,13.14,25.13,221.4408,226.9501,123.3624,226.0591,251.0211,2.4317,3.3864,2.6075,22.23,,,,,,,,8438
2023-09-13,2524.5413,3736.6513,5715.3973,6103.137,18009.22,401.9052,4467.44,7.1894,104.7748,467.66,92.19,3777,2680.43,,,13.15,25.22,221.2159,226.7959,123.2455,225.9914,250.8376,2.4352,3.4047,2.615,22.31,,,,,,,,8394
2023-09-12,2531.8257,3760.6048,5770.9259,6184.606,18025.89,403.6927,4461.9,7.1986,104.5706,466.76,91.96,3791,2681.05,,,13.23,25.53,221.1004,226.6536,123.1902,225.8334,250.6571,2.4663,3.438,2.623,22.31,,,,,,,,8392.5
2023-09-11,2536.1714,3767.537,5774.7305,6182.6433,18096.45,403.7073,4487.46,7.2148,104.5399,466.54,90.61,3759,2692.46,,,13.24,25.51,220.9775,226.6159,123.1308,225.5995,250.6163,2.4819,3.438,2.63,22.42,,,,,,,,8402
2023-09-08,2519.9694,3739.9927,5708.6227,6102.4883,,402.9064,4457.49,7.215,105.065,466.84,90.44,3717,2709.22,,,13.15,25.22,221.0019,226.7673,123.1739,225.5964,250.8201,2.4664,3.3991,2.6375,22.44,,,,,,,,8230
2023-09-07,2534.1555,3758.4748,5702.7008,6083.4893,18202.07,403.989,4451.14,7.1986,105.05969999999999,464.12,89.76,3795,2727.03,,,13.22,25.18,221.0072,226.9976,123.1867,225.6148,251.1143,2.4591,3.3611,2.635,22.35,,,,,,,,8305
2023-09-06,2559.3574,3812.0283,5790.3806,6195.3828,18449.98,408.4185,4465.48,7.196899999999999,104.8371,464.24,90.63,3817,2748.78,,,13.43,25.61,221.1694,227.231,123.2879,225.7669,251.3828,2.4326,3.302,2.6375,22.42,,,,,,,,8361.5
2023-09-05,2561.7902,3820.3174,5788.7149,6167.6421,18456.91,408.8668,4496.83,7.178300000000001,104.7968,464.98,90.05,3799,2686.02,,,13.48,25.53,221.4663,227.3315,123.465,225.9827,251.5068,2.4009,3.2445,2.615,22.57,,,,,,,,8473
2023-09-04,2577.4651,3848.9517,5829.784,6198.7623,18844.16,409.6805,,7.1786,104.12030000000001,464.38,89,3770,2749.88,,,13.58,25.67,221.5234,227.3278,123.5069,225.9093,251.5025,2.41,3.2293,2.6124,22.74,,,,,,,,8450
2023-09-01,2532.2541,3791.4912,5750.8027,6107.1996,,407.6543,4515.77,7.1788,104.2755,462.46,88.99,3778,2739.32,,,13.37,25.22,222.0066,227.4228,123.8085,226.2394,251.6338,2.3763,3.1812,2.585,22.66,,,,,,,,8491.5
2023-08-31,2510.4577,3765.2678,5739.3984,6104.2953,18382.06,406.5182,4507.66,7.181100000000001,103.62790000000001,463.16,86.82,3740,2727.31,10.6,9,13.03,23.67,222.2737,227.4251,123.9689,226.4393,251.6383,2.342,3.1646,2.5575,22.78,49.7,3.2,4.6,-8.552899,-7.186193,0.1,-3,8437
2023-08-30,2522.5419,3788.5097,5775.1534,6139.6265,18482.86,406.8009,4514.87,7.1816,103.1659,461.48,85.29,3713,2867.01,,,13.11,23.85,222.174,227.3804,123.9225,226.239,251.5906,2.3511,3.1806,2.56,22.53,,,,,,,,8468
2023-08-29,2529.2228,3790.1067,5770.3155,6108.7589,18484.03,406.7085,4497.63,7.1851,103.4681,460.14,84.94,3678,2876.68,,,13.13,23.78,222.1176,227.3613,123.9004,226.1094,251.5699,2.3743,3.1951,2.57,22.63,,,,,,,,8455
2023-08-28,2518.1857,3752.6194,5644.1405,5922.1617,18130.74,404.2483,4433.31,7.1856,104.0093,458.62,83.84,3667,2799.31,,,13.02,23.13,222.2144,227.388,123.9648,226.1352,251.6015,2.3494,3.175,2.5837,22.78,,,,,,,,
2023-08-25,2485.3343,3709.1517,5581.2116,5879.0268,17956.38,403.3941,4405.71,7.188300000000001,104.19390000000001,458.5,84.3,3716,2681.92,,,12.86,22.93,222.4165,227.4052,124.1081,226.4402,251.6287,2.3343,3.1464,2.5702,22.66,,,,,,,,8359
2023-08-24,2480.7518,3723.4293,5652.6729,5987.9663,18212.17,404.7232,4376.31,7.1886,103.9865,460.04,83.23,3688,2659.9,,,12.91,23.3,222.5206,227.3365,124.1766,226.5258,251.55,2.3071,3.141,2.5543,22.65,,,,,,,,8361
2023-08-23,2461.1872,3696.6339,5629.4999,5973.6711,17845.92,403.7727,4436.01,7.1988,103.3763,457.88,83.07,3723,2686.32,,,12.8,23.25,222.4835,227.2846,124.1654,226.4748,251.4855,2.3076,3.1383,2.5535,22.53,,,,,,,,8454
2023-08-22,2493.7638,3758.2271,5741.0606,6099.1948,17791.01,405.9744,4387.55,7.1992,103.6001,456.5,83.89,3723,2736.6,,,13.02,23.71,222.4408,227.2275,124.1511,226.5231,251.428,2.3112,3.1598,2.5564,22.49,,,,,,,,8361
2023-08-21,2475.0897,3729.555,5710.7783,6057.1708,17623.29,407.2393,4399.77,7.1987000000000005,103.3344,457.08,84.59,3666,2722.08,,,12.92,23.52,222.4629,227.1409,124.1734,226.5512,251.3167,2.303,3.1836,2.5403,22.62,,,,,,,,8288
2023-08-18,2507.5798,3784.0038,5777.7972,6117.1074,17950.85,408.5776,4369.71,7.2006,103.4433,455.1,84.83,3700,2776.99,,,13.11,23.74,222.0066,226.9885,123.9453,226.3467,251.1251,2.3167,3.2179,2.5639,22.64,,,,,,,,8276
2023-08-17,2536.4891,3831.1008,5874.3609,6247.6011,18326.63,409.1218,4370.36,7.2076,103.42280000000001,456.86,83.9,3726,2831.02,,,13.27,24.23,221.8951,226.9285,123.8923,226.2889,251.0534,2.3276,3.2212,2.5678,22.48,,,,,,,,8234
2023-08-16,2530.8097,3818.3338,5833.2155,6186.4029,18329.3,407.8073,4404.33,7.1986,103.4449,457.1,83.37,3713,2838.12,,,13.23,24.01,221.9035,226.8838,123.9068,226.2981,251.0123,2.3281,3.2419,2.5649,22.47,,,,,,,,8173
2023-08-15,2546.442,3846.5357,5879.7782,6261.7333,18581.11,408.239,4437.86,7.1768,103.2066,455.86,85.08,3694,2785.77,,,13.31,24.27,221.7417,226.7713,123.8253,226.1043,250.8851,2.343,3.2645,2.5759,22.66,,,,,,,,8179
2023-08-14,2549.2843,3855.9061,5916.8029,6319.4073,18773.55,408.8586,4489.72,7.1686,103.1633,455.74,86.23,3641,2796.59,,,13.34,24.46,221.3219,226.6329,123.5982,225.9285,250.7323,2.3627,3.2872,2.6212,22.7,,,,,,,,8292
2023-08-11,2568.8984,3884.2538,5913.3502,6304.6354,19075.19,409.9888,4464.05,7.1587000000000005,102.877,455.56,86.73,3691,2831.5,,,13.45,24.39,221.0526,226.4735,123.4756,225.7334,250.5517,2.3744,3.2846,2.6381,22.84,,,,,,,,8295
2023-08-10,2629.4432,3975.7166,6031.7105,6426.8142,19248.26,411.5785,4468.83,7.1576,102.6391,453.62,86.33,3671,2842.73,,,13.77,24.87,220.9902,226.3848,123.4502,225.6792,250.4333,2.3854,3.3014,2.6475,22.67,,,,,,,,8348.5
2023-08-09,2628.7041,3967.5652,6021.7506,6420.9768,19246.03,411.1433,4467.71,7.1588,102.50319999999999,455.36,87.51,3700,2832.71,,,13.75,24.85,221.025,226.311,123.4797,225.7144,250.3444,2.3783,3.3231,2.6461,22.6,,,,,,,,8404.5
2023-08-08,2631.3774,3979.7322,6066.1019,6471.3444,19184.17,411.9953,4499.38,7.156499999999999,102.53670000000001,455.64,86.18,3692,2825.23,,,13.79,25.05,221.0012,226.2391,123.4761,225.6855,250.2758,2.376,3.3208,2.6454,22.74,,,,,,,,8378
2023-08-07,2634.5809,3990.1531,6090.7307,6503.9825,19537.92,412.4605,4518.44,7.138,102.0731,455.64,85.91,3732,2866.76,,,13.83,25.19,220.9602,226.1438,123.4628,225.6486,250.1753,2.3811,3.3224,2.6462,22.56,,,,,,,,8496
2023-08-04,2648.8447,4020.5792,6128.556,6535.322,19539.46,414.3578,4478.03,7.1418,102.0037,454.4,86.15,3736,2967.66,,,13.93,25.31,220.8755,226.0446,123.4445,225.5782,250.063,2.3697,3.3382,2.6469,22.17,,,,,,,,8548.5
2023-08-03,2645.1526,4004.9839,6098.6868,6499.5448,19420.87,413.5351,4501.89,7.149500000000001,102.47890000000001,455.04,85.25,3728,2990.18,,,13.88,25.18,220.8429,225.9369,123.4358,225.5524,249.9389,2.3667,3.3438,2.6435,21.6,,,,,,,,8639
2023-08-02,2620.6844,3969.895,6077.4645,6496.0222,19517.38,411.9526,4513.39,7.1368,102.6348,457.18,83.38,3801,2938.13,,,13.75,25.13,220.6946,225.8495,123.3619,225.3265,249.837,2.3887,3.3501,2.6525,21.4,,,,,,,,8506
2023-08-01,2645.8929,3998.001,6098.8789,6507.4124,20011.12,411.9782,4576.73,7.1283,102.21249999999999,457.58,85.68,3862,2913.05,,,13.85,25.17,220.5769,225.7918,123.3053,225.2544,249.7693,2.3921,3.3532,2.6607,21.26,,,,,,,,8636
2023-07-31,2653.369,4014.6301,6088.2431,6515.8486,20078.94,413.3614,4588.96,7.1305,101.8784,455.98,85.23,3847,2930.4,10.7,8.9,13.91,25.17,220.4894,225.7486,123.2657,225.0963,249.7315,2.3962,3.3765,2.6597,20.81,49.3,3.4,2.5,-14.256267,-12.145378,-0.3,-4.4,8836
2023-07-28,2647.0315,3992.7376,6043.2438,6465.3763,19916.56,412.801,4582.23,7.1338,101.713,456.3,84.29,3851,2875.76,,,13.83,24.92,220.5988,225.7701,123.357,225.2382,249.7506,2.3812,3.3658,2.6533,19.86,,,,,,,,8675
2023-07-27,2575.3646,3902.3458,5961.1843,6407.5461,19639.11,409.3467,4537.41,7.126499999999999,101.76,459.76,83.43,3861,2791.4,,,13.5,24.61,220.6835,225.7681,123.4147,225.2963,249.7508,2.3726,3.3562,2.6395,19.55,,,,,,,,8551
2023-07-26,2576.3902,3907.0128,6001.5402,6457.2535,19365.14,409.4346,4566.75,7.129500000000001,101.02759999999999,458.68,82.62,3851,2811.66,,,13.51,24.78,220.4577,225.6887,123.2969,225.0766,249.6605,2.3898,3.3561,2.643,19.3,,,,,,,,8604
2023-07-25,2578.3511,3915.1153,6016.6312,6498.2688,19434.4,409.6161,4567.46,7.1406,101.2675,456.8,82.79,3857,2762.94,,,13.54,24.93,220.2843,225.6861,123.2088,225.0151,249.657,2.4151,3.3315,2.663,19.13,,,,,,,,8660
2023-07-24,2499.9998,3805.221,5916.7141,6393.7938,18668.15,406.1361,4554.64,7.1451,101.3905,459.1,82.75,3793,2603.74,,,13.14,24.52,221.0138,225.8404,123.6309,225.4616,249.835,2.349,3.3157,2.5934,19.08,,,,,,,,8525.5
2023-07-21,2509.2927,3821.91,5925.6255,6401.4168,19075.26,407.3162,4536.34,7.1456,101.08569999999999,459.3,80.89,3823,2619.55,,,13.2,24.52,220.7369,225.7214,123.5039,225.3713,249.7018,2.3516,3.3188,2.6079,18.78,,,,,,,,8438
2023-07-20,2506.863,3823.6946,5925.4843,6408.7598,18928.02,407.2042,4534.87,7.1466,100.82740000000001,461.96,79.62,3784,2578.13,,,13.21,24.53,220.517,225.6278,123.3894,225.2625,249.599,2.3557,3.3335,2.6214,18.95,,,,,,,,8457.5
2023-07-19,2517.106,3850.8663,5993.4126,6492.3487,18952.31,407.7901,4565.72,7.1486,100.28909999999999,462.48,79.54,3741,2573.18,,,13.3,24.83,220.4653,225.5701,123.37,225.2439,249.5414,2.3601,3.3332,2.6233,19.03,,,,,,,,8432.5
2023-07-18,2511.6351,3854.9393,6001.7998,6510.0341,19015.72,407.4759,4554.98,7.1453,99.94470000000001,456.94,79.82,3749,2537.13,,,13.31,24.84,220.3927,225.5314,123.3389,225.195,249.4915,2.3605,3.3431,2.6234,18.92,,,,,,,,8461.5
2023-07-17,2520.7864,3867.1749,6012.6895,6516.56,,407.1028,4522.79,7.1326,99.8982,455.34,78.56,3687,2521.41,,,13.36,24.82,220.1924,225.4282,123.2354,225.0876,249.3727,2.375,3.3569,2.6364,18.84,,,,,,,,8495
2023-07-14,2547.9393,3899.1027,6030.5188,6544.4593,19413.78,408.0388,4505.42,7.1318,99.9633,454,79.63,3774,2529.46,,,13.47,24.94,220.0334,225.3109,123.1751,224.9399,249.2333,2.3788,3.3619,2.6444,18.95,,,,,,,,8671
2023-07-13,2546.3809,3898.4229,6044.0583,6548.3129,19350.62,408.3407,4510.04,7.1527,99.7569,456.32,81.54,3727,2536.72,,,13.47,24.94,220.083,225.2926,123.213,224.9794,249.2133,2.3841,3.3565,2.6413,18.85,,,,,,,,8707
2023-07-12,2513.417,3843.4369,5962.7938,6482.9867,18860.95,406.4711,4472.16,7.176499999999999,100.5948,452.12,80.2,3716,2517.57,,,13.26,24.69,220.0401,225.2339,123.1986,225.0138,249.1413,2.374,3.356,2.6378,18.88,,,,,,,,8513.5
2023-07-11,2518.5282,3869.4861,6029.2318,6579.3695,18659.83,407.0752,4439.26,7.1886,101.65090000000001,452.2,79.35,3679,2567.49,,,13.34,25.03,220.0057,225.1867,123.189,225.056,249.0722,2.369,3.3508,2.6353,18.82,,,,,,,,8337.5
2023-07-10,2503.2767,3844.3269,5984.2814,6526.8519,18479.72,406.1375,4409.53,7.1926,101.9527,452.08,77.79,3654,2568.62,,,13.25,24.85,219.8706,225.1138,123.1225,224.9928,248.976,2.364,3.3554,2.6403,18.9,,,,,,,,8383
2023-07-07,2489.5351,3825.6988,5961.6057,6521.4265,18365.7,406.3002,4398.95,7.2054,102.22543,450.82,78.17,3671,2574.43,,,13.18,24.83,219.7965,225.0193,123.1102,224.9605,248.8606,2.3615,3.3593,2.6403,18.83,,,,,,,,8366.5
2023-07-06,2501.3167,3842.7547,5988.5525,6567.0789,18533.05,406.247,4411.59,7.2098,103.1126,451.66,76.51,3758,2580.5,,,13.23,25,219.7355,224.9509,123.0856,224.9082,248.7769,2.369,3.3791,2.6392,18.95,,,,,,,,8277
2023-07-05,2520.1751,3868.8054,6020.8212,6584.4232,19110.38,406.5973,4446.82,7.1968,103.36099999999999,450.7,76.53,3751,2557.58,,,13.32,25.08,219.6398,224.8717,123.0414,224.8128,248.6828,2.369,3.3963,2.6402,18.97,,,,,,,,8322.5
2023-07-04,2537.5956,3899.0133,6055.2577,6638.4471,19415.68,407.234,,7.2046,103.10419999999999,449.94,76.12,3768,2556.64,,,13.42,25.27,219.5773,224.8135,123.0159,224.781,248.6133,2.3815,3.4053,2.6477,18.92,,,,,,,,8359
2023-07-03,2534.4735,3892.8821,6042.3122,6612.8844,19306.59,407.2993,4455.59,7.215699999999999,102.973,449.52,74.96,3767,2588.45,,,13.44,25.25,219.5601,224.7715,123.0161,224.7033,248.5636,2.379,3.4051,2.6402,19.09,,,,,,,,8380
2023-06-30,2492.102,3842.4516,5998.7293,6602.0372,18916.43,405.9085,4450.38,7.2258,103.3788,448.6,75.19,3721,2567.03,11.3,9,13.15,26.97,219.5152,224.6649,123.0203,224.6625,248.4457,2.374,3.4198,2.6351,18.92,49,3.8,3.1,-12.377592,-7.075619,0,-5.4,8319.5
2023-06-29,2490.8971,3821.8435,5940.5782,6520.0393,18934.36,404.8478,4396.44,7.2208,103.3788,447.5,74.39,3723,2551.42,,,13.08,26.65,219.242,224.5909,122.8756,224.4556,248.3628,2.399,3.4186,2.6526,18.9,,,,,,,,8173
2023-06-28,2510.7153,3840.7986,5942.3112,6475.505,19172.05,404.6738,4376.86,7.2101,102.9984,447.1,73.83,3731,2588.27,,,13.14,26.5,219.1502,224.5512,122.8336,224.3734,248.3124,2.419,3.4185,2.6651,18.87,,,,,,,,8239.5
2023-06-27,2506.5991,3845.4334,5948.0029,6507.2728,19148.13,404.8878,4378.41,7.2098,102.50800000000001,448.86,72.91,3728,2601.23,,,13.14,26.61,219.0579,224.5461,122.7913,224.2195,248.3068,2.4465,3.4321,2.6676,19.03,,,,,,,,8350
2023-06-26,2488.7383,3809.6962,5887.0324,6420.9726,18794.13,402.8068,4328.82,7.2056,102.7006,449.14,74.47,3667,2503.26,,,13.02,26.24,219.1271,224.5622,122.8404,224.3212,248.3313,2.4465,3.4288,2.6677,19.08,,,,,,,,8388
2023-06-25,,,,,,,,,,,,,,,,,,,,,,,2.4415,3.4259,2.6576,19.13,,,,,,,,
2023-06-23,,,,,18889.97,,4348.33,,102.88170000000001,,74.55,,,,,,,,,,,,,,,,,,,,,,,8419.5
2023-06-22,,,,,,,4381.89,,102.4009,,74.23,,,,,,,,,,,,,,,,,,,,,,,8579
2023-06-21,2519.0787,3864.0323,5990.8455,6548.4066,19218.35,405.0045,4365.69,7.179500000000001,102.08590000000001,449.84,77.03,3686,2547.79,,,13.23,26.81,218.9406,224.4303,122.7841,224.1438,248.1966,2.4515,3.4259,2.6701,19.23,,,,,,,,8591
2023-06-20,2547.2541,3924.2377,6126.1133,6693.9147,19607.08,406.8629,4388.71,7.1596,102.53940000000001,451.76,75.42,3743,2576.23,,,13.42,27.44,218.7801,224.4042,122.7031,223.9535,248.1577,2.4615,3.4356,2.6751,19.08,,,,,,,,8566
2023-06-19,2560.5289,3930.9079,6131.3849,6693.299,19912.89,407.3183,,7.120099999999999,102.4969,451.24,76.13,3752,2624.89,,,13.43,27.45,218.6324,224.3986,122.6294,223.8675,248.1575,2.489,3.4368,2.6876,19.17,,,,,,,,8542
2023-06-16,2600.9191,3963.3509,6148.0125,6669.0051,20040.37,408.8842,4409.59,7.128899999999999,102.31530000000001,450.5,76.26,3799,2672.96,,,13.57,27.39,218.8693,224.4614,122.7932,224.0453,248.2419,2.439,3.4083,2.6626,19.14,,,,,,,,8585
2023-06-15,2576.7424,3925.4994,6096.8075,6613.9549,19828.92,408.1501,4425.84,7.148899999999999,102.1415,447.14,75.63,3760,2672.43,,,13.46,27.18,219.1995,224.5646,122.9902,224.328,248.3643,2.419,3.3672,2.6482,19.2,,,,,,,,8563.5
2023-06-14,2541.8134,3864.0247,6044.0766,6578.1228,19408.42,406.7782,4372.59,7.1566,103.0139,450.9,73.61,3739,2646.49,,,13.2,27.02,219.5477,224.5562,123.1974,224.5792,248.3482,2.384,3.3651,2.6178,19.18,,,,,,,,8526
2023-06-13,2544.9504,3864.9074,6044.0371,6554.9567,19521.42,406.693,4369.01,7.1498,103.28850000000001,453.68,74.19,3741,2668.88,,,13.2,26.89,219.3396,224.4968,123.0894,224.3862,248.2625,2.3865,3.3881,2.6227,19.13,,,,,,,,8441
2023-06-12,2542.1962,3844.4324,6027.7122,6530.1606,19404.31,406.5263,4338.93,7.1212,103.62750000000001,452.5,72.11,3652,2664.08,,,13.14,26.81,218.9531,224.4262,122.8803,224.2335,248.1793,2.414,3.403,2.6704,19.24,,,,,,,,8288
2023-06-09,2543.9316,3836.7026,6009.5826,6495.5639,19389.95,405.7273,4298.86,7.1115,103.55619999999999,452.34,75.04,3711,2666.93,,,13.1,26.66,218.8162,224.3158,122.8324,224.0669,248.0483,2.414,3.4092,2.6703,19.29,,,,,,,,8339
2023-06-08,2540.0645,3820.1867,5966.1477,6442.4819,19299.18,404.4883,4293.93,7.128,103.3204,448.46,75.52,3654,2710.72,,,13.06,26.45,218.6246,224.2537,122.7338,223.9416,247.9783,2.4315,3.4296,2.6822,19.08,,,,,,,,8372
2023-06-07,2511.3925,3789.3418,5987.011,6488.5574,19252,403.5697,4267.52,7.1196,104.1241,451.1,76.8,3621,2659.59,,,12.95,26.61,218.6411,224.2005,122.7531,224.0288,247.9262,2.419,3.4318,2.6827,19.21,,,,,,,,8293
2023-06-06,2519.1892,3808.1629,5983.4202,6489.8113,19099.28,404.0429,4283.85,7.107500000000001,104.1508,450.28,76.12,3641,2626.73,,,13.01,26.55,218.512,224.1299,122.6898,223.9095,247.8412,2.424,3.4494,2.6826,19.2,,,,,,,,8325
2023-06-05,2528.399,3844.2492,6097.1059,6632.9556,19108.5,405.6447,4273.79,7.0904,104.01150000000001,447.26,76.6,3638,2620.67,,,13.11,27.14,218.3799,224.0825,122.6248,223.7311,247.7941,2.454,3.4593,2.6926,19.13,,,,,,,,8328.5
2023-06-02,2543.5764,3861.8337,6105.2181,6626.2794,18949.94,406.1857,4282.37,7.0939000000000005,104.04599999999999,452.3,76.4,3596,2634.46,,,13.18,27.07,218.3465,224.0282,122.6357,223.6732,247.7435,2.469,3.4692,2.6951,19.15,,,,,,,,8247.5
2023-06-01,2500.3396,3806.8679,6051.4603,6574.7576,18216.91,403.053,4221.02,7.096499999999999,103.5515,450.98,74.32,3546,2536.82,,,12.96,26.87,218.45,224.0177,122.7043,223.7414,247.731,2.4465,3.4676,2.6825,19.1,,,,,,,,8231.5
2023-05-31,2493.3496,3798.5434,6047.8021,6561.6487,18234.27,402.3973,4179.83,7.0821,104.2208,450.86,72.13,3463,2552.13,11.6,9.5,12.93,26.84,218.2673,223.9633,122.6106,223.53,247.681,2.4589,3.4682,2.685,19.26,48.8,4,12.7,-7.561723,-5.27686,0.2,-4.6,8110
2023-05-30,2535.1442,3837.7531,6061.3089,6564.4686,18595.78,402.9534,4205.52,7.0818,104.04939999999999,444.62,73.87,3460,2571.24,,,13.09,26.87,218.1699,223.9102,122.5652,223.4478,247.6165,2.4964,3.4621,2.7,19.29,,,,,,,,8115
2023-05-29,2548.2861,3833.9416,6025.1552,6534.1166,18551.11,403.4121,,7.057500000000001,104.2907,445.66,77.1,3511,2538.43,,,13.1,26.67,218.0715,223.8799,122.5193,223.3073,247.5827,2.4939,3.4667,2.695,19.38,,,,,,,,
2023-05-26,2559.6142,3850.9511,6034.9834,6546.4083,,404.2397,4205.45,7.076,104.21340000000001,445.5,77.17,3493,2566.48,,,13.16,26.71,217.9999,223.801,122.5085,223.2153,247.4968,2.5214,3.4641,2.7205,19.33,,,,,,,,8139
2023-05-25,2564.5045,3850.4996,5988.1885,6501.0001,18746.92,402.9758,4151.28,7.052899999999999,104.2269,448,76.14,3432,2545.98,,,13.19,26.49,218.1111,223.7975,122.5815,223.2669,247.4935,2.5089,3.4568,2.7065,19.26,,,,,,,,7990
2023-05-24,2577.3423,3859.0935,6005.7913,6513.1817,19115.93,403.3468,4115.24,7.056,103.9102,449.9,78.34,3466,2551.44,,,13.23,26.59,218.1637,223.7814,122.6213,223.3382,247.4812,2.5114,3.4585,2.7037,19.43,,,,,,,,7891
2023-05-23,2617.5398,3913.1882,6052.4297,6528.4533,19431.25,405.0952,4145.58,7.0326,103.5299,447.62,77.5,3588,2618.52,,,13.41,26.72,218.1357,223.7377,122.6153,223.3826,247.4392,2.4889,3.4585,2.6962,19.48,,,,,,,,8080.5
2023-05-22,2658.7887,3969.3277,6115.3151,6595.9844,19678.17,406.8607,4192.63,7.015699999999999,103.2461,449.54,75.94,3569,2644.7,,,13.59,27.03,217.8896,223.6718,122.4855,223.1311,247.363,2.5139,3.4766,2.7132,19.4,,,,,,,,8142.5
2023-05-19,2633.3861,3944.5403,6117.0833,6602.3174,19450.57,406.333,4191.98,7.0356,103.19210000000001,447.62,75.59,3645,2659.13,,,13.49,27.05,217.7389,223.5619,122.4297,222.903,247.2372,2.5439,3.4816,2.7151,19.35,,,,,,,,8242
2023-05-18,2644.2176,3956.0701,6128.1762,6583.7382,19727.25,406.6546,4198.05,6.996700000000001,103.5529,449.4,75.95,3687,2694.47,,,13.54,27.04,217.6174,223.5244,122.3705,222.7594,247.1897,2.5679,3.4911,2.7184,19.43,,,,,,,,8158.5
2023-05-17,2649.3562,3960.165,6122.0518,6554.9802,19560.57,405.9087,4158.77,6.9748,102.8832,450.24,76.78,3715,2714.14,,,13.58,26.89,217.6822,223.5337,122.4174,222.8776,247.2035,2.5714,3.4967,2.721,19.39,,,,,,,,8308
2023-05-16,2670.4505,3978.2054,6110.8271,6516.2886,19978.25,405.0316,4109.9,6.9506,102.6049,452.26,74.75,3640,2726.58,,,13.65,26.76,217.7345,223.498,122.4571,222.8878,247.1699,2.5464,3.4939,2.7129,19.41,,,,,,,,8120
2023-05-15,2677.0372,3998.8872,6159.3888,6585.9102,19971.13,404.7729,4136.28,6.9654,102.4377,453.42,75.56,3667,2762.01,,,13.71,27.05,217.7709,223.4746,122.4878,222.9677,247.1519,2.5364,3.5083,2.719,19.38,,,,,,,,8275
2023-05-12,2630.9479,3937.7622,6091.6464,6535.9439,19627.24,402.7188,4124.08,6.948099999999999,102.704,451.5,74.17,3579,2768.78,,,13.49,26.85,217.8106,223.3701,122.5403,222.9489,247.0381,2.5139,3.5045,2.7058,19.42,,,,,,,,8243
2023-05-11,2666.0615,3990.6637,6154.4703,6622.5211,19743.79,407.2853,4130.62,6.910099999999999,102.0789,454.82,75.43,3600,2798.31,,,13.67,27.19,217.8497,223.2751,122.5725,222.9496,246.9423,2.5214,3.5014,2.701,19.63,,,,,,,,8188.5
2023-05-10,2673.9063,3996.8695,6173.8093,6627.3114,19762.2,406.4801,4137.64,6.929900000000001,101.4375,454.9,76.59,3688,2790.04,,,13.68,27.27,217.5556,223.1759,122.4151,222.6442,246.8304,2.5639,3.5209,2.721,19.59,,,,,,,,8484
2023-05-09,2703.937,4027.8754,6181.9757,6611.6367,19867.58,407.5744,4119.17,6.9255,101.6549,453.18,77.28,3691,2822.36,,,13.78,27.28,217.3216,223.0607,122.2918,222.4422,246.701,2.5964,3.5386,2.7383,19.46,,,,,,,,8615
2023-05-08,2720.323,4062.6624,6248.5828,6702.4999,20297.03,409.4431,4138.12,6.9158,101.39080000000001,452.36,76.61,3732,2820.28,,,13.88,27.59,217.2848,223.0137,122.2809,222.3796,246.657,2.6139,3.5372,2.7484,19.67,,,,,,,,
2023-05-06,,,,,,,,,,,,,,,,,,,,,,,2.5864,3.5421,2.7311,19.67,,,,,,,,
2023-05-05,2685.1732,4016.8774,6200.5759,6653.6532,20049.31,406.6624,4136.25,6.9114,101.29039999999999,457.92,75.37,3622,2818.16,,,13.73,27.36,217.3385,222.8447,122.3414,222.3844,246.4583,2.5877,3.5371,2.7338,19.5,,,,,,,,8580
2023-05-04,2692.691,4030.2471,6262.3891,6733.9694,19948.73,409.0189,4061.22,6.9054,101.4337,455.26,72.54,3615,2739.41,,,13.76,27.67,217.0402,222.7017,122.1815,222.1637,246.2976,2.6257,3.5573,2.7613,19.79,,,,,,,,8535
2023-05-03,,,,,19699.16,,4090.75,,101.2728,,71.93,,,,,,,,,,,,,,,,,,,,,,,8489
2023-05-02,,,,,19933.81,,4119.58,,101.95349999999999,,75.23,,,,,,,,,,,,,,,,,,,,,,,8531
2023-05-01,,,,,,,4167.87,,102.10069999999999,,79.4,,,,,,,,,,,,,,,,,,,,,,,
2023-04-30,,,,,,,,,,,,,,12.4,10,,,,,,,,,,,,49.2,4.7,18.4,7.105757,-8.822314,0.1,-3.6,
2023-04-28,2677.7565,4029.0858,6241.2441,6723.3045,19894.57,408.7842,4169.48,6.924,101.66449999999999,444.04,80.26,3660,2740.1,,,14.06,26.47,216.7079,222.4355,122.0522,221.8775,245.9871,2.6407,3.5738,2.7788,19.67,,,,,,,,8595.5
2023-04-27,2650.5699,3988.4185,6157.936,6633.4926,19840.28,406.8107,4135.35,6.920700000000001,101.4812,447.28,78.31,3691,2714.19,,,13.98,25.57,216.6534,222.3718,122.0311,221.8777,245.9179,2.6415,3.576,2.7852,19.77,,,,,,,,8593.5
2023-04-26,2617.9775,3959.2323,6142.1541,6624.4004,19757.27,404.7762,4055.99,6.923699999999999,101.4453,446.34,77.8,3719,2707.97,,,13.85,25.59,216.3805,222.2882,121.8857,221.6353,245.8129,2.6665,3.5814,2.8058,19.64,,,,,,,,8529
2023-04-25,2619.2326,3962.6658,6118.1526,6603.2389,19617.88,402.1823,4071.63,6.8847000000000005,101.84759999999999,444.98,80.6,3685,2718.54,,,13.89,25.52,216.2931,222.2306,121.8459,221.5029,245.7382,2.684,3.586,2.8157,19.35,,,,,,,,8528.5
2023-04-24,2618.4783,3982.6429,6208.7797,6725.2706,19959.94,402.5162,4137.04,6.883500000000001,101.3411,441.16,82.32,3714,2748.2,,,14.03,25.71,216.2467,222.1956,121.8295,221.4495,245.7049,2.6927,3.5854,2.8176,19.26,,,,,,,,8744
2023-04-23,,,,,,,,,,,,,,,,,,,,,,,2.6917,3.5909,2.822,,,,,,,,,
2023-04-21,2654.211,4032.5672,6250.5446,6773.5121,20075.73,405.4483,4133.52,6.8752,101.72010000000002,442.5,81.75,3810,2795.71,,,14.21,25.79,216.049,222.0678,121.7468,221.33,245.5721,2.6923,3.5908,2.8258,19.28,,,,,,,,8781
2023-04-20,2704.8577,4113.0192,6411.7564,6963.8986,20396.97,409.0161,4129.79,6.898700000000001,101.78790000000001,444.54,80.86,3914,2838.23,,,14.45,26.55,215.9482,221.9869,121.6994,221.2883,245.4808,2.697,3.5901,2.8332,19.25,,,,,,,,8884
2023-04-19,2720.718,4124.5589,6416.9696,6965.5757,20367.76,411.2341,4154.52,6.873100000000001,101.94999999999999,443.98,82.88,3927,2857.14,,,14.48,26.42,215.9017,221.907,121.6829,221.2864,245.3872,2.6984,3.6001,2.8333,19.36,,,,,,,,8970
2023-04-18,2744.4539,4162.032,6449.8531,6997.0715,20650.51,412.672,4154.87,6.8814,101.7368,444.26,84.87,3950,2912.05,,,14.61,26.66,215.7672,221.8354,121.6162,221.1483,245.3116,2.7035,3.6143,2.8319,19.39,,,,,,,,9002.5
2023-04-17,2732.974,4149.3836,6459.2396,7012.773,20782.45,412.1653,4151.32,6.867900000000001,102.10410000000002,446.08,84.83,3928,2930.01,,,14.49,26.53,215.7006,221.7802,121.5882,221.123,245.2491,2.7135,3.6194,2.8432,,,,,,,,,8955
2023-04-14,2679.0072,4091.9988,6431.0688,7020.0943,20438.81,410.5024,4137.64,6.8606,101.5775,451,86.63,3896,2934.26,,,14.28,26.2,215.769,221.6637,121.6573,221.2014,245.1311,2.6954,3.6178,2.8281,19.39,,,,,,,,9044
2023-04-13,2670.0139,4068.9786,6404.6463,6966.8182,20344.48,408.6771,4146.22,6.8658,101.0148,448.82,86.31,3886,2945.21,,,14.22,26.04,215.7624,221.6056,121.6635,221.2208,245.0674,2.6894,3.6251,2.8277,19.48,,,,,,,,9071
2023-04-12,2665.7695,4097.2876,6443.4391,7021.0163,20309.86,409.5746,4091.95,6.8854,101.5297,448.84,87.23,3900,2955.16,,,14.28,26.2,215.8039,221.546,121.6972,221.2659,245.0016,2.6792,3.623,2.8158,19.51,,,,,,,,8960
2023-04-11,2680.0435,4100.1479,6420.877,6984.1419,20485.24,408.8139,4108.94,6.8882,102.15129999999999,444.84,85.62,3937,2954.96,,,14.31,26,215.6023,221.455,121.5922,221.1588,244.8865,2.6813,3.6237,2.8203,19.64,,,,,,,,8891
2023-04-10,2684.9086,4104.8118,6410.5218,6968.5725,,409.8653,4109.11,6.8764,102.55290000000001,442.8,84.31,3907,2918.8,,,14.34,26.07,215.3678,221.3829,121.4684,221.0408,244.8009,2.6982,3.6368,2.8455,19.66,,,,,,,,
2023-04-07,2684.8618,4123.2799,6464.4664,7042.8904,,410.4914,,6.8838,102.1053,447.32,,3989,2942.67,,,14.36,26.44,215.2484,221.2558,121.4303,220.8931,244.6559,2.6936,3.6369,2.8464,,,,,,,,,
2023-04-06,2666.4478,4096.64,6416.8456,6983.0265,20331.2,408.8914,4105.02,6.874700000000001,101.9172,447.18,84.94,3938,2838.06,,,14.28,26.25,215.1574,221.1808,121.3884,220.8864,244.5663,2.7123,3.6368,2.8605,19.86,,,,,,,,8861.5
2023-04-05,,,,,,,4090.38,,101.89589999999998,,84.88,,,,,,,,,,,,,,,,,,,,,,,8779
2023-04-04,2675.9173,4103.1052,6408.8994,6953.3625,20274.59,408.5568,4100.6,6.8699,101.57879999999999,440.7,85.26,4018,2850.47,,,14.31,26.17,215.1409,221.1018,121.399,220.9144,244.4831,2.6938,3.636,2.8584,19.88,,,,,,,,8756
2023-04-03,2665.7232,4090.5676,6413.8073,6962.2048,20409.18,408.6783,4124.51,6.8805,102.0654,435.62,84.78,4044,2873.82,,,14.24,26.17,215.1529,221.0413,121.4158,220.9399,244.4131,2.6795,3.635,2.8604,19.81,,,,,,,,8906.5
2023-03-31,2661.9197,4050.9257,6339.8183,6875.8083,20400.11,406.5161,4109.31,6.8717,102.59700000000001,441.2,79.93,4161,2812.03,12.7,10,14.16,25.83,215.1584,220.9134,121.449,220.8582,244.273,2.6644,3.6454,2.8528,20.08,51.9,5.1,10.6,10.84,-2.018112,0.7,-2.5,8993.5
2023-03-30,2664.2119,4038.5257,6286.1773,6807.6446,20309.13,405.0733,4050.83,6.8886,102.1786,438.9,78.56,4167,2821.31,,,14.14,25.43,215.1693,220.8342,121.4653,220.8451,244.177,2.6872,3.6434,2.8603,20.05,,,,,,,,9001
2023-03-29,2636.2229,4006.144,6260.551,6806.2811,20192.4,404.5233,4027.81,6.8771,102.6526,437.76,77.53,4151,2813.72,,,14.04,25.43,215.1282,220.7618,121.4518,220.752,244.092,2.6898,3.6537,2.8532,20.17,,,,,,,,8980.5
2023-03-28,2638.7377,3999.5147,6279.9217,6825.3831,19784.65,405.2045,3971.27,6.874899999999999,102.422,436.18,78.42,4136,2820.88,,,14.05,25.53,215.1055,220.7079,121.4489,220.668,244.0301,2.7114,3.658,2.8556,20.26,,,,,,,,8957
2023-03-27,2639.6226,4012.4771,6311.5998,6886.6891,19567.69,406.1294,3977.53,6.8714,102.84440000000001,438.14,77.76,4105,2852.3,,,14.06,25.7,215.1049,220.653,121.4586,220.6272,243.9637,2.7114,3.6629,2.8551,20.14,,,,,,,,8989
2023-03-24,2653.285,4027.0457,6310.0979,6867.9521,19915.68,406.4184,3970.99,6.8374,103.10600000000001,440.7,74.61,4107,2901.79,,,14.11,25.6,214.9454,220.5415,121.3975,220.5256,243.8423,2.724,3.6617,2.8676,20.31,,,,,,,,8945
2023-03-23,2668.6691,4039.0895,6305.7585,6868.8345,20049.64,406.6478,3948.72,6.8709,102.6068,438.36,75.15,4070,2894.75,,,14.15,25.58,215.0291,220.5117,121.4554,220.6127,243.8072,2.7078,3.6412,2.8652,20.11,,,,,,,,8989
2023-03-22,2651.5343,3999.4427,6269.7384,6840.3262,19591.43,406.3301,3936.97,6.871500000000001,102.5608,435.42,75.47,4153,2905.93,,,14.05,25.49,215.0338,220.4641,121.468,220.5512,243.742,2.7077,3.6307,2.8577,20.25,,,,,,,,8928.5
2023-03-21,2643.3583,3982.3782,6234.6793,6809.3913,19258.76,404.9851,4002.87,6.8763000000000005,103.2197,441.56,74.78,4156,2876.11,,,13.99,25.34,215.0923,220.41,121.5115,220.6629,243.6697,2.7123,3.6402,2.8604,20.32,,,,,,,,8791
2023-03-20,2616.7505,3939.077,6160.3541,6721.4545,19000.71,403.2591,3951.57,6.8694,103.2992,445.02,73.56,4194,2876.54,,,13.8,25.04,215.1063,220.3182,121.5295,220.6403,243.5606,2.6781,3.6604,2.8504,20.48,,,,,,,,8711
2023-03-17,2628.5911,3958.8194,6183.1843,6736.3672,19518.59,403.0847,3916.64,6.9052,103.8637,432.44,72.52,4262,2894.29,,,13.85,25,214.8966,220.155,121.4398,220.3391,243.348,2.7168,3.6688,2.8602,20.45,,,,,,,,8612
2023-03-16,2622.8232,3939.1505,6140.8317,6689.7826,19203.91,402.085,3960.28,6.914899999999999,104.44720000000001,430.48,74.26,4205,2871.13,,,13.81,24.81,214.7725,220.038,121.3789,220.2758,243.204,2.7311,3.6794,2.8552,20.58,,,,,,,,8533
2023-03-15,2648.3852,3986.902,6224.64,6803.4738,19539.87,404.2991,3891.93,6.868,104.7549,426.54,74.27,4332,2899.68,,,13.9,25.16,214.5787,219.9269,121.2781,220.1523,243.0756,2.7456,3.7017,2.8652,20.65,,,,,,,,8572
2023-03-14,2645.1143,3984.6956,6189.3969,6769.8491,19247.96,403.2966,3919.29,6.894899999999999,103.6712,426.36,77.61,4373,2859.92,,,13.89,25.03,214.579,219.8432,121.2883,220.1857,242.9837,2.7482,3.7044,2.8652,20.67,,,,,,,,8827
2023-03-13,2664.0378,4008.686,6245.0029,6832.621,19695.97,403.8239,3855.76,6.937500000000001,103.6186,420.42,80.74,4371,2882.9,,,13.98,25.26,214.5095,219.736,121.2586,220.1493,242.8636,2.7507,3.7237,2.8703,20.83,,,,,,,,8928
2023-03-10,2636.3891,3967.1352,6204.8989,6798.2987,19319.92,402.8951,3861.59,6.9655000000000005,104.6502,416.76,82.64,4314,2898.13,,,13.85,25.1,214.4621,219.6051,121.2617,220.1043,242.7072,2.7426,3.7344,2.8627,20.83,,,,,,,,8777
2023-03-09,2671.8434,4019.8505,6285.9521,6892.8565,19925.74,404.907,3918.32,6.9666,105.24319999999999,414.02,81.56,4313,2950.45,,,14.06,25.46,214.3243,219.4973,121.1928,220.0033,242.5744,2.7584,3.7544,2.8752,20.89,,,,,,,,8832
2023-03-08,2691.9327,4034.1077,6301.5157,6891.4556,20051.25,404.8263,3992.01,6.9525,105.6928,414.08,82.52,4249,2952.79,,,14.12,25.49,214.2511,219.4145,121.161,219.9727,242.4676,2.7663,3.7496,2.8828,20.94,,,,,,,,8859.5
2023-03-07,2713.1681,4048.8519,6284.2986,6855.3435,20534.48,405.5409,3986.37,6.9156,105.6286,418.82,83.08,4248,2942.35,,,14.2,25.36,214.2373,219.2871,121.1632,219.9164,242.3107,2.7575,3.7802,2.8726,21.15,,,,,,,,8732.5
2023-03-06,2744.1406,4109.0102,6395.2191,6997.0444,20603.19,407.9561,4048.42,6.8951,104.26939999999999,418.44,86.25,4210,2998.85,,,14.41,25.87,214.1468,219.2041,121.1214,219.7885,242.2114,2.7775,3.7956,2.8826,21.21,,,,,,,,8950
2023-03-03,2774.5079,4130.5513,6390.3177,6967.94,20567.54,407.809,4045.64,6.9117,104.52879999999999,415.58,86,4272,3047.63,,,14.49,25.83,213.8439,219.0485,120.9782,219.4836,242.02,2.8122,3.8137,2.9026,21.04,,,,,,,,8923.5
2023-03-02,2769.1077,4117.7377,6382.2322,6972.3062,20429.46,407.0891,3981.35,6.8808,104.9795,413.62,84.35,4225,3032.3,,,14.44,25.82,213.8634,219.0006,120.9994,219.5584,241.9704,2.8125,3.8054,2.9111,21.08,,,,,,,,8926
2023-03-01,2773.6494,4126.9415,6402.1411,7002.7711,20619.71,407.3083,3951.39,6.94,104.3862,414.04,84.43,4216,3065.61,,,14.48,25.88,213.8973,218.9522,121.0288,219.5942,241.8999,2.8079,3.8131,2.8977,21.01,,,,,,,,9128
2023-02-28,2737.1547,4069.4587,6357.5352,6955.5737,19785.94,404.8567,3970.15,6.951900000000001,104.98679999999999,412.64,83.11,4174,3043.71,12.9,9.9,14.29,25.67,213.8497,218.8736,121.0116,219.5615,241.8007,2.8077,3.7933,2.9017,20.97,52.6,5.5,3.5,-2.86551,4.241862,1,-1.4,8980
2023-02-27,2723.5835,4043.8444,6307.2057,6894.2959,19943.51,404.3695,3982.24,6.9572,104.65220000000001,412.2,82.06,4191,3020.02,,,14.2,25.42,213.8358,218.8502,121.0137,219.5659,241.7753,2.8124,3.7969,2.9117,20.72,,,,,,,,8834
2023-02-24,2727.5902,4061.0457,6340.8435,6944.824,20010.04,405.5517,3970.04,6.8942,105.2618,413.14,82.85,4224,3025.31,,,14.26,25.61,213.8079,218.704,121.0279,219.5465,241.6054,2.8045,3.8035,2.9126,20.78,,,,,,,,8694.5
2023-02-23,2767.5352,4103.6463,6360.3202,6966.7866,20351.35,406.7288,4012.32,6.9028,104.6105,411.94,82.17,4228,3057.23,,,14.43,25.66,213.7887,218.6344,121.0269,219.569,241.5332,2.8047,3.8175,2.922,20.65,,,,,,,,8879.5
2023-02-22,2769.344,4106.9506,6375.0684,6998.4298,20423.84,406.9505,3991.05,6.875900000000001,104.5281,412.94,80.47,4237,3051.26,,,14.43,25.78,213.8,218.5636,121.0435,219.6087,241.4471,2.7782,3.8187,2.9175,21.23,,,,,,,,9137
2023-02-21,2802.1357,4144.3536,6383.4248,6990.4751,20529.49,407.4221,3997.34,6.8557,104.2043,411.7,82.73,4254,3070.1,,,14.57,25.77,213.7249,218.5149,121.0106,219.4825,241.3852,2.7936,3.8165,2.919,20.83,,,,,,,,9179.5
2023-02-20,2788.3958,4133.4896,6346.0678,6959.3609,20886.96,406.4941,,6.864300000000001,103.89030000000001,412.3,83.81,4184,3047.35,,,14.53,25.63,213.8354,218.5475,121.0839,219.6227,241.4309,2.7733,3.7961,2.917,20.64,,,,,,,,9111
2023-02-17,2714.2891,4034.507,6237.4053,6868.5477,20719.81,402.945,4079.09,6.865900000000001,103.8812,410.26,83.15,4167,2997.11,,,14.19,25.24,213.9421,218.4743,121.1751,219.867,241.3449,2.6957,3.7809,2.892,20.97,,,,,,,,9009
2023-02-16,2742.8042,4093.4876,6289.4786,6925.2034,20987.67,405.9363,4090.41,6.8519000000000005,104.0246,411.48,84.82,4146,3013.55,,,14.39,25.45,213.94,218.3561,121.184,219.864,241.2085,2.693,3.8128,2.8907,20.57,,,,,,,,9055
2023-02-15,2752.3385,4123.6893,6384.3479,7063.6048,20812.17,408.7006,4147.6,6.818300000000001,103.86200000000001,411.66,85.28,4066,3047.26,,,14.49,25.94,213.8864,218.2143,121.1633,219.8374,241.0389,2.6922,3.8815,2.8918,20.81,,,,,,,,8868
2023-02-14,2776.9822,4145.2902,6397.2146,7061.449,21113.76,410.2251,4136.13,6.8136,103.2603,412.74,85.25,4027,3098.74,,,14.57,25.94,213.8755,218.1287,121.1672,219.8488,240.9433,2.6902,3.8999,2.8914,20.32,,,,,,,,9018
2023-02-13,2767.7933,4143.574,6383.8279,7052.1766,21164.42,410.2951,4137.29,6.815100000000001,103.2717,413.08,85.78,3993,3093.54,,,14.57,25.89,213.8455,217.9956,121.16,219.8112,240.7929,2.6962,3.9157,2.8943,20.31,,,,,,,,8956
2023-02-10,2746.7231,4106.3097,6334.252,6975.3945,21190.42,409.6174,4090.46,6.7884,103.5757,410.76,86.52,4074,3094.78,,,14.44,25.57,213.7821,217.8109,121.1539,219.7458,240.5784,2.7033,3.9409,2.9003,20.49,,,,,,,,8854
2023-02-09,2761.872,4130.8565,6354.562,6999.1821,21624.36,409.9969,4081.5,6.7905,103.221,413.52,84.08,4085,3077.05,,,14.52,25.62,213.7596,217.6959,121.1511,219.6573,240.4408,2.7074,3.9633,2.8912,20.69,,,,,,,,9000.5
2023-02-08,2731.2516,4076.1411,6268.2759,6877.7247,21283.52,407.5322,4117.86,6.7752,103.4794,412.7,85.02,4055,3052.6,,,14.33,25.19,213.7224,217.5952,121.1398,219.5779,240.3163,2.7332,3.9971,2.8973,21.51,,,,,,,,8921.5
2023-02-07,2740.4446,4094.2335,6317.2377,6924.3213,21298.7,408.2914,4164,6.7967,103.3461,412.62,84.09,4018,3051.57,,,14.4,25.4,213.6936,217.4888,121.1333,219.5538,240.1958,2.7341,4.0271,2.8964,21.64,,,,,,,,8906.5
2023-02-06,2735.0045,4086.8779,6302.3349,6891.413,21222.16,407.3804,4111.08,6.773699999999999,103.63329999999999,413.8,81.4,4049,3008.84,,,14.38,25.26,213.6546,217.4078,121.1211,219.6068,240.1038,2.718,4.0272,2.9017,21.78,,,,,,,,8899.5
2023-02-03,2774.8009,4141.6319,6343.6861,6925.076,21660.47,410.8728,4136.48,6.7382,102.99589999999999,419.34,79.82,4055,3060.11,,,14.58,25.37,213.6647,217.2644,121.157,219.6006,239.938,2.7049,4.0024,2.8943,22.71,,,,,,,,8925.5
2023-02-02,2811.8468,4181.1493,6370.1411,6933.2257,21958.36,412.3436,4179.76,6.713,101.7478,424.86,82.1,4042,3103.47,,,14.74,25.44,213.6094,217.1557,121.1354,219.4208,239.7924,2.7118,3.9871,2.897,21.94,,,,,,,,9033.5
2023-02-01,2820.8742,4195.9332,6365.9051,6916.7204,22072.18,411.6621,4119.21,6.7492,101.1547,421.58,83.06,4084,3096.86,,,14.8,25.4,213.567,217.0605,121.1212,219.3139,239.6716,2.7266,4.0007,2.9101,22.63,,,,,,,,9054
2023-01-31,2807.9519,4156.8578,6289.15,6805.2756,21842.33,409.2832,4076.6,6.7604,102.10369999999999,419.48,85.53,4143,3106.31,12.6,9.4,14.66,25.01,213.6219,217.0463,121.1627,219.3093,239.6477,2.7194,3.9887,2.8977,22.65,50.1,,,-12.023126,-21.078238,2.1,-0.8,9279
2023-01-30,2839.1216,4201.345,6283.3272,6786.453,22069.73,410.5912,4017.77,6.7626,102.2304,422.68,84.64,4201,3058.95,,,14.82,24.93,213.5527,217.0069,121.1331,219.2018,239.6119,2.7318,3.9779,2.9133,23.17,,,,,,,,9196.5
2023-01-29,,,,,,,,,,,,,,,,,,,,,,,2.7112,3.9665,2.9219,,,,,,,,,
2023-01-28,,,,,,,,,,,,,,,,,,,,,,,2.7027,3.968,2.9341,23.24,,,,,,,,
2023-01-27,,,,,22688.9,,4070.56,,101.92200000000001,,86.21,,,,,,,,,,,,,,,,,,,,,,,9270
2023-01-26,,,,,22566.78,,4060.43,,101.81670000000001,,87.49,,,,,,,,,,,,,,,,,,,,,,,9364
2023-01-25,,,,,,,4016.22,,101.64269999999999,,86.23,,,,,,,,,,,,,,,,,,,,,,,9335
2023-01-24,,,,,,,4016.95,,101.90809999999999,,86.53,,,,,,,,,,,,,,,,,,,,,,,9335
2023-01-23,,,,,,,4019.81,,102.0318,,88.15,,,,,,,,,,,,,,,,,,,,,,,9354
2023-01-20,2836.807,4181.5267,6251.4337,6736.8515,22044.65,410.1295,3972.61,6.7702,101.9966,423.5,87.66,4179,3082.99,,,14.74,24.73,213.3482,216.7285,121.1165,219.1012,239.3102,2.7381,3.9588,2.9331,23.25,,,,,,,,9342
2023-01-19,2820.8067,4156.0077,6204.3261,6676.0803,21650.98,407.9904,3898.85,6.7674,102.07119999999999,419.66,86.38,4196,3061.01,,,14.66,24.52,213.3853,216.7327,121.1478,219.0757,239.3165,2.7329,3.9542,2.9145,23.04,,,,,,,,9323
2023-01-18,2810.086,4130.3143,6151.4557,6613.005,21678,406.9639,3928.86,6.7602,102.40520000000001,418.4,84.64,4165,3047.62,,,14.58,24.3,213.379,216.7186,121.1543,219.1644,239.2928,2.712,3.9499,2.9222,22.96,,,,,,,,9288.5
2023-01-17,2827.0272,4137.2422,6132.6391,6597.4946,21577.64,405.9379,3990.97,6.7222,102.38940000000001,419,86.7,4119,3068.25,,,14.62,24.24,213.4398,216.7045,121.1992,219.0684,239.2795,2.7219,3.9347,2.9017,22.53,,,,,,,,9295
2023-01-16,2834.2913,4137.9643,6126.1772,6591.8056,21746.72,404.4811,,6.713500000000001,102.364,417.28,84.12,4093,3072.29,,,14.63,24.21,213.2954,216.73,121.1264,219.0197,239.3204,2.7125,3.9242,2.9167,22.96,,,,,,,,9100
2023-01-13,2787.3561,4074.3772,6057.6902,6517.5132,21738.66,401.6989,3999.09,6.7292,102.16820000000001,415.22,85.43,4173,3059.79,,,14.39,23.96,213.5365,216.7549,121.2951,219.2953,239.3514,2.6725,3.8911,2.901,23.12,,,,,,,,9240
2023-01-12,2741.9454,4017.8692,6015.2871,6489.5702,21514.1,401.0479,3983.17,6.768,102.2542,414.58,83.82,4136,3042.76,,,14.19,23.82,213.6615,216.7483,121.377,219.445,239.3434,2.6525,3.8919,2.8778,23.98,,,,,,,,9178.5
2023-01-11,2740.1927,4010.0309,6014.1565,6486.9049,21436.05,400.3899,3969.61,6.7756,103.2472,414.8,82.91,4161,3097.79,,,14.16,23.83,213.6007,216.7405,121.3521,219.3415,239.3468,2.67,3.9085,2.8603,23.92,,,,,,,,9168.5
2023-01-10,2733.6188,4017.4737,6048.2968,6540.2008,21331.46,400.8242,3919.25,6.761100000000001,103.2895,413.7,79.62,4124,3070.42,,,14.18,23.99,213.6161,216.7944,121.3711,219.3515,239.4135,2.71,3.8781,2.8602,24.48,,,,,,,,8937
2023-01-09,2742.2014,4013.1196,6040.0193,6535.7493,21388.34,401.8822,3892.09,6.826499999999999,103.18920000000001,414,79.8,4093,3079.34,,,14.16,24.02,213.8693,216.8433,121.5266,219.651,239.4899,2.66,3.8569,2.8428,24.44,,,,,,,,8798.5
2023-01-06,2713.6307,3980.8888,6012.8152,6500.3203,20991.64,400.9627,3895.08,6.8912,103.90910000000001,409.54,78.6,4107,3111.19,,,14.04,23.9,213.8748,216.723,121.56,219.638,239.3391,2.63,3.8812,2.8328,25.13,,,,,,,,8610
2023-01-05,2700.3082,3968.5782,6010.4641,6485.4688,21052.17,399.4735,3808.1,6.8926,105.1228,412.5,78.88,4017,3148.53,,,13.96,23.86,214.0034,216.6774,121.6439,219.8765,239.2893,2.5867,3.8791,2.8304,24.87,,,,,,,,8439.5
2023-01-04,2651.005,3892.9477,5952.4538,6421.2767,20793.11,396.1273,3852.97,6.913100000000001,104.26689999999999,413.26,78.1,4027,3143.92,,,13.68,23.65,214.0406,216.5348,121.6754,219.953,239.1313,2.5367,3.9065,2.8103,25.38,,,,,,,,8251
2023-01-03,2641.4218,3887.8992,5955.8969,6423.7013,20145.29,394.599,3824.14,6.947500000000001,104.6744,411.2,82.46,4063,3028.61,,,13.66,23.62,213.8553,216.3316,121.579,219.8145,238.8907,2.5417,3.9653,2.8228,26.01,,,,,,,,8320
2023-01-02,,,,,,,,,103.76830000000001,,,,,,,,,,,,,,,,,,,,,,,,,
2022-12-31,,,,,,,,,,,,,,11.8,9.6,,,,,,,,2.5417,4.0025,2.8353,,47,5.1,-1.8,-12.59,-7.53,1.8,-0.7,
2022-12-30,2635.2484,3871.6338,5864.4669,6281.6209,19781.41,392.6582,3839.5,6.9646,103.48949999999999,410.72,85.99,4105,2995.12,,,13.49,22.75,213.6938,216.0792,121.5267,219.6833,238.5772,2.5417,4.0025,2.8353,25.96,,,,,,,,8374
2022-12-29,2622.0716,3856.7007,5857.4021,6261.8292,19741.14,392.0222,3849.28,6.979299999999999,103.9747,408.36,83.73,4048,2982.42,,,13.44,22.66,213.579,215.997,121.4708,219.484,238.4706,2.5567,4.0005,2.8376,25.95,,,,,,,,8430
2022-12-28,2638.3055,3871.2644,5862.0967,6268.4658,19898.91,393.6698,3783.22,6.9681,104.5291,408.6,83.77,4050,3059.24,,,13.49,22.71,213.3475,215.8781,121.348,219.1354,238.3058,2.6167,4.0192,2.8503,26.17,,,,,,,,8423
2022-12-27,2632.4526,3887.854,5885.6622,6325.6279,,394.882,3829.25,6.9546,104.2013,407.96,85.16,4066,3053.45,,,13.55,22.87,213.2863,215.8539,121.323,219.1343,238.2818,2.6417,4.0112,2.8657,26.56,,,,,,,,
2022-12-26,2607.5229,3843.4887,5843.2555,6275.5244,,391.3414,,6.982499999999999,104.16810000000001,407.24,,4006,3031.25,,,13.38,22.72,213.4352,215.8078,121.4186,219.3878,238.2367,2.6003,4.0256,2.8378,26.32,,,,,,,,
2022-12-23,2615.8794,3828.2188,5763.3458,6160.7451,19593.06,388.4608,3844.82,6.981,104.3235,406.8,84.55,4005,3080.08,,,13.35,22.39,213.4565,215.6884,121.4611,219.4003,238.0894,2.5703,4.0153,2.8251,26.56,,,,,,,,8378.5
2022-12-22,2619.7569,3836.028,5779.0555,6186.9277,19679.22,389.4211,3822.39,6.971299999999999,104.381,409.86,82.36,3961,3079.45,,,13.38,22.48,213.2561,215.5741,121.356,219.0486,237.9673,2.6303,4.0245,2.8503,27.5,,,,,,,,8257.5
2022-12-21,2607.4236,3830.5384,5845.835,6289.1361,19160.49,391.1206,3878.44,6.965,104.2598,409.5,82.67,4034,3085.15,,,13.34,22.79,213.1028,215.5059,121.278,218.7481,237.9007,2.7003,4.0342,2.8606,27.87,,,,,,,,8396.5
2022-12-20,2599.4882,3829.0173,5878.0314,6341.5833,19094.8,391.2334,3821.62,6.9860999999999995,103.96650000000001,405.42,79.68,3939,3102.73,,,13.32,22.95,213.0356,215.4374,121.2495,218.7745,237.8271,2.7153,4.0585,2.8732,28.35,,,,,,,,8373
2022-12-19,2646.1789,3893.2207,5936.4751,6390.77,19352.81,392.9201,3817.66,6.9746,104.67909999999999,405.3,80.1,3927,3213.98,,,13.57,23.14,212.9934,215.3944,121.2354,218.8051,237.7598,2.7203,4.1066,2.8632,29,,,,,,,,8280.5
2022-12-16,2688.2899,3954.227,6072.8627,6519.4361,19450.67,396.3888,3852.36,6.979100000000001,104.84660000000001,402.9,79.26,4049,3230.79,,,13.77,23.66,212.6205,215.2633,121.0514,218.4363,237.6047,2.7703,4.1061,2.8856,30.13,,,,,,,,8303
2022-12-15,2675.1875,3951.9885,6101.8787,6597.5505,19368.59,398.731,3895.75,6.9343,104.6057,404.86,81.45,4084,3188.79,,,13.75,23.82,212.6345,215.2644,121.0695,218.619,237.6066,2.7481,4.1094,2.8829,30.34,,,,,,,,8295
2022-12-14,2686.3682,3954.8857,6096.3856,6570.0183,19673.45,398.6553,3995.32,6.953500000000001,103.6286,408.1,82.8,3986,3183.83,,,13.77,23.73,212.6663,215.2594,121.0979,218.4696,237.5959,2.7581,4.1096,2.8655,29.79,,,,,,,,8524
2022-12-13,2676.8995,3945.6813,6121.6615,6593.6675,19596.2,400.3256,4019.65,6.9746,104.0158,403.54,80.39,3937,3219.13,,,13.72,23.83,212.2581,215.2787,120.8734,217.9855,237.6121,2.8531,4.1302,2.8952,30.18,,,,,,,,8462.5
2022-12-12,2673.9391,3953.4433,6154.8092,6655.6737,19463.63,403.2482,3990.56,6.956499999999999,105.0116,403.3,78.02,3935,3193.09,,,13.75,23.97,212.4536,215.7848,120.9959,218.3284,238.1737,2.8131,3.9932,2.8902,30.58,,,,,,,,8369
2022-12-09,2706.7388,3998.2442,6192.3009,6680.3752,19900.87,404.8792,3934.38,6.9588,104.92569999999999,403.46,76.82,3945,3313.1,,,13.92,24.07,212.4221,215.9895,121.0081,218.3965,238.3999,2.7606,3.9316,2.8903,32.12,,,,,,,,8485.5
2022-12-08,2672.8957,3959.1798,6186.2835,6662.3441,19450.23,404.6151,3963.51,6.9606,104.8156,402.44,76.51,3839,3234.78,,,13.77,24,212.5634,216.2211,121.0994,218.5845,238.68,2.7181,3.8802,2.8853,31.58,,,,,,,,8536
2022-12-07,2670.647,3958.4409,6204.0051,6705.2873,18814.82,405.9507,3933.92,6.9975000000000005,105.19829999999999,401.1,77.39,3782,3174.67,,,13.76,24.12,212.4596,216.3702,121.0499,218.4638,238.8615,2.6981,3.8473,2.8702,32.05,,,,,,,,8495
2022-12-06,2684.8458,3968.1979,6211.2515,6703.5524,19441.18,408.1643,3941.26,6.9746,105.56410000000001,401.78,79.72,3808,3234.3,,,13.78,24.17,212.3413,216.8639,120.992,218.5126,239.454,2.7081,3.7489,2.9152,31.93,,,,,,,,8405
2022-12-05,2676.1429,3946.8759,6215.1244,6714.367,19518.29,408.7635,3998.84,7.0384,105.272,405.72,83,3804,3255.28,,,13.69,24.22,212.626,217.1779,121.1658,218.7266,239.8368,2.6431,3.7194,2.8902,31.78,,,,,,,,8360
2022-12-02,2614.6137,3870.9478,6168.0127,6680.5415,18675.35,406.5625,4071.7,7.0542,104.5098,409.72,85.42,3808,3223.73,,,13.42,23.99,212.7042,217.2475,121.2411,218.779,239.9262,2.6281,3.6761,2.8676,32.18,,,,,,,,8472
2022-12-01,2631.2051,3894.7687,6186.1021,6658.4265,18736.44,406.5139,4076.57,7.1225,104.70360000000001,407.1,87.26,3752,3288.58,,,13.51,23.95,212.6588,217.3042,121.2251,218.6532,239.9942,2.6481,3.657,2.86,31.87,,,,,,,,8360
2022-11-30,2606.5427,3853.0365,6156.1465,6590.3067,18597.23,404.2941,4080.11,7.176899999999999,105.9765,406.12,86.64,3748,3293.73,12.4,10,13.35,23.77,212.4935,217.4724,121.1401,218.6314,240.2044,2.6631,3.6156,2.885,32.18,48,5.3,-5.9,-10.38,-11.14,1.6,-1.3,8285
2022-11-29,2607.7499,3848.4224,6163.8214,6594.3225,18204.68,403.6187,3957.63,7.198899999999999,106.8126,406.56,84.94,3765,3349.29,,,13.34,23.79,212.5535,217.6423,121.1848,218.7216,240.4371,2.6481,3.5532,2.88,32.44,,,,,,,,8044
2022-11-28,2503.6228,3733.2424,6055.2843,6492.712,17297.94,399.0286,3963.94,7.1617,106.6752,408.02,83.24,3738,3102.41,,,12.92,23.35,213.0473,217.9291,121.4791,219.3154,240.8189,2.5881,3.4705,2.86,32.82,,,,,,,,7980
2022-11-25,2544.6147,3775.7764,6087.8591,6512.1619,17573.58,400.6546,4026.12,7.133900000000001,106.0724,407.6,83.84,3736,3116.08,,,13.07,23.43,213.3192,217.9536,121.6661,219.474,240.8492,2.5581,3.45,2.83,33.23,,,,,,,,7990
2022-11-24,2520.5634,3756.8082,6120.0659,6586.8576,17660.9,399.8299,,7.120099999999999,105.8617,406.4,85.09,3681,2976.83,,,13,23.59,213.7064,217.951,121.8991,219.6726,240.8807,2.5082,3.4501,2.795,33.45,,,,,,,,8023.5
2022-11-23,2535.5226,3773.5287,6115.6049,6567.9934,17523.81,398.3466,4027.26,7.128099999999999,106.1437,404.66,84.44,3691,2922.63,,,13.06,23.52,213.472,217.7265,121.7743,219.4527,240.6129,2.5214,3.4818,2.7975,33.4,,,,,,,,8027.5
2022-11-22,2531.3437,3769.5727,6125.3999,6583.2332,17424.41,397.8833,4003.58,7.1667000000000005,107.1687,404.86,87.65,3677,2927.4,,,13.05,23.6,213.1414,217.673,121.5939,219.1808,240.5379,2.5807,3.4871,2.8276,33.51,,,,,,,,7995.5
2022-11-21,2514.8539,3769.1269,6189.7092,6689.3254,17655.91,398.2705,3949.94,7.1256,107.82260000000001,405.2,87.79,3671,2947.05,,,13.04,23.89,213.1926,217.6971,121.6335,219.1745,240.566,2.5931,3.466,2.818,33.53,,,,,,,,7895
2022-11-18,2546.7154,3801.5686,6191.6477,6658.4005,17992.54,398.2456,3965.34,7.109100000000001,106.9678,407.42,87.74,3716,2965.16,,,13.16,23.82,213.0027,217.6072,121.5543,218.8226,240.4511,2.6132,3.4686,2.825,34,,,,,,,,8036
2022-11-17,2560.0167,3818.664,6217.2052,6714.5035,18045.66,399.6884,3946.56,7.065500000000001,106.6784,407.7,90.02,3726,2994.21,,,13.22,23.96,212.9879,217.6424,121.5559,218.6707,240.5076,2.6548,3.4641,2.8026,33.56,,,,,,,,8118
2022-11-16,2572.8872,3834.3899,6203.9174,6702.041,18256.48,403.4062,3958.79,7.036300000000001,106.2934,407.12,92.61,3742,2986.22,,,13.29,23.86,212.7199,217.9098,121.4113,218.1138,240.8205,2.7631,3.4007,2.8329,33.3,,,,,,,,8262
2022-11-15,2583.7231,3865.9726,6236.3838,6752.5127,18343.12,407.4536,3991.73,7.0421,106.5629,404.96,93.77,3692,3045.49,,,13.4,24,212.9843,218.222,121.574,218.4916,241.1867,2.706,3.3019,2.8155,33.59,,,,,,,,8385.5
2022-11-14,2538.2967,3794.0171,6129.5129,6599.6655,17619.71,406.3931,3957.25,7.089900000000001,106.8986,403.44,92.5,3648,3019.81,,,13.15,23.51,212.9258,218.6004,121.5503,218.5758,241.6557,2.6861,3.2251,2.8354,33.3,,,,,,,,8415
2022-11-11,2518.0491,3788.4387,6138.6211,6643.4817,17325.66,408.33,3992.93,7.1907000000000005,106.40830000000001,406.72,95.76,3637,2958.24,,,13.13,23.57,214.2962,219.2764,122.3716,219.8991,242.4981,2.476,3.0619,2.7354,33.64,,,,,,,,8591
2022-11-10,2440.3171,3685.6885,6089.6951,6603.3086,16081.04,404.7941,3956.37,7.2422,107.8847,403.54,93.34,3538,2770.02,,,12.75,23.41,214.6738,219.4558,122.5997,220.2179,242.7064,2.4497,3.0218,2.7028,34.15,,,,,,,,8263
2022-11-09,2440.352,3714.2704,6120.8286,6676.0079,16358.52,406.1457,3748.57,7.2189,110.4278,403.26,92.47,3590,2769.17,,,12.84,23.58,214.7238,219.5374,122.6386,220.3145,242.7962,2.4032,2.9972,2.6953,34.41,,,,,,,,8081
2022-11-08,2459.0913,3749.3251,6134.2564,6694.9562,16557.31,406.6735,3828.11,7.215,109.6342,394.82,95.05,3571,2722.19,,,12.97,23.57,214.7542,219.5619,122.6663,220.33,242.8248,2.384,2.9766,2.6853,34.61,,,,,,,,8054
2022-11-07,2477.7666,3775.2971,6141.4088,6713.6375,16595.91,407.9142,3806.8,7.2292,110.1872,394,97.93,3535,2713.88,,,13.06,23.6,214.765,219.6331,122.6827,220.4863,242.8938,2.3698,2.9513,2.7003,35,,,,,,,,7949
2022-11-04,2468.2764,3767.1746,6133.4629,6709.6446,16161.14,408.8129,3770.55,7.2555000000000005,110.7839,390.8,98.75,3562,2683.42,,,13.01,23.57,214.7258,219.5942,122.6903,220.4739,242.844,2.3559,2.938,2.7023,35.14,,,,,,,,8133
2022-11-03,2387.4523,3647.8966,5996.7187,6566.8413,15339.49,403.7089,3719.89,7.2472,112.98420000000002,390.88,94.55,3504,2621.38,,,12.56,23.06,214.8807,219.6593,122.7899,220.6082,242.9131,2.334,2.9284,2.6776,35.1,,,,,,,,7565
2022-11-02,2418.3222,3677.8051,5997.8038,6524.5136,15827.17,403.7333,3759.69,7.2197,112.1193,392.1,95.52,3485,2651.28,,,12.68,22.98,214.8412,219.6564,122.7772,220.5994,242.8967,2.3283,2.9279,2.6854,35.37,,,,,,,,7640
2022-11-01,2396.6294,3634.1732,5941.1451,6439.8223,15455.27,400.7793,3856.1,7.208099999999999,111.5609,391.46,94.77,3485,2609.16,,,12.53,22.73,215.0062,219.6522,122.8826,220.7118,242.8869,2.305,2.927,2.6629,35.43,,,,,,,,7660
2022-10-31,2295.9239,3508.7034,5807.1063,6292.6191,14687.02,397.2372,3871.98,7.1768,111.6036,391.66,92.85,3397,2577.31,11.8,10.3,12.15,21.1,215.1773,219.6304,122.9916,220.8152,242.8472,2.2887,2.9103,2.6433,35,49.2,5.8,-0.5,-1.84,-1.31,2.1,-1.3,7444
2022-10-28,2326.9417,3541.3295,5781.7972,6239.9316,14863.06,399.5263,3901.06,7.1698,110.6763,392.78,94.16,3490,2667.16,,,12.27,20.97,214.8672,219.5364,122.8427,220.6373,242.7273,2.3001,2.9346,2.6653,35.07,,,,,,,,7557.5
2022-10-27,2381.2628,3631.1448,5963.0037,6461.6098,15427.94,403.4029,3807.3,7.157,110.5894,392.7,94.73,3563,2764.8,,,12.58,21.75,214.6447,219.4897,122.7243,220.5699,242.6661,2.3083,2.9371,2.6953,35.3,,,,,,,,7755
2022-10-26,2400.5156,3656.9027,5971.6009,6491.6916,15317.67,403.151,3830.6,7.1638,109.6982,393.62,94.15,3580,2739.91,,,12.69,21.76,214.4286,219.4595,122.6095,220.4168,242.6304,2.3246,2.9419,2.7025,35.25,,,,,,,,7769.5
2022-10-25,2394.92,3627.4542,5869.781,6355.7784,15165.59,401.3,3859.11,7.1668,110.8775,393.82,93.06,3574,2773.82,,,12.59,21.33,214.322,219.4671,122.558,220.335,242.6399,2.3502,2.9461,2.7278,35.02,,,,,,,,7516
2022-10-24,2392.5978,3633.3733,5896.9031,6378.4323,15180.69,402.7479,3797.34,7.123,112.0087,392.72,93.45,3622,2804.87,,,12.61,21.43,214.3701,219.5141,122.5959,220.4056,242.703,2.3364,2.9337,2.7153,35.69,,,,,,,,7572
2022-10-21,2487.221,3742.8929,5956.8811,6432.3255,16211.12,406.6151,3752.75,7.1186,111.8505,387.46,93.6,3630,2904.12,,,13.01,21.65,214.2385,219.4218,122.5501,220.3392,242.5888,2.3401,2.9188,2.7278,35.67,,,,,,,,7650.5
2022-10-20,2501.4956,3754.9269,5948.8621,6429.7042,16280.22,406.8133,3665.78,7.1188,112.82730000000001,388.1,92.73,3594,2896.27,,,13.07,21.65,214.2732,219.3897,122.5803,220.3563,242.5482,2.3253,2.914,2.7175,35.47,,,,,,,,7534
2022-10-19,2519.9033,3776.5335,5972.7226,6461.1462,16511.28,409.2211,3695.16,7.110499999999999,112.9089,390.18,92.57,3647,2920.88,,,13.16,21.74,214.3936,219.336,122.66,220.3736,242.4879,2.3148,2.9128,2.7052,35.12,,,,,,,,7365
2022-10-18,2569.9675,3838.2667,6035.6737,6508.5038,16914.58,410.842,3719.98,7.1086,112.0303,390.78,90.64,3678,2937.29,,,13.39,21.93,214.3584,219.2749,122.6498,220.2518,242.4051,2.3315,2.9101,2.7002,34.97,,,,,,,,7447.5
2022-10-17,2585.4973,3846.4119,6015.5963,6472.4511,16612.9,410.9743,3677.95,7.109500000000001,112.09309999999999,390.28,91.98,3675,2970.77,,,13.42,21.83,214.338,219.2374,122.6481,220.2753,242.3596,2.3387,2.9318,2.7002,35.11,,,,,,,,7531.5
2022-10-14,2584.6847,3842.4698,5973.4389,6406.4573,16587.69,411.0757,3583.07,7.1088,113.3095,392.42,91.46,3759,2970.88,,,13.42,21.63,214.2607,219.1107,122.6336,220.1562,242.2018,2.3339,2.956,2.6977,34.15,,,,,,,,7531.5
2022-10-13,2523.6321,3752.6729,5830.3355,6252.2225,16389.11,407.6874,3669.91,7.110099999999999,112.46010000000001,393,94.69,3719,2964.38,,,13.1,21.13,213.9454,219.0422,122.461,220.013,242.1279,2.3526,2.9837,2.7252,33.8,,,,,,,,7641
2022-10-12,2555.024,3784.3064,5820.4537,6192.6534,16701.03,406.8355,3577.03,7.1103000000000005,113.2668,393.04,92.41,3754,3019.53,,,13.23,20.96,213.7834,219.0144,122.3773,219.8904,242.0995,2.3597,2.9799,2.7352,33.5,,,,,,,,7534
2022-10-11,2539.9455,3727.6867,5684.5063,6017.7194,16832.36,402.3736,3588.84,7.107500000000001,113.29409999999999,392.72,93.8,3774,2962.03,,,13.05,20.4,213.7806,218.9671,122.3858,219.9209,242.0435,2.3649,2.9846,2.7426,33.48,,,,,,,,7596.5
2022-10-10,2545.0494,3720.9365,5635.7109,5984.5008,17216.66,400.6383,3612.39,7.0992,113.15710000000001,393.24,96.07,3875,3023.86,,,13.02,20.25,213.6774,218.9118,122.3361,219.8118,241.9807,2.3539,3.0095,2.7402,33.21,,,,,,,,7584.5
2022-10-09,,,,,,,,,,,,,,,,,,,,,,,2.3758,3.0184,2.7452,33.02,,,,,,,,
2022-10-08,,,,,,,,,,,,,,,,,,,,,,,2.398,3.0135,2.7626,32.81,,,,,,,,
2022-10-07,,,,,17740.05,,3639.66,,112.75619999999999,,98.45,,,,,,,,,,,,,,,,,,,,,,,7462
2022-10-06,,,,,18012.15,,3744.52,,112.2612,,94.92,,,,,,,,,,,,,,,,,,,,,,,7559
2022-10-05,,,,,18087.97,,3783.28,,111.1992,,93.79,,,,,,,,,,,,,,,,,,,,,,,7702
2022-10-04,,,,,,,3790.93,,110.1798,,91.76,,,,,,,,,,,,,,,,,,,,,,,7687
2022-10-03,,,,,17079.51,,3678.43,,111.63919999999999,,88.7,,,,,,,,,,,,,,,,,,,,,,,7503.5
2022-09-30,2610.1165,3804.8853,5714.0629,6124.8639,17222.83,402.6447,3585.62,7.0998,112.1511,390.82,85.57,3799,3022.3,12.1,10.6,13.31,20.58,213.2135,218.6325,122.1684,219.3379,241.6684,2.3921,3.0185,2.7601,32,50.1,5.9,2.5,4.45,-0.45,2.8,0.9,7490
2022-09-29,2608.9774,3827.1434,5771.8812,6228.7788,17165.87,403.3001,3640.47,7.1102,111.96990000000001,389.66,87.46,3836,2962.26,,,13.39,20.85,213.5158,218.6784,122.3537,219.4555,241.7229,2.385,3.0019,2.7501,31.68,,,,,,,,7515
2022-09-28,2611.9815,3828.7098,5769.5198,6211.1091,17250.88,404.8865,3719.04,7.1107000000000005,112.7177,385.9,87.93,3823,3031.45,,,13.4,20.87,213.6461,218.7057,122.4394,219.5253,241.7405,2.385,2.9969,2.7401,31.37,,,,,,,,7479
2022-09-27,2642.9212,3892.295,5920.0531,6409.776,17860.31,408.1627,3647.29,7.0722,114.1596,384.88,84.43,3837,3090.84,,,13.62,21.48,213.947,218.7765,122.6239,219.6031,241.8261,2.3619,2.9721,2.7051,31.16,,,,,,,,7291
2022-09-26,2614.8998,3836.6773,5806.3181,6283.5925,17855.14,406.6593,3655.04,7.0298,114.11460000000001,384.38,82.72,3765,3069.24,,,13.42,21.03,213.9412,218.838,122.6307,219.6611,241.9087,2.3696,2.9379,2.7154,31.28,,,,,,,,7292
2022-09-23,2629.8089,3856.0212,5889.6019,6363.6835,17933.27,408.6401,3693.23,6.992,113.03240000000001,387.64,85.54,3766,3099.67,,,13.48,21.39,214.2736,218.831,122.8538,219.9283,241.9014,2.3085,2.924,2.6802,31.08,,,,,,,,7444.5
2022-09-22,2629.3701,3869.344,5965.8854,6487.2748,18147.95,410.7355,3757.99,6.9798,111.2889,386.04,89.36,3765,3122.04,,,13.51,21.75,214.4348,218.8341,122.9574,220.0221,241.9213,2.2891,2.9224,2.6501,31.11,,,,,,,,7684
2022-09-21,2652.2142,3903.7348,5978.581,6480.6023,18444.62,411.695,3789.93,6.9536,111.3731,386.98,88.97,3664,3172.56,,,13.64,21.79,214.4111,218.8105,122.9537,219.9611,241.9044,2.2998,2.9354,2.6451,31,,,,,,,,7659
2022-09-20,2673.8804,3932.8361,5958.2922,6482.1313,18781.42,410.6589,3855.93,6.9468,110.1986,385.84,90.87,3659,3128.59,,,13.76,21.72,214.2747,218.7731,122.8848,219.8266,241.8614,2.338,2.9317,2.664,30.9,,,,,,,,7724
2022-09-19,2679.5857,3928.0001,5913.1493,6399.8014,18565.97,409.2213,3899.89,6.9396,109.5949,384.7,91.73,3696,3182.49,,,13.75,21.47,214.14,218.7564,122.8168,219.6932,241.8504,2.3507,2.9363,2.675,30.85,,,,,,,,7772
2022-09-16,2678.0331,3932.6826,5954.5037,6481.2442,18761.69,410.1609,3873.33,6.930499999999999,109.6597,383.6,91.57,3686,3177.51,,,13.75,21.72,214.0976,218.7135,122.8227,219.6073,241.8009,2.3468,2.9358,2.673,30.7,,,,,,,,7809.5
2022-09-15,2743.7886,4027.1186,6107.7964,6619.1888,18930.38,413.657,3901.35,6.910099999999999,109.68560000000001,385.24,90.8,3722,3301.66,,,14.09,22.25,214.242,218.7073,122.9166,219.7524,241.792,2.329,2.9239,2.6625,30.72,,,,,,,,7711.5
2022-09-14,2745.4284,4065.359,6249.963,6829.5579,18847.1,416.9549,3946.01,6.9116,109.64609999999999,387.2,94.64,3741,3225.82,,,14.21,22.83,214.1906,218.655,122.8969,219.6722,241.7304,2.3316,2.9307,2.6625,30.84,,,,,,,,7785.5
2022-09-13,2769.2348,4111.1145,6300.422,6904.0775,19326.86,418.6842,3932.69,6.8928,109.9188,389.66,93.55,3794,3238.24,,,14.37,23.07,214.3151,218.6467,122.9793,219.7088,241.7134,2.3188,2.9281,2.6427,30.89,,,,,,,,7830
2022-09-12,,,,,,,4110.41,,108.3076,,94.26,,,,,,,,,,,,,,,,,,,,,,,8004
2022-09-09,2757.5659,4093.7874,6316.9724,6913.579,19362.25,418.5609,4067.36,6.9098,108.9655,389.52,92.42,3791,3304.48,,,14.3,23.11,214.3476,218.552,123.0388,219.7577,241.5912,2.2967,2.9208,2.635,30.69,,,,,,,,7868.5
2022-09-08,2708.2782,4037.6839,6272.5752,6897.0996,18854.62,418.3729,4006.18,6.9148,109.65279999999998,389.46,88.61,3719,3201.65,,,14.09,23.03,214.4417,218.5283,123.1036,219.7849,241.577,2.2935,2.9201,2.6256,30.69,,,,,,,,7850
2022-09-07,2710.6862,4054.983,6301.5644,6963.5196,19044.3,420.5104,3979.87,6.916,109.5831,386.36,87.71,3673,3203.33,,,14.15,23.22,214.4927,218.4889,123.1434,219.8176,241.5291,2.2849,2.9198,2.6215,30.72,,,,,,,,7622.5
2022-09-06,2724.498,4052.2802,6291.5707,6919.6464,19202.73,419.3734,3908.19,6.9096,110.2383,388.98,92.85,3693,3208.34,,,14.18,23.12,214.4986,218.447,123.1569,219.8347,241.4785,2.2843,2.9222,2.614,30.42,,,,,,,,7666
2022-09-05,2697.7665,4015.4264,6182.6465,6791.0921,19225.7,415.5212,,6.8998,109.81899999999999,386.86,95.23,3691,3125.82,,,14.05,22.72,214.4146,218.3678,123.1183,219.7398,241.3758,2.2942,2.9373,2.618,30.34,,,,,,,,7674
2022-09-02,2711.2642,4023.6131,6149.4273,6776.8268,19452.09,413.6731,3924.26,6.891699999999999,109.6121,383.02,93.28,3637,3073.62,,,14.08,22.7,214.2552,218.2372,123.0563,219.5895,241.222,2.3101,2.9429,2.6226,30.05,,,,,,,,7552
2022-09-01,2732.399,4043.7395,6126.7685,6717.1001,19597.31,411.7775,3966.85,6.882099999999999,109.66489999999999,383.7,92.17,3642,3091.07,,,14.16,22.5,214.1551,218.1762,123.0083,219.4856,241.1487,2.3125,2.9557,2.6125,29.76,,,,,,,,7550
2022-08-31,2761.7831,4078.8402,6155.7455,6750.7429,19954.39,412.2234,3955,6.8906,108.6796,386.92,94.96,3677,3053.69,12.2,10.5,14.67,21.35,213.9559,218.1247,122.9027,219.3534,241.0886,2.3322,2.9648,2.6225,29.86,49.4,5.8,5.4,5.87,-0.57,2.5,2.3,7790.5
2022-08-30,2726.6602,4075.7937,6285.9273,6976.7218,19949.03,416.7433,3986.16,6.8802,108.8249,389.3,98.47,3875,3048.02,,,14.63,21.94,213.9364,218.0962,122.9015,219.2859,241.0448,2.3417,2.9724,2.613,29.61,,,,,,,,7854.5
2022-08-29,2732.2055,4089.5205,6310.402,7021.3148,20023.22,417.6934,4030.61,6.8698,108.7816,387.94,102.95,3965,3010.07,,,14.69,22.03,213.7582,218.0632,122.8082,219.0908,241.0103,2.3752,2.9839,2.6225,29.57,,,,,,,,
2022-08-26,2751.5894,4107.5455,6298.3739,6980.1803,20170.04,419.1324,4057.66,6.8486,108.85640000000001,391.28,98.9,4097,3015.81,,,14.76,21.94,213.4775,217.9941,122.6756,218.9163,240.9271,2.4152,2.9883,2.643,29.13,,,,,,,,8129
2022-08-25,2752.556,4116.2396,6322.6961,7016.3057,19968.38,419.4857,4199.12,6.8536,108.42530000000001,390.82,98.95,4052,3039.28,,,14.83,22.05,213.5139,218.0885,122.7069,219.0377,241.0389,2.4152,2.9801,2.639,29.4,,,,,,,,8143
2022-08-24,2708.0902,4082.4195,6284.5769,7039.4103,19268.74,420.9776,4140.77,6.8388,108.6456,389.54,101.73,4086,3023.82,,,14.7,22.01,213.8436,218.1864,122.9086,219.191,241.1687,2.3752,2.9509,2.61,28.9,,,,,,,,8027
2022-08-23,2735.666,4161.0823,6466.4045,7306.0209,19503.25,427.0321,4128.73,6.8523000000000005,108.53940000000001,387.32,100.15,4052,3080.52,,,14.97,22.77,213.8448,218.2017,122.9195,219.2093,241.1929,2.3777,2.9382,2.6075,28.91,,,,,,,,8105
2022-08-22,2756.3688,4181.3965,6472.6799,7288.5766,19656.98,426.8068,4137.99,6.8198,108.9728,386.26,96.69,4010,3108.76,,,15.05,22.72,213.9954,218.1973,123.0172,219.4154,241.2062,2.3552,2.9176,2.5925,28.58,,,,,,,,8052.5
2022-08-19,2750.6305,4151.0738,6391.7159,7234.4052,19773.03,425.1634,4228.48,6.8065,108.11019999999999,387.56,96.09,3929,3096.33,,,14.94,22.53,213.8842,218.1301,122.9832,219.4361,241.147,2.3377,2.9076,2.5875,28.84,,,,,,,,8086.5
2022-08-18,2759.2944,4180.0996,6468.8056,7351.4373,19763.91,427.7748,4283.74,6.7802,107.517,387.76,96.58,4041,3055.82,,,15.01,22.84,213.7195,218.078,122.8976,219.429,241.0915,2.3402,2.9207,2.58,28.73,,,,,,,,8030
2022-08-17,2785.8529,4216.9586,6493.5047,7328.6735,19922.45,430.6816,4274.04,6.786300000000001,106.6483,389.9,93.05,3993,3087.92,,,15.27,22.84,213.3402,217.9914,122.6874,219.1846,241.0061,2.3602,2.9251,2.6124,28.91,,,,,,,,7920
2022-08-16,2769.2609,4177.837,6465.1866,7324.6198,19830.52,429.7659,4305.2,6.773,106.4602,391.52,92.76,4153,3031.6,,,15.11,22.77,213.334,217.9317,122.6939,219.309,240.9581,2.3602,2.9117,2.6346,29.04,,,,,,,,8005.5
2022-08-15,2782.666,4185.6794,6442.8093,7283.5,20040.86,428.4528,4297.14,6.741,106.5155,392,93.47,4126,2985.91,,,15.15,22.66,213.0161,217.7652,122.5193,219.0306,240.7638,2.3677,2.955,2.6582,29.25,,,,,,,,7978
2022-08-12,2796.8887,4191.152,6420.853,7228.8345,20175.62,426.4162,4280.15,6.741299999999999,105.67880000000001,391.22,98.01,4150,2997.74,,,15.15,22.54,212.076,217.5349,122.0033,218.339,240.4844,2.4652,3.0024,2.7347,29.21,,,,,,,,8112
2022-08-11,2787.0631,4193.5428,6439.3586,7294.4863,20082.43,426.2118,4207.27,6.7324,105.10610000000001,389.56,99.42,4108,2972.75,,,15.16,22.65,212.0337,217.535,121.9889,218.2479,240.4757,2.4702,3.0133,2.7317,29.54,,,,,,,,8191.5
2022-08-10,2730.9608,4109.7373,6322.0558,7212.0752,19610.84,423.8626,4210.24,6.7612,105.223,391.18,97.06,4066,2929.85,,,14.85,22.32,212.0437,217.5474,122.005,218.369,240.4909,2.4626,3.016,2.7366,29.16,,,,,,,,8077.5
2022-08-09,2764.068,4156.2907,6341.4806,7207.3961,20003.44,424.3731,4122.47,6.7584,106.3112,390.46,96.53,4089,2949.53,,,15.07,22.3,211.999,217.5242,121.9892,218.3696,240.4597,2.4401,3.0024,2.74,28.89,,,,,,,,7955
2022-08-08,2761.1571,4148.0746,6323.0746,7176.105,20045.77,423.8475,4140.06,6.769500000000001,106.38270000000001,388.7,96.52,4136,2957.05,,,14.98,22.26,212.0929,217.5825,122.0541,218.5536,240.525,2.4051,3.0025,2.7409,28.99,,,,,,,,7947
2022-08-05,2774.3351,4156.9111,6270.5113,7090.0027,20201.94,421.5039,4145.19,6.740499999999999,106.57140000000001,391.1,94.66,4036,2948.54,,,15.02,22.03,212.1342,217.4877,122.1088,218.6211,240.4188,2.3876,3.0179,2.7339,28.96,,,,,,,,7889.5
2022-08-04,2741.0872,4101.5367,6158.7346,6960.3118,20174.04,420.441,4151.94,6.7636,105.74529999999999,387.9,93.6,3980,2907.78,,,14.84,21.7,212.307,217.4375,122.2196,218.7422,240.3641,2.3624,3.017,2.7192,28.98,,,,,,,,7743
2022-08-03,2710.7238,4066.9754,6124.3146,6916.6704,19767.09,419.6601,4155.17,6.781299999999999,106.40039999999999,387.3,97.1,4063,2886.61,,,14.59,21.54,212.1131,217.3032,122.117,218.4688,240.2121,2.3674,3.045,2.7218,29.06,,,,,,,,7710
2022-08-02,2730.7553,4107.024,6169.9961,6957.9819,19689.21,421.6549,4091.19,6.7462,106.3267,389.16,99.92,4104,2955.62,,,14.76,21.68,212.0114,217.2027,122.068,218.2384,240.0961,2.4074,3.0678,2.7314,29.16,,,,,,,,7755
2022-08-01,2781.6822,4188.6784,6347.2211,7180.4544,20165.84,424.4402,4118.63,6.746700000000001,105.3887,385.8,99.93,4093,3044.27,,,15.19,22.42,211.8966,217.0677,122.0115,218.0563,239.9327,2.4274,3.1028,2.7292,29.32,,,,,,,,7800.5
2022-07-31,,,,,,,,,,,,,,12,10.7,,,,,,,,,,,,49,5.7,2.7,16.42,1.23,2.7,4.2,
2022-07-29,2792.3287,4170.1019,6294.1144,7117.4341,20156.51,422.9247,4130.29,6.7437,105.8361,386.1,104,3996,3087.5,,,15.12,22.25,211.5146,216.8622,121.8198,217.7194,239.6839,2.4724,3.1295,2.756,29.27,,,,,,,,7925
2022-07-28,2827.1067,4225.6733,6348.1655,7150.198,20622.68,422.5464,4072.43,6.7411,106.16560000000001,380.72,102.4,4058,3140.71,,,15.31,22.38,211.171,216.7557,121.6301,217.4565,239.5583,2.5224,3.1705,2.785,29.03,,,,,,,,7739
2022-07-27,2829.9217,4225.0357,6332.2327,7099.4335,20670.04,421.49,4023.61,6.7731,106.48610000000001,376.64,102.33,3916,3133.45,,,15.34,22.24,211.2968,216.7147,121.7135,217.5948,239.5237,2.4949,3.1705,2.7701,29.26,,,,,,,,7654.5
2022-07-26,2854.6387,4245.9758,6307.956,7027.4189,20905.88,419.5813,3921.05,6.7483,107.2352,377.46,99.72,3888,3150.05,,,15.42,22.08,211.2304,216.6306,121.6851,217.4273,239.4105,2.4847,3.1734,2.77,29.91,,,,,,,,7545
2022-07-25,2837.2596,4212.6441,6231.2355,6948.9088,20562.94,416.9502,3966.84,6.754300000000001,106.55179999999999,377.18,99.96,3859,3034.18,,,15.3,21.82,211.0634,216.5033,121.5981,217.2384,239.2711,2.5185,3.1984,2.779,29.55,,,,,,,,7482
2022-07-22,2848.436,4238.2341,6289.5325,7034.5975,20609.14,418.4538,3961.63,6.7522,106.55179999999999,375.98,98.75,3863,3002.04,,,15.38,22.08,210.9426,216.3374,121.5586,217.1332,239.082,2.5298,3.2034,2.787,29.94,,,,,,,,7389.5
2022-07-21,2836.6615,4236.0578,6347.5984,7075.2943,20574.63,419.5059,3998.95,6.762,106.56729999999999,370.32,103.89,3831,3009.45,,,15.36,22.22,211.0516,216.2693,121.6323,217.2088,239.0028,2.5068,3.2051,2.7635,30.05,,,,,,,,7299
2022-07-20,2874.0775,4283.8027,6410.7088,7110.1043,20890.22,420.5902,3959.9,6.746499999999999,107.0345,373.52,106.61,3830,3043.39,,,15.55,22.37,210.8949,216.1647,121.5513,217.0076,238.8675,2.5248,3.2312,2.771,29.92,,,,,,,,7330.5
2022-07-19,2865.6029,4269.3401,6335.7093,7009.3239,20661.06,419.2011,3936.69,6.745100000000001,106.70890000000001,373.84,107.27,3774,3044.66,,,15.5,22.1,210.6881,216.0668,121.4411,216.8831,238.7363,2.5473,3.2411,2.7859,29.89,,,,,,,,7298
2022-07-18,2878.6393,4292.5858,6312.3557,6953.9319,20846.18,418.8194,3830.85,6.744700000000001,107.46,374.98,105.69,3780,3033.38,,,15.59,21.87,210.6728,215.9756,121.4425,216.8731,238.621,2.5448,3.2401,2.7837,30.37,,,,,,,,7384.5
2022-07-15,2839.3936,4248.5273,6196.7999,6852.8163,20297.72,416.1316,3863.16,6.750300000000001,107.98169999999999,373.38,101.13,3589,2943.26,,,15.51,21.45,210.5546,215.8326,121.4044,216.7317,238.4405,2.5548,3.2601,2.7857,30.51,,,,,,,,7174.5
2022-07-14,2895.299,4322.0742,6302.4319,6920.8735,20751.21,416.9173,3790.38,6.7265,108.63789999999999,376.1,99.71,3833,3087.48,,,15.77,21.77,210.4238,215.7363,121.3385,216.6398,238.335,2.5673,3.259,2.7907,30.31,,,,,,,,7104
2022-07-13,2914.2949,4321.4617,6268.4943,6834.9024,20797.95,415.2287,3801.78,6.7282,108.0452,375.6,99.85,3910,3140.11,,,15.8,21.61,210.2217,215.6335,121.231,216.4955,238.2131,2.5997,3.2609,2.8067,30.24,,,,,,,,7400
2022-07-12,2922.0045,4313.6184,6241.4793,6779.5552,20844.74,414.5286,3818.8,6.728700000000001,108.1571,378.2,99.22,3910,3107.81,,,15.77,21.47,210.1019,215.5096,121.1714,216.3799,238.0629,2.6097,3.2754,2.8117,30.39,,,,,,,,7294
2022-07-11,2942.2959,4354.6167,6319.1402,6893.6346,21124.2,416.4564,3854.43,6.696,108.2193,377,106.41,4049,3090.05,,,15.92,21.8,209.8627,215.4283,121.0423,216.1949,237.9559,2.6297,3.2847,2.8266,29.68,,,,,,,,7608
2022-07-08,2993.3063,4428.781,6404.4393,7000.785,21725.78,419.3863,3899.38,6.7098,106.8951,377.04,107.15,4196,3133.38,,,16.2,22.06,209.6768,215.2988,120.9648,216.0018,237.7988,2.6622,3.3078,2.8384,28.98,,,,,,,,7773.5
2022-07-07,2989.2081,4443.4736,6452.9863,7041.8666,21643.58,419.5823,3902.62,6.714300000000001,107.0716,377.44,104.1,4209,3128.09,,,16.24,22.17,209.7479,215.2531,121.0166,215.9708,237.7511,2.6697,3.3072,2.8356,29.09,,,,,,,,7860
2022-07-06,2996.7279,4423.9698,6418.5453,6953.9802,21586.66,417.5138,3845.08,6.7246,107.0829,382.86,99.8,4245,3131.48,,,16.17,21.95,209.7342,215.2,121.0189,215.9648,237.6886,2.6656,3.3265,2.8356,28.51,,,,,,,,7596
2022-07-05,3052.1113,4489.5383,6511.5297,7036.002,21853.07,420.5646,3831.39,6.6986,106.521,390.52,104.8,4238,3214.22,,,16.42,22.28,209.6247,215.1292,120.9654,215.8123,237.5969,2.6764,3.3203,2.8333,26.69,,,,,,,,7625
2022-07-04,3050.1516,4496.0303,6523.1311,7076.3219,21830.35,420.8635,,6.7071000000000005,105.1764,390.92,113.83,4168,3254.63,,,16.44,22.41,209.678,215.1307,121.0067,215.9857,237.5986,2.6618,3.3187,2.8445,25.74,,,,,,,,7970
2022-07-01,3045.2687,4466.7179,6438.5375,6994.5009,,418.6406,3825.33,6.686300000000001,105.116,388.94,111.48,4265,3276.09,,,16.36,22.2,209.8972,215.1097,121.1654,216.1507,237.5613,2.6121,3.2989,2.8255,24.55,,,,,,,,8055
2022-06-30,3058.3976,4485.0108,6454.0778,6995.5297,21859.79,418.617,3785.38,6.7114,104.70570000000001,392.7,109.2,4378,3293.43,11.4,10.8,16.53,21.7,209.8411,215.0317,121.1429,216.0284,237.4676,2.6153,3.3105,2.8205,24.1,50.2,6.1,3.1,15.38,-0.33,2.5,6.1,8237.5
2022-06-29,3009.2359,4421.357,6374.2974,6900.9926,21996.89,416.4942,3818.83,6.703500000000001,105.11290000000001,393.34,112.3,4360,3249.79,,,16.28,21.49,209.6855,215.0023,121.0624,215.8579,237.4308,2.6392,3.3199,2.8294,23.59,,,,,,,,8409.5
2022-06-28,3039.4133,4490.5166,6501.352,7079.7247,22418.97,419.8248,3821.55,6.693,104.50009999999999,393.86,114,4349,3142.64,,,16.55,21.99,209.6451,214.9789,121.0492,215.8364,237.3964,2.6591,3.3121,2.8414,22.87,,,,,,,,8400
2022-06-27,3013.948,4444.2639,6407.7447,7002.934,22229.52,417.4592,3900.11,6.685,103.9569,396.32,111.21,4274,3158.88,,,16.37,21.71,209.7162,215.0155,121.1009,215.9053,237.4436,2.6397,3.2914,2.8329,22.4,,,,,,,,8357
2022-06-24,2974.7537,4394.7723,6368.2827,6931.6542,21719.06,414.4138,3911.74,6.7,104.1303,393.64,108.99,4189,3141.87,,,16.17,21.48,210.0349,215.0021,121.3176,216.1061,237.4252,2.596,3.2627,2.7978,21.75,,,,,,,,8322
2022-06-23,2935.8829,4343.8781,6300.4746,6845.4548,21273.87,412.2392,3795.73,6.7079,104.4105,396.7,106.2,4235,3169.23,,,15.97,21.25,210.1519,214.9729,121.3961,216.1749,237.3894,2.5842,3.268,2.7803,21.67,,,,,,,,8337
2022-06-22,2892.2861,4270.6227,6179.57,6691.8118,21008.34,410.2143,3759.89,6.7109,104.2163,396.2,110.03,4128,3120.71,,,15.68,20.83,210.1234,214.9048,121.3897,216.109,237.3019,2.5888,3.2643,2.7773,21.55,,,,,,,,8786
2022-06-21,2926.475,4325.5657,6277.0014,6779.1447,21559.59,410.8232,3764.79,6.6851,104.4244,396.26,114.89,4224,3173.8,,,15.89,21.13,210.0701,214.8558,121.369,216.0088,237.2498,2.6028,3.2721,2.7853,21.36,,,,,,,,8965
2022-06-20,2924.9151,4330.4328,6330.3942,6848.7548,21163.91,412.0419,,6.712,104.50450000000001,397,114.21,4149,3152.48,,,15.9,21.34,210.081,214.8258,121.3856,216.0367,237.2114,2.6062,3.2626,2.7853,21.28,,,,,,,,8930.5
2022-06-17,2936.1999,4309.0444,6316.3092,6774.7375,21075,413.3896,3674.84,6.6923,104.6682,398.58,113.61,4354,3084.4,,,15.81,21.15,210.1559,214.7402,121.4601,216.1211,237.1264,2.5852,3.2633,2.7752,21.28,,,,,,,,8949
2022-06-16,2891.3354,4250.0614,6264.822,6696.7629,20845.43,411.866,3666.77,6.709900000000001,103.83260000000001,395.76,119.03,4506,3100.48,,,15.59,21,210.0815,214.6351,121.427,216.0104,236.9999,2.5844,3.2725,2.7728,21.19,,,,,,,,9126
2022-06-15,2923.9889,4278.2178,6261.0613,6653.7617,21308.21,411.3642,3789.99,6.7518,104.86940000000001,394.46,118.98,4547,3126.53,,,15.69,20.93,209.9979,214.5938,121.3885,215.9102,236.9605,2.6008,3.2735,2.7827,20.95,,,,,,,,9208
2022-06-14,2882.7031,4222.3114,6275.5652,6665.253,21067.99,408.8587,3735.48,6.7482,105.4807,396.9,121.09,4617,3059.68,,,15.47,20.98,210.0235,214.5639,121.4137,215.9088,236.9167,2.5921,3.2612,2.7702,21.05,,,,,,,,9147.5
2022-06-13,2844.7236,4189.3527,6233.6194,6674.8036,21067.58,409.0891,3749.63,6.7182,105.22770000000001,404.22,122.36,4691,3013.72,,,15.34,20.92,210.0673,214.5411,121.4496,215.9616,236.8737,2.5901,3.259,2.7652,20.91,,,,,,,,9324.5
2022-06-10,2899.5785,4238.9936,6240.1032,6627.7477,21806.18,409.4418,3900.86,6.6994,104.1926,397.54,121.93,4793,3093.89,,,15.54,20.84,210.0949,214.4665,121.4965,215.969,236.7816,2.5726,3.2752,2.7526,21.15,,,,,,,,9435
2022-06-09,2868.4236,4175.6747,6130.6862,6490.3753,21869.05,406.9543,4017.82,6.681100000000001,103.3279,398.82,122.93,4791,3095.19,,,15.3,20.42,210.0472,214.3718,121.479,215.8902,236.6762,2.5867,3.2973,2.7576,21.04,,,,,,,,9608.5
2022-06-08,2879.3113,4219.8122,6217.8276,6608.8922,22014.59,407.5104,4115.77,6.6634,102.56129999999999,398.02,123.94,4795,3076.46,,,15.44,20.75,209.95,214.2842,121.4325,215.8121,236.5803,2.6035,3.3133,2.7661,21.17,,,,,,,,9735
2022-06-07,2846.8098,4179.1285,6186.5672,6597.8349,21531.67,406.8732,4160.68,6.664899999999999,102.3352,396,121,4719,3103.72,,,15.31,20.72,209.916,214.2808,121.4229,215.7183,236.5724,2.6106,3.2818,2.7576,20.98,,,,,,,,9723
2022-06-06,2825.6505,4166.085,6187.4441,6604.9759,21653.9,406.3201,4121.43,6.6691,102.39819999999999,398,119.99,4750,3062.95,,,15.16,20.74,209.8791,214.3685,121.4117,215.7415,236.6771,2.622,3.2809,2.7776,20.95,,,,,,,,9743
2022-06-03,,,,,,,4108.54,,102.1704,,121.08,,,,,,,,,,,,,,,,,,,,,,,
2022-06-02,2790.3164,4089.5682,6078.4349,6442.9338,21082.13,403.5181,4176.82,6.7095,101.77969999999999,398.98,118.29,4788,3088.78,,,14.96,20.35,209.9673,214.4224,121.5044,215.9089,236.7325,2.563,3.2479,2.7601,21.2,,,,,,,,
2022-06-01,2798.0681,4083.1772,6023.644,6373.3182,21294.94,402.7951,4101.23,6.665100000000001,102.5679,396.36,115.9,4712,3131.08,,,14.92,20.22,210.0088,214.4597,121.539,216.0149,236.7838,2.5488,3.2277,2.7551,21.17,,,,,,,,9520
2022-05-31,2813.2188,4091.5176,6026.2373,6353.3468,21415.2,403.1963,4132.15,6.6607,101.76789999999998,399.04,116.27,4684,3118.44,11.1,10.5,14.96,20.14,210.0714,214.529,121.5859,216.0758,236.8431,2.5255,3.2105,2.7426,21.21,49.6,6.2,-6.7,15.45,3.35,2.1,6.4,9439
2022-05-30,2778.4507,4029.0179,5942.8317,6282.3554,21123.93,402.1952,,6.7048,101.6454,399.92,117.7,4621,3126.75,,,14.75,19.9,210.3747,214.5931,121.7736,216.3166,236.9276,2.4952,3.1841,2.7225,21.23,,,,,,,,9525
2022-05-27,2763.0717,4001.2988,5899.915,6210.0937,20697.36,402.3282,4158.24,6.738700000000001,101.6429,402.14,115.32,4576,3164.05,,,14.59,19.7,210.5358,214.5244,121.8987,216.4132,236.8496,2.4741,3.1626,2.6974,21.15,,,,,,,,9490
2022-05-26,2744.8984,3993.0446,5911.5607,6227.0994,20116.2,402.2168,4057.84,6.6766,101.7557,400.36,114.46,4505,3182.74,,,14.54,19.79,210.4852,214.4472,121.8794,216.3768,236.7607,2.4796,3.1721,2.71,20.95,,,,,,,,9386.5
2022-05-25,2743.4166,3983.1784,5844.2546,6188.2694,20171.27,401.1466,3978.73,6.655,102.1262,398.84,111.51,4541,3155.27,,,14.5,19.59,209.9801,214.3596,121.5942,216.0925,236.6562,2.5288,3.1966,2.7575,21.21,,,,,,,,9376
2022-05-24,2734.1923,3959.1541,5745.6751,6081.6423,20112.1,399.2585,3941.48,6.6566,101.7692,398.08,113.84,4468,3130.46,,,14.44,19.22,209.8532,214.3258,121.5302,216.126,236.6153,2.5187,3.2111,2.765,21.21,,,,,,,,9484
2022-05-23,2782.5478,4053.9823,5965.7277,6343.4672,20470.06,404.2005,3973.75,6.6756,102.0767,397.16,113.47,4604,3204.7,,,14.79,20.01,209.7915,214.2427,121.5044,216.0895,236.5166,2.5026,3.2205,2.7675,21.11,,,,,,,,9531
2022-05-20,2807.942,4077.5998,5929.4882,6263.4432,20717.24,403.3075,3901.36,6.7487,103.0334,397.18,112.91,4638,3275.07,,,14.89,19.75,209.5723,214.1152,121.4069,215.863,236.3715,2.5128,3.2331,2.79,20.9,,,,,,,,9421
2022-05-19,2744.545,3999.5984,5838.4074,6180.1862,20120.68,401.4448,3900.79,6.7524,102.8934,394.96,111.5,4579,3316.78,,,14.59,19.47,209.6516,214.0529,121.4637,215.9758,236.3016,2.5015,3.2387,2.7774,20.97,,,,,,,,9440
2022-05-18,2745.5279,3991.9069,5797.4896,6127.8036,20644.28,401.1899,3923.68,6.7421,103.9245,393.32,109.25,4532,3244,,,14.57,19.32,209.5658,213.9497,121.4237,215.8554,236.1834,2.4971,3.2327,2.7801,20.81,,,,,,,,9180.5
2022-05-17,2756.74,4005.8934,5816.3379,6118.4572,20602.52,401.3315,4088.85,6.7854,103.29709999999999,397.98,112.83,4650,3267.98,,,14.62,19.35,209.3979,213.8349,121.3355,215.6861,236.0551,2.5316,3.242,2.8178,20.87,,,,,,,,9336
2022-05-16,2720.4055,3956.5378,5791.0809,6082.8819,19950.21,399.631,4008.01,6.787100000000001,104.22300000000001,395.84,114.03,4679,3308.29,,,14.4,19.29,209.2757,213.7384,121.2742,215.5108,235.9426,2.5543,3.2683,2.8216,,,,,,,,,9290
2022-05-13,2748.2369,3988.6002,5796.8014,6071.6673,19898.77,399.3722,4023.89,6.7898,104.4509,399.66,111.22,4670,3256.43,,,14.52,19.26,209.2665,213.5819,121.2997,215.5383,235.7554,2.5505,3.2797,2.814,20.66,,,,,,,,9212.5
2022-05-12,2721.7699,3958.74,5743.1007,6034.5727,19380.34,397.5085,3930.08,6.7292,104.7536,404.24,107.92,4612,3116.46,,,14.41,19.11,209.2597,213.4672,121.3061,215.4967,235.6277,2.5509,3.291,2.8055,20.45,,,,,,,,9041
2022-05-11,2741.2324,3976.4231,5737.8173,6003.0282,19824.57,397.6217,3935.18,6.729,104.02,399.94,107.51,4681,3165.86,,,14.5,19.02,209.109,213.3638,121.228,215.3933,235.5083,2.5723,3.3103,2.824,20.29,,,,,,,,9281.5
2022-05-10,2718.3706,3919.8684,5690.0868,5950.6674,19633.69,394.9532,4001.05,6.7134,103.92779999999999,402.3,101.6,4607,3205.12,,,14.25,18.92,209.1861,213.2843,121.2835,215.4666,235.4006,2.5582,3.3306,2.8089,20.22,,,,,,,,9275
2022-05-09,2695.1325,3877.4364,5608.5162,5840.8902,,393.08,3991.24,6.689900000000001,103.72639999999998,405.36,105.25,4654,3177.51,,,14.09,18.63,209.0457,213.1933,121.2115,215.2304,235.2878,2.5837,3.3474,2.8154,20.15,,,,,,,,9270
2022-05-07,,,,,,,,,,,,,,,,,,,,,,,2.604,3.3566,2.8263,20.36,,,,,,,,
2022-05-06,2719.7611,3908.815,5563.7693,5764.6919,20001.96,393.1603,4123.34,6.6332,103.6617,403.6,113.22,4734,3133.95,,,14.22,18.41,208.8795,213.0482,121.1449,215.0769,235.1125,2.6029,3.3484,2.8273,20.07,,,,,,,,9388
2022-05-05,2800.9291,4010.2102,5686.7023,5836.9281,20793.4,395.8888,4146.87,6.5672,103.5715,404.52,111.06,4923,3298.9,,,14.6,18.71,208.8803,212.9821,121.1556,215.0811,235.0253,2.5997,3.3525,2.8282,20.14,,,,,,,,9459.5
2022-05-04,,,,,20869.52,,4300.17,,102.51219999999999,,110.22,,,,,,,,,,,,,,,,,,,,,,,9510
2022-05-03,,,,,21101.89,,4175.48,,103.4861,,105.94,,,,,,,,,,,,,,,,,,,,,,,9454
2022-05-02,,,,,,,4155.38,,103.6027,,107.64,,,,,,,,,,,,,,,,,,,,,,,
2022-04-30,,,,,,,,,,,,,,10.5,10.2,,,,,,,,,,,,47.4,6.8,-11.1,2.23,0.02,2.1,8,
2022-04-29,2805.3359,4016.241,5627.9021,5734.4931,21089.39,394.3014,4131.93,6.617699999999999,103.2173,405.82,106.08,4910,3314.41,,,14.86,17.84,208.7414,212.8128,121.1361,214.8962,234.825,2.5942,3.3642,2.8386,19.79,,,,,,,,9714
2022-04-28,2769.7122,3921.1073,5418.7641,5493.9075,20276.17,389.6477,4287.5,6.5628,103.6704,400.82,107.12,4850,3206.24,,,14.5,17.16,208.61,212.7676,121.0692,214.8102,234.7788,2.6243,3.3777,2.8486,19.8,,,,,,,,9764.5
2022-04-27,2734.5403,3895.5361,5437.0374,5540.7173,19946.36,389.2297,4183.96,6.5598,102.9669,400.9,104.94,4864,3115.41,,,14.4,17.14,208.7821,212.7494,121.1807,214.9957,234.7538,2.5831,3.3722,2.8411,19.75,,,,,,,,9855
2022-04-26,2681.0281,3784.1198,5234.0059,5266.5515,19934.71,384.4024,4175.2,6.559,101.73930000000001,401.3,104.87,4829,3167.87,,,13.97,16.46,208.88,212.6932,121.2485,215.1178,234.6893,2.5668,3.3816,2.826,19.65,,,,,,,,9800
2022-04-25,2683.4127,3814.9127,5369.7171,5431.6079,19869.34,386.2618,4296.12,6.490899999999999,101.7435,404.42,102.38,4778,3165.01,,,14.09,16.78,208.8602,212.6205,121.2473,215.0886,234.6073,2.555,3.3959,2.816,19.23,,,,,,,,9836.5
2022-04-24,,,,,,,,,,,,,,,,,,,,,,,2.5696,3.4003,2.8335,19.02,,,,,,,,
2022-04-22,2814.1273,4013.2498,5740.9844,5891.8083,20638.52,394.1581,4271.78,6.4596,101.1233,406.8,105.72,4964,3346.45,,,14.75,18.12,208.659,212.5479,121.1601,214.946,234.528,2.5738,3.4039,2.8409,18.41,,,,,,,,10069
2022-04-21,2797.5293,3995.83,5759.8013,5981.3843,20682.22,393.9632,4393.66,6.4098,100.6273,405.06,108.83,5058,3308.96,,,14.71,18.36,208.6819,212.4832,121.184,214.913,234.449,2.5715,3.4131,2.8259,18.4,,,,,,,,10298
2022-04-20,2835.3517,4070.7889,5956.9208,6234.2514,20944.67,397.7599,4459.45,6.3996,100.3037,400.06,107.23,5106,3399.84,,,15,19.08,208.5316,212.4701,121.106,214.8656,234.4316,2.5461,3.4388,2.833,18.37,,,,,,,,10245
2022-04-19,2861.567,4134.9017,6092.3963,6345.7861,21027.76,400.3703,4462.21,6.372,100.9863,405.1,107.6,5011,3576.73,,,15.25,19.36,208.5735,212.4783,121.141,214.9838,234.4673,2.5462,3.4514,2.8208,18.21,,,,,,,,10323.5
2022-04-18,2887.7208,4166.3844,6074.0069,6326.0246,,399.581,4391.69,6.3763000000000005,100.7877,408.02,112.84,5063,3561.96,,,15.36,19.24,208.4944,212.4396,121.1048,214.9879,234.4193,2.5464,3.4618,2.8107,18.02,,,,,,,,
2022-04-15,2930.5784,4188.7472,6070.7489,6275.0725,,398.9669,,6.3896,100.52010000000001,405.82,,5049,3685.71,,,15.45,18.96,208.8256,212.4008,121.3307,215.2278,234.3894,2.5002,3.445,2.7578,18.3,,,,,,,,
2022-04-14,2928.5962,4191.5684,6126.4902,6359.7083,21518.08,399.3513,4392.59,6.354,100.3048,404.32,111.66,5004,3670.34,,,15.46,19.25,208.7738,212.3265,121.3106,215.1177,234.2882,2.5296,3.4723,2.7656,18.01,,,,,,,,10332
2022-04-13,2882.2788,4139.737,6044.3263,6286.2509,21374.37,397.7377,4446.59,6.3752,99.8387,403.7,108.88,4915,3538.16,,,15.26,19.01,208.6515,212.2089,121.2491,214.8675,234.1607,2.5545,3.4791,2.7631,17.88,,,,,,,,10301
2022-04-12,2894.2583,4179.9727,6126.9065,6414.4186,21319.13,399.2226,4397.45,6.379500000000001,100.3367,401.78,104.93,5035,3571.72,,,15.41,19.25,208.5917,212.1446,121.2243,214.7916,234.0988,2.5739,3.4978,2.7705,18.07,,,,,,,,10302.5
2022-04-11,2846.38,4100.0703,6029.8935,6328.0652,21208.3,398.0956,4412.53,6.3645,99.9775,399.6,99.35,4867,3652.82,,,15.12,18.93,208.6133,212.0912,121.2474,214.8166,234.0233,2.5684,3.4888,2.768,17.83,,,,,,,,10157.5
2022-04-08,2925.4913,4230.7669,6224.1167,6575.2832,21872.01,402.0154,4488.28,6.3652999999999995,99.843,396.04,102.4,5019,3795.88,,,15.64,19.59,208.6805,211.9664,121.3181,214.9216,233.8739,2.5467,3.5205,2.7529,18.22,,,,,,,,10344
2022-04-07,2902.4818,4209.0998,6221.5908,6623.5857,21808.98,401.8401,4500.21,6.365900000000001,99.7712,394.94,101.41,5070,3696.09,,,15.48,19.66,208.6778,211.8542,121.3269,214.9302,233.7342,2.5468,3.5229,2.7394,18.29,,,,,,,,10313.5
2022-04-06,2931.1983,4263.8411,6356.9271,6764.2883,22080.52,404.9921,4481.15,6.379900000000001,99.64569999999999,394.5,101.65,5121,3837.52,,,15.67,20.09,208.4251,211.7462,121.1884,214.7516,233.601,2.5589,3.5528,2.7604,18.29,,,,,,,,10302.5
2022-04-05,,,,,,,4525.12,,99.4903,,105.68,,,,,,,,,,,,,,,,,,,,,,,10432
2022-04-04,,,,,22502.31,,4582.64,,99.01219999999999,,107.98,,,,,,,,,,,,,,,,,,,,,,,10425
2022-04-02,,,,,,,,,,,,,,,,,,,,,,,2.5806,3.5739,2.7714,18.07,,,,,,,,
2022-04-01,2943.2437,4276.158,6364.5206,6772.6042,22039.55,404.0453,4545.86,6.350899999999999,98.5709,396.26,104.75,5160,3734.58,,,15.74,20.02,208.1149,211.511,121.0576,214.4108,233.3118,2.5903,3.5908,2.7743,18.23,,,,,,,,10269.5
2022-03-31,2898.8261,4222.5968,6324.9609,6772.0652,21996.85,399.8968,4530.41,6.3482,98.3618,394.34,105.65,5061,3616.68,9.7,10.5,15.54,19.94,207.9441,211.4078,120.9674,214.2215,233.1895,2.6196,3.6085,2.7878,18.25,49.5,9.3,-3.525412,13.44,0.45,1.5,8.3,10367
2022-03-30,2915.4906,4254.0989,6377.8744,6864.7486,22232.03,400.1937,4602.45,6.3566,97.8297,394.74,111,5034,3573.19,,,15.66,19.99,207.991,211.3257,121.0054,214.1744,233.0921,2.634,3.6309,2.7703,18.11,,,,,,,,10371
2022-03-29,2842.1531,4134.1441,6253.0692,6725.677,21927.63,395.2259,4631.6,6.364,98.4257,395.54,108.56,5012,3381.23,,,15.22,19.72,207.8108,211.2916,120.9097,214.0201,233.0361,2.6636,3.6209,2.7853,18.07,,,,,,,,10351
2022-03-28,2853.1819,4148.4663,6283.2814,6767.2513,21684.97,395.6909,4575.52,6.3732,99.152,397.68,106.6,5058,3436.93,,,15.31,19.77,207.8096,211.2454,120.9194,214.0507,232.9742,2.6633,3.6117,2.7903,18.36,,,,,,,,10360
2022-03-25,2856.4277,4174.5742,6268.2376,6819.8127,21404.88,397.4053,4543.06,6.373900000000001,98.8103,401.7,116.83,5013,3369.98,,,15.42,19.76,207.6837,211.1525,120.8764,213.9642,232.8591,2.6727,3.5973,2.7972,18.22,,,,,,,,10277
2022-03-24,2903.617,4251.3061,6344.115,6900.8066,21945.95,400.7837,4520.16,6.364,98.7894,399.02,114.6,4945,3361.34,,,15.75,20,207.5674,211.1248,120.8182,213.8613,232.824,2.6773,3.6204,2.8052,18.4,,,,,,,,10310
2022-03-23,2916.5081,4276.5174,6398.1009,6966.9526,22154.08,404.805,4456.24,6.3558,98.64699999999999,394.72,117.66,4983,3415.7,,,15.79,20.2,207.4074,211.1127,120.7344,213.8013,232.8102,2.6846,3.6214,2.8302,18.16,,,,,,,,10425
2022-03-22,2900.7676,4255.295,6358.1093,6923.4427,21889.28,406.2676,4511.61,6.3664,98.4386,397.16,110.93,4918,3353.97,,,15.72,20.01,207.3785,211.1041,120.7278,213.7692,232.7865,2.6863,3.6137,2.8302,17.99,,,,,,,,10280
2022-03-21,2892.1069,4258.7459,6358.943,6954.4056,21221.34,406.8595,4461.18,6.367699999999999,98.4923,394.76,112.46,4923,3240.44,,,15.72,20.08,207.6041,211.1004,120.8711,213.9837,232.7999,2.6513,3.5846,2.8127,18.03,,,,,,,,10269.5
2022-03-18,2913.1854,4265.9017,6332.2166,6879.3659,21412.4,406.5597,4463.12,6.342499999999999,98.22819999999999,395.9,105.4,4953,3245.3,,,15.8,19.94,207.6879,211.0409,120.9517,214.0527,232.7493,2.6359,3.5893,2.7927,18,,,,,,,,10306
2022-03-17,2877.2192,4237.6956,6267.5244,6818.5448,21501.23,403.5991,4411.67,6.3406,98.01749999999998,395.44,107.01,4902,3103.19,,,15.52,19.73,207.5771,210.9899,120.8968,213.8968,232.7073,2.6577,3.5929,2.7876,18.22,,,,,,,,10253.5
2022-03-16,2827.7497,4156.081,6156.2714,6692.9664,20087.5,400.7025,4357.86,6.38,98.37549999999999,391.04,98.04,4904,2979.76,,,15.21,19.34,207.5489,210.9992,120.8906,213.8226,232.717,2.669,3.5965,2.7952,18.07,,,,,,,,10133.5
2022-03-15,2702.8532,3983.812,5964.9813,6473.4807,18415.08,393.703,4262.45,6.376,98.9916,394.46,98.75,4753,2892.44,,,14.55,18.73,207.4825,211.0614,120.8619,213.7785,232.777,2.7181,3.5713,2.8177,18.14,,,,,,,,9892
2022-03-14,2851.8769,4174.7577,6323.5779,6800.5947,19531.66,400.2649,4173.11,6.3506,99.11930000000001,402.5,106,4695,3118.63,,,15.2,19.82,208.077,211.1384,121.2229,214.3441,232.8756,2.6073,3.5534,2.7677,18.12,,,,,,,,9887.5
2022-03-11,2935.684,4306.5217,6474.1269,6990.7781,20553.79,402.8133,4204.31,6.3306,99.1263,404.78,112.12,4917,3182.14,,,15.7,20.39,207.656,210.9047,121.0058,213.9018,232.5876,2.639,3.5866,2.7902,18.28,,,,,,,,10101
2022-03-10,2933.4611,4292.8374,6414.9402,6952.5204,20890.26,402.4007,4259.52,6.310499999999999,98.51599999999999,404,109.18,4896,3178.25,,,15.66,20.25,207.1966,210.9835,120.7451,213.6014,232.6991,2.7183,3.6285,2.8502,18.33,,,,,,,,10130
2022-03-09,2907.1781,4226.3463,6305.6093,6796.0393,20627.71,396.9639,4277.88,6.3178,97.96010000000001,417.16,112.51,4907,3154.93,,,15.41,19.84,207.2487,211.0829,120.7863,213.6541,232.8313,2.6889,3.6521,2.8426,18.56,,,,,,,,9977
2022-03-08,2933.1637,4265.391,6429.8888,6871.2202,20765.87,399.7518,4170.7,6.318499999999999,99.1289,412.2,129.47,4956,3252.92,,,15.53,20.16,207.4448,211.2092,120.9125,213.8808,233.008,2.6567,3.6156,2.8276,18.32,,,,,,,,10334.5
2022-03-07,2974.6762,4352.7775,6659.3902,7085.7316,21057.63,407.5193,4201.09,6.3478,99.2599,403.3,124.37,5094,3362.07,,,15.82,20.83,207.3681,211.2465,120.8776,213.678,233.062,2.6544,3.6124,2.8126,18.21,,,,,,,,10315
2022-03-04,3062.3824,4496.4301,6803.8337,7241.5625,21905.29,416.0579,4328.87,6.3288,98.5113,394.64,118.05,4901,3366.46,,,16.37,21.29,207.2835,211.2314,120.859,213.5506,233.0228,2.681,3.6076,2.8125,18.63,,,,,,,,10600
2022-03-03,3097.0887,4551.6283,6859.5522,7342.6135,22467.34,420.7847,4363.49,6.3016,97.72670000000001,393.2,110.44,4880,3409.22,,,16.59,21.56,207.2043,211.3165,120.8226,213.6234,233.125,2.6921,3.5721,2.83,18.3,,,,,,,,10416.5
2022-03-02,3107.2405,4578.6007,6875.2404,7414.3087,22343.92,423.1276,4386.54,6.335100000000001,97.3539,394.5,114.54,4860,3357.79,,,16.71,21.64,207.4209,211.4197,120.9609,213.9608,233.2643,2.6497,3.5366,2.8175,18.37,,,,,,,,10255
2022-03-01,3125.6905,4619.6862,6874.0447,7429.4432,22761.71,424.3296,4306.26,6.3014,97.40440000000001,389.14,107.65,4837,3338.6,,,16.91,21.62,207.5937,211.4383,121.0733,214.214,233.3045,2.6159,3.5191,2.8025,18.66,,,,,,,,10080
2022-02-28,3080.7774,4581.6459,6853.3081,7419.8306,22713.02,423.0582,4373.94,6.3222,96.7063,389.02,98.12,4693,3302.2,9.2,10.2,16.77,21.57,207.8028,211.449,121.2072,214.3544,233.3216,2.5773,3.5015,2.775,18.54,50.2,12.2,6.7,5.09,11.36,0.9,8.8,9859.5
2022-02-25,3075.5872,4573.4247,6819.4311,7361.9573,22767.18,422.4421,4384.65,6.3346,96.5433,391.42,94.56,4617,3325.51,,,16.74,21.46,207.6569,211.3686,121.1522,214.1582,233.2282,2.5784,3.5147,2.775,18.64,,,,,,,,9860
2022-02-24,3059.6409,4529.3189,6764.8756,7285.1172,22901.56,420.9504,4288.7,6.328,97.0908,396.04,95.89,4637,3337.22,,,16.57,21.28,207.5332,211.3618,121.0896,214.1924,233.23,2.6061,3.5201,2.7875,19.08,,,,,,,,9853
2022-02-23,3118.0376,4623.0465,6887.4236,7450.3998,23660.28,423.3535,4225.5,6.3313,96.2042,387.58,94.73,4786,3413.46,,,16.92,21.79,207.4202,211.3459,121.0333,214.1187,233.2111,2.5944,3.5261,2.79,18.96,,,,,,,,9846
2022-02-22,3102.3249,4574.1527,6784.7622,7279.2355,23520,420.004,4304.76,6.348700000000001,96.08439999999999,390.72,96.5,4734,3451.09,,,16.72,21.42,207.2627,211.3387,120.9507,214.026,233.2009,2.6251,3.5262,2.82,19.29,,,,,,,,9884
2022-02-21,3144.8649,4634.3141,6867.1129,7334.5912,24170.07,422.3949,,6.3401,96.1321,386,97.35,4845,3469.84,,,16.93,21.7,207.3478,211.4224,121.0113,214.3152,233.3022,2.5203,3.5012,2.83,19.69,,,,,,,,9875
2022-02-18,3162.8215,4651.2358,6835.0217,7251.7923,24327.71,420.7399,4348.87,6.334300000000001,96.1024,386.64,93.61,4779,3436.03,,,17,21.49,207.8153,211.4404,121.3188,214.6675,233.3229,2.4946,3.4855,2.7975,19.76,,,,,,,,9955
2022-02-17,3139.1771,4629.1649,6768.7888,7220.6066,24792.77,417.4562,4380.26,6.3321,95.82159999999999,383.54,92.94,4686,3325.95,,,16.93,21.3,207.9228,211.4173,121.3927,214.7346,233.2961,2.4751,3.4816,2.7799,19.97,,,,,,,,9922.5
2022-02-16,3136.0821,4617.9893,6772.0336,7183.1058,24718.9,416.5981,4475.01,6.3463,95.8266,379.84,92.1,4832,3369.74,,,16.86,21.28,207.7643,211.367,121.3094,214.5462,233.2464,2.4925,3.4812,2.7892,19.84,,,,,,,,9955
2022-02-15,3119.9276,4600.1025,6760.2776,7124.8489,24355.71,414.3198,4471.07,6.360499999999999,95.9863,385.58,93.5,4728,3328.73,,,16.75,21.13,207.7047,211.3721,121.2846,214.496,233.2477,2.5097,3.4739,2.7968,19.96,,,,,,,,9974
2022-02-14,3103.997,4551.6878,6695.6958,7006.0752,24556.57,420.7313,4401.67,6.3664,96.2789,381.7,95.85,4817,3363.69,,,16.52,20.96,207.6642,211.3918,121.2711,214.4854,233.2813,2.5144,3.4582,2.8018,20.22,,,,,,,,9851
2022-02-11,3142.9117,4601.3953,6745.0235,7033.8514,24906.66,433.8082,4418.64,6.368099999999999,96.0309,375.24,95.1,4905,3461.25,,,16.69,21.11,207.751,211.3729,121.3537,214.509,233.2458,2.4932,3.4429,2.7891,20.95,,,,,,,,9830
2022-02-10,3145.1126,4639.8625,6840.485,7175.6171,24924.35,436.6457,4504.08,6.3599000000000006,95.6799,377.4,91.45,4955,3456.99,,,16.83,21.5,208.4545,211.5258,121.7799,215.0562,233.4082,2.437,3.404,2.7328,21.15,,,,,,,,10182
2022-02-09,3139.5636,4652.0609,6843.0271,7211.4299,24829.99,435.4015,4587.18,6.3652999999999995,95.55879999999999,376.58,91.8,4843,3411.59,,,16.89,21.56,208.4191,211.4954,121.7694,214.988,233.3676,2.4431,3.411,2.7328,21.29,,,,,,,,10095
2022-02-08,3116.5048,4608.7729,6742.1921,7080.6181,24329.49,431.3159,4521.54,6.3568999999999996,95.6095,374.8,91.32,4912,3416.03,,,16.73,21.18,208.56,211.4604,121.8631,215.0663,233.3352,2.4337,3.4196,2.7227,21.88,,,,,,,,9820
2022-02-07,3114.2603,4634.0899,6676.6122,7061.6204,24579.55,430.3183,4483.87,6.358,95.41199999999999,372.14,92.95,4847,3383.42,,,16.89,20.98,208.5221,211.4395,121.8511,214.9687,233.2933,2.4384,3.4211,2.7256,22.38,,,,,,,,9850
2022-02-04,,,,,24573.29,,4500.53,,95.4683,,92.52,,,,,,,,,,,,,,,,,,,,,,,9875
2022-02-03,,,,,,,4477.44,,95.341,,91.07,,,,,,,,,,,,,,,,,,,,,,,9823
2022-02-02,,,,,,,4589.38,,95.9872,,89.34,,,,,,,,,,,,,,,,,,,,,,,9863
2022-02-01,,,,,,,4546.54,,96.253,,89.29,,,,,,,,,,,,,,,,,,,,,,,9723
2022-01-31,,,,,23802.26,,4515.55,,96.6369,,89.31,,,9.8,10.5,,,,,,,,,,,,50.1,,,22.74,20.79,0.9,9.1,9539
2022-01-30,,,,,,,,,,,,,,,,,,,,,,,2.4258,3.4062,2.6997,22.08,,,,,,,,
2022-01-29,,,,,,,,,,,,,,,,,,,,,,,2.4304,3.4198,2.7013,21.77,,,,,,,,
2022-01-28,3054.0209,4563.772,6580.53,6973.0104,23550.08,426.0694,4431.85,6.3746,97.2135,370.1,88.88,4829,3328.14,,,16.6,20.68,208.4319,211.0986,121.902,214.7523,232.91,2.4416,3.433,2.7021,21.93,,,,,,,,9496
2022-01-27,3119.2386,4619.8765,6605.9159,6960.1096,23807,426.2429,4326.51,6.3382,97.2288,371.58,88.88,4673,3327.09,,,16.8,20.67,208.157,211.0525,121.7499,214.6163,232.8601,2.4688,3.4431,2.7348,21.68,,,,,,,,9725
2022-01-26,3163.6743,4712.3109,6782.5763,7171.0289,24289.9,430.0907,4349.93,6.3246,96.4886,378.58,88.53,4694,3385.27,,,17.16,21.27,208.3081,211.0431,121.8496,214.6742,232.8192,2.4595,3.4432,2.7146,21.8,,,,,,,,9905.5
2022-01-25,3144.949,4678.4511,6743.9566,7133.0663,24243.61,428.1619,4356.45,6.3418,95.9975,377.92,88.08,4722,3380.68,,,17.03,21.15,208.5811,211.008,122.0215,214.9181,232.7811,2.4299,3.4315,2.6979,21.97,,,,,,,,9846
2022-01-24,3209.7445,4786.7377,6979.2456,7425.402,24656.46,433.7597,4410.13,6.341100000000001,95.8958,377.2,87.17,4665,3503.41,,,17.4,22.02,208.7142,210.9299,122.1107,214.985,232.6817,2.3981,3.4452,2.6751,21.83,,,,,,,,9747
2022-01-21,3218.7352,4779.3142,6976.6155,7388.7443,24965.55,432.8787,4397.94,6.3492,95.6317,378.22,87.9,4711,3473.93,,,17.35,21.98,208.2529,210.7762,121.869,214.5588,232.5075,2.4282,3.4694,2.71,22.05,,,,,,,,9933.5
2022-01-20,3233.7011,4823.5091,7056.7854,7492.6095,24952.35,434.8325,4482.73,6.3485,95.79480000000001,378.4,87.48,4713,3501.33,,,17.5,22.32,207.9777,210.7026,121.7166,214.3279,232.4197,2.4643,3.4896,2.7271,21.81,,,,,,,,10039
2022-01-19,3187.1921,4780.3784,7118.762,7665.1848,24127.85,434.1872,4532.76,6.3624,95.6069,373.06,87.72,4713,3517.63,,,17.33,22.73,207.9473,210.6227,121.7091,214.3156,232.3321,2.4649,3.4981,2.7314,21.61,,,,,,,,9821
2022-01-18,3187.5244,4813.3472,7163.1586,7758.6048,24112.78,433.7878,4577.11,6.352099999999999,95.72980000000001,371.76,88.57,4599,3500.33,,,17.33,22.92,207.5983,210.4306,121.513,214.0649,232.1434,2.4791,3.5426,2.7415,21.76,,,,,,,,9676.5
2022-01-17,3147.6987,4767.2762,7157.8593,7808.0861,24218.03,432.3755,,6.3599000000000006,95.25899999999999,372.52,86.53,4553,3433.45,,,17.17,23,207.0502,210.3557,121.1992,213.5904,232.0646,2.5555,3.5613,2.786,21.82,,,,,,,,9756.5
2022-01-14,3139.0453,4726.7317,7081.1408,7675.3707,24383.32,429.2845,4662.85,6.367699999999999,95.1606,374.58,86.47,4664,3398.64,,,17.01,22.64,206.9423,210.2183,121.1666,213.432,231.872,2.5835,3.5851,2.7935,22.26,,,,,,,,9731.5
2022-01-13,3184.1069,4765.9191,7097.7594,7644.7873,24429.77,433.0591,4659.03,6.3542,94.88220000000001,374.92,84.11,4633,3490.26,,,17.15,22.62,206.9014,210.1816,121.1528,213.4065,231.8371,2.5627,3.5914,2.7858,21.82,,,,,,,,9963
2022-01-12,3236.3081,4845.5787,7196.9327,7779.5237,24402.17,436.4282,4726.35,6.3658,94.9984,373.92,84.84,4632,3544.77,,,17.44,22.97,206.8457,210.1274,121.1304,213.4089,231.7755,2.5616,3.6041,2.7957,22.13,,,,,,,,9986
2022-01-11,3214.5287,4797.7735,7135.2232,7646.6932,23739.06,433.6205,4713.07,6.3684,95.59570000000001,371.94,83.75,4589,3568.27,,,17.24,22.71,206.6819,210.0388,121.0439,213.3236,231.6828,2.5582,3.6103,2.7957,22.2,,,,,,,,9729
2022-01-10,3236.1163,4844.0451,7191.4511,7734.1865,23746.54,436.1707,4670.29,6.3652999999999995,95.95299999999999,368.56,81,4492,3566.28,,,17.4,22.87,206.5212,209.9892,120.9591,213.2093,231.6227,2.5804,3.6341,2.8056,22.84,,,,,,,,9565
2022-01-07,3223.267,4822.3689,7175.676,7682.6973,23493.38,434.6913,4677.03,6.3742,95.7388,368.14,81.93,4526,3522.02,,,17.34,22.74,206.3415,209.8709,120.8841,212.9853,231.4755,2.5973,3.6577,2.8181,22.74,,,,,,,,9674
2022-01-06,3210.3853,4818.2318,7229.9601,7844.5166,23072.86,435.6567,4696.05,6.3728,96.23159999999999,370.64,81.98,4494,3438.11,,,17.33,23.04,206.3621,209.8467,120.9068,212.9545,231.4491,2.6035,3.6562,2.8205,22.94,,,,,,,,9562
2022-01-05,3254.2793,4868.1202,7222.6747,7781.6778,22907.25,434.6335,4700.58,6.3779,96.1734,373.1,80.24,4444,3450.43,,,17.52,22.88,206.5495,209.8043,121.0282,213.1016,231.4342,2.5875,3.6451,2.8045,22.98,,,,,,,,9692
2022-01-04,3264.0657,4917.7653,7354.4562,7983.0677,23289.84,437.6856,4793.54,6.3794,96.2685,371.74,80.16,4395,3423.07,,,17.71,23.34,206.594,209.738,121.0649,213.0728,231.3405,2.5794,3.6563,2.7855,23.35,,,,,,,,9795
2022-01-03,,,,,23274.75,,4796.56,,96.21809999999999,,78.91,,,,,,,,,,,,,,,,,,,,,,,
2021-12-31,3274.3209,4940.3733,7359.4024,8010.3235,23397.67,436.3677,4766.18,6.375699999999999,95.9701,374.7,77.94,4315,3371.59,9,10.3,17.02,26.03,206.6107,209.552,121.1166,213.0556,231.1239,2.5705,3.6602,2.7754,23.08,50.3,4.9,1.7,20.58,19.7,1.5,10.3,9755
2021-12-30,3261.7937,4921.5109,7310.96,7924.5275,23112.01,433.7628,4778.73,6.3674,95.9701,370.8,79.14,4282,3316.75,,,16.97,25.79,206.6462,209.4961,121.1481,213.0005,231.0599,2.5837,3.6741,2.7654,23.17,,,,,,,,9613
2021-12-29,3240.8452,4883.4804,7247.7741,7855.4293,23086.54,431.9629,4793.06,6.373500000000001,95.9059,372.58,79.2,4315,3317.83,,,16.82,25.55,206.3913,209.4135,121.0076,212.8413,230.9756,2.5986,3.6977,2.7854,23.53,,,,,,,,9674.5
2021-12-28,3303.4002,4955.9644,7286.0336,7863.5299,23280.56,433.3359,4786.35,6.3728,96.1703,374.46,78.82,4319,3334.47,,,17.1,25.61,206.2122,209.3248,120.912,212.6731,230.866,2.6178,3.7172,2.8004,23.58,,,,,,,,
2021-12-27,3278.4365,4919.3238,7272.7493,7776.4312,,432.996,4791.19,6.3686,96.0724,373.44,78.62,4307,3350.79,,,16.97,25.4,206.0475,209.2875,120.825,212.6013,230.8178,2.6407,3.7209,2.8128,23.6,,,,,,,,
2021-12-24,3290.2357,4921.3449,7278.7556,7776.6064,23223.76,434.9414,,6.3692,96.13269999999999,373.56,75.59,4519,3349.85,,,16.98,25.45,205.8655,209.2039,120.7486,212.4086,230.7142,2.6555,3.7204,2.8203,23.27,,,,,,,,9597
2021-12-23,3287.1877,4948.7389,7337.19,7932.6616,23193.64,436.2452,4725.79,6.365100000000001,96.06020000000001,372.78,76.51,4479,3394.23,,,17.07,25.89,205.8414,209.1949,120.7448,212.3749,230.7058,2.6707,3.7269,2.8143,23.98,,,,,,,,9639
2021-12-22,3260.5711,4914.4544,7302.463,7930.8115,23102.33,433.5781,4696.56,6.3703,96.4557,368.9,75.65,4438,3440.47,,,16.95,25.83,205.6077,209.1383,120.6168,212.168,230.6457,2.6946,3.7298,2.8303,24,,,,,,,,9642
2021-12-21,3273.0313,4913.4853,7275.4675,7849.0325,22971.33,431.5622,4649.23,6.3729,96.4557,369.72,74.01,4473,3500.36,,,16.95,25.59,205.4597,209.1525,120.5396,212.039,230.6608,2.7098,3.7268,2.8508,23.92,,,,,,,,9555
2021-12-20,3255.3515,4880.4178,7195.9732,7751.9508,22744.86,428.4896,4568.02,6.393299999999999,96.51599999999999,372.34,72.08,4475,3333.62,,,16.83,25.25,205.4747,209.1922,120.5589,212.1141,230.6982,2.6882,3.7283,2.8533,23.7,,,,,,,,9459.5
2021-12-17,3278.8985,4954.7599,7314.5601,7894.1034,23192.63,431.9128,4620.64,6.365100000000001,96.6756,372.78,72.87,4505,3309.06,,,17.08,25.71,205.4602,209.1107,120.5816,212.2292,230.6041,2.6396,3.7306,2.8512,24.24,,,,,,,,9446
2021-12-16,3330.8561,5034.7321,7380.9974,8005.9752,23475.5,432.7934,4668.67,6.3637,95.99000000000001,368.08,74.62,4529,3311.15,,,17.35,26.03,205.359,209.0634,120.5321,212.1385,230.5405,2.6597,3.744,2.8577,23.93,,,,,,,,9477.5
2021-12-15,3318.9801,5005.8991,7314.2586,7955.5813,23420.76,431.3366,4709.85,6.3716,96.3421,364.36,74.42,4441,3293.1,,,17.25,25.79,205.4098,209.0442,120.5727,212.0693,230.5155,2.6628,3.7514,2.8502,23.67,,,,,,,,9257
2021-12-14,3350.4973,5049.6953,7324.1331,7981.8275,23635.95,431.0114,4634.09,6.367500000000001,96.5608,368.52,73.27,4382,3267.78,,,17.39,25.79,205.393,209.0058,120.5731,211.9311,230.4766,2.6857,3.769,2.8477,24.07,,,,,,,,9388
2021-12-13,3366.0678,5083.8007,7353.0306,7984.8993,23954.58,432.9017,4668.97,6.366899999999999,96.35289999999999,368.14,74.32,4415,3306.4,,,17.5,25.83,205.2761,208.9852,120.5144,211.7428,230.4642,2.7098,3.7757,2.8552,23.99,,,,,,,,9465
2021-12-10,3353.6302,5055.1172,7306.646,7949.1249,23995.72,431.1338,4712.02,6.3702,96.04960000000001,365.62,75.27,4322,3332.75,,,17.41,25.66,205.3213,208.8801,120.5724,211.6458,230.3214,2.7187,3.7745,2.8426,24.46,,,,,,,,9454
2021-12-09,3360.1836,5078.6901,7320.3177,7931.7565,24254.86,430.1082,4667.45,6.3498,96.22330000000001,366.72,74.01,4293,3353.24,,,17.48,25.6,205.1828,208.8392,120.5008,211.5064,230.2791,2.7468,3.7868,2.8526,24.55,,,,,,,,9550.5
2021-12-08,3304.708,4995.9298,7302.9905,7922.5518,23996.87,427.1877,4701.21,6.367699999999999,95.9604,368.28,75.93,4350,3293.72,,,17.21,25.58,205.2083,208.8093,120.5263,211.4765,230.2413,2.7565,3.7931,2.8551,24.5,,,,,,,,9653
2021-12-07,3254.4994,4922.1015,7206.8257,7781.4416,23983.66,423.9363,4686.75,6.3738,96.3046,367.88,75.33,4450,3300.2,,,16.95,25.17,205.3453,208.7934,120.618,211.6016,230.2179,2.7387,3.7802,2.8451,24.61,,,,,,,,9550.5
2021-12-06,3228.1422,4892.6209,7240.4558,7906.7563,23349.38,429.9214,4591.67,6.3702,96.27770000000001,368.68,73.6,4359,3262.63,,,16.89,25.49,205.4841,208.7475,120.7108,211.6351,230.1638,2.717,3.7699,2.8176,24.74,,,,,,,,9577
2021-12-03,3221.4223,4901.0175,7301.9173,8023.9634,23766.69,433.9643,4538.43,6.3738,96.17150000000001,365.92,70.14,4384,3258.21,,,16.96,25.78,204.8871,208.5925,120.3878,211.2573,229.9899,2.7448,3.7917,2.8701,24.75,,,,,,,,9417
2021-12-02,3190.8718,4856.163,7229.988,7968.235,23788.93,431.69,4577.1,6.371900000000001,96.1246,367,70.47,4288,3226.95,,,16.81,25.54,205.0176,208.5635,120.4758,211.352,229.9611,2.732,3.8118,2.8601,24.47,,,,,,,,9469.5
2021-12-01,3180.418,4843.851,7272.837,8055.8207,23658.92,431.2233,4513.04,6.369299999999999,96.0407,368.74,68.94,4306,3200.53,,,16.75,25.78,205.1735,208.5008,120.5788,211.4116,229.9061,2.717,3.8107,2.8401,24.61,,,,,,,,9373
2021-11-30,3165.3496,4832.026,7252.7552,8054.2904,23475.26,429.0251,4567,6.3794,95.897,370.24,70.22,4163,3159.96,8.5,10.1,16.73,25.68,205.2564,208.444,120.6385,211.3817,229.8473,2.7119,3.8105,2.825,24.43,50.1,5.2,3.9,21.49,31.32,2.3,12.9,9451
2021-11-29,3187.0485,4851.423,7221.8978,7999.8331,23852.24,428.4649,4655.27,6.3872,96.17200000000001,371.42,73.26,4145,3168.4,,,16.8,25.56,205.311,208.4432,120.6813,211.4559,229.8605,2.699,3.81,2.825,24.54,,,,,,,,9600
2021-11-26,3187.3579,4860.1265,7219.8622,7940.7888,24080.52,426.7086,4594.62,6.3936,96.064,372.7,71.8,4104,3213.24,,,16.78,25.41,205.309,208.3394,120.7116,211.4075,229.726,2.694,3.8072,2.82,24.69,,,,,,,,9445
2021-11-25,3218.0514,4896.4416,7233.5423,7925.7602,24740.16,426.4293,,6.398,96.786,369.78,80.98,4471,3235.92,,,16.89,25.39,204.9892,208.288,120.532,211.2437,229.6566,2.7139,3.8142,2.855,24.5,,,,,,,,9761
2021-11-24,3231.8354,4916.6579,7256.1117,7938.7737,24685.5,426.8673,4701.46,6.390300000000001,96.84299999999999,369.76,81,4502,3245.44,,,16.96,25.46,204.9438,208.2284,120.5155,211.128,229.5721,2.7369,3.8212,2.86,24.36,,,,,,,,9845
2021-11-23,3224.1546,4913.3457,7261.3791,7941.5587,24651.58,426.9951,4690.7,6.392899999999999,96.4934,371.78,82.18,4315,3223.6,,,16.96,25.49,204.6757,208.1612,120.3666,210.9615,229.4983,2.7588,3.8266,2.8875,24.53,,,,,,,,9729
2021-11-22,3212.1514,4912.399,7255.0736,7947.3717,24951.34,427.4367,4682.94,6.3952,96.50359999999999,379.14,79.5,4300,3201.01,,,16.98,25.48,204.6958,208.1052,120.389,210.9472,229.4494,2.7637,3.8305,2.8876,24.39,,,,,,,,9671.5
2021-11-19,3212.9077,4890.0575,7169.8759,7803.7626,25049.97,423.8014,4697.96,6.382499999999999,96.0672,382.74,78.66,4285,3260.83,,,16.85,25.05,204.5027,208.0257,120.3054,210.8192,229.3637,2.7775,3.84,2.9302,24.16,,,,,,,,9651
2021-11-18,3173.3758,4837.6185,7084.6827,7714.7966,25319.72,420.1933,4704.54,6.380300000000001,95.54140000000001,383.54,81.05,4169,3159.56,,,16.67,24.77,204.5616,207.9789,120.3509,210.8053,229.3147,2.7774,3.8366,2.9146,24.34,,,,,,,,9480
2021-11-17,3208.7759,4885.7544,7104.5344,7725.0924,25650.08,420.0533,4688.67,6.3935,95.7991,382.26,80.21,4216,3203.57,,,16.83,24.73,204.441,207.9207,120.2896,210.7156,229.2422,2.787,3.8559,2.9295,24.33,,,,,,,,9363
2021-11-16,3222.1731,4883.3206,7045.9387,7589.1814,25713.78,418.3645,4700.9,6.3924,95.91159999999999,384.02,82.27,4128,3189.95,,,16.79,24.3,204.451,207.8717,120.306,210.7306,229.1865,2.7917,3.8606,2.9244,24.16,,,,,,,,9529
2021-11-15,3221.6866,4882.3777,7098.2129,7676.4847,25390.91,420.9267,4682.8,6.3896,95.5242,382.2,82.17,4138,3217.55,,,16.77,24.56,204.4015,207.8265,120.2869,210.6206,229.1365,2.8077,3.8606,2.9269,24.27,,,,,,,,9667
2021-11-12,3220.5481,4888.3749,7156.6127,7697.8082,25327.97,421.7238,4682.85,6.406499999999999,95.1166,383.6,81.95,4249,3246.48,,,16.82,24.69,204.2102,207.721,120.2043,210.4641,229.0004,2.8387,3.8618,2.9391,24.12,,,,,,,,9745.5
2021-11-11,3233.3702,4898.6529,7119.8589,7593.7315,25247.99,419.0865,4649.27,6.414499999999999,95.15070000000001,383.36,82.64,4443,3295.11,,,16.89,24.41,204.1752,207.7022,120.1939,210.4015,228.9895,2.8416,3.8612,2.9365,24,,,,,,,,9628
2021-11-10,3170.4046,4821.1925,7062.3313,7535.2279,24996.14,415.0191,4646.71,6.3948,94.8998,377.46,82.72,4246,3112.9,,,16.62,24.22,204.396,207.6881,120.3359,210.4993,228.9711,2.8273,3.8508,2.9139,24.06,,,,,,,,9480
2021-11-09,3186.9577,4846.7444,7081.7539,7531.9583,24813.13,414.9267,4685.25,6.390300000000001,93.972,377.46,85.2,4257,3028.35,,,16.73,24.24,204.402,207.6375,120.3499,210.4089,228.9038,2.8229,3.8444,2.8988,24.19,,,,,,,,9568
2021-11-08,3196.2701,4848.1795,7026.9715,7422.9067,24763.77,412.5677,4701.7,6.395900000000001,94.0493,375.9,83.68,4312,3027.93,,,16.74,23.91,204.4628,207.6507,120.3966,210.5458,228.9309,2.8099,3.8354,2.9013,23.71,,,,,,,,9662
2021-11-05,3201.5462,4842.3458,6991.9077,7389.5866,24870.51,410.7653,4697.53,6.398,94.22409999999999,371.74,82.55,4247,2993.14,,,16.7,23.78,204.444,207.5391,120.4167,210.4736,228.8087,2.7848,3.8641,2.8911,23.25,,,,,,,,9504
2021-11-04,3207.2639,4868.7419,7073.8522,7483.6923,25225.19,413.7272,4680.06,6.3943,94.3281,366.58,80.95,4226,3037.03,,,16.8,24.09,204.0035,207.4222,120.1645,210.1895,228.664,2.8099,3.8853,2.9261,23.02,,,,,,,,9413
2021-11-03,3181.4505,4821.1119,7017.8541,7385.1994,25024.75,410.4771,4660.57,6.407900000000001,93.86710000000001,368.04,81.38,4385,3048.16,,,16.62,23.8,203.8749,207.334,120.0983,210.1087,228.5674,2.8477,3.9068,2.9385,22.8,,,,,,,,9480.5
2021-11-02,3212.0258,4839.8457,6985.0998,7368.5999,25099.67,409.4361,4630.65,6.400899999999999,94.107,371.26,84.09,4230,3001.34,,,16.75,23.74,203.8791,207.2088,120.1113,209.9934,228.4206,2.8396,3.9048,2.9259,23,,,,,,,,9514
2021-11-01,3250.915,4890.6851,7060.756,7455.6105,25154.32,411.24,4613.67,6.4192,93.8717,368.78,84.55,4509,3067.65,,,16.75,23.62,203.6077,207.1149,119.96,209.7795,228.3032,2.8727,3.9249,2.9435,22.83,,,,,,,,9501.5
2021-10-31,,,,,,,,,,,,,,8.7,10,,,,,,,,,,,,49.2,6.1,4.9,26.62,20.01,1.5,13.5,
2021-10-29,3267.2491,4908.7701,7022.4992,7385.3049,25377.24,408.1213,4605.38,6.390700000000001,94.1408,370.48,83.53,4646,3092.67,,,17.18,24.11,203.2315,206.9904,119.767,209.5859,228.1482,2.8951,3.9299,2.9732,22.53,,,,,,,,9544
2021-10-28,3239.6104,4864.138,6950.2768,7267.8506,25555.73,405.5449,4596.42,6.3957,93.36059999999999,372.56,83.9,4712,3125.97,,,17,23.7,203.1557,206.8812,119.7323,209.5311,228.015,2.8926,3.9302,2.9682,22.28,,,,,,,,9640
2021-10-27,3247.0966,4898.1644,7048.604,7433.5459,25628.74,408.7573,4551.68,6.3856,93.8649,368.92,83.5,4655,3186.88,,,17.15,24.24,203.002,206.7922,119.651,209.4641,227.9201,2.9085,3.9448,2.9781,22.2,,,,,,,,9573.5
2021-10-26,3290.0363,4963.0984,7102.4335,7508.6886,26038.27,409.7382,4574.79,6.389,93.95909999999999,371.64,85.42,4917,3227.77,,,17.36,24.45,202.9321,206.6986,119.6198,209.3711,227.796,2.9162,3.968,2.978,21.97,,,,,,,,9762
2021-10-25,3312.3031,4979.5235,7103.9856,7532.3726,26132.03,409.2878,4566.48,6.3924,93.83930000000001,370.14,85.17,4825,3296.09,,,17.48,24.51,202.8439,206.6202,119.5777,209.2873,227.7117,2.9352,3.9862,2.9879,21.25,,,,,,,,9843
2021-10-22,3318.1275,4959.7254,7026.0676,7438.4806,26126.93,407.1556,4544.9,6.4032,93.6116,371.08,85.77,4900,3365.21,,,17.41,24.2,202.8445,206.5024,119.6095,209.2254,227.5553,2.9558,3.9897,2.9953,20.39,,,,,,,,9740
2021-10-21,3278.5419,4928.0156,7098.2542,7503.5343,26017.53,408.9145,4549.78,6.389,93.7562,369.54,84.75,4976,3313.05,,,17.31,24.42,202.8822,206.4398,119.6424,209.1523,227.4835,2.9438,3.9986,2.9702,20.17,,,,,,,,9786
2021-10-20,3254.9981,4910.1846,7118.7959,7523.5614,26136.02,409.1481,4536.19,6.406899999999999,93.6112,367.66,85.89,5304,3252.22,,,17.17,24.39,202.6175,206.3848,119.4948,208.9639,227.4132,2.9786,4.0094,2.9978,20.41,,,,,,,,10210
2021-10-19,3256.668,4922.7232,7120.3794,7504.0545,25787.21,408.8601,4519.63,6.430700000000001,93.77969999999999,368.76,85.15,5546,3275.53,,,17.22,24.28,202.4124,206.3174,119.3828,208.7928,227.3299,3.0128,4.0215,3.0102,20.15,,,,,,,,10119
2021-10-18,3229.6313,4874.7753,7068.1048,7429.6256,25409.75,406.645,4486.46,6.43,93.95909999999999,367.58,84.15,5422,3296.46,,,17.07,24.05,202.0528,206.3407,119.1785,208.8438,227.3687,3.0089,4.0094,3.0426,19.8,,,,,,,,10206
2021-10-15,3294.8333,4932.1084,7024.1596,7350.4129,25330.96,404.4551,4471.37,6.4386,93.9657,372.58,84.92,5515,3337.18,,,17.25,23.73,202.8883,206.3363,119.7094,209.3289,227.3851,2.9093,3.9882,2.9683,19.36,,,,,,,,10215
2021-10-14,3270.692,4913.6123,7008.3326,7342.2544,,402.559,4438.26,6.4414,93.9823,373.24,84.07,5465,3351.28,,,17.12,23.76,203.0442,206.3044,119.8131,209.3879,227.3569,2.897,3.9809,2.9581,18.54,,,,,,,,10000
2021-10-13,3292.7624,4940.1089,6981.5947,7289.3627,,401.0766,4363.8,6.4612,94.0244,368.1,83.37,5421,3419.49,,,17.2,23.64,203.044,206.2829,119.8235,209.3703,227.3506,2.8985,3.9709,2.9578,18.1,,,,,,,,9718
2021-10-12,3259.3796,4883.8369,6952.1903,7208.473,24962.59,401.303,4350.65,6.444700000000001,94.5196,368.22,83.38,5562,3434.99,,,16.96,23.52,203.1056,206.2809,119.8708,209.4687,227.3453,2.8943,3.9728,2.9657,17.53,,,,,,,,9454
2021-10-11,3276.4071,4936.1918,7090.4673,7384.8436,25325.09,407.1339,4361.19,6.447900000000001,94.3669,366.16,83.69,5808,3419.39,,,17.12,24.12,203.2307,206.3365,119.9561,209.5357,227.4211,2.8795,3.9537,2.958,17.89,,,,,,,,9531
2021-10-09,,,,,,,,,,,,,,,,,,,,,,,2.8201,3.9331,2.9186,17.68,,,,,,,,
2021-10-08,3256.2613,4929.9409,7091.3356,7425.6688,24837.85,407.7653,4391.34,6.4604,94.1027,367.54,82.58,5750,3384.21,,,17.13,24.22,203.7051,206.4122,120.2713,209.7925,227.53,2.8227,3.9246,2.9131,18.04,,,,,,,,9350
2021-10-07,,,,,24701.73,,4399.76,,94.2227,,82.48,,,,,,,,,,,,,,,,,,,,,,,9306
2021-10-06,,,,,23966.49,,4363.55,,94.2243,,80.83,,,,,,,,,,,,,,,,,,,,,,,9087
2021-10-05,,,,,24104.15,,4345.72,,93.9797,,82.56,,,,,,,,,,,,,,,,,,,,,,,9141.5
2021-10-04,,,,,24036.37,,4300.46,,93.81819999999999,,81.27,,,,,,,,,,,,,,,,,,,,,,,9272.5
2021-10-01,,,,,,,4357.04,,94.0747,,79.24,,,,,,,,,,,,,,,,,,,,,,,9154
2021-09-30,3196.9905,4866.3826,7103.6076,7405.4623,24575.64,407.6524,4307.54,6.4854,94.2638,362.78,78.36,5706,3394.35,8.3,10,16.9,24.15,203.8549,206.212,120.4448,209.7738,227.2879,2.77,3.8959,2.8776,18.83,49.6,7.3,4.4,27.7,16.67,0.7,10.7,8948
2021-09-29,3199.2259,4833.9281,7010.2192,7199.1794,24663.5,402.7527,4359.46,6.4662,94.3703,364.48,77.9,5657,3356.8,,,16.75,23.53,203.8499,206.1507,120.4523,209.6245,227.1981,2.7886,3.885,2.8646,18.96,,,,,,,,9160.5
2021-09-28,3211.1538,4883.828,7198.8966,7468.7328,24500.39,409.1533,4352.63,6.4608,93.7215,364.22,77.43,5634,3382.58,,,16.89,24.44,203.7152,206.1813,120.3822,209.5618,227.2382,2.8366,3.875,2.8769,19.1,,,,,,,,9256
2021-09-27,3199.9747,4877.3698,7170.5899,7467.8178,24208.78,407.5991,4443.11,6.469500000000001,93.42269999999999,367.86,78.63,5564,3272.55,,,16.89,24.43,203.769,206.1936,120.4249,209.6446,227.2557,2.8238,3.8769,2.8825,19.26,,,,,,,,9350.5
2021-09-26,,,,,,,,,,,,,,,,,,,,,,,2.7963,3.8557,2.8797,18.97,,,,,,,,
2021-09-24,3145.112,4849.4277,7380.3843,7695.6176,24192.16,414.166,4455.48,6.459900000000001,93.271,366.78,77.2,5468,3378.77,,,16.72,25.3,203.7856,206.1854,120.4663,209.6308,227.252,2.7973,3.8436,2.8719,19.29,,,,,,,,9355
2021-09-23,3127.8207,4853.1957,7502.8391,7806.8018,24510.98,417.1951,4448.98,6.474899999999999,93.09870000000001,369.26,76.47,5605,3409.65,,,16.7,25.76,203.8372,206.1971,120.5077,209.6749,227.2664,2.7878,3.8412,2.8565,19.45,,,,,,,,9279
2021-09-22,3122.3371,4821.7675,7453.6247,7769.0601,,415.1055,4395.64,6.4693,93.47630000000001,372.52,75.85,5656,3344.32,,,16.62,25.63,203.7399,206.1835,120.46,209.6487,227.235,2.7906,3.836,2.8639,19.64,,,,,,,,9296.5
2021-09-21,,,,,24221.54,,4354.19,,93.2172,,74.68,,,,,,,,,,,,,,,,,,,,,,,9018
2021-09-20,,,,,24099.14,,4357.73,,93.2498,,74.25,,,,,,,,,,,,,,,,,,,,,,,9006
2021-09-18,,,,,,,,,,,,,,,,,,,,,,,2.8214,3.8126,2.8717,20,,,,,,,,
2021-09-17,3161.9221,4855.9402,7395.5645,7730.2239,24920.76,413.3462,4432.99,6.452700000000001,93.2563,367.86,75.49,5478,3266.77,,,16.76,25.39,203.4602,206.1045,120.3451,209.4698,227.1628,2.8201,3.8092,2.8785,19.92,,,,,,,,9267
2021-09-16,3128.5886,4807.6978,7446.9353,7754.9469,24667.85,413.4646,4473.75,6.433,92.8677,371.76,75.67,5541,3251.3,,,16.57,25.51,203.3295,206.1085,120.2773,209.323,227.1815,2.8344,3.7987,2.8885,20.01,,,,,,,,9332
2021-09-15,3146.6337,4867.3187,7592.3059,7972.2325,25033.21,420.6967,4480.7,6.4492,92.4895,374.82,75.5,5518,3331.78,,,16.78,26.2,203.2785,206.0971,120.2573,209.4205,227.1779,2.8385,3.8004,2.9009,19.89,,,,,,,,9608.5
2021-09-14,3188.2607,4917.1617,7556.6157,7916.896,25502.23,421.0035,4443.05,6.45,92.6639,373.82,73.91,5492,3372.99,,,16.98,25.99,203.3011,206.1136,120.2813,209.3618,227.2037,2.8291,3.7965,2.8858,20.03,,,,,,,,9432.5
2021-09-13,3242.0364,4991.6598,7648.7481,7947.4812,25813.81,425.2236,4468.73,6.449699999999999,92.6151,373.3,73.67,5642,3472.8,,,17.18,26.22,203.3905,206.1281,120.3454,209.5266,227.2145,2.8023,3.7728,2.8908,20.02,,,,,,,,9536
2021-09-10,3252.3246,5013.5219,7607.6749,7932.6512,26205.91,424.4238,4458.58,6.4566,92.63980000000001,375.5,72.95,5640,3397.29,,,17.27,26.11,203.4812,206.0615,120.4312,209.5606,227.151,2.7809,3.7216,2.8656,20.38,,,,,,,,9687.5
2021-09-09,3204.2782,4970.0133,7617.4505,7900.2375,25716,424.6316,4493.28,6.461500000000001,92.5094,373.2,71.37,5682,3379.32,,,17.11,26.02,203.433,206.0903,120.4128,209.5887,227.1889,2.78,3.7308,2.873,20.55,,,,,,,,9395
2021-09-08,3213.2567,4972.1324,7544.0411,7894.2516,26320.93,424.6167,4514.07,6.4674,92.7157,374.96,72.66,5452,3371.58,,,17.12,25.9,203.4649,206.1086,120.4424,209.6254,227.2063,2.7809,3.7329,2.8705,20.24,,,,,,,,9269.5
2021-09-07,3248.0524,4992.8294,7498.9255,7878.3488,26353.63,423.4562,4520.03,6.4533,92.5393,379.42,71.53,5494,3371.7,,,17.24,25.66,203.5672,206.1002,120.5143,209.7011,227.1867,2.773,3.7203,2.8604,20.44,,,,,,,,9337
2021-09-06,3211.198,4933.7262,7355.4013,7735.0996,26163.63,418.1269,,6.4529,92.2235,380.96,72.1,5473,3357.79,,,17.07,25.09,203.7886,206.0861,120.6574,209.7708,227.1749,2.7513,3.7277,2.8354,20.62,,,,,,,,9454
2021-09-03,3175.8791,4843.0624,7278.6809,7630.8413,25901.99,415.6746,4535.43,6.457699999999999,92.1331,378.54,72.48,5408,3382.17,,,16.74,24.9,203.7558,206.0173,120.6693,209.7214,227.0962,2.7471,3.731,2.8327,21.01,,,,,,,,9470
2021-09-02,3167.0972,4869.4113,7307.0084,7690.8589,26090.43,416.4013,4536.95,6.4594,92.21669999999999,378.92,72.84,5273,3374.65,,,16.83,25.07,203.7926,205.9962,120.7019,209.7309,227.0723,2.7344,3.7356,2.8301,20.96,,,,,,,,9400
2021-09-01,3165.0371,4869.4587,7193.1,7606.8742,26028.29,410.499,4524.09,6.468,92.5027,379.12,71.31,5242,3323.91,,,16.87,24.51,203.7964,205.9489,120.7147,209.6934,227.0114,2.7312,3.7346,2.8226,20.75,,,,,,,,9336
2021-08-31,3097.0584,4805.6099,7255.3418,7728.4217,25878.99,409.6054,4522.68,6.467900000000001,92.654,378.84,71.7,5308,3224.52,8.2,10.3,17.49,27.09,203.517,205.9175,120.5577,209.5378,226.9706,2.743,3.7724,2.845,20.77,50.1,8.9,2.5,25.09,32.41,0.8,9.5,9535
2021-08-30,3112.7022,4813.2703,7226.8823,7727.7454,25539.54,408.6645,4528.79,6.4677,92.7007,379.04,72.11,5354,3157.09,,,17.56,26.95,203.4403,205.8891,120.5223,209.4604,226.9387,2.7404,3.7737,2.8505,20.91,,,,,,,,
2021-08-27,3123.049,4827.0433,7180.1088,7680.0781,25407.89,406.7516,4509.37,6.486300000000001,92.7007,377.78,71.67,5222,3218.71,,,17.6,26.72,203.2213,205.8131,120.4226,209.3596,226.8569,2.751,3.7822,2.8698,20.98,,,,,,,,9420
2021-08-26,3088.8314,4801.6094,7118.8442,7669.5282,25415.69,405.4712,4470,6.473,93.05850000000001,373.96,70.52,5108,3232.51,,,17.5,26.52,203.0939,205.8375,120.3567,209.2929,226.8749,2.7689,3.7626,2.8848,20.89,,,,,,,,9299
2021-08-25,3159.8034,4898.1572,7153.0043,7769.6268,25693.95,405.9084,4496.19,6.4728,92.822,375.54,71.93,5236,3260.84,,,17.87,26.73,203.4177,205.8982,120.5614,209.5248,226.9305,2.7381,3.7421,2.8547,20.94,,,,,,,,9345
2021-08-24,3147.7685,4888.3902,7090.7817,7715.0732,25727.92,404.6199,4486.23,6.480499999999999,92.884,377.68,71.2,5235,3300.84,,,17.82,26.52,203.3249,205.8682,120.5163,209.3852,226.9021,2.747,3.7417,2.8522,20.9,,,,,,,,9357.5
2021-08-23,3099.8867,4835.8782,7024.5647,7652.5587,25109.59,402.213,4479.53,6.496899999999999,92.9875,374.88,68.78,5102,3284.87,,,17.6,26.32,203.2344,205.854,120.4725,209.3568,226.8706,2.7472,3.7416,2.8672,21.29,,,,,,,,9238
2021-08-20,3072.7545,4769.2678,6920.0248,7467.3611,24849.72,399.4716,4441.67,6.4984,93.4571,375.5,65,5100,3285.7,,,17.34,25.73,203.3463,205.7852,120.5712,209.3986,226.7784,2.74,3.7401,2.852,21.21,,,,,,,,9051.5
2021-08-19,3144.3746,4862.1394,6947.0564,7468.7727,25316.33,400.454,4405.8,6.4853,93.5586,374.28,66.56,5017,3285,,,17.7,25.69,203.3882,205.7414,120.6069,209.377,226.741,2.7337,3.7396,2.8395,21.32,,,,,,,,8885
2021-08-18,3190.5518,4894.2384,6941.008,7405.4856,25867.01,400.7844,4400.27,6.4915,93.157,375.4,67.5,5144,3333.65,,,17.81,25.59,203.2124,205.6815,120.5119,209.1924,226.6722,2.7373,3.7421,2.8494,21.62,,,,,,,,9055.5
2021-08-17,3149.8783,4837.4034,6894.4042,7360.033,25745.87,399.1793,4448.08,6.4765,93.1443,375.02,69.11,5345,3294.11,,,17.6,25.42,202.8157,205.6323,120.2846,208.994,226.6662,2.7717,3.7224,2.8819,21.44,,,,,,,,9224
2021-08-16,3222.6222,4941.0676,7052.4876,7568.1374,26181.46,403.3937,4479.71,6.471699999999999,92.6184,371.24,69.57,5328,3301.51,,,17.98,26.05,202.7053,205.5764,120.2288,208.9717,226.6102,2.7747,3.7108,2.8943,21.49,,,,,,,,9439
2021-08-13,3217.8366,4945.9829,7088.8876,7641.9169,26391.62,403.8807,4468,6.479900000000001,92.5226,368.04,70.25,5482,3281.54,,,18.01,26.28,202.7825,205.4809,120.3068,208.9754,226.4969,2.761,3.7024,2.8792,21.4,,,,,,,,9520
2021-08-12,3226.1135,4973.3509,7095.2024,7657.5268,26517.82,403.2486,4460.83,6.4754,93.025,367.16,71.15,5442,3291.66,,,18.12,26.27,202.9782,205.4446,120.4348,209.0139,226.4565,2.7592,3.7017,2.8566,21.47,,,,,,,,9465.5
2021-08-11,3262.5751,5015.3406,7073.5219,7605.9175,26660.16,402.6189,4447.7,6.4831,92.91749999999999,363.52,71.62,5597,3328.37,,,18.3,26.08,202.7515,205.3994,120.3092,208.8491,226.4012,2.7854,3.7014,2.8841,21.45,,,,,,,,9535
2021-08-10,3288.6513,5043.148,7019.2284,7549.552,26605.62,400.7628,4436.75,6.4842,93.0629,363.92,70.86,5437,3221.36,,,18.37,25.87,202.8537,205.3579,120.3811,208.8668,226.3513,2.7928,3.6806,2.8766,21.56,,,,,,,,9512.5
2021-08-09,3235.2064,4985.5627,6979.5256,7507.0824,26283.4,399.373,4432.35,6.484,92.97659999999999,365.6,69.2,5330,3222.84,,,18.17,25.74,202.9867,205.3726,120.4715,208.9262,226.3598,2.7774,3.6741,2.8615,21.5,,,,,,,,9366
2021-08-06,3195.696,4921.5647,6938.8679,7482.1737,26179.4,399.4312,4436.52,6.4624999999999995,92.7824,375.9,70.49,5379,3120.71,,,17.98,25.6,203.4795,205.3216,120.7988,209.1961,226.304,2.7372,3.656,2.8139,22.15,,,,,,,,9470
2021-08-05,3227.3592,4948.6703,6911.8292,7447.9394,26204.69,398.8494,4429.1,6.469100000000001,92.2726,378.04,71.18,5373,3121.2,,,18.11,25.42,203.5633,205.2453,120.8596,209.2002,226.2242,2.7393,3.6664,2.7988,21.68,,,,,,,,9480
2021-08-04,3233.103,4978.8479,6931.3365,7478.2072,26426.55,399.9021,4402.66,6.4655000000000005,92.2753,378.66,70.31,5454,3082.05,,,18.19,25.53,203.1907,205.1746,120.6464,208.9693,226.1262,2.7598,3.6617,2.8338,21.99,,,,,,,,9466
2021-08-03,3223.8257,4934.4583,6816.0107,7308.9553,26194.82,396.5956,4423.15,6.461,92.0668,377.82,72.28,5247,3099.86,,,18.01,25.01,203.2455,205.1359,120.6898,209.0488,226.0745,2.7344,3.6695,2.8337,22.16,,,,,,,,9560
2021-08-02,3211.1441,4933.736,6872.0004,7402.3541,26235.8,398.6259,4387.16,6.466,92.0886,377.84,73.24,5414,3105.06,,,17.98,25.43,203.3874,205.0346,120.7856,209.161,225.9738,2.7028,3.6869,2.8212,22.08,,,,,,,,9616.5
2021-07-31,,,,,,,,,,,,,,8.3,10.7,,,,,,,,,,,,50.4,10.3,8.5,18.76,28.27,1,9,
2021-07-30,3132.8205,4811.1695,6767.316,7262.383,25961.03,394.4459,4395.26,6.4602,92.1032,382.5,75.22,5737,3070.16,,,17.55,24.99,202.9263,204.8869,120.5401,208.8773,225.7981,2.7106,3.7079,2.8363,22.14,,,,,,,,9714
2021-07-29,3182.796,4850.2746,6758.8869,7207.4826,26315.32,393.4777,4419.15,6.4942,91.90769999999999,381.16,74.84,5753,3070.11,,,17.75,24.79,202.3958,204.811,120.232,208.5864,225.7294,2.7376,3.7164,2.884,21.96,,,,,,,,9840
2021-07-28,3154.6353,4760.4826,6621.9845,6945.5087,25473.88,388.2662,4400.64,6.4929,92.2871,379.9,73.9,5658,3056.11,,,17.4,24.05,202.0976,204.7727,120.0633,208.3973,225.6885,2.7592,3.7171,2.9312,,,,,,,,,9660.5
2021-07-27,3126.3757,4751.313,6719.2557,7093.8696,25086.43,390.6355,4401.46,6.4734,92.4901,375.84,73.79,5613,3080.25,,,17.28,24.57,202.321,204.7554,120.2081,208.5905,225.6675,2.7289,3.7135,2.911,21.96,,,,,,,,9790
2021-07-26,3228.3698,4925.299,6868.2074,7286.1475,26192.32,394.9567,4422.3,6.476300000000001,92.6325,379.04,74.82,5687,3194.71,,,17.97,25.28,202.6197,204.7256,120.398,208.7673,225.6465,2.7161,3.6868,2.8711,21.7,,,,,,,,9855.5
2021-07-23,3357.447,5089.2282,6985.7499,7379.7905,27321.98,397.9629,4411.79,6.465,92.9084,378.02,74.19,5671,3335.64,,,18.59,25.63,202.114,204.5816,120.1256,208.4678,225.4813,2.7576,3.6999,2.9134,22.29,,,,,,,,9624
2021-07-22,3392.7165,5151.7517,7026.5482,7446.4812,27723.84,397.1846,4367.48,6.4651000000000005,92.8377,376.3,73.67,5648,3357.53,,,18.85,25.77,201.9295,204.5225,120.0253,208.2635,225.4133,2.7829,3.7341,2.9284,22.04,,,,,,,,9459.5
2021-07-21,3388.5201,5144.0428,6984.5418,7398.8084,27224.58,394.7012,4358.69,6.4835,92.7903,379.28,72.25,5561,3326.97,,,18.84,25.5,201.9636,204.4441,120.0563,208.2509,225.3297,2.7821,3.7418,2.9184,22.07,,,,,,,,9356.5
2021-07-20,3378.6292,5108.9941,6901.1318,7253.2763,27259.25,390.9321,4323.06,6.485500000000001,92.9695,380.68,68.63,5601,3344.09,,,18.66,25.05,201.8054,204.3536,119.9718,208.0918,225.2394,2.8027,3.7581,2.9258,21.8,,,,,,,,9342.5
2021-07-19,3385.3664,5113.4945,6889.3375,7205.2678,27489.78,391.0536,4258.49,6.47,92.83269999999999,377.84,68.75,5568,3365.87,,,18.68,24.95,201.5342,204.2777,119.8192,207.9343,225.1427,2.8541,3.7773,2.9483,21.72,,,,,,,,9194
2021-07-16,3369.8994,5094.7727,6925.1232,7228.3631,28004.68,392.4484,4327.16,6.4704999999999995,92.7143,381.48,73.3,5559,3414.3,,,18.57,25.06,201.4475,204.1441,119.7987,207.8204,224.9814,2.8626,3.8056,2.9432,22.07,,,,,,,,9447
2021-07-15,3411.2888,5151.4626,6932.406,7241.6231,27996.27,392.2936,4360.03,6.464,92.5861,382.48,73.29,5546,3413.81,,,18.87,25.03,201.3255,204.0701,119.7358,207.7204,224.8956,2.8828,3.7998,2.9557,22.24,,,,,,,,9424
2021-07-14,3339.381,5083.0849,6898.7502,7243.8162,27787.46,391.2355,4374.3,6.4806,92.3701,379.5,74.54,5580,3404.95,,,18.56,24.97,201.5903,204.0104,119.9056,207.9284,224.8369,2.8461,3.8123,2.9356,22.38,,,,,,,,9334.5
2021-07-13,3391.742,5142.0991,6961.8475,7331.7263,27963.41,392.5189,4369.21,6.475699999999999,92.7873,378.8,76.35,5458,3458.32,,,18.81,25.3,201.5299,203.841,119.8798,207.734,224.6615,2.8696,3.8457,2.9256,22.23,,,,,,,,9401.5
2021-07-12,3384.5074,5132.7088,6904.3818,7284.2346,27515.24,389.8899,4384.63,6.4784999999999995,92.24,377,75.2,5432,3445.99,,,18.79,25.08,201.3001,203.6493,119.7521,207.5591,224.4486,2.8785,3.8667,2.9431,22.68,,,,,,,,9455.5
2021-07-09,3361.5946,5069.4361,6804.5389,7142.8994,27344.54,387.2094,4369.55,6.4755,92.10119999999999,377.78,75.58,5428,3471.66,,,18.5,24.65,200.5855,203.4023,119.3539,207.1337,224.1604,2.9227,3.8771,3.0105,22.42,,,,,,,,9493
2021-07-08,3373.2555,5088.2566,6748.654,7099.4105,27153.13,385.3142,4320.82,6.4704999999999995,92.37570000000001,376.62,74.35,5393,3477.14,,,18.61,24.38,200.8123,203.3242,119.5008,207.2435,224.0605,2.9064,3.8958,2.983,22.42,,,,,,,,9328
2021-07-07,3424.3897,5140.4899,6764.1319,7089.6646,27960.62,384.0936,4358.13,6.4762,92.72059999999999,377.3,73.34,5439,3495.72,,,18.81,24.43,199.9369,203.0936,118.9847,206.7044,223.8084,2.9704,3.968,3.0554,22.43,,,,,,,,9445
2021-07-06,3405.2788,5083.1043,6709.4983,6979.0624,28072.86,381.3496,4343.54,6.4613,92.5395,377.46,74.93,5304,3524.44,,,18.55,24.15,199.5956,203.0231,118.7898,206.5634,223.7393,2.9823,3.9885,3.0854,22.44,,,,,,,,9310
2021-07-05,3404.7907,5085.7924,6711.0136,7006.6997,28143.5,380.7353,,6.469500000000001,92.25659999999999,373.88,77.1,5222,3467.65,,,18.54,24.13,199.6156,202.9249,118.8124,206.5766,223.6398,2.9767,3.9983,3.0754,22.43,,,,,,,,9512.5
2021-07-02,3408.2369,5081.1172,6658.0451,6908.9318,28310.42,380.021,4352.34,6.4712,92.2452,372.64,75.97,5124,3490.06,,,18.58,23.82,199.4187,202.7913,118.7256,206.4438,223.5271,2.9834,4.0064,3.0803,22.89,,,,,,,,9379
2021-07-01,3535.249,5229.6642,6716.6658,6969.5316,,381.6565,4319.94,6.470899999999999,92.5361,371.78,75.61,5146,3557.19,,,19.16,23.92,199.3864,202.6964,118.7167,206.3402,223.4134,2.9952,4.0084,3.0878,23.28,,,,,,,,9269
2021-06-30,3498.6485,5224.041,6808.1831,7083.6997,28827.95,383.1746,4297.5,6.4601,92.3671,367.5,74.67,5147,3481.81,8.6,11,18.56,25.63,199.4256,202.6009,118.7508,206.3514,223.3075,3.0049,4.0145,3.0778,22.99,50.9,12.6,12.1,31.69,37.28,1.1,8.8,9380
2021-06-29,3482.7333,5190.5445,6765.4201,7004.3036,28994.1,382.7604,4291.8,6.4567000000000005,92.0941,370.8,74.67,5036,3485.56,,,18.41,25.42,199.3204,202.5621,118.698,206.195,223.2792,3.0247,4.0114,3.0853,21.79,,,,,,,,9346.5
2021-06-28,3520.7434,5251.7604,6828.5162,7063.4706,29268.3,384.4326,4290.61,6.4578,91.87950000000001,372.16,74.01,5070,3507.37,,,18.62,25.64,199.2322,202.5241,118.6555,206.1555,223.2556,3.0326,4.0028,3.0903,22.35,,,,,,,,9394
2021-06-25,3535.0185,5239.9684,6813.4138,7000.4297,29288.22,383.7151,4280.7,6.4744,91.8057,371.4,75.31,5066,3555.21,,,18.55,25.47,199.3288,202.3913,118.7453,206.1448,223.1163,3.0288,4.0074,3.0827,21.68,,,,,,,,9435
2021-06-24,3483.9093,5155.9738,6754.8657,6974.642,28882.46,382.2409,4266.49,6.4824,91.81530000000001,371.94,74.85,4933,3536.48,,,18.25,25.33,199.29,202.3435,118.7325,206.0932,223.0594,3.0358,4.0144,3.0828,22.03,,,,,,,,9458
2021-06-23,3471.3411,5147.3938,6789.9464,7046.1745,28817.07,381.585,4241.84,6.4620999999999995,91.8138,374.02,74.71,4934,3555.17,,,18.12,25.54,199.2268,202.2806,118.705,206.0162,222.9826,3.0528,4.0145,3.0853,21.94,,,,,,,,9487.5
2021-06-22,3464.7057,5122.1583,6739.7939,7000.2518,28309.76,380.0212,4246.44,6.4613,91.7193,373.44,74.74,4885,3539.18,,,18.1,25.37,199.1229,202.2345,118.6529,205.8773,222.9355,3.0825,4.0242,3.0877,21.63,,,,,,,,9269
2021-06-21,3431.2522,5090.3854,6707.1762,6968.2963,28489,377.5462,4224.79,6.4546,91.8554,371.94,74.84,4889,3543.75,,,17.98,25.28,199.0476,202.2139,118.6181,205.8421,222.9102,3.1214,4.0139,3.0953,22.39,,,,,,,,9180
2021-06-18,3454.5885,5102.4657,6657.7635,6863.7156,28801.27,376.1985,4166.45,6.4361,92.32169999999999,371.62,73.22,5061,3558.75,,,18.03,24.93,198.6728,202.1475,118.4238,205.608,222.8292,3.1388,4.0313,3.1202,22.77,,,,,,,,9149
2021-06-17,3481.6004,5101.8924,6616.174,6787.6684,28558.59,375.5959,4221.86,6.4298,91.90960000000001,375.66,72.99,5101,3576.17,,,18.02,24.69,198.4959,202.1465,118.3277,205.5552,222.8327,3.1549,4.0311,3.1401,22.72,,,,,,,,9190.5
2021-06-16,3486.2876,5080.4909,6566.286,6673.2446,28436.84,375.86,4223.7,6.4078,91.4019,382.24,73.87,5014,3568.93,,,17.95,24.4,198.7191,202.1699,118.4728,205.6079,222.8467,3.1438,4.032,3.1301,23.16,,,,,,,,9630
2021-06-15,3528.6683,5166.5597,6663.6623,6815.1187,28638.53,379.784,4246.59,6.407,90.52199999999999,382.66,74.27,5168,3562.12,,,18.27,24.91,198.7891,202.1864,118.5256,205.6292,222.8866,3.1331,4.0192,3.1176,23.01,,,,,,,,9560
2021-06-14,,,,,,,4255.15,,90.5077,,73.07,,,,,,,,,,,,,,,,,,,,,,,9957
2021-06-11,3576.7773,5224.703,6725.9152,6852.9728,28842.13,382.4867,4247.44,6.3856,90.5093,389.92,72.62,5322,3633.04,,,18.47,25.07,198.7308,202.0633,118.5326,205.5777,222.7228,3.1379,4.0136,3.1276,23.89,,,,,,,,9995
2021-06-10,3607.6792,5271.4661,6765.6436,6898.2061,28738.88,382.8999,4239.18,6.3972,90.0465,386.46,72.4,5168,3657.68,,,18.55,25.23,199.0187,202.0486,118.7168,205.66,222.7046,3.1187,4.026,3.1,24.04,,,,,,,,9894
2021-06-09,3587.5321,5236.4493,6692.9049,6823.4073,28742.63,381.8902,4219.55,6.3956,90.1324,387.7,72.02,5035,3683.63,,,18.43,24.99,198.9278,202.0267,118.6725,205.5358,222.6625,3.1342,4.0378,3.1051,24.41,,,,,,,,9971
2021-06-08,3580.2836,5232.1165,6684.5626,6809.8642,28781.38,381.7396,4227.26,6.390899999999999,90.1144,387.9,72.05,5004,3705.41,,,18.35,24.94,198.9334,202.0523,118.6864,205.5797,222.6944,3.1319,4.0129,3.11,24.31,,,,,,,,10015
2021-06-07,3601.1091,5277.6271,6721.5019,6861.8502,28787.28,382.7529,4226.52,6.396300000000001,89.9816,385.32,71.5,4959,3688.77,,,18.54,25.04,198.9372,202.053,118.6993,205.5661,222.6966,3.1332,3.9892,3.11,24.69,,,,,,,,9950
2021-06-04,3612.7014,5282.2772,6693.0574,6785.8035,28918.1,383.1178,4229.89,6.4072,90.1393,382.62,71.82,5159,3744.09,,,18.6,24.81,199.1624,202.0719,118.8669,205.7926,222.7121,3.0947,3.9715,3.0925,24.68,,,,,,,,9960
2021-06-03,3591.1561,5255.2855,6667.7264,6754.0697,28966.03,383.0599,4192.85,6.381100000000001,90.49499999999999,387.5,71.39,5148,3781.27,,,18.48,24.73,199.5104,202.0924,119.0877,205.9221,222.7506,3.0532,3.957,3.055,24.81,,,,,,,,9818.5
2021-06-02,3622.3976,5289.9736,6681.4285,6759.459,29297.62,382.6231,4208.12,6.377299999999999,89.8985,389.98,71.2,5002,3770.75,,,18.61,24.73,199.4407,202.0354,119.0562,205.8317,222.6791,3.0776,3.9718,3.065,24.97,,,,,,,,10113.5
2021-06-01,3650.9034,5341.6798,6739.7624,6854.7336,29468,383.6527,4202.04,6.3572,89.9314,396.9,70.63,5128,3774.45,,,18.79,25.01,199.5947,201.9962,119.1598,205.9298,222.6419,3.0642,3.9837,3.04,24.93,,,,,,,,10239
2021-05-31,3650.2245,5331.5696,6728.9906,6814.3631,29151.8,383.2427,,6.3682,89.8467,394.38,69.46,5027,3787.06,8.3,11,18.76,24.87,199.4919,201.9492,119.1082,205.8251,222.6011,3.0681,4.0207,3.045,25.2,51,15.4,12.4,27.52,52.19,1.3,9,
2021-05-28,3659.2957,5321.0886,6668.1696,6694.3457,29124.41,382.8182,4204.11,6.3858,90.0547,391.38,69.02,4933,3796.43,,,18.69,24.53,199.331,201.8763,119.0427,205.7405,222.542,3.0711,4.0165,3.0825,26.08,,,,,,,,10274.5
2021-05-27,3664.9417,5338.2329,6685.4054,6705.0451,29113.2,383.0224,4200.88,6.403,90.00150000000001,390.96,69.21,4817,3810.2,,,18.73,24.55,199.4424,201.8505,119.1206,205.8021,222.5224,3.0598,4.0187,3.0725,26.65,,,,,,,,10293.5
2021-05-26,3657.1898,5320.5927,6628.2065,6644.751,29166.01,381.6797,4195.99,6.4099,90.0576,393.4,68.69,4667,3788.63,,,18.68,24.37,199.5517,201.7946,119.1972,205.8344,222.4564,3.0472,4.039,3.06,26.21,,,,,,,,9958
2021-05-25,3641.2918,5318.478,6619.6707,6615.7141,28910.86,379.9732,4188.13,6.428300000000001,89.66850000000001,389.82,68.45,4919,3744.68,,,18.71,24.25,199.3911,201.7185,119.1107,205.744,222.3767,3.052,4.0681,3.085,26.31,,,,,,,,9935
2021-05-24,3497.7469,5155.5875,6544.1218,6537.8571,28412.26,377.1315,4197.05,6.4408,89.83630000000001,391.66,68.37,4974,3698.16,,,18.11,23.97,199.3855,201.701,119.1179,205.7287,222.3304,3.0504,4.0763,3.085,26.01,,,,,,,,9983
2021-05-21,3481.8619,5134.1483,6527.864,6480.3741,28458.44,376.603,4155.86,6.43,90.0432,390.4,66.73,5112,3690.59,,,18.01,23.82,199.3713,201.5437,119.1411,205.7726,222.1554,3.0319,4.0895,3.0876,26.29,,,,,,,,9901
2021-05-20,3522.4512,5186.412,6548.7111,6482.8358,28450.29,376.377,4159.12,6.4464,89.7602,390.4,65.05,5186,3709.48,,,18.22,23.81,199.0997,201.4679,118.9872,205.5774,222.0819,3.0537,4.104,3.1001,27.07,,,,,,,,10008
2021-05-19,3511.4674,5172.272,6584.3869,6488.9489,,377.1034,4115.68,6.4255,90.1828,390.3,66.69,5309,3720.82,,,18.14,23.95,198.8717,201.3999,118.8599,205.3907,222.0098,3.0808,4.1116,3.1298,26.92,,,,,,,,10073.5
2021-05-18,3537.6963,5187.6013,6599.5985,6486.8215,28593.81,377.2884,4127.83,6.4357,89.795,389.96,68.59,5610,3755.88,,,18.16,23.96,198.6618,201.3343,118.7433,205.1926,221.944,3.101,4.1156,3.1457,26.7,,,,,,,,10416
2021-05-17,3539.9125,5184.9853,6578.1402,6457.2768,28194.09,376.3881,4163.29,6.430700000000001,90.2163,387.3,69.6,5596,3719.77,,,18.15,23.85,198.5981,201.2643,118.7154,205.158,221.8607,3.1112,4.1103,3.1524,27.49,,,,,,,,10367
2021-05-14,3503.037,5110.5901,6525.8036,6462.4764,28027.57,375.7652,4173.85,6.4525,90.3094,382.96,68.83,5641,3731.14,,,17.89,23.88,198.6594,201.1797,118.7843,205.1979,221.7706,3.0918,4.1131,3.1422,27.78,,,,,,,,10233.5
2021-05-13,3413.8886,4992.9738,6439.0273,6375.0148,27718.67,373.7953,4112.5,6.4612,90.73700000000001,380.68,67.05,5915,3689.39,,,17.47,23.57,198.5899,201.1151,118.7528,205.1271,221.6903,3.0918,4.1172,3.1366,28.13,,,,,,,,10287
2021-05-12,3447.8617,5044.5481,6512.0501,6420.3372,28231.04,375.3334,4063.04,6.4258,90.8033,382.44,69,6171,3675.58,,,17.66,23.8,198.6672,201.0423,118.8103,205.2166,221.6014,3.0801,4.1219,3.131,28.29,,,,,,,,10410
2021-05-11,3437.7135,5023.0595,6456.0376,6343.8627,28013.81,373.7445,4152.1,6.4254,90.1777,381.54,68.65,6086,3695.03,,,17.56,23.52,198.5886,200.9171,118.7732,205.1575,221.4538,3.0713,4.1468,3.138,28.48,,,,,,,,10556
2021-05-10,3399.9849,4992.422,6475.9938,6338.5735,28595.66,373.8138,4188.43,6.442499999999999,90.3102,381.76,68.22,6012,3651.24,,,17.4,23.5,198.4483,200.8492,118.6988,205.0224,221.3622,3.0896,4.1545,3.146,30,,,,,,,,10395.5
2021-05-08,,,,,,,,,,,,,,,,,,,,,,,3.0985,4.1707,3.1582,30.04,,,,,,,,
2021-05-07,3406.3103,4996.0527,6444.4429,6320.2529,28610.65,372.4749,4232.6,6.4678,90.2395,380.4,68.27,5678,3689.63,,,17.41,23.41,198.2961,200.7419,118.6385,204.8947,221.2453,3.1047,4.1872,3.1589,30.36,,,,,,,,10412.5
2021-05-06,3449.9385,5061.1244,6489.3485,6398.4374,28637.46,372.8429,4201.62,6.4895000000000005,90.8715,376.28,68.28,5665,3705.61,,,17.69,23.59,198.2493,200.7029,118.6207,204.8646,221.2028,3.1068,4.1946,3.1507,30.1,,,,,,,,10115.5
2021-05-05,,,,,28417.98,,4167.59,,91.267,,68.55,,,,,,,,,,,,,,,,,,,,,,,9932
2021-05-04,,,,,28557.14,,4164.66,,91.2831,,69.49,,,,,,,,,,,,,,,,,,,,,,,9950
2021-05-03,,,,,28357.54,,4192.66,,90.96979999999999,,67.66,,,,,,,,,,,,,,,,,,,,,,,
2021-04-30,3491.1877,5123.489,6485.7075,6382.1364,28724.88,371.4236,4181.17,6.4672,91.2985,370.76,66.44,5391,3721.14,8.1,11.7,19.13,27.16,198.0326,200.4805,118.5531,204.6285,220.9388,3.1152,4.195,3.164,30.62,51.1,19.9,17.7,31.89,44.05,0.9,6.8,9809
2021-04-29,3517.2104,5164.1692,6491.9281,6405.1028,29303.26,372.0387,4211.47,6.471500000000001,90.6555,372.68,68.02,5452,3757.01,,,19.26,27.29,197.825,200.4436,118.4379,204.5333,220.8878,3.1358,4.1925,3.1872,30.75,,,,,,,,9861
2021-04-28,3473.0389,5119.2421,6489.7441,6437.2467,29071.34,370.376,4183.18,6.4853,90.6064,371.4,66.52,5358,3732.47,,,19.21,27.18,197.6945,200.4009,118.3694,204.4099,220.8424,3.1412,4.2026,3.1979,31.11,,,,,,,,9856.5
2021-04-27,3476.3018,5090.5195,6446.2822,6400.9046,28941.54,369.8028,4186.72,6.4924,90.8749,373.48,66.09,5411,3728.06,,,19.09,27.07,197.6089,200.4078,118.3281,204.3361,220.8385,3.1727,4.2111,3.2078,31.52,,,,,,,,9878.5
2021-04-26,3467.6605,5077.2372,6442.6451,6431.0888,28952.83,371.0019,4187.62,6.491299999999999,90.84049999999999,373.14,65.79,5371,3723.66,,,19.05,27.09,197.6364,200.3941,118.3554,204.3728,220.8278,3.1526,4.2161,3.2024,31.27,,,,,,,,9778
2021-04-25,,,,,,,,,,,,,,,,,,,,,,,3.1063,4.2189,3.1841,31.37,,,,,,,,
2021-04-23,3524.0216,5135.4534,6462.7558,6453.3025,29078.75,371.4306,4180.17,6.4934,90.8295,375.2,66.12,5299,3751.44,,,19.34,27.38,197.9486,200.3389,118.5765,204.6571,220.767,3.1004,4.2083,3.1719,31.5,,,,,,,,9551.5
2021-04-22,3487.4271,5089.2435,6445.4657,6485.2112,28755.34,371.8972,4134.98,6.4902,91.2774,376.4,65.75,5208,3811.68,,,19.15,27.53,198.0139,200.2997,118.6267,204.6167,220.7259,3.0788,4.1858,3.1614,31.58,,,,,,,,9395
2021-04-21,3516.0976,5098.7449,6420.2587,6457.7147,28621.92,371.7523,4173.42,6.5046,91.1151,375.98,65.08,5188,3801.77,,,19.04,27.52,198.0434,200.2435,118.6552,204.6234,220.6591,3.0803,4.1858,3.153,31.82,,,,,,,,9450
2021-04-20,3510.1239,5083.3654,6428.5411,6457.6294,29135.73,372.5228,4134.94,6.510300000000001,91.1943,372.1,66.31,5165,3795.48,,,19,27.7,197.9274,200.1767,118.5955,204.4809,220.5748,3.1036,4.192,3.1554,32.11,,,,,,,,9285
2021-04-19,3513.3953,5087.0165,6425.2606,6477.388,29106.15,372.1746,4163.26,6.523299999999999,91.0992,375.5,67.16,5082,3822.63,,,19.03,27.46,197.7818,200.0781,118.5178,204.3185,220.4398,3.1321,4.1882,3.1559,31.55,,,,,,,,9322
2021-04-16,3448.1042,4966.1811,6339.5906,6368.846,28969.71,368.7708,4185.47,6.5288,91.5363,372.86,66.72,5116,3825.49,,,18.56,27.18,197.6238,199.9543,118.4538,204.1887,220.2805,3.131,4.1912,3.1631,31.77,,,,,,,,9182
2021-04-15,3431.4931,4948.9741,6276.4609,6296.6084,28793.14,367.2921,4170.42,6.529699999999999,91.6795,369.54,66.84,5107,3765.92,,,18.53,26.92,197.4727,199.9129,118.3727,204.1548,220.223,3.1354,4.2126,3.1728,31.6,,,,,,,,9310
2021-04-14,3469.1727,4980.6279,6277.2111,6320.0672,28900.83,367.449,4124.66,6.5362,91.6507,369.54,66.28,5116,3774.48,,,18.67,27.02,197.4228,199.8444,118.353,204.1383,220.1371,3.1227,4.222,3.1651,31.46,,,,,,,,9080
2021-04-13,3461.4592,4939.6438,6209.7801,6231.1394,28497.25,366.522,4141.59,6.5454,91.84440000000001,365.8,63.96,5116,3741.84,,,18.5,26.71,197.3487,199.7608,118.3187,204.1246,220.047,3.1278,4.2469,3.1626,31.87,,,,,,,,8895
2021-04-12,3477.0654,4947.7459,6226.4182,6263.3991,28453.28,367.7174,4127.99,6.5578,92.10650000000001,369.18,63.2,4985,3777.22,,,18.54,26.81,196.9818,199.6792,118.1065,203.7743,219.9469,3.1807,4.2769,3.1948,31.27,,,,,,,,8872
2021-04-09,3514.1106,5035.3374,6335.2393,6399.5218,28698.8,369.8178,4128.8,6.5409,92.1766,371.96,63.05,5068,3775.94,,,18.85,27.38,196.7731,199.5945,118.0116,203.6211,219.8477,3.1964,4.2889,3.2121,32.4,,,,,,,,8929
2021-04-08,3573.037,5112.2086,6356.7526,6404.1284,29008.07,370.1975,4097.17,6.5463000000000005,92.0645,370.08,63.37,5115,3778.46,,,19.16,27.51,196.6413,199.5789,117.9421,203.5169,219.8275,3.2082,4.2867,3.2221,32.72,,,,,,,,9009
2021-04-07,3558.4688,5103.7428,6348.0761,6422.7617,28674.8,369.5795,4079.95,6.5384,92.4201,369.1,62.9,5117,3832.16,,,19.11,27.61,196.6582,199.6014,117.963,203.4873,219.858,3.2092,4.2984,3.2215,33.16,,,,,,,,8930
2021-04-06,3594.7093,5140.3418,6343.0962,6421.4868,,368.9844,4073.94,6.552700000000001,92.2895,367.3,62.65,5180,3791.74,,,19.27,27.58,196.7313,199.5673,118.0181,203.5489,219.8252,3.1962,4.2934,3.2087,33.86,,,,,,,,9040
2021-04-05,,,,,,,4077.91,,92.5911,,62.3,,,,,,,,,,,,,,,,,,,,,,,
2021-04-02,3616.7636,5161.5569,6326.6059,6361.2515,,368.4397,,6.5649,92.99770000000001,369.98,,5157,3807.27,,,19.36,27.39,196.7404,199.4665,118.0661,203.5207,219.7149,3.1849,4.2993,3.2013,35,,,,,,,,
2021-04-01,3582.6499,5110.7768,6311.6644,6335.7913,28938.74,368.198,4019.87,6.5584,92.8963,364.98,64.65,5003,3780.37,,,19.15,27.29,196.7261,199.4431,118.0681,203.4317,219.6993,3.1917,4.3161,3.196,35.27,,,,,,,,8805
2021-03-31,3539.3696,5048.3607,6254.0695,6293.3922,28378.35,366.8333,3972.89,6.571299999999999,93.1839,357.38,63.07,4935,3779.47,9.4,12.3,18.91,27.08,196.7611,199.4079,118.1,203.438,219.6887,3.1894,4.3115,3.1887,35.37,51.9,25.6,34.2,30.32,39.12,0.4,4.4,8809.5
2021-03-30,3577.2434,5094.7291,6280.359,6301.5848,28577.5,367.2079,3958.55,6.564099999999999,93.286,361.5,64.02,4964,3814.36,,,19.17,27.31,196.5975,199.3669,118.0112,203.3305,219.6247,3.2033,4.3082,3.206,35.18,,,,,,,,8750.5
2021-03-29,3537.711,5046.8773,6254.9426,6326.6093,28338.3,367.0848,3971.09,6.5416,92.9354,366.44,65.19,4971,3812.56,,,18.99,27.62,196.6015,199.3528,118.0242,203.2927,219.604,3.2056,4.3074,3.1962,35.74,,,,,,,,8879
2021-03-26,3529.7282,5037.9899,6251.7941,6301.3414,28336.43,366.2933,3974.54,6.5376,92.7252,366.24,64.22,4934,3794.99,,,19.13,27.59,196.5811,199.2967,118.0437,203.2996,219.5242,3.1992,4.309,3.1985,36.33,,,,,,,,8950
2021-03-25,3463.8727,4926.3469,6157.4072,6190.712,27899.61,363.9341,3909.52,6.5282,92.8846,367.22,61.7,4795,3771.58,,,18.69,27.19,196.6319,199.2491,118.0852,203.3513,219.4651,3.1856,4.321,3.1882,36.49,,,,,,,,8799
2021-03-24,3466.0422,4928.6853,6142.5439,6196.267,27918.14,364.7849,3889.14,6.5228,92.5886,366.24,64.1,4816,3788.88,,,18.68,27.26,196.5791,199.2067,118.0638,203.294,219.4236,3.1786,4.328,3.193,36.55,,,,,,,,8889
2021-03-23,3516.3626,5009.2459,6219.1666,6289.0012,28497.38,368.3516,3910.52,6.5036,92.3527,366.8,60.44,4715,3849.31,,,18.98,27.68,196.374,199.1696,117.9497,203.084,219.3774,3.2043,4.3413,3.2105,36.91,,,,,,,,8871
2021-03-22,3538.4271,5057.152,6305.6919,6359.6002,28885.34,370.845,3940.59,6.519100000000001,91.8031,365.7,64.23,4763,3882.21,,,19.15,28.09,196.2574,199.1076,117.8894,203.0531,219.2937,3.2146,4.3613,3.2309,37.06,,,,,,,,9130
2021-03-19,3512.0203,5007.0907,6206.6023,6250.8147,28990.94,368.3957,3913.1,6.5098,91.9493,367.66,64.36,4746,3838.94,,,19.05,27.59,196.1182,199.0158,117.8367,202.9214,219.1664,3.2234,4.3564,3.2364,37.3,,,,,,,,9066
2021-03-18,3605.6047,5141.7681,6273.8556,6298.8857,29405.72,369.8939,3915.46,6.485900000000001,91.8283,369.24,62.69,4759,3931.35,,,19.61,27.81,195.9395,198.9941,117.7386,202.8121,219.1369,3.2414,4.3657,3.2592,37.6,,,,,,,,8998
2021-03-17,3590.8339,5100.8581,6225.3588,6277.5814,29034.12,368.7283,3974.12,6.4978,91.9738,366.2,67.74,4785,3930.14,,,19.43,27.73,195.8812,198.9783,117.7138,202.7872,219.1356,3.239,4.3692,3.2564,37.56,,,,,,,,9130
2021-03-16,3599.1646,5079.3624,6195.2438,6233.463,29027.69,368.4633,3962.71,6.5028999999999995,91.8752,364.56,68.47,4701,3939.98,,,19.35,27.59,195.7598,198.9649,117.6506,202.7279,219.1055,3.2546,4.375,3.2614,37.16,,,,,,,,8923.5
2021-03-15,3566.8773,5035.5441,6173.8721,6177.7382,28833.76,367.8377,3968.94,6.501,91.8032,363.86,68.79,4787,3825.48,,,19.19,27.37,195.6806,198.9329,117.613,202.6644,219.0679,3.259,4.383,3.274,37.77,,,,,,,,9116.5
2021-03-12,3632.5784,5146.3786,6222.3802,6220.4779,28739.72,368.3391,3943.34,6.4845,91.6676,360.76,69.23,4729,3831.77,,,19.68,27.43,195.7256,198.8643,117.6723,202.7175,218.9823,3.2418,4.3809,3.2613,38,,,,,,,,9132.5
2021-03-11,3625.3052,5128.2156,6213.8319,6219.6635,29385.61,366.9414,3939.34,6.497,91.41720000000001,365.88,69.62,4687,3779.91,,,19.61,27.45,195.7796,198.8536,117.7158,202.7423,218.9804,3.2419,4.3913,3.2506,38.11,,,,,,,,9125
2021-03-10,3532.0523,5003.6121,6062.2552,6078.2443,28907.52,363.0973,3898.81,6.5106,91.7818,362.9,68.18,4589,3728.39,,,18.59,26.14,195.7644,198.831,117.7173,202.7512,218.9489,3.2301,4.3837,3.2353,38.14,,,,,,,,8893.5
2021-03-09,3509.6137,4970.9994,6108.0027,6126.2831,28773.23,362.5157,3875.44,6.5338,91.9696,359.04,67.3,4592,3770.98,,,18.41,26.44,195.7087,198.7624,117.694,202.6949,218.8751,3.2348,4.3969,3.2478,38.11,,,,,,,,8826
2021-03-08,3573.431,5080.0246,6256.4092,6327.6493,28540.83,364.1688,3821.35,6.479500000000001,92.40740000000001,360.36,68.12,4752,3819.19,,,18.82,27.2,195.7373,198.7148,117.722,202.7169,218.8251,3.2218,4.3932,3.2404,38.64,,,,,,,,9006.5
2021-03-05,3688.6818,5262.7958,6403.4964,6456.2791,29098.29,367.1697,3841.94,6.4904,91.997,356.6,69.69,4696,3860.87,,,19.51,27.65,195.6084,198.6214,117.6754,202.5889,218.701,3.2211,4.3865,3.2457,38.57,,,,,,,,8977
2021-03-04,3708.6606,5280.7058,6401.9917,6434.894,29236.79,367.3761,3768.47,6.4758,91.61410000000001,360.34,67.26,4849,3921.47,,,19.59,27.63,195.4162,198.548,117.5689,202.5047,218.6392,3.2396,4.3957,3.2655,38.31,,,,,,,,8589
2021-03-03,3817.4128,5452.2125,6524.7513,6553.596,29880.42,370.5212,3819.72,6.456499999999999,90.9909,363.5,63.99,4842,3973.96,,,20.25,27.99,195.4712,198.5139,117.6131,202.5356,218.5936,3.2102,4.3845,3.2553,38.76,,,,,,,,9118
2021-03-02,3718.7739,5349.6301,6433.3282,6466.6317,29095.86,367.1098,3870.29,6.4624999999999995,90.7646,361.74,62.62,4732,3942.3,,,19.86,27.49,195.4882,198.4618,117.634,202.56,218.5337,3.2092,4.3941,3.2474,38.94,,,,,,,,9276.5
2021-03-01,3787.8695,5418.7837,6488.4388,6495.1565,29452.57,368.2858,3901.82,6.4754,91.0173,367.94,63.31,4639,3971.08,,,20.1,27.71,195.4408,198.3902,117.6158,202.5317,218.4347,3.2044,4.4107,3.2475,39.08,,,,,,,,9021
2021-02-28,,,,,,,,,,,,,,10.1,13.3,,,,,,,,,,,,50.6,35,33.8,154.28,18.97,-0.2,1.7,
2021-02-26,3756.8597,5336.7609,6364.3529,6325.4046,28980.21,365.443,3811.15,6.471299999999999,90.9399,369.5,64.63,4677,3933.24,,,19.79,27.03,195.09,198.2893,117.4338,202.3854,218.3089,3.231,4.4101,3.2798,39.05,,,,,,,,9000
2021-02-25,3851.029,5469.5584,6499.1528,6399.3466,30074.17,367.6534,3829.34,6.4522,90.2149,375.94,66.05,4686,4010.56,,,20.3,27.44,195.1795,198.2875,117.499,202.4037,218.3116,3.2195,4.4091,3.2723,39.24,,,,,,,,9355
2021-02-24,3805.4719,5437.5683,6536.1861,6437.8367,29718.24,367.7049,3925.43,6.461500000000001,90.0435,379.6,66.45,4618,3778.88,,,20.17,27.66,195.2491,198.251,117.5521,202.3957,218.2706,3.2245,4.4161,3.2627,39.55,,,,,,,,9497.5
2021-02-23,3897.7164,5579.6681,6631.2286,6489.9615,30632.64,371.454,3881.37,6.4516,90.1173,380.66,64.2,4552,3763.02,,,20.73,27.82,195.1779,198.1977,117.5193,202.2497,218.1838,3.222,4.4275,3.2635,40.12,,,,,,,,9250
2021-02-22,3881.8681,5597.3327,6657.056,6534.5739,30319.83,372.827,3876.5,6.456300000000001,90.0869,376.66,64.94,4582,3786.46,,,20.79,27.96,195.1414,198.1574,117.5077,202.1625,218.1314,3.2488,4.4246,3.2736,40.69,,,,,,,,9113.5
2021-02-20,,,,,,,,,,,,,,,,,,,,,,,3.2688,4.4272,3.2605,42.18,,,,,,,,
2021-02-19,4014.4564,5778.842,6703.4821,6527.6465,30644.73,371.0002,3906.71,6.4624,90.3398,372.46,62.84,4524,3766.07,,,21.54,27.78,195.1866,198.0856,117.5671,202.0636,218.0521,3.2708,4.4259,3.2578,42.67,,,,,,,,8941
2021-02-18,4014.3241,5768.3814,6614.5443,6404.5949,30595.27,367.9592,3913.97,6.4536,90.5555,374.18,63.53,4529,3714.65,,,21.54,27.1,194.8973,198.0756,117.4013,201.8065,218.0498,3.3117,4.4294,3.2831,43.07,,,,,,,,8606
2021-02-17,,,,,31084.94,,3931.33,,90.91460000000001,,64.89,,,,,,,,,,,,,,,,,,,,,,,8413
2021-02-16,,,,,30746.66,,3932.59,,90.5987,,63.56,,,,,,,,,,,,,,,,,,,,,,,8427
2021-02-15,,,,,,,,,90.3644,,63.33,,,,,,,,,,,,,,,,,,,,,,,8395
2021-02-12,,,,,,,3934.83,,90.4443,,62.71,,,,,,,,,,,,,,,,,,,,,,,8318
2021-02-11,,,,,30173.57,,3916.38,,90.40379999999999,,60.86,,,,,,,,,,,,,,,,,,,,,,,8291.5
2021-02-10,4028.5289,5807.7191,6525.1658,6303.3064,30038.72,364.9115,3909.88,6.439100000000001,90.4287,385.66,61.1,4404,3594.31,,,21.76,26.5,195.1815,197.9296,117.6597,202.0014,217.8759,3.2712,4.4035,3.2449,45.39,,,,,,,,8275.5
2021-02-09,3952.8276,5686.2502,6457.8814,6254.0114,29476.19,362.3524,3911.23,6.4533,90.44,385.6,61.29,4420,3596.01,,,21.27,26.26,195.2663,197.9288,117.722,201.9688,217.8786,3.2585,4.4017,3.2303,45.17,,,,,,,,8157
2021-02-08,3890.4654,5564.5618,6323.1622,6088.8187,29319.47,357.0975,3915.59,6.4678,90.9682,381,60.66,4335,3601.87,,,20.84,25.62,195.1172,197.918,117.6415,201.8602,217.855,3.2997,4.4054,3.237,45.04,,,,,,,,8073.5
2021-02-07,,,,,,,,,,,,,,,,,,,,,,,3.2834,4.3863,3.2168,45.12,,,,,,,,
2021-02-05,3840.7663,5483.414,6239.8709,6045.297,29288.68,354.7584,3886.83,6.471,90.9921,377.86,59.62,4285,3592.35,,,20.5,25.41,195.1271,197.9177,117.6793,201.8835,217.865,3.284,4.3944,3.2164,45.23,,,,,,,,7983
2021-02-04,3801.6178,5473.9475,6328.7881,6167.7466,29113.5,356.2846,3871.74,6.4605,91.5513,382.26,59.11,4246,3524.01,,,20.41,25.89,195.0802,197.9829,117.6612,201.911,217.9218,3.2766,4.3822,3.2347,45.3,,,,,,,,7814.5
2021-02-03,3775.7224,5485.2008,6399.3315,6307.3903,29307.46,361.3581,3830.17,6.466899999999999,91.11290000000001,385.1,58.67,4175,3564.23,,,20.66,26.42,195.2362,198.0386,117.767,202.2068,217.9821,3.206,4.3661,3.2112,45.66,,,,,,,,7848
2021-02-02,3771.47,5501.0915,6454.7853,6417.4609,29248.7,363.1506,3826.31,6.4736,91.0431,389.5,57.82,4154,3604.04,,,20.7,26.8,195.5418,198.0413,117.9641,202.5446,217.9754,3.1229,4.3511,3.1862,45.31,,,,,,,,7752
2021-02-01,3746.3717,5417.6484,6393.278,6345.8142,28892.86,363.6602,3773.86,6.462300000000001,91.0272,392.64,56.21,4221,3584.94,,,20.39,26.58,195.5707,197.9671,117.9923,202.5438,217.8938,3.1333,4.3643,3.1712,46.02,,,,,,,,7822.5
2021-01-31,,,,,,,,,,,,,,9.4,13,,,,,,,,,,,,51.3,,,24.48,28.71,-0.3,0.3,
2021-01-29,3713.2471,5351.9646,6346.1371,6304.1181,28283.71,362.9744,3714.24,6.470899999999999,90.53819999999999,388.34,55.1,4267,3565.13,,,20.14,26.44,195.3752,197.9095,117.9046,202.1953,217.7731,3.1733,4.3719,3.1786,46.37,,,,,,,,7813.5
2021-01-28,3735.0337,5377.1427,6414.3811,6399.1265,28550.77,367.5757,3787.38,6.4845,90.54050000000001,386.3,55.03,4275,3625.63,,,20.25,26.79,195.2474,198.02,117.8371,202.192,217.9051,3.1936,4.36,3.1961,46.57,,,,,,,,7904
2021-01-27,3818.2682,5528.0034,6557.1608,6537.7538,29297.53,373.6201,3750.77,6.466499999999999,90.5917,387.94,55.3,4385,3689.97,,,20.84,27.29,195.5647,198.1612,118.0414,202.5244,218.0651,3.1122,4.3456,3.1636,46.8,,,,,,,,7843
2021-01-26,3813.2902,5512.9678,6532.961,6534.0973,29391.26,374.0634,3849.62,6.484700000000001,90.18690000000001,390.14,55.87,4303,3716.54,,,20.75,27.21,195.5768,198.2005,118.0594,202.5716,218.1079,3.0922,4.323,3.1585,46.7,,,,,,,,7995
2021-01-25,3898.1473,5625.9232,6645.3137,6657.2723,30159.01,376.5897,3855.36,6.4819,90.351,389,55.91,4321,3712.66,,,21.18,27.78,195.9081,198.3392,118.2722,202.9594,218.2748,3.0115,4.2801,3.1323,47.08,,,,,,,,8005.5
2021-01-22,3846.3945,5569.776,6637.8052,6721.9167,29447.85,377.3143,3841.47,6.4616999999999996,90.2112,390.9,55.21,4294,3747.69,,,20.96,28,195.9359,198.2832,118.3209,202.976,218.2038,2.961,4.2891,3.1185,47,,,,,,,,7986
2021-01-21,3850.0559,5564.9693,6622.4959,6745.1085,29927.76,377.2987,3853.07,6.4696,90.0839,392.72,56.17,4369,3840.05,,,20.86,28.13,195.849,198.2698,118.2783,202.9506,218.196,3.0018,4.2932,3.1335,47.35,,,,,,,,8034
2021-01-20,3814.6537,5476.4336,6535.4185,6671.4485,29962.47,374.9549,3851.85,6.4836,90.46010000000001,388.82,55.69,4310,3874.49,,,20.52,27.8,195.5706,198.2418,118.1188,202.7464,218.1622,3.0312,4.2922,3.161,47.35,,,,,,,,8041.5
2021-01-19,3808.694,5437.5234,6476.3736,6614.0707,29642.28,374.3717,3798.91,6.488300000000001,90.48819999999999,387.72,55.93,4288,3939.48,,,20.35,27.65,195.4045,198.234,118.0278,202.5798,218.1661,3.0406,4.2962,3.1609,47.54,,,,,,,,7994
2021-01-18,3849.3982,5518.5205,6514.4644,6652.0961,28862.77,375.8468,,6.4845,90.77159999999999,386.82,54.79,4392,3867.81,,,20.84,27.78,195.335,198.2893,117.996,202.6149,218.2429,3.0406,4.2903,3.1658,47.64,,,,,,,,7945
2021-01-15,3817.9345,5458.0812,6417.5011,6528.461,28573.86,373.8811,3768.25,6.463299999999999,90.79,387.9,55,4360,3793.42,,,20.64,27.35,195.5247,198.3084,118.1436,202.8703,218.2862,2.9904,4.2879,3.1508,47.58,,,,,,,,7934
2021-01-14,3811.2242,5470.4563,6439.8854,6506.8268,28496.86,372.7604,3795.54,6.4746,90.25,385.3,56.46,4294,3777.44,,,20.64,27.31,195.9917,198.2666,118.4396,203.1696,218.2572,2.9512,4.297,3.1059,47.2,,,,,,,,8084
2021-01-13,3873.2285,5577.9711,6496.9131,6513.6399,28235.6,373.2029,3809.84,6.4605,90.32,387.54,55.91,4293,3746.08,,,21.08,27.41,195.8515,198.1655,118.3644,203.0256,218.1362,2.946,4.3193,3.1157,47.11,,,,,,,,7971
2021-01-12,3906.1225,5596.3525,6543.2286,6564.7354,28276.75,374.9168,3801.19,6.4823,90.04,387.42,56.78,4327,3732.53,,,21.18,27.6,195.4759,198.1415,118.1454,202.7936,218.1216,2.9806,4.3352,3.1457,46.7,,,,,,,,7998.5
2021-01-11,3776.5293,5441.1583,6455.3987,6475.9548,27908.22,372.4084,3799.61,6.4764,90.55,385,55.62,4348,3730.21,,,20.57,27.26,195.2979,198.1298,118.0471,202.7534,218.0929,3.0277,4.3361,3.1632,46.81,,,,,,,,7845.5
2021-01-08,3788.3191,5495.4306,6557.5964,6585.3587,27878.22,374.0393,3824.68,6.4708,90.0651,396.06,56.36,4487,3745.03,,,20.76,27.78,195.4098,198.0555,118.1472,202.7752,218.0016,2.9941,4.3402,3.1456,46.26,,,,,,,,8084.5
2021-01-07,3808.0695,5513.6568,6538.1162,6616.5524,27548.52,374.3282,3803.79,6.4608,89.827,399.06,54.52,4455,3699.98,,,20.87,27.76,195.5665,197.9695,118.2536,202.8576,217.9068,2.9874,4.3743,3.1256,46.24,,,,,,,,8172
2021-01-06,3736.648,5417.6677,6528.1425,6724.9502,27692.3,374.5559,3748.14,6.4604,89.41669999999999,402.88,54.15,4377,3749.03,,,20.47,28.07,195.4161,197.8614,118.1721,202.6788,217.7728,3.0157,4.4035,3.1256,46.06,,,,,,,,8073
2021-01-05,3683.3634,5368.5049,6539.7315,6807.4471,27649.86,374.1931,3726.86,6.476,89.4754,402.32,53.57,4397,3730.67,,,20.24,28.34,195.2407,197.7941,118.0754,202.61,217.6828,3.0212,4.4119,3.1305,46.07,,,,,,,,8050.5
2021-01-04,3643.3592,5267.7181,6482.7868,6798.7644,27472.81,371.9623,3700.65,6.5408,89.87780000000001,400.04,50.67,4383,3735.92,,,19.86,28.3,194.8254,197.7401,117.832,202.4916,217.6081,3.0837,4.3881,3.178,45.95,,,,,,,,7856
数据来源：Wind
