date,增长因子,通胀因子,利率因子,信用因子,汇率因子,地缘因子,流动性因子
2000-01-03,,,,,100.220001,,
2000-01-04,,,,,100.410004,,
2000-01-05,,,,,100.379997,,
2000-01-06,,,,,100.650002,,
2000-01-07,,,,,100.800003,,
2000-01-10,,,,,100.989998,,
2000-01-11,,,,,100.559998,,
2000-01-12,,,,,100.620003,,
2000-01-13,,,,,101.000000,,
2000-01-14,,,,,101.720001,,
2000-01-17,,,,,102.050003,,
2000-01-18,,,,,101.860001,,
2000-01-19,,,,,101.760002,,
2000-01-20,,,,,101.360001,,
2000-01-21,,,,,101.760002,,
2000-01-24,,,,,102.199997,,
2000-01-25,,,,,102.410004,,
2000-01-26,,,,,102.440002,,
2000-01-27,,,,,103.169998,,
2000-01-28,,,,,104.480003,,
2000-01-31,,,,,105.129997,,
2000-02-01,,,,,104.919998,,
2000-02-02,,,,,104.790001,,
2000-02-03,,,,,103.800003,,
2000-02-04,,,,,104.290001,,
2000-02-07,,,,,104.639999,,
2000-02-08,,,,,104.220001,,
2000-02-09,,,,,103.680000,,
2000-02-10,,,,,104.129997,,
2000-02-11,,,,,104.190002,,
2000-02-14,,,,,104.720001,,
2000-02-15,,,,,104.690002,,
2000-02-16,,,,,104.279999,,
2000-02-17,,,,,104.269997,,
2000-02-18,,,,,104.629997,,
2000-02-21,,,,,104.580002,,
2000-02-22,,,,,103.279999,,
2000-02-23,,,,,103.529999,,
2000-02-24,,,,,104.010002,,
2000-02-25,,,,,105.260002,,
2000-02-28,,,,,105.269997,,
2000-02-29,,,,,105.919998,,
2000-03-01,,,,,104.889999,,
2000-03-02,,,,,105.650002,,
2000-03-03,,,,,106.000000,,
2000-03-06,,,,,106.160004,,
2000-03-07,,,,,106.089996,,
2000-03-08,,,,,105.930000,,
2000-03-09,,,,,105.370003,,
2000-03-10,,,,,105.709999,,
2000-03-13,,,,,105.500000,,
2000-03-14,,,,,105.300003,,
2000-03-15,,,,,105.379997,,
2000-03-16,,,,,105.180000,,
2000-03-17,,,,,105.199997,,
2000-03-20,,,,,105.150002,,
2000-03-21,,,,,105.809998,,
2000-03-22,,,,,106.040001,,
2000-03-23,,,,,105.230003,,
2000-03-24,,,,,104.769997,,
2000-03-27,,,,,105.449997,,
2000-03-28,,,,,105.529999,,
2000-03-29,,,,,106.250000,,
2000-03-30,,,,,105.470001,,
2000-03-31,,,,,105.440002,,
2000-04-03,,,,,105.540001,,
2000-04-04,,,,,105.169998,,
2000-04-05,,,,,105.290001,,
2000-04-06,,,,,105.519997,,
2000-04-07,,,,,105.970001,,
2000-04-10,,,,,105.680000,,
2000-04-11,,,,,105.940002,,
2000-04-12,,,,,105.959999,,
2000-04-13,,,,,106.139999,,
2000-04-14,,,,,105.750000,,
2000-04-17,,,,,106.129997,,
2000-04-18,,,,,106.629997,,
2000-04-19,,,,,107.129997,,
2000-04-20,,,,,107.449997,,
2000-04-24,,,,,107.279999,,
2000-04-25,,,,,108.690002,,
2000-04-26,,,,,108.550003,,
2000-04-27,,,,,109.570000,,
2000-04-28,,,,,110.139999,,
2000-05-01,,,,,109.629997,,
2000-05-02,,,,,110.260002,,
2000-05-03,,,,,111.260002,,
2000-05-04,,,,,111.800003,,
2000-05-05,,,,,111.309998,,
2000-05-08,,,,,111.449997,,
2000-05-09,,,,,110.750000,,
2000-05-10,,,,,110.800003,,
2000-05-11,,,,,111.519997,,
2000-05-12,,,,,109.900002,,
2000-05-15,,,,,110.559998,,
2000-05-16,,,,,111.309998,,
2000-05-17,,,,,112.099998,,
2000-05-18,,,,,112.209999,,
2000-05-19,,,,,111.470001,,
2000-05-22,,,,,111.059998,,
2000-05-23,,,,,111.139999,,
2000-05-24,,,,,111.220001,,
2000-05-25,,,,,110.750000,,
2000-05-26,,,,,109.120003,,
2000-05-30,,,,,108.930000,,
2000-05-31,,,,,108.739998,,
2000-06-01,,,,,109.050003,,
2000-06-02,,,,,108.120003,,
2000-06-05,,,,,107.459999,,
2000-06-06,,,,,106.589996,,
2000-06-07,,,,,106.180000,,
2000-06-08,,,,,106.709999,,
2000-06-09,,,,,106.989998,,
2000-06-12,,,,,106.970001,,
2000-06-13,,,,,106.400002,,
2000-06-14,,,,,106.459999,,
2000-06-15,,,,,106.879997,,
2000-06-16,,,,,105.959999,,
2000-06-19,,,,,106.330002,,
2000-06-20,,,,,106.330002,,
2000-06-21,,,,,107.430000,,
2000-06-22,,,,,107.709999,,
2000-06-23,,,,,108.010002,,
2000-06-26,,,,,108.110001,,
2000-06-27,,,,,107.360001,,
2000-06-28,,,,,107.599998,,
2000-06-29,,,,,106.839996,,
2000-06-30,,,,,106.839996,,
2000-07-03,,,,,107.059998,,
2000-07-04,,,,,107.290001,,
2000-07-05,,,,,107.120003,,
2000-07-06,,,,,107.370003,,
2000-07-07,,,,,107.650002,,
2000-07-10,,,,,107.010002,,
2000-07-11,,,,,107.139999,,
2000-07-12,,,,,108.120003,,
2000-07-13,,,,,108.540001,,
2000-07-14,,,,,108.449997,,
2000-07-17,,,,,108.699997,,
2000-07-18,,,,,109.379997,,
2000-07-19,,,,,109.589996,,
2000-07-20,,,,,108.610001,,
2000-07-21,,,,,108.419998,,
2000-07-24,,,,,108.690002,,
2000-07-25,,,,,108.379997,,
2000-07-26,,,,,108.110001,,
2000-07-27,,,,,108.889999,,
2000-07-28,,,,,109.739998,,
2000-07-31,,,,,109.570000,,
2000-08-01,,,,,110.050003,,
2000-08-02,,,,,110.669998,,
2000-08-03,,,,,110.980003,,
2000-08-04,,,,,110.849998,,
2000-08-07,,,,,110.800003,,
2000-08-08,,,,,111.320000,,
2000-08-09,,,,,111.440002,,
2000-08-10,,,,,110.900002,,
2000-08-11,,,,,111.209999,,
2000-08-14,,,,,111.080002,,
2000-08-15,,,,,110.510002,,
2000-08-16,,,,,110.260002,,
2000-08-17,,,,,110.110001,,
2000-08-18,,,,,111.010002,,
2000-08-21,,,,,111.459999,,
2000-08-22,,,,,111.790001,,
2000-08-23,,,,,111.419998,,
2000-08-24,,,,,111.230003,,
2000-08-25,,,,,111.349998,,
2000-08-28,,,,,111.459999,,
2000-08-29,,,,,112.199997,,
2000-08-30,,,,,112.139999,,
2000-08-31,,,,,112.599998,,
2000-09-01,,,,,111.419998,,
2000-09-05,,,,,112.410004,,
2000-09-06,,,,,114.120003,,
2000-09-07,,,,,113.650002,,
2000-09-08,,,,,114.339996,,
2000-09-11,,,,,115.370003,,
2000-09-12,,,,,115.169998,,
2000-09-13,,,,,115.339996,,
2000-09-14,,,,,115.160004,,
2000-09-15,,,,,115.940002,,
2000-09-18,,,,,116.000000,,
2000-09-19,,,,,116.110001,,
2000-09-20,,,,,116.410004,,
2000-09-21,,,,,115.269997,,
2000-09-22,,,,,113.559998,,
2000-09-25,,,,,114.059998,,
2000-09-26,,,,,113.160004,,
2000-09-27,,,,,113.110001,,
2000-09-28,,,,,113.309998,,
2000-09-29,,,,,113.250000,,
2000-10-02,,,,,113.790001,,
2000-10-03,,,,,114.220001,,
2000-10-04,,,,,114.169998,,
2000-10-05,,,,,114.739998,,
2000-10-06,,,,,114.849998,,
2000-10-09,,,,,114.809998,,
2000-10-10,,,,,114.360001,,
2000-10-11,,,,,114.489998,,
2000-10-12,,,,,114.889999,,
2000-10-13,,,,,115.860001,,
2000-10-16,,,,,116.389999,,
2000-10-17,,,,,115.889999,,
2000-10-18,,,,,117.330002,,
2000-10-19,,,,,116.940002,,
2000-10-20,,,,,117.160004,,
2000-10-23,,,,,117.540001,,
2000-10-24,,,,,117.419998,,
2000-10-25,,,,,118.489998,,
2000-10-26,,,,,118.500000,,
2000-10-27,,,,,117.389999,,
2000-10-30,,,,,117.250000,,
2000-10-31,,,,,116.650002,,
2000-11-01,,,,,115.559998,,
2000-11-02,,,,,115.610001,,
2000-11-03,,,,,114.970001,,
2000-11-06,,,,,115.690002,,
2000-11-07,,,,,115.519997,,
2000-11-08,,,,,116.230003,,
2000-11-09,,,,,115.339996,,
2000-11-10,,,,,115.790001,,
2000-11-13,,,,,115.699997,,
2000-11-14,,,,,116.220001,,
2000-11-15,,,,,116.349998,,
2000-11-16,,,,,116.930000,,
2000-11-17,,,,,117.309998,,
2000-11-20,,,,,117.349998,,
2000-11-21,,,,,117.949997,,
2000-11-22,,,,,117.849998,,
2000-11-23,,,,,118.089996,,
2000-11-24,,,,,118.480003,,
2000-11-27,,,,,117.099998,,
2000-11-28,,,,,116.580002,,
2000-11-29,,,,,116.610001,,
2000-11-30,,,,,115.239998,,
2000-12-01,,,,,114.730003,,
2000-12-04,,,,,113.709999,,
2000-12-05,,,,,114.470001,,
2000-12-06,,,,,113.309998,,
2000-12-07,,,,,113.540001,,
2000-12-08,,,,,114.050003,,
2000-12-11,,,,,114.290001,,
2000-12-12,,,,,114.260002,,
2000-12-13,,,,,114.709999,,
2000-12-14,,,,,113.379997,,
2000-12-15,,,,,112.900002,,
2000-12-18,,,,,113.070000,,
2000-12-19,,,,,113.209999,,
2000-12-20,,,,,111.970001,,
2000-12-21,,,,,111.510002,,
2000-12-22,,,,,110.820000,,
2000-12-26,,,,,110.309998,,
2000-12-27,,,,,110.320000,,
2000-12-28,,,,,110.379997,,
2000-12-29,,,,,109.559998,,
2001-01-02,,,,,108.769997,,
2001-01-03,,,,,110.169998,,
2001-01-04,,,,,108.809998,,
2001-01-05,,,,,108.419998,,
2001-01-08,,,,,108.860001,,
2001-01-09,,,,,109.519997,,
2001-01-10,,,,,109.860001,,
2001-01-11,,,,,109.010002,,
2001-01-12,,,,,109.360001,,
2001-01-15,,,,,109.970001,,
2001-01-16,,,,,110.110001,,
2001-01-17,,,,,110.809998,,
2001-01-18,,,,,109.940002,,
2001-01-19,,,,,110.660004,,
2001-01-22,,,,,110.239998,,
2001-01-23,,,,,110.239998,,
2001-01-24,,,,,111.680000,,
2001-01-25,,,,,111.610001,,
2001-01-26,,,,,111.459999,,
2001-01-29,,,,,111.769997,,
2001-01-30,,,,,110.980003,,
2001-01-31,,,,,110.519997,,
2001-02-01,,,,,109.660004,,
2001-02-02,,,,,110.320000,,
2001-02-05,,,,,109.889999,,
2001-02-06,,,,,110.769997,,
2001-02-07,,,,,110.889999,,
2001-02-08,,,,,112.059998,,
2001-02-09,,,,,111.519997,,
2001-02-12,,,,,111.190002,,
2001-02-13,,,,,111.959999,,
2001-02-14,,,,,112.040001,,
2001-02-15,,,,,113.199997,,
2001-02-16,,,,,112.260002,,
2001-02-19,,,,,111.919998,,
2001-02-20,,,,,112.820000,,
2001-02-21,,,,,113.120003,,
2001-02-22,,,,,113.339996,,
2001-02-23,,,,,112.029999,,
2001-02-26,,,,,112.769997,,
2001-02-27,,,,,112.339996,,
2001-02-28,,,,,112.010002,,
2001-03-01,,,,,111.279999,,
2001-03-02,,,,,111.169998,,
2001-03-05,,,,,111.540001,,
2001-03-06,,,,,111.199997,,
2001-03-07,,,,,111.830002,,
2001-03-08,,,,,111.489998,,
2001-03-09,,,,,111.440002,,
2001-03-12,,,,,112.010002,,
2001-03-13,,,,,113.110001,,
2001-03-14,,,,,113.699997,,
2001-03-15,,,,,114.709999,,
2001-03-16,,,,,115.320000,,
2001-03-19,,,,,115.199997,,
2001-03-20,,,,,114.110001,,
2001-03-21,,,,,115.529999,,
2001-03-22,,,,,116.300003,,
2001-03-23,,,,,115.940002,,
2001-03-26,,,,,115.209999,,
2001-03-27,,,,,115.430000,,
2001-03-28,,,,,116.010002,,
2001-03-29,,,,,116.599998,,
2001-03-30,,,,,117.370003,,
2001-04-02,,,,,117.339996,,
2001-04-03,,,,,115.629997,,
2001-04-04,,,,,115.080002,,
2001-04-05,,,,,115.470001,,
2001-04-06,,,,,114.750000,,
2001-04-09,,,,,115.209999,,
2001-04-10,,,,,116.019997,,
2001-04-11,,,,,116.129997,,
2001-04-12,,,,,115.540001,,
2001-04-16,,,,,116.180000,,
2001-04-17,,,,,116.459999,,
2001-04-18,,,,,116.129997,,
2001-04-19,,,,,115.019997,,
2001-04-20,,,,,114.320000,,
2001-04-23,,,,,114.769997,,
2001-04-24,,,,,115.199997,,
2001-04-25,,,,,114.980003,,
2001-04-26,,,,,114.459999,,
2001-04-27,,,,,115.620003,,
2001-04-30,,,,,115.849998,,
2001-05-01,,,,,115.300003,,
2001-05-02,,,,,115.160004,,
2001-05-03,,,,,115.379997,,
2001-05-04,,,,,114.930000,,
2001-05-07,,,,,115.320000,,
2001-05-08,,,,,116.080002,,
2001-05-09,,,,,116.050003,,
2001-05-10,,,,,116.370003,,
2001-05-11,,,,,116.839996,,
2001-05-14,,,,,117.139999,,
2001-05-15,,,,,116.790001,,
2001-05-16,,,,,116.139999,,
2001-05-17,,,,,116.120003,,
2001-05-18,,,,,116.410004,,
2001-05-21,,,,,116.519997,,
2001-05-22,,,,,117.690002,,
2001-05-23,,,,,118.290001,,
2001-05-24,,,,,118.360001,,
2001-05-25,,,,,118.180000,,
2001-05-29,,,,,118.220001,,
2001-05-30,,,,,118.220001,,
2001-05-31,,,,,119.070000,,
2001-06-01,,,,,118.889999,,
2001-06-04,,,,,119.190002,,
2001-06-05,,,,,118.699997,,
2001-06-06,,,,,119.360001,,
2001-06-07,,,,,119.089996,,
2001-06-08,,,,,119.209999,,
2001-06-11,,,,,120.050003,,
2001-06-12,,,,,119.610001,,
2001-06-13,,,,,119.029999,,
2001-06-14,,,,,117.989998,,
2001-06-15,,,,,118.290001,,
2001-06-18,,,,,118.360001,,
2001-06-19,,,,,119.040001,,
2001-06-20,,,,,119.129997,,
2001-06-21,,,,,118.889999,,
2001-06-22,,,,,118.910004,,
2001-06-25,,,,,118.320000,,
2001-06-26,,,,,118.070000,,
2001-06-27,,,,,118.379997,,
2001-06-28,,,,,120.010002,,
2001-06-29,,,,,119.430000,,
2001-07-02,,,,,119.669998,,
2001-07-03,,,,,119.599998,,
2001-07-04,,,,,119.910004,,
2001-07-05,,,,,120.900002,,
2001-07-06,,,,,119.900002,,
2001-07-09,,,,,119.889999,,
2001-07-10,,,,,119.129997,,
2001-07-11,,,,,118.639999,,
2001-07-12,,,,,119.089996,,
2001-07-13,,,,,119.330002,,
2001-07-16,,,,,119.300003,,
2001-07-17,,,,,118.900002,,
2001-07-18,,,,,117.379997,,
2001-07-19,,,,,117.330002,,
2001-07-20,,,,,117.209999,,
2001-07-23,,,,,117.849998,,
2001-07-24,,,,,117.120003,,
2001-07-25,,,,,116.639999,,
2001-07-26,,,,,116.739998,,
2001-07-27,,,,,116.940002,,
2001-07-30,,,,,117.199997,,
2001-07-31,,,,,117.180000,,
2001-08-01,,,,,116.559998,,
2001-08-02,,,,,116.279999,,
2001-08-03,,,,,116.139999,,
2001-08-06,,,,,116.419998,,
2001-08-07,,,,,116.830002,,
2001-08-08,,,,,116.540001,,
2001-08-09,,,,,115.250000,,
2001-08-10,,,,,115.290001,,
2001-08-13,,,,,115.010002,,
2001-08-14,,,,,114.389999,,
2001-08-15,,,,,113.190002,,
2001-08-16,,,,,113.080002,,
2001-08-17,,,,,112.989998,,
2001-08-20,,,,,113.400002,,
2001-08-21,,,,,113.290001,,
2001-08-22,,,,,113.269997,,
2001-08-23,,,,,113.089996,,
2001-08-24,,,,,113.330002,,
2001-08-27,,,,,113.389999,,
2001-08-28,,,,,113.430000,,
2001-08-29,,,,,113.540001,,
2001-08-30,,,,,112.839996,,
2001-08-31,,,,,113.419998,,
2001-09-03,,,,,113.669998,,
2001-09-04,,,,,115.680000,,
2001-09-05,,,,,115.599998,,
2001-09-06,,,,,114.970001,,
2001-09-07,,,,,114.050003,,
2001-09-10,,,,,114.570000,,
2001-09-17,,,,,112.010002,,
2001-09-18,,,,,111.919998,,
2001-09-19,,,,,111.610001,,
2001-09-20,,,,,111.870003,,
2001-09-21,,,,,113.040001,,
2001-09-24,,,,,112.839996,,
2001-09-25,,,,,112.279999,,
2001-09-26,,,,,112.290001,,
2001-09-27,,,,,112.980003,,
2001-09-28,,,,,113.480003,,
2001-10-01,,,,,113.000000,,
2001-10-02,,,,,113.010002,,
2001-10-03,,,,,113.400002,,
2001-10-04,,,,,113.160004,,
2001-10-05,,,,,112.910004,,
2001-10-08,,,,,112.589996,,
2001-10-09,,,,,113.349998,,
2001-10-10,,,,,113.699997,,
2001-10-11,,,,,114.440002,,
2001-10-12,,,,,113.889999,,
2001-10-15,,,,,113.820000,,
2001-10-16,,,,,113.919998,,
2001-10-17,,,,,114.379997,,
2001-10-18,,,,,114.349998,,
2001-10-19,,,,,114.860001,,
2001-10-22,,,,,115.750000,,
2001-10-23,,,,,115.849998,,
2001-10-24,,,,,115.599998,,
2001-10-25,,,,,115.550003,,
2001-10-26,,,,,115.650002,,
2001-10-29,,,,,114.440002,,
2001-10-30,,,,,114.349998,,
2001-10-31,,,,,114.860001,,
2001-11-01,,,,,114.459999,,
2001-11-02,,,,,114.540001,,
2001-11-05,,,,,114.540001,,
2001-11-06,,,,,114.809998,,
2001-11-07,,,,,114.980003,,
2001-11-08,,,,,115.129997,,
2001-11-09,,,,,115.089996,,
2001-11-12,,,,,115.339996,,
2001-11-13,,,,,116.400002,,
2001-11-14,,,,,116.199997,,
2001-11-15,,,,,116.510002,,
2001-11-16,,,,,116.410004,,
2001-11-19,,,,,116.930000,,
2001-11-20,,,,,116.620003,,
2001-11-21,,,,,117.150002,,
2001-11-22,,,,,117.300003,,
2001-11-23,,,,,117.330002,,
2001-11-26,,,,,117.110001,,
2001-11-27,,,,,116.889999,,
2001-11-28,,,,,116.169998,,
2001-11-29,,,,,116.129997,,
2001-11-30,,,,,116.129997,,
2001-12-03,,,,,115.959999,,
2001-12-04,,,,,116.080002,,
2001-12-05,,,,,116.410004,,
2001-12-06,,,,,115.629997,,
2001-12-07,,,,,116.150002,,
2001-12-10,,,,,116.260002,,
2001-12-11,,,,,116.050003,,
2001-12-12,,,,,115.330002,,
2001-12-13,,,,,115.800003,,
2001-12-14,,,,,114.930000,,
2001-12-17,,,,,114.930000,,
2001-12-18,,,,,115.150002,,
2001-12-19,,,,,115.480003,,
2001-12-20,,,,,115.589996,,
2001-12-21,,,,,116.980003,,
2001-12-24,,,,,117.940002,,
2001-12-26,,,,,117.849998,,
2001-12-27,,,,,117.570000,,
2001-12-28,,,,,117.260002,,
2001-12-31,,,,,116.750000,,
2002-01-02,,,,,115.790001,,
2002-01-03,,,,,116.110001,,
2002-01-04,,,,,116.330002,,
2002-01-07,,,,,116.330002,,
2002-01-08,,,,,116.830002,,
2002-01-09,,,,,117.010002,,
2002-01-10,,,,,116.879997,,
2002-01-11,,,,,116.639999,,
2002-01-14,,,,,116.639999,,
2002-01-15,,,,,117.290001,,
2002-01-16,,,,,117.589996,,
2002-01-17,,,,,117.849998,,
2002-01-18,,,,,117.510002,,
2002-01-21,,,,,117.660004,,
2002-01-22,,,,,117.750000,,
2002-01-23,,,,,118.470001,,
2002-01-24,,,,,118.639999,,
2002-01-25,,,,,119.849998,,
2002-01-28,,,,,120.040001,,
2002-01-29,,,,,119.620003,,
2002-01-30,,,,,119.730003,,
2002-01-31,,,,,120.239998,,
2002-02-01,,,,,119.790001,,
2002-02-04,,,,,118.900002,,
2002-02-05,,,,,119.400002,,
2002-02-06,,,,,119.300003,,
2002-02-07,,,,,119.070000,,
2002-02-08,,,,,118.980003,,
2002-02-11,,,,,118.440002,,
2002-02-12,,,,,118.250000,,
2002-02-13,,,,,118.800003,,
2002-02-14,,,,,118.430000,,
2002-02-15,,,,,118.599998,,
2002-02-18,,,,,118.760002,,
2002-02-19,,,,,118.360001,,
2002-02-20,,,,,118.930000,,
2002-02-21,,,,,119.160004,,
2002-02-22,,,,,118.480003,,
2002-02-25,,,,,119.129997,,
2002-02-26,,,,,119.820000,,
2002-02-27,,,,,119.570000,,
2002-02-28,,,,,119.160004,,
2002-03-01,,,,,119.400002,,
2002-03-04,,,,,118.809998,,
2002-03-05,,,,,118.570000,,
2002-03-06,,,,,117.959999,,
2002-03-07,,,,,116.800003,,
2002-03-08,,,,,117.989998,,
2002-03-11,,,,,117.730003,,
2002-03-12,,,,,117.800003,,
2002-03-13,,,,,117.959999,,
2002-03-14,,,,,117.290001,,
2002-03-15,,,,,117.220001,,
2002-03-18,,,,,117.500000,,
2002-03-19,,,,,117.500000,,
2002-03-20,,,,,117.220001,,
2002-03-21,,,,,117.519997,,
2002-03-22,,,,,118.050003,,
2002-03-25,,,,,118.099998,,
2002-03-26,,,,,118.139999,,
2002-03-27,,,,,118.540001,,
2002-03-28,,,,,118.620003,,
2002-04-01,,,,,117.769997,,
2002-04-02,,,,,117.919998,,
2002-04-03,,,,,117.680000,,
2002-04-04,,,,,117.940002,,
2002-04-05,,,,,117.690002,,
2002-04-08,,,,,118.199997,,
2002-04-09,,,,,117.589996,,
2002-04-10,,,,,117.510002,,
2002-04-11,,,,,117.370003,,
2002-04-12,,,,,117.739998,,
2002-04-15,,,,,117.639999,,
2002-04-16,,,,,117.370003,,
2002-04-17,,,,,116.599998,,
2002-04-18,,,,,116.389999,,
2002-04-19,,,,,116.290001,,
2002-04-22,,,,,116.430000,,
2002-04-23,,,,,116.570000,,
2002-04-24,,,,,116.150002,,
2002-04-25,,,,,115.449997,,
2002-04-26,,,,,115.040001,,
2002-04-29,,,,,114.889999,,
2002-04-30,,,,,115.190002,,
2002-05-01,,,,,114.540001,,
2002-05-02,,,,,114.870003,,
2002-05-03,,,,,113.589996,,
2002-05-06,,,,,113.660004,,
2002-05-07,,,,,113.919998,,
2002-05-08,,,,,114.910004,,
2002-05-09,,,,,114.519997,,
2002-05-10,,,,,113.949997,,
2002-05-13,,,,,114.150002,,
2002-05-14,,,,,115.089996,,
2002-05-15,,,,,114.120003,,
2002-05-16,,,,,114.129997,,
2002-05-17,,,,,113.000000,,
2002-05-20,,,,,112.820000,,
2002-05-21,,,,,112.800003,,
2002-05-22,,,,,112.330002,,
2002-05-23,,,,,112.790001,,
2002-05-24,,,,,112.800003,,
2002-05-27,,,,,113.000000,,
2002-05-28,,,,,112.099998,,
2002-05-29,,,,,111.489998,,
2002-05-30,,,,,111.169998,,
2002-05-31,,,,,111.809998,,
2002-06-03,,,,,111.300003,,
2002-06-04,,,,,111.089996,,
2002-06-05,,,,,111.339996,,
2002-06-06,,,,,110.830002,,
2002-06-07,,,,,110.989998,,
2002-06-10,,,,,111.099998,,
2002-06-11,,,,,110.779999,,
2002-06-12,,,,,111.000000,,
2002-06-13,,,,,111.150002,,
2002-06-14,,,,,110.760002,,
2002-06-17,,,,,110.849998,,
2002-06-18,,,,,110.199997,,
2002-06-19,,,,,109.669998,,
2002-06-20,,,,,108.940002,,
2002-06-21,,,,,108.190002,,
2002-06-24,,,,,108.209999,,
2002-06-25,,,,,107.570000,,
2002-06-26,,,,,106.559998,,
2002-06-27,,,,,106.370003,,
2002-06-28,,,,,106.110001,,
2002-07-01,,,,,106.510002,,
2002-07-02,,,,,106.800003,,
2002-07-03,,,,,107.050003,,
2002-07-04,,,,,107.339996,,
2002-07-05,,,,,107.669998,,
2002-07-08,,,,,106.300003,,
2002-07-09,,,,,105.650002,,
2002-07-10,,,,,106.010002,,
2002-07-11,,,,,105.720001,,
2002-07-12,,,,,105.889999,,
2002-07-15,,,,,104.669998,,
2002-07-16,,,,,104.489998,,
2002-07-17,,,,,104.419998,,
2002-07-18,,,,,104.470001,,
2002-07-19,,,,,104.059998,,
2002-07-22,,,,,104.750000,,
2002-07-23,,,,,106.660004,,
2002-07-24,,,,,105.519997,,
2002-07-25,,,,,105.120003,,
2002-07-26,,,,,106.610001,,
2002-07-29,,,,,107.099998,,
2002-07-30,,,,,106.800003,,
2002-07-31,,,,,107.410004,,
2002-08-01,,,,,107.019997,,
2002-08-02,,,,,106.669998,,
2002-08-05,,,,,107.269997,,
2002-08-06,,,,,108.690002,,
2002-08-07,,,,,107.849998,,
2002-08-08,,,,,108.660004,,
2002-08-09,,,,,108.209999,,
2002-08-12,,,,,107.410004,,
2002-08-13,,,,,107.110001,,
2002-08-14,,,,,106.790001,,
2002-08-15,,,,,106.720001,,
2002-08-16,,,,,106.720001,,
2002-08-19,,,,,107.519997,,
2002-08-20,,,,,107.309998,,
2002-08-21,,,,,107.139999,,
2002-08-22,,,,,108.129997,,
2002-08-23,,,,,107.970001,,
2002-08-26,,,,,107.860001,,
2002-08-27,,,,,106.769997,,
2002-08-28,,,,,107.080002,,
2002-08-29,,,,,106.699997,,
2002-08-30,,,,,106.980003,,
2002-09-03,,,,,105.570000,,
2002-09-04,,,,,106.099998,,
2002-09-05,,,,,105.980003,,
2002-09-06,,,,,106.839996,,
2002-09-09,,,,,107.099998,,
2002-09-10,,,,,107.519997,,
2002-09-11,,,,,107.620003,,
2002-09-12,,,,,107.160004,,
2002-09-13,,,,,108.059998,,
2002-09-16,,,,,108.239998,,
2002-09-17,,,,,108.330002,,
2002-09-18,,,,,107.760002,,
2002-09-19,,,,,107.000000,,
2002-09-20,,,,,107.529999,,
2002-09-23,,,,,107.860001,,
2002-09-24,,,,,107.519997,,
2002-09-25,,,,,107.790001,,
2002-09-26,,,,,107.680000,,
2002-09-27,,,,,107.529999,,
2002-09-30,,,,,106.870003,,
2002-10-01,,,,,107.070000,,
2002-10-02,,,,,107.160004,,
2002-10-03,,,,,106.970001,,
2002-10-04,,,,,107.599998,,
2002-10-07,,,,,107.550003,,
2002-10-08,,,,,108.070000,,
2002-10-09,,,,,106.940002,,
2002-10-10,,,,,107.199997,,
2002-10-11,,,,,107.250000,,
2002-10-14,,,,,107.150002,,
2002-10-15,,,,,107.779999,,
2002-10-16,,,,,107.629997,,
2002-10-17,,,,,108.370003,,
2002-10-18,,,,,108.519997,,
2002-10-21,,,,,108.230003,,
2002-10-22,,,,,107.940002,,
2002-10-23,,,,,108.000000,,
2002-10-24,,,,,107.910004,,
2002-10-25,,,,,107.919998,,
2002-10-28,,,,,107.160004,,
2002-10-29,,,,,107.070000,,
2002-10-30,,,,,107.070000,,
2002-10-31,,,,,106.639999,,
2002-11-01,,,,,106.080002,,
2002-11-04,,,,,106.120003,,
2002-11-05,,,,,105.870003,,
2002-11-06,,,,,105.599998,,
2002-11-07,,,,,104.970001,,
2002-11-08,,,,,104.500000,,
2002-11-11,,,,,104.570000,,
2002-11-12,,,,,104.660004,,
2002-11-13,,,,,105.099998,,
2002-11-14,,,,,105.209999,,
2002-11-15,,,,,105.040001,,
2002-11-18,,,,,105.199997,,
2002-11-19,,,,,105.669998,,
2002-11-20,,,,,105.870003,,
2002-11-21,,,,,105.809998,,
2002-11-22,,,,,106.120003,,
2002-11-25,,,,,106.540001,,
2002-11-26,,,,,106.529999,,
2002-11-27,,,,,106.769997,,
2002-11-28,,,,,106.540001,,
2002-11-29,,,,,106.410004,,
2002-12-02,,,,,106.349998,,
2002-12-03,,,,,106.370003,,
2002-12-04,,,,,106.139999,,
2002-12-05,,,,,106.099998,,
2002-12-06,,,,,105.360001,,
2002-12-09,,,,,105.239998,,
2002-12-10,,,,,105.370003,,
2002-12-11,,,,,105.349998,,
2002-12-12,,,,,104.510002,,
2002-12-13,,,,,103.980003,,
2002-12-16,,,,,104.059998,,
2002-12-17,,,,,103.510002,,
2002-12-18,,,,,103.629997,,
2002-12-19,,,,,103.480003,,
2002-12-20,,,,,103.459999,,
2002-12-23,,,,,103.639999,,
2002-12-24,,,,,103.250000,,
2002-12-26,,,,,102.820000,,
2002-12-27,,,,,102.410004,,
2002-12-30,,,,,102.010002,,
2002-12-31,,,,,101.849998,,
2003-01-02,,,,,102.980003,,
2003-01-03,,,,,102.470001,,
2003-01-06,,,,,101.970001,,
2003-01-07,,,,,102.570000,,
2003-01-08,,,,,101.870003,,
2003-01-09,,,,,101.940002,,
2003-01-10,,,,,101.230003,,
2003-01-13,,,,,101.470001,,
2003-01-14,,,,,101.209999,,
2003-01-15,,,,,101.339996,,
2003-01-16,,,,,100.790001,,
2003-01-17,,,,,100.550003,,
2003-01-21,,,,,100.230003,,
2003-01-22,,,,,100.230003,,
2003-01-23,,,,,99.860001,,
2003-01-24,,,,,99.220001,,
2003-01-27,,,,,99.260002,,
2003-01-28,,,,,99.480003,,
2003-01-29,,,,,99.279999,,
2003-01-30,,,,,99.519997,,
2003-01-31,,,,,99.910004,,
2003-02-03,,,,,99.900002,,
2003-02-04,,,,,99.139999,,
2003-02-05,,,,,99.650002,,
2003-02-06,,,,,99.459999,,
2003-02-07,,,,,99.570000,,
2003-02-10,,,,,100.269997,,
2003-02-11,,,,,100.389999,,
2003-02-12,,,,,100.510002,,
2003-02-13,,,,,99.589996,,
2003-02-14,,,,,100.040001,,
2003-02-18,,,,,100.529999,,
2003-02-19,,,,,100.000000,,
2003-02-20,,,,,99.550003,,
2003-02-21,,,,,100.089996,,
2003-02-24,,,,,99.660004,,
2003-02-25,,,,,99.830002,,
2003-02-26,,,,,99.620003,,
2003-02-27,,,,,99.809998,,
2003-02-28,,,,,99.709999,,
2003-03-03,,,,,99.099998,,
2003-03-04,,,,,99.129997,,
2003-03-05,,,,,98.279999,,
2003-03-06,,,,,98.309998,,
2003-03-07,,,,,98.040001,,
2003-03-10,,,,,97.849998,,
2003-03-11,,,,,97.989998,,
2003-03-12,,,,,98.160004,,
2003-03-13,,,,,99.550003,,
2003-03-14,,,,,99.989998,,
2003-03-17,,,,,100.739998,,
2003-03-18,,,,,100.860001,,
2003-03-19,,,,,101.580002,,
2003-03-20,,,,,101.150002,,
2003-03-21,,,,,101.919998,,
2003-03-24,,,,,100.980003,,
2003-03-25,,,,,100.870003,,
2003-03-26,,,,,100.610001,,
2003-03-27,,,,,100.639999,,
2003-03-28,,,,,99.959999,,
2003-03-31,,,,,99.059998,,
2003-04-01,,,,,99.150002,,
2003-04-02,,,,,100.080002,,
2003-04-03,,,,,100.339996,,
2003-04-04,,,,,100.449997,,
2003-04-07,,,,,101.040001,,
2003-04-08,,,,,100.529999,,
2003-04-09,,,,,100.160004,,
2003-04-10,,,,,99.820000,,
2003-04-11,,,,,100.180000,,
2003-04-14,,,,,99.959999,,
2003-04-15,,,,,99.760002,,
2003-04-16,,,,,99.059998,,
2003-04-17,,,,,99.300003,,
2003-04-21,,,,,99.589996,,
2003-04-22,,,,,98.730003,,
2003-04-23,,,,,98.779999,,
2003-04-24,,,,,98.330002,,
2003-04-25,,,,,98.360001,,
2003-04-28,,,,,98.669998,,
2003-04-29,,,,,98.019997,,
2003-04-30,,,,,97.190002,,
2003-05-01,,,,,96.699997,,
2003-05-02,,,,,96.760002,,
2003-05-05,,,,,96.370003,,
2003-05-06,,,,,95.339996,,
2003-05-07,,,,,95.580002,,
2003-05-08,,,,,94.930000,,
2003-05-09,,,,,94.980003,,
2003-05-12,,,,,94.550003,,
2003-05-13,,,,,94.720001,,
2003-05-14,,,,,94.580002,,
2003-05-15,,,,,95.220001,,
2003-05-16,,,,,94.080002,,
2003-05-19,,,,,93.779999,,
2003-05-20,,,,,93.260002,,
2003-05-21,,,,,93.540001,,
2003-05-22,,,,,93.559998,,
2003-05-23,,,,,93.050003,,
2003-05-27,,,,,92.720001,,
2003-05-28,,,,,93.449997,,
2003-05-29,,,,,92.709999,,
2003-05-30,,,,,93.269997,,
2003-06-02,,,,,93.339996,,
2003-06-03,,,,,93.529999,,
2003-06-04,,,,,93.730003,,
2003-06-05,,,,,92.519997,,
2003-06-06,,,,,93.480003,,
2003-06-09,,,,,93.300003,,
2003-06-10,,,,,93.559998,,
2003-06-11,,,,,92.970001,,
2003-06-12,,,,,92.900002,,
2003-06-13,,,,,92.220001,,
2003-06-16,,,,,92.400002,,
2003-06-17,,,,,92.610001,,
2003-06-18,,,,,93.169998,,
2003-06-19,,,,,93.160004,,
2003-06-20,,,,,94.040001,,
2003-06-23,,,,,94.080002,,
2003-06-24,,,,,94.389999,,
2003-06-25,,,,,94.120003,,
2003-06-26,,,,,94.970001,,
2003-06-27,,,,,95.150002,,
2003-06-30,,,,,94.730003,,
2003-07-01,,,,,94.300003,,
2003-07-02,,,,,94.120003,,
2003-07-03,,,,,94.410004,,
2003-07-04,,,,,94.550003,,
2003-07-07,,,,,95.510002,,
2003-07-08,,,,,95.820000,,
2003-07-09,,,,,95.589996,,
2003-07-10,,,,,95.389999,,
2003-07-11,,,,,95.800003,,
2003-07-14,,,,,96.070000,,
2003-07-15,,,,,96.070000,,
2003-07-16,,,,,96.720001,,
2003-07-17,,,,,96.860001,,
2003-07-18,,,,,96.860001,,
2003-07-21,,,,,96.110001,,
2003-07-22,,,,,96.379997,,
2003-07-23,,,,,95.440002,,
2003-07-24,,,,,95.339996,,
2003-07-25,,,,,94.959999,,
2003-07-28,,,,,95.059998,,
2003-07-29,,,,,95.330002,,
2003-07-30,,,,,96.070000,,
2003-07-31,,,,,96.889999,,
2003-08-01,,,,,96.660004,,
2003-08-04,,,,,96.180000,,
2003-08-05,,,,,96.160004,,
2003-08-06,,,,,96.230003,,
2003-08-07,,,,,95.830002,,
2003-08-08,,,,,96.360001,,
2003-08-11,,,,,95.870003,,
2003-08-12,,,,,96.150002,,
2003-08-13,,,,,96.180000,,
2003-08-14,,,,,96.680000,,
2003-08-15,,,,,96.650002,,
2003-08-18,,,,,97.349998,,
2003-08-19,,,,,97.309998,,
2003-08-20,,,,,97.370003,,
2003-08-21,,,,,98.610001,,
2003-08-22,,,,,98.830002,,
2003-08-25,,,,,98.830002,,
2003-08-26,,,,,98.760002,,
2003-08-27,,,,,98.860001,,
2003-08-28,,,,,98.830002,,
2003-08-29,,,,,98.099998,,
2003-09-01,,,,,98.000000,,
2003-09-02,,,,,98.949997,,
2003-09-03,,,,,98.709999,,
2003-09-04,,,,,98.199997,,
2003-09-05,,,,,97.089996,,
2003-09-08,,,,,97.160004,,
2003-09-09,,,,,96.440002,,
2003-09-10,,,,,96.500000,,
2003-09-11,,,,,96.559998,,
2003-09-12,,,,,96.010002,,
2003-09-15,,,,,95.980003,,
2003-09-16,,,,,96.669998,,
2003-09-17,,,,,95.739998,,
2003-09-18,,,,,95.949997,,
2003-09-19,,,,,94.959999,,
2003-09-22,,,,,93.849998,,
2003-09-23,,,,,93.989998,,
2003-09-24,,,,,93.699997,,
2003-09-25,,,,,93.760002,,
2003-09-26,,,,,93.870003,,
2003-09-29,,,,,93.080002,,
2003-09-30,,,,,92.849998,,
2003-10-01,,,,,92.389999,,
2003-10-02,,,,,92.419998,,
2003-10-03,,,,,93.230003,,
2003-10-06,,,,,92.410004,,
2003-10-07,,,,,91.889999,,
2003-10-08,,,,,91.730003,,
2003-10-09,,,,,91.989998,,
2003-10-10,,,,,91.519997,,
2003-10-13,,,,,91.889999,,
2003-10-14,,,,,91.830002,,
2003-10-15,,,,,92.419998,,
2003-10-16,,,,,92.610001,,
2003-10-17,,,,,92.290001,,
2003-10-20,,,,,92.430000,,
2003-10-21,,,,,92.370003,,
2003-10-22,,,,,91.269997,,
2003-10-23,,,,,91.510002,,
2003-10-24,,,,,91.279999,,
2003-10-27,,,,,91.610001,,
2003-10-28,,,,,91.860001,,
2003-10-29,,,,,91.860001,,
2003-10-30,,,,,92.209999,,
2003-10-31,,,,,92.730003,,
2003-11-03,,,,,93.660004,,
2003-11-04,,,,,93.230003,,
2003-11-05,,,,,93.629997,,
2003-11-06,,,,,93.889999,,
2003-11-07,,,,,93.019997,,
2003-11-10,,,,,93.050003,,
2003-11-11,,,,,93.099998,,
2003-11-12,,,,,92.309998,,
2003-11-13,,,,,91.610001,,
2003-11-14,,,,,91.440002,,
2003-11-17,,,,,91.529999,,
2003-11-18,,,,,90.330002,,
2003-11-19,,,,,90.900002,,
2003-11-20,,,,,90.660004,,
2003-11-21,,,,,90.599998,,
2003-11-24,,,,,91.589996,,
2003-11-25,,,,,91.459999,,
2003-11-26,,,,,90.599998,,
2003-11-28,,,,,90.209999,,
2003-12-01,,,,,90.349998,,
2003-12-02,,,,,89.639999,,
2003-12-03,,,,,89.500000,,
2003-12-04,,,,,89.599998,,
2003-12-05,,,,,89.139999,,
2003-12-08,,,,,88.750000,,
2003-12-09,,,,,88.610001,,
2003-12-10,,,,,88.849998,,
2003-12-11,,,,,88.879997,,
2003-12-12,,,,,88.489998,,
2003-12-15,,,,,88.459999,,
2003-12-16,,,,,88.309998,,
2003-12-17,,,,,87.940002,,
2003-12-18,,,,,87.849998,,
2003-12-19,,,,,88.110001,,
2003-12-22,,,,,87.989998,,
2003-12-23,,,,,87.989998,,
2003-12-24,,,,,87.540001,,
2003-12-26,,,,,87.629997,,
2003-12-29,,,,,87.349998,,
2003-12-30,,,,,87.000000,,
2003-12-31,,,,,86.919998,,
2004-01-02,,,,,86.919998,,
2004-01-05,,,,,86.070000,,
2004-01-06,,,,,85.629997,,
2004-01-07,,,,,86.199997,,
2004-01-08,,,,,85.570000,,
2004-01-09,,,,,85.110001,,
2004-01-12,,,,,85.550003,,
2004-01-13,,,,,85.510002,,
2004-01-14,,,,,86.029999,,
2004-01-15,,,,,86.559998,,
2004-01-16,,,,,87.730003,,
2004-01-19,,,,,87.660004,,
2004-01-20,,,,,86.709999,,
2004-01-21,,,,,86.360001,,
2004-01-22,,,,,85.820000,,
2004-01-23,,,,,86.559998,,
2004-01-26,,,,,87.250000,,
2004-01-27,,,,,86.279999,,
2004-01-28,,,,,86.970001,,
2004-01-29,,,,,87.580002,,
2004-01-30,,,,,87.199997,,
2004-02-02,,,,,87.529999,,
2004-02-03,,,,,86.790001,,
2004-02-04,,,,,86.839996,,
2004-02-05,,,,,86.900002,,
2004-02-06,,,,,86.019997,,
2004-02-09,,,,,86.000000,,
2004-02-10,,,,,85.839996,,
2004-02-11,,,,,85.199997,,
2004-02-12,,,,,85.290001,,
2004-02-13,,,,,85.559998,,
2004-02-16,,,,,85.470001,,
2004-02-17,,,,,85.019997,,
2004-02-18,,,,,85.879997,,
2004-02-19,,,,,85.949997,,
2004-02-20,,,,,87.239998,,
2004-02-23,,,,,87.040001,,
2004-02-24,,,,,86.139999,,
2004-02-25,,,,,87.250000,,
2004-02-26,,,,,87.680000,,
2004-02-27,,,,,87.309998,,
2004-03-01,,,,,87.519997,,
2004-03-02,,,,,88.830002,,
2004-03-03,,,,,89.029999,,
2004-03-04,,,,,89.139999,,
2004-03-05,,,,,88.180000,,
2004-03-08,,,,,88.000000,,
2004-03-09,,,,,88.290001,,
2004-03-10,,,,,88.949997,,
2004-03-11,,,,,88.510002,,
2004-03-12,,,,,89.120003,,
2004-03-15,,,,,88.809998,,
2004-03-16,,,,,88.589996,,
2004-03-17,,,,,88.650002,,
2004-03-18,,,,,87.699997,,
2004-03-19,,,,,88.160004,,
2004-03-22,,,,,87.809998,,
2004-03-23,,,,,87.849998,,
2004-03-24,,,,,88.930000,,
2004-03-25,,,,,88.900002,,
2004-03-26,,,,,88.889999,,
2004-03-29,,,,,88.629997,,
2004-03-30,,,,,88.430000,,
2004-03-31,,,,,87.610001,,
2004-04-01,,,,,87.209999,,
2004-04-02,,,,,88.510002,,
2004-04-05,,,,,89.220001,,
2004-04-06,,,,,88.750000,,
2004-04-07,,,,,88.269997,,
2004-04-08,,,,,89.019997,,
2004-04-12,,,,,88.949997,,
2004-04-13,,,,,89.830002,,
2004-04-14,,,,,90.239998,,
2004-04-15,,,,,90.059998,,
2004-04-16,,,,,89.940002,,
2004-04-19,,,,,89.800003,,
2004-04-20,,,,,90.489998,,
2004-04-21,,,,,91.120003,,
2004-04-22,,,,,90.820000,,
2004-04-23,,,,,91.080002,,
2004-04-26,,,,,90.620003,,
2004-04-27,,,,,90.410004,,
2004-04-28,,,,,91.169998,,
2004-04-29,,,,,90.570000,,
2004-04-30,,,,,90.480003,,
2004-05-03,,,,,90.760002,,
2004-05-04,,,,,89.809998,,
2004-05-05,,,,,89.309998,,
2004-05-06,,,,,89.879997,,
2004-05-07,,,,,91.129997,,
2004-05-10,,,,,91.559998,,
2004-05-11,,,,,91.660004,,
2004-05-12,,,,,91.290001,,
2004-05-13,,,,,91.959999,,
2004-05-14,,,,,91.660004,,
2004-05-17,,,,,91.000000,,
2004-05-18,,,,,91.250000,,
2004-05-19,,,,,90.529999,,
2004-05-20,,,,,91.029999,,
2004-05-21,,,,,90.489998,,
2004-05-24,,,,,90.480003,,
2004-05-25,,,,,89.839996,,
2004-05-26,,,,,89.720001,,
2004-05-27,,,,,88.669998,,
2004-05-28,,,,,88.949997,,
2004-06-01,,,,,88.879997,,
2004-06-02,,,,,88.839996,,
2004-06-03,,,,,88.949997,,
2004-06-04,,,,,88.540001,,
2004-06-07,,,,,88.250000,,
2004-06-08,,,,,88.510002,,
2004-06-09,,,,,89.730003,,
2004-06-10,,,,,89.250000,,
2004-06-11,,,,,90.010002,,
2004-06-14,,,,,89.940002,,
2004-06-15,,,,,89.089996,,
2004-06-16,,,,,90.040001,,
2004-06-17,,,,,89.599998,,
2004-06-18,,,,,89.080002,,
2004-06-21,,,,,89.290001,,
2004-06-22,,,,,89.430000,,
2004-06-23,,,,,89.419998,,
2004-06-24,,,,,88.750000,,
2004-06-25,,,,,88.879997,,
2004-06-28,,,,,88.720001,,
2004-06-29,,,,,89.410004,,
2004-06-30,,,,,88.800003,,
2004-07-01,,,,,88.790001,,
2004-07-02,,,,,87.970001,,
2004-07-05,,,,,88.230003,,
2004-07-06,,,,,88.120003,,
2004-07-07,,,,,87.650002,,
2004-07-08,,,,,87.540001,,
2004-07-09,,,,,87.419998,,
2004-07-12,,,,,87.389999,,
2004-07-13,,,,,87.820000,,
2004-07-14,,,,,87.580002,,
2004-07-15,,,,,87.989998,,
2004-07-16,,,,,87.139999,,
2004-07-19,,,,,87.180000,,
2004-07-20,,,,,87.830002,,
2004-07-21,,,,,88.559998,,
2004-07-22,,,,,88.449997,,
2004-07-23,,,,,89.260002,,
2004-07-26,,,,,89.029999,,
2004-07-27,,,,,89.790001,,
2004-07-28,,,,,89.750000,,
2004-07-29,,,,,89.949997,,
2004-07-30,,,,,89.959999,,
2004-08-02,,,,,89.750000,,
2004-08-03,,,,,89.570000,,
2004-08-04,,,,,89.680000,,
2004-08-05,,,,,89.639999,,
2004-08-06,,,,,88.360001,,
2004-08-09,,,,,88.389999,,
2004-08-10,,,,,88.790001,,
2004-08-11,,,,,88.849998,,
2004-08-12,,,,,88.690002,,
2004-08-13,,,,,87.900002,,
2004-08-16,,,,,87.959999,,
2004-08-17,,,,,88.059998,,
2004-08-18,,,,,88.080002,,
2004-08-19,,,,,87.790001,,
2004-08-20,,,,,88.120003,,
2004-08-23,,,,,89.059998,,
2004-08-24,,,,,89.459999,,
2004-08-25,,,,,89.419998,,
2004-08-26,,,,,89.300003,,
2004-08-27,,,,,89.769997,,
2004-08-30,,,,,89.690002,,
2004-08-31,,,,,88.940002,,
2004-09-01,,,,,88.870003,,
2004-09-02,,,,,88.980003,,
2004-09-03,,,,,89.629997,,
2004-09-06,,,,,89.529999,,
2004-09-07,,,,,89.230003,,
2004-09-08,,,,,88.769997,,
2004-09-09,,,,,88.830002,,
2004-09-10,,,,,88.389999,,
2004-09-13,,,,,88.550003,,
2004-09-14,,,,,88.459999,,
2004-09-15,,,,,89.150002,,
2004-09-16,,,,,88.790001,,
2004-09-17,,,,,88.910004,,
2004-09-20,,,,,88.989998,,
2004-09-21,,,,,88.129997,,
2004-09-22,,,,,88.510002,,
2004-09-23,,,,,88.440002,,
2004-09-24,,,,,88.400002,,
2004-09-27,,,,,88.290001,,
2004-09-28,,,,,88.110001,,
2004-09-29,,,,,88.099998,,
2004-09-30,,,,,87.360001,,
2004-10-01,,,,,87.629997,,
2004-10-04,,,,,88.379997,,
2004-10-05,,,,,88.169998,,
2004-10-06,,,,,88.480003,,
2004-10-07,,,,,88.339996,,
2004-10-08,,,,,87.449997,,
2004-10-11,,,,,87.540001,,
2004-10-12,,,,,88.019997,,
2004-10-13,,,,,87.879997,,
2004-10-14,,,,,87.550003,,
2004-10-15,,,,,87.089996,,
2004-10-18,,,,,87.019997,,
2004-10-19,,,,,86.839996,,
2004-10-20,,,,,86.349998,,
2004-10-21,,,,,86.019997,,
2004-10-22,,,,,85.870003,,
2004-10-25,,,,,84.970001,,
2004-10-26,,,,,85.209999,,
2004-10-27,,,,,85.440002,,
2004-10-28,,,,,85.279999,,
2004-10-29,,,,,84.910004,,
2004-11-01,,,,,85.199997,,
2004-11-02,,,,,85.470001,,
2004-11-03,,,,,84.699997,,
2004-11-04,,,,,84.540001,,
2004-11-05,,,,,84.010002,,
2004-11-08,,,,,84.089996,,
2004-11-09,,,,,84.290001,,
2004-11-10,,,,,84.430000,,
2004-11-11,,,,,84.370003,,
2004-11-12,,,,,83.690002,,
2004-11-15,,,,,84.000000,,
2004-11-16,,,,,83.800003,,
2004-11-17,,,,,83.290001,,
2004-11-18,,,,,83.690002,,
2004-11-19,,,,,83.309998,,
2004-11-22,,,,,83.190002,,
2004-11-23,,,,,82.970001,,
2004-11-24,,,,,82.410004,,
2004-11-25,,,,,82.180000,,
2004-11-26,,,,,81.779999,,
2004-11-29,,,,,81.930000,,
2004-11-30,,,,,81.820000,,
2004-12-01,,,,,81.559998,,
2004-12-02,,,,,81.949997,,
2004-12-03,,,,,80.980003,,
2004-12-06,,,,,81.279999,,
2004-12-07,,,,,81.239998,,
2004-12-08,,,,,81.900002,,
2004-12-09,,,,,82.029999,,
2004-12-10,,,,,82.550003,,
2004-12-13,,,,,82.099998,,
2004-12-14,,,,,82.320000,,
2004-12-15,,,,,81.629997,,
2004-12-16,,,,,82.500000,,
2004-12-17,,,,,82.160004,,
2004-12-20,,,,,81.669998,,
2004-12-21,,,,,81.940002,,
2004-12-22,,,,,81.930000,,
2004-12-23,,,,,81.339996,,
2004-12-24,,,,,81.220001,,
2004-12-27,,,,,80.720001,,
2004-12-28,,,,,80.720001,,
2004-12-29,,,,,80.970001,,
2004-12-30,,,,,80.529999,,
2004-12-31,,,,,80.849998,,
2005-01-03,,,,,81.300003,,
2005-01-04,,,,,82.570000,,
2005-01-05,,,,,82.540001,,
2005-01-06,,,,,83.150002,,
2005-01-07,,,,,83.610001,,
2005-01-10,,,,,83.290001,,
2005-01-11,,,,,83.019997,,
2005-01-12,,,,,82.139999,,
2005-01-13,,,,,82.510002,,
2005-01-14,,,,,83.059998,,
2005-01-17,,,,,83.059998,,
2005-01-18,,,,,83.360001,,
2005-01-19,,,,,83.599998,,
2005-01-20,,,,,83.839996,,
2005-01-21,,,,,83.260002,,
2005-01-24,,,,,83.239998,,
2005-01-25,,,,,83.989998,,
2005-01-26,,,,,83.300003,,
2005-01-27,,,,,83.430000,,
2005-01-28,,,,,83.480003,,
2005-01-31,,,,,83.599998,,
2005-02-01,,,,,83.449997,,
2005-02-02,,,,,83.519997,,
2005-02-03,,,,,83.970001,,
2005-02-04,,,,,84.389999,,
2005-02-07,,,,,85.040001,,
2005-02-08,,,,,85.099998,,
2005-02-09,,,,,85.019997,,
2005-02-10,,,,,84.540001,,
2005-02-11,,,,,84.570000,,
2005-02-14,,,,,83.959999,,
2005-02-15,,,,,83.589996,,
2005-02-16,,,,,83.669998,,
2005-02-17,,,,,83.470001,,
2005-02-18,,,,,83.489998,,
2005-02-21,,,,,83.550003,,
2005-02-22,,,,,82.410004,,
2005-02-23,,,,,82.680000,,
2005-02-24,,,,,82.879997,,
2005-02-25,,,,,82.660004,,
2005-02-28,,,,,82.510002,,
2005-03-01,,,,,82.769997,,
2005-03-02,,,,,83.080002,,
2005-03-03,,,,,83.279999,,
2005-03-04,,,,,82.540001,,
2005-03-07,,,,,82.790001,,
2005-03-08,,,,,81.980003,,
2005-03-09,,,,,81.629997,,
2005-03-10,,,,,81.570000,,
2005-03-11,,,,,81.419998,,
2005-03-14,,,,,81.970001,,
2005-03-15,,,,,82.120003,,
2005-03-16,,,,,81.620003,,
2005-03-17,,,,,81.839996,,
2005-03-18,,,,,82.129997,,
2005-03-21,,,,,82.879997,,
2005-03-22,,,,,83.360001,,
2005-03-23,,,,,84.000000,,
2005-03-24,,,,,84.129997,,
2005-03-28,,,,,84.620003,,
2005-03-29,,,,,84.320000,,
2005-03-30,,,,,84.290001,,
2005-03-31,,,,,84.059998,,
2005-04-01,,,,,84.430000,,
2005-04-04,,,,,84.779999,,
2005-04-05,,,,,84.660004,,
2005-04-06,,,,,84.680000,,
2005-04-07,,,,,84.870003,,
2005-04-08,,,,,84.470001,,
2005-04-11,,,,,84.160004,,
2005-04-12,,,,,84.419998,,
2005-04-13,,,,,84.419998,,
2005-04-14,,,,,85.000000,,
2005-04-15,,,,,84.559998,,
2005-04-18,,,,,84.000000,,
2005-04-19,,,,,83.760002,,
2005-04-20,,,,,83.519997,,
2005-04-21,,,,,83.699997,,
2005-04-22,,,,,83.500000,,
2005-04-25,,,,,83.820000,,
2005-04-26,,,,,83.959999,,
2005-04-27,,,,,84.120003,,
2005-04-28,,,,,84.349998,,
2005-04-29,,,,,84.430000,,
2005-05-02,,,,,84.489998,,
2005-05-03,,,,,84.510002,,
2005-05-04,,,,,84.000000,,
2005-05-05,,,,,83.940002,,
2005-05-06,,,,,84.610001,,
2005-05-09,,,,,84.639999,,
2005-05-10,,,,,84.449997,,
2005-05-11,,,,,84.940002,,
2005-05-12,,,,,85.489998,,
2005-05-13,,,,,86.099998,,
2005-05-16,,,,,86.120003,,
2005-05-17,,,,,86.209999,,
2005-05-18,,,,,85.820000,,
2005-05-19,,,,,86.089996,,
2005-05-20,,,,,86.629997,,
2005-05-23,,,,,86.400002,,
2005-05-24,,,,,86.370003,,
2005-05-25,,,,,86.349998,,
2005-05-26,,,,,86.849998,,
2005-05-27,,,,,86.419998,,
2005-05-31,,,,,87.760002,,
2005-06-01,,,,,88.110001,,
2005-06-02,,,,,87.750000,,
2005-06-03,,,,,88.040001,,
2005-06-06,,,,,87.599998,,
2005-06-07,,,,,87.489998,,
2005-06-08,,,,,87.879997,,
2005-06-09,,,,,88.070000,,
2005-06-10,,,,,88.690002,,
2005-06-13,,,,,88.949997,,
2005-06-14,,,,,89.260002,,
2005-06-15,,,,,88.650002,,
2005-06-16,,,,,88.720001,,
2005-06-17,,,,,87.730003,,
2005-06-20,,,,,88.489998,,
2005-06-21,,,,,88.180000,,
2005-06-22,,,,,88.559998,,
2005-06-23,,,,,89.120003,,
2005-06-24,,,,,88.779999,,
2005-06-27,,,,,88.449997,,
2005-06-28,,,,,88.989998,,
2005-06-29,,,,,89.110001,,
2005-06-30,,,,,89.110001,,
2005-07-01,,,,,90.129997,,
2005-07-04,,,,,90.430000,,
2005-07-05,,,,,90.440002,,
2005-07-06,,,,,90.379997,,
2005-07-07,,,,,90.279999,,
2005-07-08,,,,,90.250000,,
2005-07-11,,,,,89.459999,,
2005-07-12,,,,,88.410004,,
2005-07-13,,,,,89.309998,,
2005-07-14,,,,,89.400002,,
2005-07-15,,,,,89.720001,,
2005-07-18,,,,,89.639999,,
2005-07-19,,,,,89.849998,,
2005-07-20,,,,,89.339996,,
2005-07-21,,,,,88.930000,,
2005-07-22,,,,,89.639999,,
2005-07-25,,,,,89.599998,,
2005-07-26,,,,,90.000000,,
2005-07-27,,,,,89.730003,,
2005-07-28,,,,,89.339996,,
2005-07-29,,,,,89.349998,,
2005-08-01,,,,,88.800003,,
2005-08-02,,,,,88.760002,,
2005-08-03,,,,,87.989998,,
2005-08-04,,,,,87.800003,,
2005-08-05,,,,,88.059998,,
2005-08-08,,,,,87.919998,,
2005-08-09,,,,,87.889999,,
2005-08-10,,,,,87.610001,,
2005-08-11,,,,,87.099998,,
2005-08-12,,,,,86.980003,,
2005-08-15,,,,,87.320000,,
2005-08-16,,,,,87.430000,,
2005-08-17,,,,,88.000000,,
2005-08-18,,,,,88.589996,,
2005-08-19,,,,,88.580002,,
2005-08-22,,,,,88.139999,,
2005-08-23,,,,,88.080002,,
2005-08-24,,,,,87.910004,,
2005-08-25,,,,,87.639999,,
2005-08-26,,,,,87.860001,,
2005-08-29,,,,,88.250000,,
2005-08-30,,,,,88.349998,,
2005-08-31,,,,,87.580002,,
2005-09-01,,,,,86.550003,,
2005-09-02,,,,,86.300003,,
2005-09-06,,,,,86.570000,,
2005-09-07,,,,,86.970001,,
2005-09-08,,,,,87.040001,,
2005-09-09,,,,,86.889999,,
2005-09-12,,,,,87.709999,,
2005-09-13,,,,,87.750000,,
2005-09-14,,,,,87.669998,,
2005-09-15,,,,,88.129997,,
2005-09-16,,,,,88.050003,,
2005-09-19,,,,,88.440002,,
2005-09-20,,,,,88.599998,,
2005-09-21,,,,,88.139999,,
2005-09-22,,,,,88.559998,,
2005-09-23,,,,,89.209999,,
2005-09-26,,,,,89.110001,,
2005-09-27,,,,,89.599998,,
2005-09-28,,,,,89.470001,,
2005-09-29,,,,,89.400002,,
2005-09-30,,,,,89.519997,,
2005-10-03,,,,,90.129997,,
2005-10-04,,,,,90.099998,,
2005-10-05,,,,,89.980003,,
2005-10-06,,,,,88.660004,,
2005-10-07,,,,,89.169998,,
2005-10-10,,,,,89.459999,,
2005-10-11,,,,,89.970001,,
2005-10-12,,,,,89.629997,,
2005-10-13,,,,,89.809998,,
2005-10-14,,,,,89.349998,,
2005-10-17,,,,,89.800003,,
2005-10-18,,,,,90.290001,,
2005-10-19,,,,,89.989998,,
2005-10-20,,,,,89.910004,,
2005-10-21,,,,,90.309998,,
2005-10-24,,,,,90.110001,,
2005-10-25,,,,,89.239998,,
2005-10-26,,,,,89.489998,,
2005-10-27,,,,,89.099998,,
2005-10-28,,,,,89.589996,,
2005-10-31,,,,,90.070000,,
2005-11-01,,,,,90.080002,,
2005-11-02,,,,,89.720001,,
2005-11-03,,,,,90.440002,,
2005-11-04,,,,,91.260002,,
2005-11-07,,,,,91.290001,,
2005-11-08,,,,,91.370003,,
2005-11-09,,,,,91.500000,,
2005-11-10,,,,,92.080002,,
2005-11-11,,,,,91.980003,,
2005-11-14,,,,,92.129997,,
2005-11-15,,,,,92.089996,,
2005-11-16,,,,,92.330002,,
2005-11-17,,,,,91.879997,,
2005-11-18,,,,,91.930000,,
2005-11-21,,,,,92.029999,,
2005-11-22,,,,,91.500000,,
2005-11-23,,,,,91.510002,,
2005-11-25,,,,,92.040001,,
2005-11-28,,,,,90.980003,,
2005-11-29,,,,,91.620003,,
2005-11-30,,,,,91.570000,,
2005-12-01,,,,,91.820000,,
2005-12-02,,,,,91.949997,,
2005-12-05,,,,,91.480003,,
2005-12-06,,,,,91.440002,,
2005-12-07,,,,,91.889999,,
2005-12-08,,,,,91.260002,,
2005-12-09,,,,,91.250000,,
2005-12-12,,,,,90.349998,,
2005-12-13,,,,,90.379997,,
2005-12-14,,,,,89.830002,,
2005-12-15,,,,,90.019997,,
2005-12-16,,,,,89.699997,,
2005-12-19,,,,,89.870003,,
2005-12-20,,,,,90.779999,,
2005-12-21,,,,,90.940002,,
2005-12-22,,,,,90.720001,,
2005-12-23,,,,,90.839996,,
2005-12-27,,,,,91.190002,,
2005-12-28,,,,,91.260002,,
2005-12-29,,,,,91.099998,,
2005-12-30,,,,,91.169998,,
2006-01-03,,,,,89.839996,,
2006-01-04,,,,,89.139999,,
2006-01-05,,,,,89.330002,,
2006-01-06,,,,,88.849998,,
2006-01-09,,,,,89.250000,,
2006-01-10,,,,,89.330002,,
2006-01-11,,,,,88.989998,,
2006-01-12,,,,,89.440002,,
2006-01-13,,,,,88.889999,,
2006-01-17,,,,,89.300003,,
2006-01-18,,,,,89.260002,,
2006-01-19,,,,,89.389999,,
2006-01-20,,,,,88.949997,,
2006-01-23,,,,,87.949997,,
2006-01-24,,,,,88.059998,,
2006-01-25,,,,,88.330002,,
2006-01-26,,,,,88.620003,,
2006-01-27,,,,,89.320000,,
2006-01-30,,,,,89.419998,,
2006-01-31,,,,,88.959999,,
2006-02-01,,,,,89.510002,,
2006-02-02,,,,,89.370003,,
2006-02-03,,,,,89.889999,,
2006-02-06,,,,,90.290001,,
2006-02-07,,,,,90.239998,,
2006-02-08,,,,,90.430000,,
2006-02-09,,,,,90.290001,,
2006-02-10,,,,,90.550003,,
2006-02-13,,,,,90.540001,,
2006-02-14,,,,,90.540001,,
2006-02-15,,,,,90.720001,,
2006-02-16,,,,,90.730003,,
2006-02-17,,,,,90.639999,,
2006-02-21,,,,,90.550003,,
2006-02-22,,,,,90.669998,,
2006-02-23,,,,,90.389999,,
2006-02-24,,,,,90.610001,,
2006-02-27,,,,,90.629997,,
2006-02-28,,,,,90.110001,,
2006-03-01,,,,,90.220001,,
2006-03-02,,,,,89.559998,,
2006-03-03,,,,,89.660004,,
2006-03-06,,,,,89.889999,,
2006-03-07,,,,,90.769997,,
2006-03-08,,,,,90.620003,,
2006-03-09,,,,,90.750000,,
2006-03-10,,,,,90.849998,,
2006-03-13,,,,,90.540001,,
2006-03-14,,,,,90.000000,,
2006-03-15,,,,,89.699997,,
2006-03-16,,,,,89.070000,,
2006-03-17,,,,,88.919998,,
2006-03-20,,,,,89.129997,,
2006-03-21,,,,,89.620003,,
2006-03-22,,,,,89.720001,,
2006-03-23,,,,,90.459999,,
2006-03-24,,,,,90.070000,,
2006-03-27,,,,,90.070000,,
2006-03-28,,,,,90.250000,,
2006-03-29,,,,,90.250000,,
2006-03-30,,,,,89.389999,,
2006-03-31,,,,,89.730003,,
2006-04-03,,,,,89.629997,,
2006-04-04,,,,,88.830002,,
2006-04-05,,,,,88.629997,,
2006-04-06,,,,,88.959999,,
2006-04-07,,,,,89.629997,,
2006-04-10,,,,,89.720001,,
2006-04-11,,,,,89.440002,,
2006-04-12,,,,,89.620003,,
2006-04-13,,,,,89.620003,,
2006-04-17,,,,,88.639999,,
2006-04-18,,,,,88.239998,,
2006-04-19,,,,,87.790001,,
2006-04-20,,,,,88.250000,,
2006-04-21,,,,,88.050003,,
2006-04-24,,,,,87.449997,,
2006-04-25,,,,,87.320000,,
2006-04-26,,,,,87.220001,,
2006-04-27,,,,,86.629997,,
2006-04-28,,,,,86.110001,,
2006-05-01,,,,,85.970001,,
2006-05-02,,,,,85.790001,,
2006-05-03,,,,,85.839996,,
2006-05-04,,,,,85.839996,,
2006-05-05,,,,,85.120003,,
2006-05-08,,,,,85.230003,,
2006-05-09,,,,,84.830002,,
2006-05-10,,,,,84.500000,,
2006-05-11,,,,,84.269997,,
2006-05-12,,,,,83.959999,,
2006-05-15,,,,,84.540001,,
2006-05-16,,,,,84.169998,,
2006-05-17,,,,,84.849998,,
2006-05-18,,,,,84.510002,,
2006-05-19,,,,,84.879997,,
2006-05-22,,,,,84.349998,,
2006-05-23,,,,,84.349998,,
2006-05-24,,,,,84.949997,,
2006-05-25,,,,,84.650002,,
2006-05-26,,,,,85.260002,,
2006-05-30,,,,,84.279999,,
2006-05-31,,,,,84.720001,,
2006-06-01,,,,,84.790001,,
2006-06-02,,,,,84.050003,,
2006-06-05,,,,,84.139999,,
2006-06-06,,,,,84.730003,,
2006-06-07,,,,,84.989998,,
2006-06-08,,,,,85.910004,,
2006-06-09,,,,,85.720001,,
2006-06-12,,,,,85.849998,,
2006-06-13,,,,,86.430000,,
2006-06-14,,,,,86.139999,,
2006-06-15,,,,,86.019997,,
2006-06-16,,,,,85.919998,,
2006-06-19,,,,,86.309998,,
2006-06-20,,,,,86.180000,,
2006-06-21,,,,,85.779999,,
2006-06-22,,,,,86.389999,,
2006-06-23,,,,,86.820000,,
2006-06-26,,,,,86.489998,,
2006-06-27,,,,,86.470001,,
2006-06-28,,,,,86.629997,,
2006-06-29,,,,,85.870003,,
2006-06-30,,,,,85.220001,,
2006-07-03,,,,,85.180000,,
2006-07-05,,,,,85.599998,,
2006-07-06,,,,,85.349998,,
2006-07-07,,,,,84.980003,,
2006-07-10,,,,,85.500000,,
2006-07-11,,,,,85.360001,,
2006-07-12,,,,,85.910004,,
2006-07-13,,,,,85.790001,,
2006-07-14,,,,,86.089996,,
2006-07-17,,,,,86.959999,,
2006-07-18,,,,,87.010002,,
2006-07-19,,,,,86.459999,,
2006-07-20,,,,,86.220001,,
2006-07-21,,,,,85.930000,,
2006-07-24,,,,,86.339996,,
2006-07-25,,,,,86.639999,,
2006-07-26,,,,,85.930000,,
2006-07-27,,,,,85.870003,,
2006-07-28,,,,,85.440002,,
2006-07-31,,,,,85.300003,,
2006-08-01,,,,,85.050003,,
2006-08-02,,,,,85.050003,,
2006-08-03,,,,,85.019997,,
2006-08-04,,,,,84.570000,,
2006-08-07,,,,,84.750000,,
2006-08-08,,,,,84.660004,,
2006-08-09,,,,,84.709999,,
2006-08-10,,,,,85.080002,,
2006-08-11,,,,,85.519997,,
2006-08-14,,,,,85.639999,,
2006-08-15,,,,,85.220001,,
2006-08-16,,,,,84.879997,,
2006-08-17,,,,,85.040001,,
2006-08-18,,,,,85.089996,,
2006-08-21,,,,,84.629997,,
2006-08-22,,,,,85.180000,,
2006-08-23,,,,,85.129997,,
2006-08-24,,,,,85.279999,,
2006-08-25,,,,,85.379997,,
2006-08-28,,,,,85.230003,,
2006-08-29,,,,,84.910004,,
2006-08-30,,,,,84.970001,,
2006-08-31,,,,,85.050003,,
2006-09-01,,,,,84.940002,,
2006-09-05,,,,,85.000000,,
2006-09-06,,,,,85.099998,,
2006-09-07,,,,,85.529999,,
2006-09-08,,,,,85.949997,,
2006-09-11,,,,,85.919998,,
2006-09-12,,,,,85.919998,,
2006-09-13,,,,,85.870003,,
2006-09-14,,,,,85.660004,,
2006-09-15,,,,,85.989998,,
2006-09-18,,,,,85.809998,,
2006-09-19,,,,,85.940002,,
2006-09-20,,,,,85.809998,,
2006-09-21,,,,,85.180000,,
2006-09-22,,,,,85.199997,,
2006-09-25,,,,,85.290001,,
2006-09-26,,,,,85.629997,,
2006-09-27,,,,,85.660004,,
2006-09-28,,,,,85.720001,,
2006-09-29,,,,,85.970001,,
2006-10-02,,,,,85.589996,,
2006-10-03,,,,,85.709999,,
2006-10-04,,,,,85.839996,,
2006-10-05,,,,,85.919998,,
2006-10-06,,,,,86.440002,,
2006-10-09,,,,,86.519997,,
2006-10-10,,,,,87.019997,,
2006-10-11,,,,,87.120003,,
2006-10-12,,,,,86.919998,,
2006-10-13,,,,,87.120003,,
2006-10-16,,,,,87.000000,,
2006-10-17,,,,,86.870003,,
2006-10-18,,,,,86.879997,,
2006-10-19,,,,,86.239998,,
2006-10-20,,,,,86.269997,,
2006-10-23,,,,,86.709999,,
2006-10-24,,,,,86.629997,,
2006-10-25,,,,,86.379997,,
2006-10-26,,,,,85.889999,,
2006-10-27,,,,,85.559998,,
2006-10-30,,,,,85.589996,,
2006-10-31,,,,,85.320000,,
2006-11-01,,,,,85.320000,,
2006-11-02,,,,,85.339996,,
2006-11-03,,,,,85.709999,,
2006-11-06,,,,,85.750000,,
2006-11-07,,,,,85.430000,,
2006-11-08,,,,,85.410004,,
2006-11-09,,,,,85.180000,,
2006-11-10,,,,,85.050003,,
2006-11-13,,,,,85.360001,,
2006-11-14,,,,,85.239998,,
2006-11-15,,,,,85.339996,,
2006-11-16,,,,,85.500000,,
2006-11-17,,,,,85.370003,,
2006-11-20,,,,,85.419998,,
2006-11-21,,,,,85.239998,,
2006-11-22,,,,,84.650002,,
2006-11-23,,,,,84.480003,,
2006-11-24,,,,,83.709999,,
2006-11-27,,,,,83.510002,,
2006-11-28,,,,,83.209999,,
2006-11-29,,,,,83.440002,,
2006-11-30,,,,,82.919998,,
2006-12-01,,,,,82.480003,,
2006-12-04,,,,,82.489998,,
2006-12-05,,,,,82.449997,,
2006-12-06,,,,,82.769997,,
2006-12-07,,,,,82.800003,,
2006-12-08,,,,,83.330002,,
2006-12-11,,,,,83.120003,,
2006-12-12,,,,,82.970001,,
2006-12-13,,,,,82.970001,,
2006-12-14,,,,,83.650002,,
2006-12-15,,,,,84.059998,,
2006-12-18,,,,,83.980003,,
2006-12-19,,,,,83.459999,,
2006-12-20,,,,,83.519997,,
2006-12-21,,,,,83.570000,,
2006-12-22,,,,,83.940002,,
2006-12-26,,,,,84.070000,,
2006-12-27,,,,,83.940002,,
2006-12-28,,,,,83.820000,,
2006-12-29,,,,,83.720001,,
2007-01-02,,,,,83.199997,,
2007-01-03,,,,,83.919998,,
2007-01-04,,,,,84.320000,,
2007-01-05,,,,,84.629997,,
2007-01-08,,,,,84.599998,,
2007-01-09,,,,,84.739998,,
2007-01-10,,,,,85.080002,,
2007-01-11,,,,,85.309998,,
2007-01-12,,,,,85.029999,,
2007-01-16,,,,,85.050003,,
2007-01-17,,,,,84.980003,,
2007-01-18,,,,,84.910004,,
2007-01-19,,,,,84.860001,,
2007-01-22,,,,,85.019997,,
2007-01-23,,,,,84.669998,,
2007-01-24,,,,,84.940002,,
2007-01-25,,,,,85.110001,,
2007-01-26,,,,,85.279999,,
2007-01-29,,,,,85.099998,,
2007-01-30,,,,,85.029999,,
2007-01-31,,,,,84.610001,,
2007-02-01,,,,,84.629997,,
2007-02-02,,,,,84.959999,,
2007-02-05,,,,,85.080002,,
2007-02-06,,,,,84.779999,,
2007-02-07,,,,,84.750000,,
2007-02-08,,,,,84.699997,,
2007-02-09,,,,,84.870003,,
2007-02-12,,,,,85.150002,,
2007-02-13,,,,,84.730003,,
2007-02-14,,,,,84.199997,,
2007-02-15,,,,,84.010002,,
2007-02-16,,,,,84.089996,,
2007-02-20,,,,,84.190002,,
2007-02-21,,,,,84.209999,,
2007-02-22,,,,,84.320000,,
2007-02-23,,,,,84.070000,,
2007-02-26,,,,,83.930000,,
2007-02-27,,,,,83.480003,,
2007-02-28,,,,,83.570000,,
2007-03-01,,,,,83.680000,,
2007-03-02,,,,,83.739998,,
2007-03-05,,,,,84.150002,,
2007-03-06,,,,,84.070000,,
2007-03-07,,,,,83.779999,,
2007-03-08,,,,,84.099998,,
2007-03-09,,,,,84.239998,,
2007-03-12,,,,,83.860001,,
2007-03-13,,,,,83.730003,,
2007-03-14,,,,,83.610001,,
2007-03-15,,,,,83.680000,,
2007-03-16,,,,,83.230003,,
2007-03-19,,,,,83.389999,,
2007-03-20,,,,,83.110001,,
2007-03-21,,,,,82.769997,,
2007-03-22,,,,,83.089996,,
2007-03-23,,,,,83.279999,,
2007-03-26,,,,,83.080002,,
2007-03-27,,,,,83.010002,,
2007-03-28,,,,,83.029999,,
2007-03-29,,,,,83.089996,,
2007-03-30,,,,,82.930000,,
2007-04-02,,,,,82.870003,,
2007-04-03,,,,,83.150002,,
2007-04-04,,,,,82.959999,,
2007-04-05,,,,,82.680000,,
2007-04-09,,,,,83.099998,,
2007-04-10,,,,,82.699997,,
2007-04-11,,,,,82.669998,,
2007-04-12,,,,,82.370003,,
2007-04-13,,,,,82.129997,,
2007-04-16,,,,,82.070000,,
2007-04-17,,,,,81.830002,,
2007-04-18,,,,,81.739998,,
2007-04-19,,,,,81.639999,,
2007-04-20,,,,,81.639999,,
2007-04-23,,,,,81.739998,,
2007-04-24,,,,,81.550003,,
2007-04-25,,,,,81.430000,,
2007-04-26,,,,,81.750000,,
2007-04-27,,,,,81.529999,,
2007-04-30,,,,,81.449997,,
2007-05-01,,,,,81.599998,,
2007-05-02,,,,,81.739998,,
2007-05-03,,,,,81.949997,,
2007-05-04,,,,,81.739998,,
2007-05-07,,,,,81.680000,,
2007-05-08,,,,,81.940002,,
2007-05-09,,,,,82.019997,,
2007-05-10,,,,,82.290001,,
2007-05-11,,,,,82.120003,,
2007-05-14,,,,,82.070000,,
2007-05-15,,,,,81.750000,,
2007-05-16,,,,,82.160004,,
2007-05-17,,,,,82.320000,,
2007-05-18,,,,,82.199997,,
2007-05-21,,,,,82.360001,,
2007-05-22,,,,,82.389999,,
2007-05-23,,,,,82.309998,,
2007-05-24,,,,,82.410004,,
2007-05-25,,,,,82.330002,,
2007-05-29,,,,,82.309998,,
2007-05-30,,,,,82.430000,,
2007-05-31,,,,,82.300003,,
2007-06-01,,,,,82.320000,,
2007-06-04,,,,,82.059998,,
2007-06-05,,,,,81.889999,,
2007-06-06,,,,,81.900002,,
2007-06-07,,,,,82.290001,,
2007-06-08,,,,,82.690002,,
2007-06-11,,,,,82.709999,,
2007-06-12,,,,,82.889999,,
2007-06-13,,,,,83.040001,,
2007-06-14,,,,,83.129997,,
2007-06-15,,,,,82.849998,,
2007-06-18,,,,,82.709999,,
2007-06-19,,,,,82.540001,,
2007-06-20,,,,,82.519997,,
2007-06-21,,,,,82.730003,,
2007-06-22,,,,,82.339996,,
2007-06-25,,,,,82.320000,,
2007-06-26,,,,,82.290001,,
2007-06-27,,,,,82.320000,,
2007-06-28,,,,,82.330002,,
2007-06-29,,,,,81.919998,,
2007-07-02,,,,,81.389999,,
2007-07-03,,,,,81.430000,,
2007-07-05,,,,,81.540001,,
2007-07-06,,,,,81.459999,,
2007-07-09,,,,,81.430000,,
2007-07-10,,,,,80.860001,,
2007-07-11,,,,,80.730003,,
2007-07-12,,,,,80.639999,,
2007-07-13,,,,,80.580002,,
2007-07-16,,,,,80.519997,,
2007-07-17,,,,,80.540001,,
2007-07-18,,,,,80.419998,,
2007-07-19,,,,,80.419998,,
2007-07-20,,,,,80.290001,,
2007-07-23,,,,,80.349998,,
2007-07-24,,,,,80.080002,,
2007-07-25,,,,,80.650002,,
2007-07-26,,,,,80.449997,,
2007-07-27,,,,,80.949997,,
2007-07-30,,,,,80.849998,,
2007-07-31,,,,,80.769997,,
2007-08-01,,,,,80.870003,,
2007-08-02,,,,,80.709999,,
2007-08-03,,,,,80.180000,,
2007-08-06,,,,,80.250000,,
2007-08-07,,,,,80.480003,,
2007-08-08,,,,,80.339996,,
2007-08-09,,,,,80.739998,,
2007-08-10,,,,,80.680000,,
2007-08-13,,,,,81.050003,,
2007-08-14,,,,,81.489998,,
2007-08-15,,,,,81.820000,,
2007-08-16,,,,,81.730003,,
2007-08-17,,,,,81.430000,,
2007-08-20,,,,,81.400002,,
2007-08-21,,,,,81.489998,,
2007-08-22,,,,,81.250000,,
2007-08-23,,,,,81.139999,,
2007-08-24,,,,,80.669998,,
2007-08-27,,,,,80.739998,,
2007-08-28,,,,,80.760002,,
2007-08-29,,,,,80.699997,,
2007-08-30,,,,,80.790001,,
2007-08-31,,,,,80.790001,,
2007-09-04,,,,,80.879997,,
2007-09-05,,,,,80.620003,,
2007-09-06,,,,,80.470001,,
2007-09-07,,,,,79.959999,,
2007-09-10,,,,,79.820000,,
2007-09-11,,,,,79.699997,,
2007-09-12,,,,,79.360001,,
2007-09-13,,,,,79.510002,,
2007-09-14,,,,,79.620003,,
2007-09-17,,,,,79.720001,,
2007-09-18,,,,,79.209999,,
2007-09-19,,,,,79.300003,,
2007-09-20,,,,,78.580002,,
2007-09-21,,,,,78.599998,,
2007-09-24,,,,,78.529999,,
2007-09-25,,,,,78.309998,,
2007-09-26,,,,,78.489998,,
2007-09-27,,,,,78.339996,,
2007-09-28,,,,,77.720001,,
2007-10-01,,,,,77.900002,,
2007-10-02,,,,,78.300003,,
2007-10-03,,,,,78.570000,,
2007-10-04,,,,,78.480003,,
2007-10-05,,,,,78.309998,,
2007-10-08,,,,,78.669998,,
2007-10-09,,,,,78.529999,,
2007-10-10,,,,,78.379997,,
2007-10-11,,,,,78.080002,,
2007-10-12,,,,,78.220001,,
2007-10-15,,,,,78.089996,,
2007-10-16,,,,,78.250000,,
2007-10-17,,,,,78.120003,,
2007-10-18,,,,,77.589996,,
2007-10-19,,,,,77.410004,,
2007-10-22,,,,,78.059998,,
2007-10-23,,,,,77.589996,,
2007-10-24,,,,,77.550003,,
2007-10-25,,,,,77.279999,,
2007-10-26,,,,,77.029999,,
2007-10-29,,,,,76.839996,,
2007-10-30,,,,,76.769997,,
2007-10-31,,,,,76.480003,,
2007-11-01,,,,,76.589996,,
2007-11-02,,,,,76.339996,,
2007-11-05,,,,,76.430000,,
2007-11-06,,,,,76.040001,,
2007-11-07,,,,,75.410004,,
2007-11-08,,,,,75.459999,,
2007-11-09,,,,,75.400002,,
2007-11-12,,,,,75.900002,,
2007-11-13,,,,,75.879997,,
2007-11-14,,,,,75.809998,,
2007-11-15,,,,,76.070000,,
2007-11-16,,,,,75.830002,,
2007-11-19,,,,,75.779999,,
2007-11-20,,,,,75.209999,,
2007-11-21,,,,,75.070000,,
2007-11-23,,,,,75.050003,,
2007-11-26,,,,,74.860001,,
2007-11-27,,,,,75.099998,,
2007-11-28,,,,,75.080002,,
2007-11-29,,,,,75.589996,,
2007-11-30,,,,,76.150002,,
2007-12-03,,,,,75.930000,,
2007-12-04,,,,,75.690002,,
2007-12-05,,,,,76.410004,,
2007-12-06,,,,,76.379997,,
2007-12-07,,,,,76.290001,,
2007-12-10,,,,,76.059998,,
2007-12-11,,,,,76.220001,,
2007-12-12,,,,,76.139999,,
2007-12-13,,,,,76.559998,,
2007-12-14,,,,,77.440002,,
2007-12-17,,,,,77.400002,,
2007-12-18,,,,,77.410004,,
2007-12-19,,,,,77.589996,,
2007-12-20,,,,,77.790001,,
2007-12-21,,,,,77.720001,,
2007-12-24,,,,,77.570000,,
2007-12-26,,,,,77.150002,,
2007-12-27,,,,,76.610001,,
2007-12-28,,,,,76.220001,,
2007-12-31,,,,,76.699997,,
2008-01-02,,,,,75.970001,,
2008-01-03,,,,,75.889999,,
2008-01-04,,,,,75.790001,,
2008-01-07,,,,,76.169998,,
2008-01-08,,,,,76.110001,,
2008-01-09,,,,,76.419998,,
2008-01-10,,,,,75.930000,,
2008-01-11,,,,,75.980003,,
2008-01-14,,,,,75.610001,,
2008-01-15,,,,,75.570000,,
2008-01-16,,,,,76.260002,,
2008-01-17,,,,,76.169998,,
2008-01-18,,,,,76.379997,,
2008-01-22,,,,,76.349998,,
2008-01-23,,,,,76.400002,,
2008-01-24,,,,,75.690002,,
2008-01-25,,,,,75.970001,,
2008-01-28,,,,,75.580002,,
2008-01-29,,,,,75.540001,,
2008-01-30,,,,,75.029999,,
2008-01-31,,,,,75.180000,,
2008-02-01,,,,,75.449997,,
2008-02-04,,,,,75.370003,,
2008-02-05,,,,,76.120003,,
2008-02-06,,,,,76.139999,,
2008-02-07,,,,,76.940002,,
2008-02-08,,,,,76.669998,,
2008-02-11,,,,,76.580002,,
2008-02-12,,,,,76.320000,,
2008-02-13,,,,,76.400002,,
2008-02-14,,,,,76.150002,,
2008-02-15,,,,,76.099998,,
2008-02-19,,,,,76.000000,,
2008-02-20,,,,,76.120003,,
2008-02-21,,,,,75.599998,,
2008-02-22,,,,,75.519997,,
2008-02-25,,,,,75.529999,,
2008-02-26,,,,,74.760002,,
2008-02-27,,,,,74.209999,,
2008-02-28,,,,,73.720001,,
2008-02-29,,,,,73.709999,,
2008-03-03,,,,,73.699997,,
2008-03-04,,,,,73.660004,,
2008-03-05,,,,,73.480003,,
2008-03-06,,,,,73.000000,,
2008-03-07,,,,,73.029999,,
2008-03-10,,,,,72.989998,,
2008-03-11,,,,,73.279999,,
2008-03-12,,,,,72.400002,,
2008-03-13,,,,,72.070000,,
2008-03-14,,,,,71.660004,,
2008-03-17,,,,,71.459999,,
2008-03-18,,,,,71.570000,,
2008-03-19,,,,,72.139999,,
2008-03-20,,,,,72.750000,,
2008-03-24,,,,,72.949997,,
2008-03-25,,,,,72.279999,,
2008-03-26,,,,,71.510002,,
2008-03-27,,,,,71.660004,,
2008-03-28,,,,,71.680000,,
2008-03-31,,,,,71.800003,,
2008-04-01,,,,,72.559998,,
2008-04-02,,,,,72.260002,,
2008-04-03,,,,,72.220001,,
2008-04-04,,,,,72.019997,,
2008-04-07,,,,,72.199997,,
2008-04-08,,,,,72.230003,,
2008-04-09,,,,,71.830002,,
2008-04-10,,,,,72.120003,,
2008-04-11,,,,,71.809998,,
2008-04-14,,,,,71.879997,,
2008-04-15,,,,,72.019997,,
2008-04-16,,,,,71.410004,,
2008-04-17,,,,,71.680000,,
2008-04-18,,,,,72.010002,,
2008-04-21,,,,,71.650002,,
2008-04-22,,,,,71.330002,,
2008-04-23,,,,,71.820000,,
2008-04-24,,,,,72.540001,,
2008-04-25,,,,,72.790001,,
2008-04-28,,,,,72.790001,,
2008-04-29,,,,,72.889999,,
2008-04-30,,,,,72.510002,,
2008-05-01,,,,,73.279999,,
2008-05-02,,,,,73.500000,,
2008-05-05,,,,,73.190002,,
2008-05-06,,,,,73.000000,,
2008-05-07,,,,,73.510002,,
2008-05-08,,,,,73.480003,,
2008-05-09,,,,,73.050003,,
2008-05-12,,,,,72.949997,,
2008-05-13,,,,,73.269997,,
2008-05-14,,,,,73.400002,,
2008-05-15,,,,,73.349998,,
2008-05-16,,,,,72.839996,,
2008-05-19,,,,,73.040001,,
2008-05-20,,,,,72.400002,,
2008-05-21,,,,,71.940002,,
2008-05-22,,,,,72.279999,,
2008-05-23,,,,,71.889999,,
2008-05-27,,,,,72.339996,,
2008-05-28,,,,,72.550003,,
2008-05-29,,,,,73.019997,,
2008-05-30,,,,,72.879997,,
2008-06-02,,,,,72.930000,,
2008-06-03,,,,,73.239998,,
2008-06-04,,,,,73.419998,,
2008-06-05,,,,,73.040001,,
2008-06-06,,,,,72.389999,,
2008-06-09,,,,,72.849998,,
2008-06-10,,,,,73.699997,,
2008-06-11,,,,,73.209999,,
2008-06-12,,,,,73.860001,,
2008-06-13,,,,,74.150002,,
2008-06-16,,,,,73.610001,,
2008-06-17,,,,,73.510002,,
2008-06-18,,,,,73.440002,,
2008-06-19,,,,,73.480003,,
2008-06-20,,,,,73.029999,,
2008-06-23,,,,,73.430000,,
2008-06-24,,,,,73.239998,,
2008-06-25,,,,,72.930000,,
2008-06-26,,,,,72.489998,,
2008-06-27,,,,,72.360001,,
2008-06-30,,,,,72.459999,,
2008-07-01,,,,,72.370003,,
2008-07-02,,,,,72.029999,,
2008-07-03,,,,,72.739998,,
2008-07-07,,,,,72.669998,,
2008-07-08,,,,,73.010002,,
2008-07-09,,,,,72.580002,,
2008-07-10,,,,,72.489998,,
2008-07-11,,,,,72.099998,,
2008-07-14,,,,,71.919998,,
2008-07-15,,,,,71.870003,,
2008-07-16,,,,,72.059998,,
2008-07-17,,,,,72.239998,,
2008-07-18,,,,,72.190002,,
2008-07-21,,,,,71.989998,,
2008-07-22,,,,,72.449997,,
2008-07-23,,,,,72.809998,,
2008-07-24,,,,,72.930000,,
2008-07-25,,,,,72.860001,,
2008-07-28,,,,,72.650002,,
2008-07-29,,,,,73.309998,,
2008-07-30,,,,,73.320000,,
2008-07-31,,,,,73.230003,,
2008-08-01,,,,,73.419998,,
2008-08-04,,,,,73.459999,,
2008-08-05,,,,,73.879997,,
2008-08-06,,,,,74.239998,,
2008-08-07,,,,,74.550003,,
2008-08-08,,,,,75.849998,,
2008-08-11,,,,,76.129997,,
2008-08-12,,,,,76.150002,,
2008-08-13,,,,,76.209999,,
2008-08-14,,,,,76.669998,,
2008-08-15,,,,,77.180000,,
2008-08-18,,,,,77.120003,,
2008-08-19,,,,,76.839996,,
2008-08-20,,,,,76.959999,,
2008-08-21,,,,,76.199997,,
2008-08-22,,,,,76.809998,,
2008-08-25,,,,,76.790001,,
2008-08-26,,,,,77.250000,,
2008-08-27,,,,,77.050003,,
2008-08-28,,,,,77.150002,,
2008-08-29,,,,,77.379997,,
2008-09-02,,,,,78.059998,,
2008-09-03,,,,,78.089996,,
2008-09-04,,,,,78.610001,,
2008-09-05,,,,,78.930000,,
2008-09-08,,,,,79.589996,,
2008-09-09,,,,,79.250000,,
2008-09-10,,,,,79.849998,,
2008-09-11,,,,,80.150002,,
2008-09-12,,,,,78.970001,,
2008-09-15,,,,,78.910004,,
2008-09-16,,,,,79.070000,,
2008-09-17,,,,,78.099998,,
2008-09-18,,,,,78.019997,,
2008-09-19,,,,,77.680000,,
2008-09-22,,,,,76.150002,,
2008-09-23,,,,,76.470001,,
2008-09-24,,,,,76.790001,,
2008-09-25,,,,,76.989998,,
2008-09-26,,,,,76.949997,,
2008-09-29,,,,,77.470001,,
2008-09-30,,,,,79.449997,,
2008-10-01,,,,,79.459999,,
2008-10-02,,,,,80.440002,,
2008-10-03,,,,,80.309998,,
2008-10-06,,,,,81.680000,,
2008-10-07,,,,,80.970001,,
2008-10-08,,,,,80.910004,,
2008-10-09,,,,,81.160004,,
2008-10-10,,,,,83.000000,,
2008-10-13,,,,,81.879997,,
2008-10-14,,,,,81.360001,,
2008-10-15,,,,,82.050003,,
2008-10-16,,,,,82.459999,,
2008-10-17,,,,,82.410004,,
2008-10-20,,,,,83.099998,,
2008-10-21,,,,,83.989998,,
2008-10-22,,,,,85.370003,,
2008-10-23,,,,,85.360001,,
2008-10-24,,,,,86.440002,,
2008-10-27,,,,,86.930000,,
2008-10-28,,,,,87.029999,,
2008-10-29,,,,,85.070000,,
2008-10-30,,,,,84.559998,,
2008-10-31,,,,,85.629997,,
2008-11-03,,,,,86.349998,,
2008-11-04,,,,,84.779999,,
2008-11-05,,,,,84.610001,,
2008-11-06,,,,,85.889999,,
2008-11-07,,,,,85.910004,,
2008-11-10,,,,,85.910004,,
2008-11-11,,,,,87.070000,,
2008-11-12,,,,,87.470001,,
2008-11-13,,,,,86.940002,,
2008-11-14,,,,,86.360001,,
2008-11-17,,,,,86.809998,,
2008-11-18,,,,,87.370003,,
2008-11-19,,,,,87.309998,,
2008-11-20,,,,,87.970001,,
2008-11-21,,,,,88.190002,,
2008-11-24,,,,,86.080002,,
2008-11-25,,,,,85.000000,,
2008-11-26,,,,,85.669998,,
2008-11-28,,,,,86.519997,,
2008-12-01,,,,,86.720001,,
2008-12-02,,,,,86.699997,,
2008-12-03,,,,,87.029999,,
2008-12-04,,,,,86.440002,,
2008-12-05,,,,,87.120003,,
2008-12-08,,,,,85.559998,,
2008-12-09,,,,,85.839996,,
2008-12-10,,,,,85.480003,,
2008-12-11,,,,,83.830002,,
2008-12-12,,,,,83.639999,,
2008-12-15,,,,,82.269997,,
2008-12-16,,,,,80.680000,,
2008-12-17,,,,,78.910004,,
2008-12-18,,,,,79.470001,,
2008-12-19,,,,,81.300003,,
2008-12-22,,,,,81.089996,,
2008-12-23,,,,,81.239998,,
2008-12-24,,,,,81.209999,,
2008-12-26,,,,,80.889999,,
2008-12-29,,,,,80.680000,,
2008-12-30,,,,,80.900002,,
2008-12-31,,,,,81.309998,,
2009-01-02,,,,,81.839996,,
2009-01-05,,,,,82.639999,,
2009-01-06,,,,,82.849998,,
2009-01-07,,,,,82.279999,,
2009-01-08,,,,,81.540001,,
2009-01-09,,,,,82.660004,,
2009-01-12,,,,,83.019997,,
2009-01-13,,,,,84.269997,,
2009-01-14,,,,,84.419998,,
2009-01-15,,,,,84.440002,,
2009-01-16,,,,,84.209999,,
2009-01-20,,,,,86.220001,,
2009-01-21,,,,,85.820000,,
2009-01-22,,,,,85.519997,,
2009-01-23,,,,,85.610001,,
2009-01-26,,,,,84.730003,,
2009-01-27,,,,,84.430000,,
2009-01-28,,,,,84.669998,,
2009-01-29,,,,,85.279999,,
2009-01-30,,,,,86.000000,,
2009-02-02,,,,,86.070000,,
2009-02-03,,,,,85.050003,,
2009-02-04,,,,,85.699997,,
2009-02-05,,,,,86.059998,,
2009-02-06,,,,,85.349998,,
2009-02-09,,,,,84.790001,,
2009-02-10,,,,,85.809998,,
2009-02-11,,,,,85.779999,,
2009-02-12,,,,,86.550003,,
2009-02-13,,,,,86.040001,,
2009-02-17,,,,,87.580002,,
2009-02-18,,,,,88.010002,,
2009-02-19,,,,,87.440002,,
2009-02-20,,,,,86.489998,,
2009-02-23,,,,,87.239998,,
2009-02-24,,,,,86.889999,,
2009-02-25,,,,,87.910004,,
2009-02-26,,,,,87.730003,,
2009-02-27,,,,,88.010002,,
2009-03-02,,,,,88.940002,,
2009-03-03,,,,,88.910004,,
2009-03-04,,,,,88.580002,,
2009-03-05,,,,,89.110001,,
2009-03-06,,,,,88.510002,,
2009-03-09,,,,,89.010002,,
2009-03-10,,,,,88.930000,,
2009-03-11,,,,,87.870003,,
2009-03-12,,,,,87.660004,,
2009-03-13,,,,,87.430000,,
2009-03-16,,,,,86.949997,,
2009-03-17,,,,,86.930000,,
2009-03-18,,,,,84.599998,,
2009-03-19,,,,,83.129997,,
2009-03-20,,,,,83.839996,,
2009-03-23,,,,,83.430000,,
2009-03-24,,,,,83.860001,,
2009-03-25,,,,,83.809998,,
2009-03-26,,,,,84.169998,,
2009-03-27,,,,,85.110001,,
2009-03-30,,,,,85.870003,,
2009-03-31,,,,,85.430000,,
2009-04-01,,,,,85.500000,,
2009-04-02,,,,,84.449997,,
2009-04-03,,,,,84.169998,,
2009-04-06,,,,,84.570000,,
2009-04-07,,,,,85.290001,,
2009-04-08,,,,,85.360001,,
2009-04-09,,,,,85.790001,,
2009-04-13,,,,,84.639999,,
2009-04-14,,,,,84.639999,,
2009-04-15,,,,,85.080002,,
2009-04-16,,,,,85.230003,,
2009-04-17,,,,,85.980003,,
2009-04-20,,,,,86.639999,,
2009-04-21,,,,,86.580002,,
2009-04-22,,,,,86.190002,,
2009-04-23,,,,,85.519997,,
2009-04-24,,,,,84.709999,,
2009-04-27,,,,,85.699997,,
2009-04-28,,,,,85.160004,,
2009-04-29,,,,,84.470001,,
2009-04-30,,,,,84.610001,,
2009-05-01,,,,,84.550003,,
2009-05-04,,,,,83.970001,,
2009-05-05,,,,,84.160004,,
2009-05-06,,,,,83.800003,,
2009-05-07,,,,,83.940002,,
2009-05-08,,,,,82.529999,,
2009-05-11,,,,,82.680000,,
2009-05-12,,,,,82.309998,,
2009-05-13,,,,,82.500000,,
2009-05-14,,,,,82.279999,,
2009-05-15,,,,,83.019997,,
2009-05-18,,,,,82.669998,,
2009-05-19,,,,,81.980003,,
2009-05-20,,,,,80.989998,,
2009-05-21,,,,,80.559998,,
2009-05-22,,,,,79.959999,,
2009-05-26,,,,,80.129997,,
2009-05-27,,,,,80.330002,,
2009-05-28,,,,,80.430000,,
2009-05-29,,,,,80.430000,,
2009-06-01,,,,,79.169998,,
2009-06-02,,,,,78.400002,,
2009-06-03,,,,,79.500000,,
2009-06-04,,,,,79.410004,,
2009-06-05,,,,,80.669998,,
2009-06-08,,,,,80.910004,,
2009-06-09,,,,,79.790001,,
2009-06-10,,,,,80.330002,,
2009-06-11,,,,,79.410004,,
2009-06-12,,,,,80.139999,,
2009-06-15,,,,,81.139999,,
2009-06-16,,,,,80.709999,,
2009-06-17,,,,,80.169998,,
2009-06-18,,,,,80.610001,,
2009-06-19,,,,,80.260002,,
2009-06-22,,,,,80.779999,,
2009-06-23,,,,,79.839996,,
2009-06-24,,,,,80.559998,,
2009-06-25,,,,,80.400002,,
2009-06-26,,,,,79.879997,,
2009-06-29,,,,,79.839996,,
2009-06-30,,,,,80.129997,,
2009-07-01,,,,,79.629997,,
2009-07-02,,,,,80.150002,,
2009-07-06,,,,,80.449997,,
2009-07-07,,,,,80.620003,,
2009-07-08,,,,,80.769997,,
2009-07-09,,,,,79.860001,,
2009-07-10,,,,,80.230003,,
2009-07-13,,,,,80.129997,,
2009-07-14,,,,,80.180000,,
2009-07-15,,,,,79.320000,,
2009-07-16,,,,,79.220001,,
2009-07-17,,,,,79.349998,,
2009-07-20,,,,,78.910004,,
2009-07-21,,,,,78.930000,,
2009-07-22,,,,,78.709999,,
2009-07-23,,,,,78.800003,,
2009-07-24,,,,,78.750000,,
2009-07-27,,,,,78.629997,,
2009-07-28,,,,,78.849998,,
2009-07-29,,,,,79.629997,,
2009-07-30,,,,,79.290001,,
2009-07-31,,,,,78.349998,,
2009-08-03,,,,,77.639999,,
2009-08-04,,,,,77.769997,,
2009-08-05,,,,,77.519997,,
2009-08-06,,,,,78.070000,,
2009-08-07,,,,,78.970001,,
2009-08-10,,,,,79.260002,,
2009-08-11,,,,,79.180000,,
2009-08-12,,,,,78.790001,,
2009-08-13,,,,,78.489998,,
2009-08-14,,,,,78.889999,,
2009-08-17,,,,,79.290001,,
2009-08-18,,,,,78.940002,,
2009-08-19,,,,,78.470001,,
2009-08-20,,,,,78.379997,,
2009-08-21,,,,,78.040001,,
2009-08-24,,,,,78.269997,,
2009-08-25,,,,,78.239998,,
2009-08-26,,,,,78.660004,,
2009-08-27,,,,,78.010002,,
2009-08-28,,,,,78.370003,,
2009-08-31,,,,,78.169998,,
2009-09-01,,,,,78.760002,,
2009-09-02,,,,,78.379997,,
2009-09-03,,,,,78.459999,,
2009-09-04,,,,,78.139999,,
2009-09-08,,,,,77.320000,,
2009-09-09,,,,,77.089996,,
2009-09-10,,,,,76.820000,,
2009-09-11,,,,,76.610001,,
2009-09-14,,,,,76.699997,,
2009-09-15,,,,,76.540001,,
2009-09-16,,,,,76.239998,,
2009-09-17,,,,,76.190002,,
2009-09-18,,,,,76.430000,,
2009-09-21,,,,,76.779999,,
2009-09-22,,,,,76.120003,,
2009-09-23,,,,,76.050003,,
2009-09-24,,,,,76.900002,,
2009-09-25,,,,,76.809998,,
2009-09-28,,,,,77.050003,,
2009-09-29,,,,,77.120003,,
2009-09-30,,,,,76.650002,,
2009-10-01,,,,,77.190002,,
2009-10-02,,,,,77.000000,,
2009-10-05,,,,,76.639999,,
2009-10-06,,,,,76.339996,,
2009-10-07,,,,,76.489998,,
2009-10-08,,,,,75.970001,,
2009-10-09,,,,,76.430000,,
2009-10-12,,,,,76.129997,,
2009-10-13,,,,,75.980003,,
2009-10-14,,,,,75.550003,,
2009-10-15,,,,,75.480003,,
2009-10-16,,,,,75.599998,,
2009-10-19,,,,,75.510002,,
2009-10-20,,,,,75.570000,,
2009-10-21,,,,,74.970001,,
2009-10-22,,,,,75.089996,,
2009-10-23,,,,,75.470001,,
2009-10-26,,,,,76.059998,,
2009-10-27,,,,,76.139999,,
2009-10-28,,,,,76.430000,,
2009-10-29,,,,,75.919998,,
2009-10-30,,,,,76.300003,,
2009-11-02,,,,,76.290001,,
2009-11-03,,,,,76.389999,,
2009-11-04,,,,,75.639999,,
2009-11-05,,,,,75.739998,,
2009-11-06,,,,,75.820000,,
2009-11-09,,,,,75.029999,,
2009-11-10,,,,,75.019997,,
2009-11-11,,,,,75.160004,,
2009-11-12,,,,,75.599998,,
2009-11-13,,,,,75.330002,,
2009-11-16,,,,,74.910004,,
2009-11-17,,,,,75.370003,,
2009-11-18,,,,,75.180000,,
2009-11-19,,,,,75.290001,,
2009-11-20,,,,,75.660004,,
2009-11-23,,,,,75.089996,,
2009-11-24,,,,,75.070000,,
2009-11-25,,,,,74.269997,,
2009-11-27,,,,,75.000000,,
2009-11-30,,,,,74.879997,,
2009-12-01,,,,,74.360001,,
2009-12-02,,,,,74.669998,,
2009-12-03,,,,,74.629997,,
2009-12-04,,,,,75.910004,,
2009-12-07,,,,,75.769997,,
2009-12-08,,,,,76.309998,,
2009-12-09,,,,,76.040001,,
2009-12-10,,,,,76.040001,,
2009-12-11,,,,,76.570000,,
2009-12-14,,,,,76.349998,,
2009-12-15,,,,,76.959999,,
2009-12-16,,,,,77.000000,,
2009-12-17,,,,,77.690002,,
2009-12-18,,,,,77.820000,,
2009-12-21,,,,,78.040001,,
2009-12-22,,,,,78.250000,,
2009-12-23,,,,,77.900002,,
2009-12-24,,,,,77.839996,,
2009-12-28,,,,,77.629997,,
2009-12-29,,,,,77.830002,,
2009-12-30,,,,,77.910004,,
2009-12-31,,,,,77.860001,,
2010-01-04,,,,,77.529999,,
2010-01-05,,,,,77.620003,,
2010-01-06,,,,,77.489998,,
2010-01-07,,,,,77.910004,,
2010-01-08,,,,,77.470001,,
2010-01-11,,,,,77.000000,,
2010-01-12,,,,,76.949997,,
2010-01-13,,,,,76.849998,,
2010-01-14,,,,,76.730003,,
2010-01-15,,,,,77.320000,,
2010-01-19,,,,,77.500000,,
2010-01-20,,,,,78.339996,,
2010-01-21,,,,,78.320000,,
2010-01-22,,,,,78.279999,,
2010-01-25,,,,,78.190002,,
2010-01-26,,,,,78.430000,,
2010-01-27,,,,,78.680000,,
2010-01-28,,,,,78.900002,,
2010-01-29,,,,,79.459999,,
2010-02-01,,,,,79.239998,,
2010-02-02,,,,,79.010002,,
2010-02-03,,,,,79.370003,,
2010-02-04,,,,,79.919998,,
2010-02-05,,,,,80.440002,,
2010-02-08,,,,,80.300003,,
2010-02-09,,,,,79.860001,,
2010-02-10,,,,,80.029999,,
2010-02-11,,,,,79.989998,,
2010-02-12,,,,,80.320000,,
2010-02-16,,,,,79.699997,,
2010-02-17,,,,,80.379997,,
2010-02-18,,,,,80.400002,,
2010-02-19,,,,,80.639999,,
2010-02-22,,,,,80.510002,,
2010-02-23,,,,,80.849998,,
2010-02-24,,,,,80.849998,,
2010-02-25,,,,,80.790001,,
2010-02-26,,,,,80.360001,,
2010-03-01,,,,,80.660004,,
2010-03-02,,,,,80.519997,,
2010-03-03,,,,,79.980003,,
2010-03-04,,,,,80.559998,,
2010-03-05,,,,,80.430000,,
2010-03-08,,,,,80.430000,,
2010-03-09,,,,,80.589996,,
2010-03-10,,,,,80.449997,,
2010-03-11,,,,,80.320000,,
2010-03-12,,,,,79.830002,,
2010-03-15,,,,,80.250000,,
2010-03-16,,,,,79.750000,,
2010-03-17,,,,,79.639999,,
2010-03-18,,,,,80.220001,,
2010-03-19,,,,,80.720001,,
2010-03-22,,,,,80.650002,,
2010-03-23,,,,,80.900002,,
2010-03-24,,,,,81.839996,,
2010-03-25,,,,,82.120003,,
2010-03-26,,,,,81.680000,,
2010-03-29,,,,,81.360001,,
2010-03-30,,,,,81.470001,,
2010-03-31,,,,,81.070000,,
2010-04-01,,,,,80.779999,,
2010-04-05,,,,,81.089996,,
2010-04-06,,,,,81.389999,,
2010-04-07,,,,,81.440002,,
2010-04-08,,,,,81.529999,,
2010-04-09,,,,,81.089996,,
2010-04-12,,,,,80.559998,,
2010-04-13,,,,,80.510002,,
2010-04-14,,,,,80.190002,,
2010-04-15,,,,,80.480003,,
2010-04-16,,,,,80.820000,,
2010-04-19,,,,,81.000000,,
2010-04-20,,,,,81.050003,,
2010-04-21,,,,,81.160004,,
2010-04-22,,,,,81.570000,,
2010-04-23,,,,,81.349998,,
2010-04-26,,,,,81.480003,,
2010-04-27,,,,,82.150002,,
2010-04-28,,,,,82.379997,,
2010-04-29,,,,,82.000000,,
2010-04-30,,,,,81.870003,,
2010-05-03,,,,,82.269997,,
2010-05-04,,,,,83.300003,,
2010-05-05,,,,,84.080002,,
2010-05-06,,,,,84.889999,,
2010-05-07,,,,,84.449997,,
2010-05-10,,,,,84.160004,,
2010-05-11,,,,,84.470001,,
2010-05-12,,,,,84.830002,,
2010-05-13,,,,,85.209999,,
2010-05-14,,,,,86.099998,,
2010-05-17,,,,,86.209999,,
2010-05-18,,,,,87.160004,,
2010-05-19,,,,,86.389999,,
2010-05-20,,,,,85.570000,,
2010-05-21,,,,,85.370003,,
2010-05-24,,,,,86.209999,,
2010-05-25,,,,,86.779999,,
2010-05-26,,,,,87.120003,,
2010-05-27,,,,,86.180000,,
2010-05-28,,,,,86.480003,,
2010-06-01,,,,,86.639999,,
2010-06-02,,,,,86.790001,,
2010-06-03,,,,,87.139999,,
2010-06-04,,,,,88.230003,,
2010-06-07,,,,,88.400002,,
2010-06-08,,,,,88.389999,,
2010-06-09,,,,,87.900002,,
2010-06-10,,,,,87.169998,,
2010-06-11,,,,,87.510002,,
2010-06-14,,,,,86.510002,,
2010-06-15,,,,,85.980003,,
2010-06-16,,,,,86.080002,,
2010-06-17,,,,,85.690002,,
2010-06-18,,,,,85.699997,,
2010-06-21,,,,,85.930000,,
2010-06-22,,,,,86.110001,,
2010-06-23,,,,,85.739998,,
2010-06-24,,,,,85.730003,,
2010-06-25,,,,,85.309998,,
2010-06-28,,,,,85.650002,,
2010-06-29,,,,,86.029999,,
2010-06-30,,,,,86.019997,,
2010-07-01,,,,,84.720001,,
2010-07-02,,,,,84.430000,,
2010-07-06,,,,,84.080002,,
2010-07-07,,,,,83.820000,,
2010-07-08,,,,,83.820000,,
2010-07-09,,,,,83.949997,,
2010-07-12,,,,,84.199997,,
2010-07-13,,,,,83.639999,,
2010-07-14,,,,,83.430000,,
2010-07-15,,,,,82.559998,,
2010-07-16,,,,,82.489998,,
2010-07-19,,,,,82.510002,,
2010-07-20,,,,,82.750000,,
2010-07-21,,,,,83.389999,,
2010-07-22,,,,,82.599998,,
2010-07-23,,,,,82.459999,,
2010-07-26,,,,,82.089996,,
2010-07-27,,,,,82.180000,,
2010-07-28,,,,,82.180000,,
2010-07-29,,,,,81.639999,,
2010-07-30,,,,,81.540001,,
2010-08-02,,,,,80.940002,,
2010-08-03,,,,,80.599998,,
2010-08-04,,,,,80.889999,,
2010-08-05,,,,,80.820000,,
2010-08-06,,,,,80.410004,,
2010-08-09,,,,,80.709999,,
2010-08-10,,,,,80.800003,,
2010-08-11,,,,,82.290001,,
2010-08-12,,,,,82.639999,,
2010-08-13,,,,,82.949997,,
2010-08-16,,,,,82.529999,,
2010-08-17,,,,,82.230003,,
2010-08-18,,,,,82.220001,,
2010-08-19,,,,,82.449997,,
2010-08-20,,,,,83.059998,,
2010-08-23,,,,,83.120003,,
2010-08-24,,,,,83.150002,,
2010-08-25,,,,,83.260002,,
2010-08-26,,,,,82.930000,,
2010-08-27,,,,,82.919998,,
2010-08-30,,,,,83.160004,,
2010-08-31,,,,,83.199997,,
2010-09-01,,,,,82.519997,,
2010-09-02,,,,,82.459999,,
2010-09-03,,,,,83.099998,,
2010-09-07,,,,,82.820000,,
2010-09-08,,,,,82.589996,,
2010-09-09,,,,,82.669998,,
2010-09-10,,,,,82.699997,,
2010-09-13,,,,,81.910004,,
2010-09-14,,,,,81.080002,,
2010-09-15,,,,,81.489998,,
2010-09-16,,,,,81.239998,,
2010-09-17,,,,,81.400002,,
2010-09-20,,,,,81.339996,,
2010-09-21,,,,,80.440002,,
2010-09-22,,,,,79.830002,,
2010-09-23,,,,,80.010002,,
2010-09-24,,,,,79.389999,,
2010-09-27,,,,,79.339996,,
2010-09-28,,,,,79.010002,,
2010-09-29,,,,,78.690002,,
2010-09-30,,,,,78.720001,,
2010-10-01,,,,,78.089996,,
2010-10-04,,,,,78.449997,,
2010-10-05,,,,,77.750000,,
2010-10-06,,,,,77.389999,,
2010-10-07,,,,,77.389999,,
2010-10-08,,,,,77.320000,,
2010-10-11,,,,,77.440002,,
2010-10-12,,,,,77.360001,,
2010-10-13,,,,,77.070000,,
2010-10-14,,,,,76.650002,,
2010-10-15,,,,,77.040001,,
2010-10-18,,,,,76.930000,,
2010-10-19,,,,,78.180000,,
2010-10-20,,,,,77.169998,,
2010-10-21,,,,,77.419998,,
2010-10-22,,,,,77.470001,,
2010-10-25,,,,,77.099998,,
2010-10-26,,,,,77.709999,,
2010-10-27,,,,,78.150002,,
2010-10-28,,,,,77.309998,,
2010-10-29,,,,,77.269997,,
2010-11-01,,,,,77.300003,,
2010-11-02,,,,,76.720001,,
2010-11-03,,,,,76.480003,,
2010-11-04,,,,,75.879997,,
2010-11-05,,,,,76.550003,,
2010-11-08,,,,,77.029999,,
2010-11-09,,,,,77.440002,,
2010-11-10,,,,,77.629997,,
2010-11-11,,,,,78.220001,,
2010-11-12,,,,,78.080002,,
2010-11-15,,,,,78.519997,,
2010-11-16,,,,,79.209999,,
2010-11-17,,,,,79.080002,,
2010-11-18,,,,,78.620003,,
2010-11-19,,,,,78.500000,,
2010-11-22,,,,,78.680000,,
2010-11-23,,,,,79.680000,,
2010-11-24,,,,,79.870003,,
2010-11-26,,,,,80.360001,,
2010-11-29,,,,,80.839996,,
2010-11-30,,,,,81.199997,,
2010-12-01,,,,,80.709999,,
2010-12-02,,,,,80.300003,,
2010-12-03,,,,,79.379997,,
2010-12-06,,,,,79.570000,,
2010-12-07,,,,,79.860001,,
2010-12-08,,,,,80.000000,,
2010-12-09,,,,,80.070000,,
2010-12-10,,,,,80.070000,,
2010-12-13,,,,,79.279999,,
2010-12-14,,,,,79.370003,,
2010-12-15,,,,,80.260002,,
2010-12-16,,,,,80.180000,,
2010-12-17,,,,,80.370003,,
2010-12-20,,,,,80.629997,,
2010-12-21,,,,,80.720001,,
2010-12-22,,,,,80.730003,,
2010-12-23,,,,,80.500000,,
2010-12-27,,,,,80.370003,,
2010-12-28,,,,,80.360001,,
2010-12-29,,,,,79.800003,,
2010-12-30,,,,,79.519997,,
2010-12-31,,,,,79.029999,,
2011-01-03,,,,,79.129997,,
2011-01-04,,,,,79.440002,,
2011-01-05,,,,,80.260002,,
2011-01-06,,,,,80.790001,,
2011-01-07,,,,,81.010002,,
2011-01-10,,,,,80.879997,,
2011-01-11,,,,,80.849998,,
2011-01-12,,,,,80.029999,,
2011-01-13,,,,,79.190002,,
2011-01-14,,,,,79.160004,,
2011-01-18,,,,,78.959999,,
2011-01-19,,,,,78.639999,,
2011-01-20,,,,,78.820000,,
2011-01-21,,,,,78.209999,,
2011-01-24,,,,,78.050003,,
2011-01-25,,,,,78.000000,,
2011-01-26,,,,,77.900002,,
2011-01-27,,,,,77.730003,,
2011-01-28,,,,,78.129997,,
2011-01-31,,,,,77.739998,,
2011-02-01,,,,,77.070000,,
2011-02-02,,,,,77.160004,,
2011-02-03,,,,,77.750000,,
2011-02-04,,,,,78.040001,,
2011-02-07,,,,,78.029999,,
2011-02-08,,,,,78.000000,,
2011-02-09,,,,,77.639999,,
2011-02-10,,,,,78.250000,,
2011-02-11,,,,,78.459999,,
2011-02-14,,,,,78.610001,,
2011-02-15,,,,,78.570000,,
2011-02-16,,,,,78.220001,,
2011-02-17,,,,,78.000000,,
2011-02-18,,,,,77.660004,,
2011-02-22,,,,,77.769997,,
2011-02-23,,,,,77.410004,,
2011-02-24,,,,,77.059998,,
2011-02-25,,,,,77.279999,,
2011-02-28,,,,,76.889999,,
2011-03-01,,,,,77.050003,,
2011-03-02,,,,,76.669998,,
2011-03-03,,,,,76.480003,,
2011-03-04,,,,,76.400002,,
2011-03-07,,,,,76.500000,,
2011-03-08,,,,,76.800003,,
2011-03-09,,,,,76.720001,,
2011-03-10,,,,,77.279999,,
2011-03-11,,,,,76.779999,,
2011-03-14,,,,,76.349998,,
2011-03-15,,,,,76.330002,,
2011-03-16,,,,,76.680000,,
2011-03-17,,,,,76.040001,,
2011-03-18,,,,,75.720001,,
2011-03-21,,,,,75.400002,,
2011-03-22,,,,,75.430000,,
2011-03-23,,,,,75.790001,,
2011-03-24,,,,,75.660004,,
2011-03-25,,,,,76.220001,,
2011-03-28,,,,,76.129997,,
2011-03-29,,,,,76.250000,,
2011-03-30,,,,,76.120003,,
2011-03-31,,,,,75.860001,,
2011-04-01,,,,,75.830002,,
2011-04-04,,,,,75.910004,,
2011-04-05,,,,,75.879997,,
2011-04-06,,,,,75.510002,,
2011-04-07,,,,,75.589996,,
2011-04-08,,,,,75.070000,,
2011-04-11,,,,,75.059998,,
2011-04-12,,,,,74.849998,,
2011-04-13,,,,,74.980003,,
2011-04-14,,,,,74.680000,,
2011-04-15,,,,,74.830002,,
2011-04-18,,,,,75.500000,,
2011-04-19,,,,,75.029999,,
2011-04-20,,,,,74.370003,,
2011-04-21,,,,,74.000000,,
2011-04-25,,,,,73.989998,,
2011-04-26,,,,,73.839996,,
2011-04-27,,,,,73.519997,,
2011-04-28,,,,,73.120003,,
2011-04-29,,,,,72.930000,,
2011-05-02,,,,,72.949997,,
2011-05-03,,,,,73.139999,,
2011-05-04,,,,,73.029999,,
2011-05-05,,,,,74.190002,,
2011-05-06,,,,,74.839996,,
2011-05-09,,,,,74.739998,,
2011-05-10,,,,,74.610001,,
2011-05-11,,,,,75.330002,,
2011-05-12,,,,,75.239998,,
2011-05-13,,,,,75.760002,,
2011-05-16,,,,,75.470001,,
2011-05-17,,,,,75.400002,,
2011-05-18,,,,,75.470001,,
2011-05-19,,,,,75.120003,,
2011-05-20,,,,,75.430000,,
2011-05-23,,,,,76.099998,,
2011-05-24,,,,,75.879997,,
2011-05-25,,,,,75.930000,,
2011-05-26,,,,,75.550003,,
2011-05-27,,,,,74.949997,,
2011-05-31,,,,,74.639999,,
2011-06-01,,,,,74.680000,,
2011-06-02,,,,,74.330002,,
2011-06-03,,,,,73.779999,,
2011-06-06,,,,,73.949997,,
2011-06-07,,,,,73.519997,,
2011-06-08,,,,,73.930000,,
2011-06-09,,,,,74.190002,,
2011-06-10,,,,,74.790001,,
2011-06-13,,,,,74.510002,,
2011-06-14,,,,,74.330002,,
2011-06-15,,,,,75.599998,,
2011-06-16,,,,,75.750000,,
2011-06-17,,,,,74.989998,,
2011-06-20,,,,,75.029999,,
2011-06-21,,,,,74.540001,,
2011-06-22,,,,,74.779999,,
2011-06-23,,,,,75.449997,,
2011-06-24,,,,,75.669998,,
2011-06-27,,,,,75.389999,,
2011-06-28,,,,,75.059998,,
2011-06-29,,,,,74.690002,,
2011-06-30,,,,,74.300003,,
2011-07-01,,,,,74.349998,,
2011-07-05,,,,,74.690002,,
2011-07-06,,,,,75.120003,,
2011-07-07,,,,,74.959999,,
2011-07-08,,,,,75.180000,,
2011-07-11,,,,,75.989998,,
2011-07-12,,,,,75.809998,,
2011-07-13,,,,,75.209999,,
2011-07-14,,,,,75.250000,,
2011-07-15,,,,,75.129997,,
2011-07-18,,,,,75.480003,,
2011-07-19,,,,,75.220001,,
2011-07-20,,,,,74.790001,,
2011-07-21,,,,,74.019997,,
2011-07-22,,,,,74.199997,,
2011-07-25,,,,,74.059998,,
2011-07-26,,,,,73.470001,,
2011-07-27,,,,,74.089996,,
2011-07-28,,,,,74.220001,,
2011-07-29,,,,,73.900002,,
2011-08-01,,,,,74.260002,,
2011-08-02,,,,,74.510002,,
2011-08-03,,,,,74.040001,,
2011-08-04,,,,,75.120003,,
2011-08-05,,,,,74.599998,,
2011-08-08,,,,,74.790001,,
2011-08-09,,,,,74.610001,,
2011-08-10,,,,,74.639999,,
2011-08-11,,,,,74.680000,,
2011-08-12,,,,,74.610001,,
2011-08-15,,,,,73.839996,,
2011-08-16,,,,,74.010002,,
2011-08-17,,,,,73.669998,,
2011-08-18,,,,,74.239998,,
2011-08-19,,,,,73.989998,,
2011-08-22,,,,,74.070000,,
2011-08-23,,,,,73.870003,,
2011-08-24,,,,,74.010002,,
2011-08-25,,,,,74.279999,,
2011-08-26,,,,,73.809998,,
2011-08-29,,,,,73.720001,,
2011-08-30,,,,,73.940002,,
2011-08-31,,,,,74.129997,,
2011-09-01,,,,,74.480003,,
2011-09-02,,,,,74.750000,,
2011-09-06,,,,,75.919998,,
2011-09-07,,,,,75.459999,,
2011-09-08,,,,,76.239998,,
2011-09-09,,,,,77.190002,,
2011-09-12,,,,,77.570000,,
2011-09-13,,,,,76.910004,,
2011-09-14,,,,,76.830002,,
2011-09-15,,,,,76.239998,,
2011-09-16,,,,,76.580002,,
2011-09-19,,,,,77.389999,,
2011-09-20,,,,,77.029999,,
2011-09-21,,,,,77.339996,,
2011-09-22,,,,,78.379997,,
2011-09-23,,,,,78.300003,,
2011-09-26,,,,,78.360001,,
2011-09-27,,,,,77.510002,,
2011-09-28,,,,,77.849998,,
2011-09-29,,,,,77.919998,,
2011-09-30,,,,,78.550003,,
2011-10-03,,,,,79.449997,,
2011-10-04,,,,,79.599998,,
2011-10-05,,,,,78.910004,,
2011-10-06,,,,,78.529999,,
2011-10-07,,,,,78.720001,,
2011-10-10,,,,,77.599998,,
2011-10-11,,,,,77.580002,,
2011-10-12,,,,,76.989998,,
2011-10-13,,,,,76.989998,,
2011-10-14,,,,,76.620003,,
2011-10-17,,,,,77.139999,,
2011-10-18,,,,,77.129997,,
2011-10-19,,,,,77.110001,,
2011-10-20,,,,,76.970001,,
2011-10-21,,,,,76.300003,,
2011-10-24,,,,,76.019997,,
2011-10-25,,,,,76.250000,,
2011-10-26,,,,,76.199997,,
2011-10-27,,,,,74.870003,,
2011-10-28,,,,,75.089996,,
2011-10-31,,,,,76.169998,,
2011-11-01,,,,,77.260002,,
2011-11-02,,,,,77.010002,,
2011-11-03,,,,,76.669998,,
2011-11-04,,,,,76.910004,,
2011-11-07,,,,,76.959999,,
2011-11-08,,,,,76.669998,,
2011-11-09,,,,,77.930000,,
2011-11-10,,,,,77.639999,,
2011-11-11,,,,,76.940002,,
2011-11-14,,,,,77.559998,,
2011-11-15,,,,,77.879997,,
2011-11-16,,,,,78.160004,,
2011-11-17,,,,,78.290001,,
2011-11-18,,,,,78.019997,,
2011-11-21,,,,,78.300003,,
2011-11-22,,,,,78.230003,,
2011-11-23,,,,,79.000000,,
2011-11-25,,,,,79.610001,,
2011-11-28,,,,,79.290001,,
2011-11-29,,,,,79.000000,,
2011-11-30,,,,,78.389999,,
2011-12-01,,,,,78.320000,,
2011-12-02,,,,,78.629997,,
2011-12-05,,,,,78.610001,,
2011-12-06,,,,,78.510002,,
2011-12-07,,,,,78.480003,,
2011-12-08,,,,,78.809998,,
2011-12-09,,,,,78.629997,,
2011-12-12,,,,,79.570000,,
2011-12-13,,,,,80.250000,,
2011-12-14,,,,,80.529999,,
2011-12-15,,,,,80.239998,,
2011-12-16,,,,,80.250000,,
2011-12-19,,,,,80.250000,,
2011-12-20,,,,,79.879997,,
2011-12-21,,,,,80.019997,,
2011-12-22,,,,,79.919998,,
2011-12-23,,,,,80.010002,,
2011-12-27,,,,,79.790001,,
2011-12-28,,,,,80.489998,,
2011-12-29,,,,,80.480003,,
2011-12-30,,,,,80.169998,,
2012-01-03,,,,,79.610001,,
2012-01-04,,,,,80.089996,,
2012-01-05,,,,,80.940002,,
2012-01-06,,,,,81.239998,,
2012-01-09,,,,,81.050003,,
2012-01-10,,,,,80.800003,,
2012-01-11,,,,,81.349998,,
2012-01-12,,,,,80.769997,,
2012-01-13,,,,,81.430000,,
2012-01-17,,,,,81.180000,,
2012-01-18,,,,,80.599998,,
2012-01-19,,,,,80.209999,,
2012-01-20,,,,,80.220001,,
2012-01-23,,,,,79.690002,,
2012-01-24,,,,,79.860001,,
2012-01-25,,,,,79.570000,,
2012-01-26,,,,,79.410004,,
2012-01-27,,,,,78.900002,,
2012-01-30,,,,,79.160004,,
2012-01-31,,,,,79.279999,,
2012-02-01,,,,,78.919998,,
2012-02-02,,,,,78.970001,,
2012-02-03,,,,,78.940002,,
2012-02-06,,,,,79.089996,,
2012-02-07,,,,,78.570000,,
2012-02-08,,,,,78.639999,,
2012-02-09,,,,,78.559998,,
2012-02-10,,,,,79.110001,,
2012-02-13,,,,,78.940002,,
2012-02-14,,,,,79.580002,,
2012-02-15,,,,,79.669998,,
2012-02-16,,,,,79.339996,,
2012-02-17,,,,,79.330002,,
2012-02-21,,,,,79.040001,,
2012-02-22,,,,,79.209999,,
2012-02-23,,,,,78.809998,,
2012-02-24,,,,,78.349998,,
2012-02-27,,,,,78.559998,,
2012-02-28,,,,,78.269997,,
2012-02-29,,,,,78.730003,,
2012-03-01,,,,,78.779999,,
2012-03-02,,,,,79.400002,,
2012-03-05,,,,,79.320000,,
2012-03-06,,,,,79.860001,,
2012-03-07,,,,,79.709999,,
2012-03-08,,,,,79.160004,,
2012-03-09,,,,,80.040001,,
2012-03-12,,,,,79.870003,,
2012-03-13,,,,,80.190002,,
2012-03-14,,,,,80.559998,,
2012-03-15,,,,,80.150002,,
2012-03-16,,,,,79.779999,,
2012-03-19,,,,,79.449997,,
2012-03-20,,,,,79.589996,,
2012-03-21,,,,,79.629997,,
2012-03-22,,,,,79.739998,,
2012-03-23,,,,,79.339996,,
2012-03-26,,,,,78.930000,,
2012-03-27,,,,,79.040001,,
2012-03-28,,,,,79.160004,,
2012-03-29,,,,,79.180000,,
2012-03-30,,,,,78.930000,,
2012-04-02,,,,,78.820000,,
2012-04-03,,,,,79.480003,,
2012-04-04,,,,,79.760002,,
2012-04-05,,,,,80.070000,,
2012-04-09,,,,,79.730003,,
2012-04-10,,,,,79.889999,,
2012-04-11,,,,,79.779999,,
2012-04-12,,,,,79.279999,,
2012-04-13,,,,,79.879997,,
2012-04-16,,,,,79.550003,,
2012-04-17,,,,,79.470001,,
2012-04-18,,,,,79.529999,,
2012-04-19,,,,,79.559998,,
2012-04-20,,,,,79.180000,,
2012-04-23,,,,,79.419998,,
2012-04-24,,,,,79.220001,,
2012-04-25,,,,,79.010002,,
2012-04-26,,,,,78.910004,,
2012-04-27,,,,,78.699997,,
2012-04-30,,,,,78.790001,,
2012-05-01,,,,,78.860001,,
2012-05-02,,,,,79.129997,,
2012-05-03,,,,,79.220001,,
2012-05-04,,,,,79.470001,,
2012-05-07,,,,,79.599998,,
2012-05-08,,,,,79.730003,,
2012-05-09,,,,,80.080002,,
2012-05-10,,,,,80.110001,,
2012-05-11,,,,,80.279999,,
2012-05-14,,,,,80.599998,,
2012-05-15,,,,,81.220001,,
2012-05-16,,,,,81.370003,,
2012-05-17,,,,,81.379997,,
2012-05-18,,,,,81.290001,,
2012-05-21,,,,,81.080002,,
2012-05-22,,,,,81.669998,,
2012-05-23,,,,,82.089996,,
2012-05-24,,,,,82.290001,,
2012-05-25,,,,,82.400002,,
2012-05-29,,,,,82.440002,,
2012-05-30,,,,,83.010002,,
2012-05-31,,,,,83.040001,,
2012-06-01,,,,,82.889999,,
2012-06-04,,,,,82.550003,,
2012-06-05,,,,,82.800003,,
2012-06-06,,,,,82.320000,,
2012-06-07,,,,,82.050003,,
2012-06-08,,,,,82.510002,,
2012-06-11,,,,,82.510002,,
2012-06-12,,,,,82.410004,,
2012-06-13,,,,,82.050003,,
2012-06-14,,,,,81.900002,,
2012-06-15,,,,,81.589996,,
2012-06-18,,,,,81.940002,,
2012-06-19,,,,,81.370003,,
2012-06-20,,,,,81.489998,,
2012-06-21,,,,,82.320000,,
2012-06-22,,,,,82.220001,,
2012-06-25,,,,,82.459999,,
2012-06-26,,,,,82.370003,,
2012-06-27,,,,,82.559998,,
2012-06-28,,,,,82.669998,,
2012-06-29,,,,,81.650002,,
2012-07-02,,,,,81.870003,,
2012-07-03,,,,,81.779999,,
2012-07-05,,,,,82.809998,,
2012-07-06,,,,,83.290001,,
2012-07-09,,,,,83.160004,,
2012-07-10,,,,,83.360001,,
2012-07-11,,,,,83.570000,,
2012-07-12,,,,,83.650002,,
2012-07-13,,,,,83.300003,,
2012-07-16,,,,,83.089996,,
2012-07-17,,,,,83.029999,,
2012-07-18,,,,,82.949997,,
2012-07-19,,,,,82.900002,,
2012-07-20,,,,,83.470001,,
2012-07-23,,,,,83.709999,,
2012-07-24,,,,,84.010002,,
2012-07-25,,,,,83.519997,,
2012-07-26,,,,,82.809998,,
2012-07-27,,,,,82.709999,,
2012-07-30,,,,,82.790001,,
2012-07-31,,,,,82.639999,,
2012-08-01,,,,,83.059998,,
2012-08-02,,,,,83.330002,,
2012-08-03,,,,,82.379997,,
2012-08-06,,,,,82.269997,,
2012-08-07,,,,,82.209999,,
2012-08-08,,,,,82.389999,,
2012-08-09,,,,,82.639999,,
2012-08-10,,,,,82.550003,,
2012-08-13,,,,,82.440002,,
2012-08-14,,,,,82.480003,,
2012-08-15,,,,,82.650002,,
2012-08-16,,,,,82.360001,,
2012-08-17,,,,,82.599998,,
2012-08-20,,,,,82.459999,,
2012-08-21,,,,,81.910004,,
2012-08-22,,,,,81.489998,,
2012-08-23,,,,,81.360001,,
2012-08-24,,,,,81.589996,,
2012-08-27,,,,,81.660004,,
2012-08-28,,,,,81.370003,,
2012-08-29,,,,,81.550003,,
2012-08-30,,,,,81.680000,,
2012-08-31,,,,,81.250000,,
2012-09-04,,,,,81.320000,,
2012-09-05,,,,,81.239998,,
2012-09-06,,,,,81.080002,,
2012-09-07,,,,,80.250000,,
2012-09-10,,,,,80.360001,,
2012-09-11,,,,,79.860001,,
2012-09-12,,,,,79.739998,,
2012-09-13,,,,,79.260002,,
2012-09-14,,,,,78.849998,,
2012-09-17,,,,,79.010002,,
2012-09-18,,,,,79.250000,,
2012-09-19,,,,,79.059998,,
2012-09-20,,,,,79.410004,,
2012-09-21,,,,,79.330002,,
2012-09-24,,,,,79.519997,,
2012-09-25,,,,,79.550003,,
2012-09-26,,,,,79.889999,,
2012-09-27,,,,,79.550003,,
2012-09-28,,,,,79.940002,,
2012-10-01,,,,,79.820000,,
2012-10-02,,,,,79.739998,,
2012-10-03,,,,,79.970001,,
2012-10-04,,,,,79.349998,,
2012-10-05,,,,,79.339996,,
2012-10-08,,,,,79.540001,,
2012-10-09,,,,,79.949997,,
2012-10-10,,,,,79.919998,,
2012-10-11,,,,,79.779999,,
2012-10-12,,,,,79.690002,,
2012-10-15,,,,,79.739998,,
2012-10-16,,,,,79.370003,,
2012-10-17,,,,,79.019997,,
2012-10-18,,,,,79.370003,,
2012-10-19,,,,,79.639999,,
2012-10-22,,,,,79.650002,,
2012-10-23,,,,,79.980003,,
2012-10-24,,,,,79.970001,,
2012-10-25,,,,,80.040001,,
2012-10-26,,,,,80.070000,,
2012-10-31,,,,,79.919998,,
2012-11-01,,,,,80.050003,,
2012-11-02,,,,,80.589996,,
2012-11-05,,,,,80.750000,,
2012-11-06,,,,,80.610001,,
2012-11-07,,,,,80.760002,,
2012-11-08,,,,,80.790001,,
2012-11-09,,,,,81.029999,,
2012-11-12,,,,,81.040001,,
2012-11-13,,,,,81.080002,,
2012-11-14,,,,,81.059998,,
2012-11-15,,,,,81.080002,,
2012-11-16,,,,,81.260002,,
2012-11-19,,,,,80.870003,,
2012-11-20,,,,,80.959999,,
2012-11-21,,,,,80.930000,,
2012-11-23,,,,,80.190002,,
2012-11-26,,,,,80.250000,,
2012-11-27,,,,,80.400002,,
2012-11-28,,,,,80.339996,,
2012-11-29,,,,,80.199997,,
2012-11-30,,,,,80.150002,,
2012-12-03,,,,,79.879997,,
2012-12-04,,,,,79.639999,,
2012-12-05,,,,,79.769997,,
2012-12-06,,,,,80.260002,,
2012-12-07,,,,,80.419998,,
2012-12-10,,,,,80.330002,,
2012-12-11,,,,,80.059998,,
2012-12-12,,,,,79.889999,,
2012-12-13,,,,,79.930000,,
2012-12-14,,,,,79.599998,,
2012-12-17,,,,,79.570000,,
2012-12-18,,,,,79.360001,,
2012-12-19,,,,,79.250000,,
2012-12-20,,,,,79.260002,,
2012-12-21,,,,,79.620003,,
2012-12-24,,,,,79.639999,,
2012-12-26,,,,,79.620003,,
2012-12-27,,,,,79.620003,,
2012-12-28,,,,,79.680000,,
2012-12-31,,,,,79.769997,,
2013-01-02,,,,,79.849998,,
2013-01-03,,,,,80.430000,,
2013-01-04,,,,,80.500000,,
2013-01-07,,,,,80.260002,,
2013-01-08,,,,,80.349998,,
2013-01-09,,,,,80.559998,,
2013-01-10,,,,,79.739998,,
2013-01-11,,,,,79.559998,,
2013-01-14,,,,,79.489998,,
2013-01-15,,,,,79.779999,,
2013-01-16,,,,,79.800003,,
2013-01-17,,,,,79.650002,,
2013-01-18,,,,,80.050003,,
2013-01-22,,,,,79.870003,,
2013-01-23,,,,,79.919998,,
2013-01-24,,,,,79.949997,,
2013-01-25,,,,,79.750000,,
2013-01-28,,,,,79.779999,,
2013-01-29,,,,,79.559998,,
2013-01-30,,,,,79.279999,,
2013-01-31,,,,,79.209999,,
2013-02-01,,,,,79.129997,,
2013-02-04,,,,,79.550003,,
2013-02-05,,,,,79.489998,,
2013-02-06,,,,,79.720001,,
2013-02-07,,,,,80.190002,,
2013-02-08,,,,,80.250000,,
2013-02-11,,,,,80.309998,,
2013-02-12,,,,,80.110001,,
2013-02-13,,,,,80.089996,,
2013-02-14,,,,,80.459999,,
2013-02-15,,,,,80.580002,,
2013-02-19,,,,,80.470001,,
2013-02-20,,,,,81.089996,,
2013-02-21,,,,,81.459999,,
2013-02-22,,,,,81.480003,,
2013-02-25,,,,,81.669998,,
2013-02-26,,,,,81.870003,,
2013-02-27,,,,,81.599998,,
2013-02-28,,,,,81.980003,,
2013-03-01,,,,,82.309998,,
2013-03-04,,,,,82.220001,,
2013-03-05,,,,,82.089996,,
2013-03-06,,,,,82.459999,,
2013-03-07,,,,,82.080002,,
2013-03-08,,,,,82.699997,,
2013-03-11,,,,,82.570000,,
2013-03-12,,,,,82.580002,,
2013-03-13,,,,,82.889999,,
2013-03-14,,,,,82.610001,,
2013-03-15,,,,,82.260002,,
2013-03-18,,,,,82.690002,,
2013-03-19,,,,,82.989998,,
2013-03-20,,,,,82.779999,,
2013-03-21,,,,,82.800003,,
2013-03-22,,,,,82.529999,,
2013-03-25,,,,,82.870003,,
2013-03-26,,,,,82.879997,,
2013-03-27,,,,,83.209999,,
2013-03-28,,,,,82.989998,,
2013-04-01,,,,,82.730003,,
2013-04-02,,,,,82.940002,,
2013-04-03,,,,,82.720001,,
2013-04-04,,,,,82.680000,,
2013-04-05,,,,,82.500000,,
2013-04-08,,,,,82.750000,,
2013-04-09,,,,,82.309998,,
2013-04-10,,,,,82.529999,,
2013-04-11,,,,,82.250000,,
2013-04-12,,,,,82.309998,,
2013-04-15,,,,,82.419998,,
2013-04-16,,,,,81.750000,,
2013-04-17,,,,,82.660004,,
2013-04-18,,,,,82.550003,,
2013-04-19,,,,,82.709999,,
2013-04-22,,,,,82.680000,,
2013-04-23,,,,,83.029999,,
2013-04-24,,,,,82.930000,,
2013-04-25,,,,,82.739998,,
2013-04-26,,,,,82.480003,,
2013-04-29,,,,,82.150002,,
2013-04-30,,,,,81.730003,,
2013-05-01,,,,,81.639999,,
2013-05-02,,,,,82.209999,,
2013-05-03,,,,,82.099998,,
2013-05-06,,,,,82.320000,,
2013-05-07,,,,,82.300003,,
2013-05-08,,,,,81.900002,,
2013-05-09,,,,,82.790001,,
2013-05-10,,,,,83.139999,,
2013-05-13,,,,,83.260002,,
2013-05-14,,,,,83.570000,,
2013-05-15,,,,,83.830002,,
2013-05-16,,,,,83.769997,,
2013-05-17,,,,,84.279999,,
2013-05-20,,,,,83.809998,,
2013-05-21,,,,,83.860001,,
2013-05-22,,,,,84.250000,,
2013-05-23,,,,,83.800003,,
2013-05-24,,,,,83.699997,,
2013-05-28,,,,,84.139999,,
2013-05-29,,,,,83.639999,,
2013-05-30,,,,,83.010002,,
2013-05-31,,,,,83.379997,,
2013-06-03,,,,,82.680000,,
2013-06-04,,,,,82.769997,,
2013-06-05,,,,,82.570000,,
2013-06-06,,,,,81.519997,,
2013-06-07,,,,,81.690002,,
2013-06-10,,,,,81.650002,,
2013-06-11,,,,,81.059998,,
2013-06-12,,,,,80.959999,,
2013-06-13,,,,,80.620003,,
2013-06-14,,,,,80.669998,,
2013-06-17,,,,,80.570000,,
2013-06-18,,,,,80.620003,,
2013-06-19,,,,,81.430000,,
2013-06-20,,,,,81.839996,,
2013-06-21,,,,,82.320000,,
2013-06-24,,,,,82.430000,,
2013-06-25,,,,,82.580002,,
2013-06-26,,,,,82.949997,,
2013-06-27,,,,,82.910004,,
2013-06-28,,,,,83.169998,,
2013-07-01,,,,,82.980003,,
2013-07-02,,,,,83.540001,,
2013-07-03,,,,,83.230003,,
2013-07-05,,,,,84.419998,,
2013-07-08,,,,,84.199997,,
2013-07-09,,,,,84.580002,,
2013-07-10,,,,,84.040001,,
2013-07-11,,,,,82.750000,,
2013-07-12,,,,,82.989998,,
2013-07-15,,,,,83.040001,,
2013-07-16,,,,,82.430000,,
2013-07-17,,,,,82.709999,,
2013-07-18,,,,,82.820000,,
2013-07-19,,,,,82.580002,,
2013-07-22,,,,,82.220001,,
2013-07-23,,,,,82.010002,,
2013-07-24,,,,,82.300003,,
2013-07-25,,,,,81.970001,,
2013-07-26,,,,,81.620003,,
2013-07-29,,,,,81.660004,,
2013-07-30,,,,,81.830002,,
2013-07-31,,,,,81.449997,,
2013-08-01,,,,,82.339996,,
2013-08-02,,,,,81.910004,,
2013-08-05,,,,,81.879997,,
2013-08-06,,,,,81.599998,,
2013-08-07,,,,,81.290001,,
2013-08-08,,,,,81.010002,,
2013-08-09,,,,,81.129997,,
2013-08-12,,,,,81.330002,,
2013-08-13,,,,,81.730003,,
2013-08-14,,,,,81.699997,,
2013-08-15,,,,,81.129997,,
2013-08-16,,,,,81.260002,,
2013-08-19,,,,,81.230003,,
2013-08-20,,,,,80.910004,,
2013-08-21,,,,,81.320000,,
2013-08-22,,,,,81.489998,,
2013-08-23,,,,,81.339996,,
2013-08-26,,,,,81.370003,,
2013-08-27,,,,,81.169998,,
2013-08-28,,,,,81.419998,,
2013-08-29,,,,,81.949997,,
2013-08-30,,,,,82.089996,,
2013-09-03,,,,,82.360001,,
2013-09-04,,,,,82.169998,,
2013-09-05,,,,,82.629997,,
2013-09-06,,,,,82.150002,,
2013-09-09,,,,,81.790001,,
2013-09-10,,,,,81.820000,,
2013-09-11,,,,,81.519997,,
2013-09-12,,,,,81.489998,,
2013-09-13,,,,,81.449997,,
2013-09-16,,,,,81.250000,,
2013-09-17,,,,,81.169998,,
2013-09-18,,,,,80.239998,,
2013-09-19,,,,,80.360001,,
2013-09-20,,,,,80.440002,,
2013-09-23,,,,,80.449997,,
2013-09-24,,,,,80.559998,,
2013-09-25,,,,,80.330002,,
2013-09-26,,,,,80.519997,,
2013-09-27,,,,,80.269997,,
2013-09-30,,,,,80.220001,,
2013-10-01,,,,,80.099998,,
2013-10-02,,,,,79.879997,,
2013-10-03,,,,,79.769997,,
2013-10-04,,,,,80.120003,,
2013-10-07,,,,,79.940002,,
2013-10-08,,,,,80.059998,,
2013-10-09,,,,,80.370003,,
2013-10-10,,,,,80.419998,,
2013-10-11,,,,,80.360001,,
2013-10-14,,,,,80.260002,,
2013-10-15,,,,,80.480003,,
2013-10-16,,,,,80.500000,,
2013-10-17,,,,,79.650002,,
2013-10-18,,,,,79.639999,,
2013-10-21,,,,,79.680000,,
2013-10-22,,,,,79.239998,,
2013-10-23,,,,,79.260002,,
2013-10-24,,,,,79.190002,,
2013-10-25,,,,,79.180000,,
2013-10-28,,,,,79.250000,,
2013-10-29,,,,,79.629997,,
2013-10-30,,,,,79.750000,,
2013-10-31,,,,,80.199997,,
2013-11-01,,,,,80.730003,,
2013-11-04,,,,,80.550003,,
2013-11-05,,,,,80.709999,,
2013-11-06,,,,,80.480003,,
2013-11-07,,,,,80.820000,,
2013-11-08,,,,,81.209999,,
2013-11-11,,,,,81.089996,,
2013-11-12,,,,,81.190002,,
2013-11-13,,,,,80.930000,,
2013-11-14,,,,,80.980003,,
2013-11-15,,,,,80.839996,,
2013-11-18,,,,,80.830002,,
2013-11-19,,,,,80.699997,,
2013-11-20,,,,,81.110001,,
2013-11-21,,,,,81.050003,,
2013-11-22,,,,,80.709999,,
2013-11-25,,,,,80.919998,,
2013-11-26,,,,,80.610001,,
2013-11-27,,,,,80.739998,,
2013-11-29,,,,,80.680000,,
2013-12-02,,,,,80.910004,,
2013-12-03,,,,,80.620003,,
2013-12-04,,,,,80.629997,,
2013-12-05,,,,,80.269997,,
2013-12-06,,,,,80.269997,,
2013-12-09,,,,,80.129997,,
2013-12-10,,,,,79.970001,,
2013-12-11,,,,,79.889999,,
2013-12-12,,,,,80.199997,,
2013-12-13,,,,,80.209999,,
2013-12-16,,,,,80.070000,,
2013-12-17,,,,,80.059998,,
2013-12-18,,,,,80.110001,,
2013-12-19,,,,,80.629997,,
2013-12-20,,,,,80.580002,,
2013-12-23,,,,,80.449997,,
2013-12-24,,,,,80.529999,,
2013-12-26,,,,,80.480003,,
2013-12-27,,,,,80.389999,,
2013-12-30,,,,,80.000000,,
2013-12-31,,,,,80.040001,,
2014-01-02,,,,,80.629997,,
2014-01-03,,,,,80.790001,,
2014-01-06,,,,,80.650002,,
2014-01-07,,,,,80.830002,,
2014-01-08,,,,,81.040001,,
2014-01-09,,,,,81.010002,,
2014-01-10,,,,,80.660004,,
2014-01-13,,,,,80.510002,,
2014-01-14,,,,,80.610001,,
2014-01-15,,,,,81.000000,,
2014-01-16,,,,,80.900002,,
2014-01-17,,,,,81.260002,,
2014-01-21,,,,,81.099998,,
2014-01-22,,,,,81.169998,,
2014-01-23,,,,,80.440002,,
2014-01-24,,,,,80.459999,,
2014-01-27,,,,,80.500000,,
2014-01-28,,,,,80.570000,,
2014-01-29,,,,,80.510002,,
2014-01-30,,,,,81.089996,,
2014-01-31,,,,,81.269997,,
2014-02-03,,,,,81.010002,,
2014-02-04,,,,,81.120003,,
2014-02-05,,,,,81.029999,,
2014-02-06,,,,,80.889999,,
2014-02-07,,,,,80.690002,,
2014-02-10,,,,,80.669998,,
2014-02-11,,,,,80.629997,,
2014-02-12,,,,,80.680000,,
2014-02-13,,,,,80.290001,,
2014-02-14,,,,,80.129997,,
2014-02-18,,,,,80.010002,,
2014-02-19,,,,,80.169998,,
2014-02-20,,,,,80.290001,,
2014-02-21,,,,,80.239998,,
2014-02-24,,,,,80.209999,,
2014-02-25,,,,,80.150002,,
2014-02-26,,,,,80.410004,,
2014-02-27,,,,,80.290001,,
2014-02-28,,,,,79.779999,,
2014-03-03,,,,,80.070000,,
2014-03-04,,,,,80.160004,,
2014-03-05,,,,,80.110001,,
2014-03-06,,,,,79.680000,,
2014-03-07,,,,,79.720001,,
2014-03-10,,,,,79.750000,,
2014-03-11,,,,,79.769997,,
2014-03-12,,,,,79.610001,,
2014-03-13,,,,,79.620003,,
2014-03-14,,,,,79.440002,,
2014-03-17,,,,,79.389999,,
2014-03-18,,,,,79.410004,,
2014-03-19,,,,,79.989998,,
2014-03-20,,,,,80.209999,,
2014-03-21,,,,,80.110001,,
2014-03-24,,,,,79.930000,,
2014-03-25,,,,,79.940002,,
2014-03-26,,,,,79.980003,,
2014-03-27,,,,,80.110001,,
2014-03-28,,,,,80.180000,,
2014-03-31,,,,,80.099998,,
2014-04-01,,,,,80.080002,,
2014-04-02,,,,,80.220001,,
2014-04-03,,,,,80.470001,,
2014-04-04,,,,,80.419998,,
2014-04-07,,,,,80.220001,,
2014-04-08,,,,,79.750000,,
2014-04-09,,,,,79.480003,,
2014-04-10,,,,,79.379997,,
2014-04-11,,,,,79.449997,,
2014-04-14,,,,,79.730003,,
2014-04-15,,,,,79.800003,,
2014-04-16,,,,,79.820000,,
2014-04-17,,,,,79.830002,,
2014-04-21,,,,,79.949997,,
2014-04-22,,,,,79.910004,,
2014-04-23,,,,,79.860001,,
2014-04-24,,,,,79.800003,,
2014-04-25,,,,,79.769997,,
2014-04-28,,,,,79.680000,,
2014-04-29,,,,,79.809998,,
2014-04-30,,,,,79.489998,,
2014-05-01,,,,,79.529999,,
2014-05-02,,,,,79.519997,,
2014-05-05,,,,,79.489998,,
2014-05-06,,,,,79.139999,,
2014-05-07,,,,,79.220001,,
2014-05-08,,,,,79.430000,,
2014-05-09,,,,,79.900002,,
2014-05-12,,,,,79.900002,,
2014-05-13,,,,,80.139999,,
2014-05-14,,,,,80.070000,,
2014-05-15,,,,,80.000000,,
2014-05-16,,,,,80.040001,,
2014-05-19,,,,,79.989998,,
2014-05-20,,,,,80.040001,,
2014-05-21,,,,,80.099998,,
2014-05-22,,,,,80.250000,,
2014-05-23,,,,,80.389999,,
2014-05-27,,,,,80.349998,,
2014-05-28,,,,,80.570000,,
2014-05-29,,,,,80.489998,,
2014-05-30,,,,,80.370003,,
2014-06-02,,,,,80.639999,,
2014-06-03,,,,,80.550003,,
2014-06-04,,,,,80.669998,,
2014-06-05,,,,,80.370003,,
2014-06-06,,,,,80.410004,,
2014-06-09,,,,,80.650002,,
2014-06-10,,,,,80.820000,,
2014-06-11,,,,,80.790001,,
2014-06-12,,,,,80.580002,,
2014-06-13,,,,,80.580002,,
2014-06-16,,,,,80.470001,,
2014-06-17,,,,,80.629997,,
2014-06-18,,,,,80.580002,,
2014-06-19,,,,,80.320000,,
2014-06-20,,,,,80.370003,,
2014-06-23,,,,,80.260002,,
2014-06-24,,,,,80.330002,,
2014-06-25,,,,,80.220001,,
2014-06-26,,,,,80.230003,,
2014-06-27,,,,,80.040001,,
2014-06-30,,,,,79.779999,,
2014-07-01,,,,,79.820000,,
2014-07-02,,,,,79.959999,,
2014-07-03,,,,,80.209999,,
2014-07-07,,,,,80.220001,,
2014-07-08,,,,,80.180000,,
2014-07-09,,,,,79.989998,,
2014-07-10,,,,,80.129997,,
2014-07-11,,,,,80.190002,,
2014-07-14,,,,,80.190002,,
2014-07-15,,,,,80.389999,,
2014-07-16,,,,,80.559998,,
2014-07-17,,,,,80.519997,,
2014-07-18,,,,,80.519997,,
2014-07-21,,,,,80.559998,,
2014-07-22,,,,,80.779999,,
2014-07-23,,,,,80.809998,,
2014-07-24,,,,,80.870003,,
2014-07-25,,,,,81.029999,,
2014-07-28,,,,,81.029999,,
2014-07-29,,,,,81.209999,,
2014-07-30,,,,,81.419998,,
2014-07-31,,,,,81.459999,,
2014-08-01,,,,,81.300003,,
2014-08-04,,,,,81.330002,,
2014-08-05,,,,,81.519997,,
2014-08-06,,,,,81.440002,,
2014-08-07,,,,,81.519997,,
2014-08-08,,,,,81.389999,,
2014-08-11,,,,,81.470001,,
2014-08-12,,,,,81.500000,,
2014-08-13,,,,,81.599998,,
2014-08-14,,,,,81.589996,,
2014-08-15,,,,,81.419998,,
2014-08-18,,,,,81.580002,,
2014-08-19,,,,,81.879997,,
2014-08-20,,,,,82.250000,,
2014-08-21,,,,,82.150002,,
2014-08-22,,,,,82.339996,,
2014-08-25,,,,,82.550003,,
2014-08-26,,,,,82.650002,,
2014-08-27,,,,,82.430000,,
2014-08-28,,,,,82.480003,,
2014-08-29,,,,,82.750000,,
2014-09-02,,,,,82.989998,,
2014-09-03,,,,,82.870003,,
2014-09-04,,,,,83.820000,,
2014-09-05,,,,,83.760002,,
2014-09-08,,,,,84.230003,,
2014-09-09,,,,,84.279999,,
2014-09-10,,,,,84.250000,,
2014-09-11,,,,,84.300003,,
2014-09-12,,,,,84.239998,,
2014-09-15,,,,,84.260002,,
2014-09-16,,,,,84.070000,,
2014-09-17,,,,,84.699997,,
2014-09-18,,,,,84.320000,,
2014-09-19,,,,,84.800003,,
2014-09-22,,,,,84.669998,,
2014-09-23,,,,,84.660004,,
2014-09-24,,,,,85.050003,,
2014-09-25,,,,,85.199997,,
2014-09-26,,,,,85.639999,,
2014-09-29,,,,,85.589996,,
2014-09-30,,,,,85.940002,,
2014-10-01,,,,,85.970001,,
2014-10-02,,,,,85.599998,,
2014-10-03,,,,,86.690002,,
2014-10-06,,,,,85.709999,,
2014-10-07,,,,,85.669998,,
2014-10-08,,,,,85.300003,,
2014-10-09,,,,,85.519997,,
2014-10-10,,,,,85.910004,,
2014-10-13,,,,,85.430000,,
2014-10-14,,,,,85.820000,,
2014-10-15,,,,,85.150002,,
2014-10-16,,,,,85.000000,,
2014-10-17,,,,,85.190002,,100.000000
2014-10-20,,,,,84.949997,,99.826456
2014-10-21,,,,,85.309998,,100.012528
2014-10-22,,,,,85.739998,,99.791444
2014-10-23,,,,,85.839996,,99.676182
2014-10-24,,,,,85.730003,,99.929183
2014-10-27,,,,,85.500000,,100.672944
2014-10-28,,,,,85.410004,,100.465103
2014-10-29,,,,,85.949997,,100.194166
2014-10-30,,,,,86.150002,,99.663075
2014-10-31,,,,,86.879997,,98.979881
2014-11-03,,,,,87.309998,,99.483557
2014-11-04,,,,,86.980003,,99.145742
2014-11-05,,,,,87.440002,,99.505624
2014-11-06,,,,,88.010002,,99.911760
2014-11-07,,,,,87.639999,,99.851036
2014-11-10,,,,,87.809998,,98.380303
2014-11-11,,,,,87.529999,,96.546522
2014-11-12,,,,,87.820000,,96.792252
2014-11-13,,,,,87.669998,,96.350459
2014-11-14,,,,,87.529999,,96.186810
2014-11-17,,,,,87.930000,,97.232313
2014-11-18,,,,,87.580002,,98.176959
2014-11-19,,,,,87.650002,,98.626054
2014-11-20,,,,,87.589996,,98.545213
2014-11-21,,,,,88.309998,,97.913302
2014-11-24,,,,,88.150002,,96.974926
2014-11-25,,,,,87.919998,,96.744444
2014-11-26,,,,,87.610001,,96.002811
2014-11-27,,,,,,,95.501506
2014-11-28,,,,,88.360001,,93.801777
2014-12-01,,,,,87.949997,,93.048748
2014-12-02,,,,,88.650002,,91.075837
2014-12-03,,,,,88.959999,,91.148920
2014-12-04,,,,,88.699997,,88.736090
2014-12-05,,,,,89.330002,,86.609485
2014-12-08,,,,,89.040001,,84.792124
2014-12-09,,,,,88.690002,,86.603573
2014-12-10,,,,,88.269997,,86.134916
2014-12-11,,,,,88.660004,,87.369323
2014-12-12,,,,,88.360001,,87.587880
2014-12-15,,,,,88.459999,,85.582555
2014-12-16,,,,,88.129997,,83.825376
2014-12-17,,,,,89.129997,,82.354415
2014-12-18,,,,,89.239998,,82.560984
2014-12-19,,,,,89.599998,,81.036807
2014-12-22,,,,,89.769997,,78.406304
2014-12-23,,,,,90.059998,,79.544878
2014-12-24,,,,,89.970001,,81.788916
2014-12-25,,,,,,,80.206058
2014-12-26,,,,,90.029999,,78.629200
2014-12-29,,,,,90.190002,,77.720329
2014-12-30,,,,,89.989998,,76.945651
2014-12-31,,,,,90.269997,,75.993523
2015-01-02,,,,,91.080002,,
2015-01-04,,,-115.300500,,,,
2015-01-05,,,-115.305400,,91.379997,,74.164438
2015-01-06,,,-115.265700,,91.500000,,74.718763
2015-01-07,,,-115.305900,,91.889999,,74.463425
2015-01-08,,,-115.318400,,92.370003,,75.761139
2015-01-09,,,-115.302700,,91.940002,,75.618918
2015-01-12,,,-115.328700,,91.980003,,76.023494
2015-01-13,,,-115.652500,,92.309998,,76.524620
2015-01-14,,,-115.927300,,92.160004,,76.499502
2015-01-15,,,-115.903700,,92.349998,,74.773185
2015-01-16,,,-116.199700,,92.519997,,74.636014
2015-01-19,,,-116.329500,,,,78.213401
2015-01-20,,,-116.382100,,93.050003,,78.632360
2015-01-21,,,-116.433600,,92.900002,,76.659946
2015-01-22,,,-116.541900,,94.239998,,76.941956
2015-01-23,,,-116.573500,,95.000000,,76.497550
2015-01-26,,,-116.725800,,94.800003,,77.031531
2015-01-27,,,-116.718900,,94.019997,,77.553665
2015-01-28,,,-116.530000,,94.470001,,78.331965
2015-01-29,,,-116.388700,,94.779999,,79.050489
2015-01-30,,,-116.339000,,94.800003,,79.473233
2015-02-02,,,-116.491900,,94.500000,,80.955375
2015-02-03,,,-116.607600,,93.599998,,80.148296
2015-02-04,,,-116.620500,,93.989998,,80.784450
2015-02-05,,,-116.929600,,94.699997,,81.433318
2015-02-06,,,-116.776600,,94.699997,,81.885165
2015-02-09,,,-116.856500,,94.449997,,81.166781
2015-02-10,,,-116.871400,,94.760002,,80.749788
2015-02-11,,,-117.108100,,94.989998,,80.825215
2015-02-12,,,-117.198900,,94.089996,,80.875919
2015-02-13,,,-117.313700,,94.199997,,80.872628
2015-02-15,,,-117.376600,,,,
2015-02-16,,,-117.512800,,,,81.198778
2015-02-17,,,-117.503500,,94.059998,,80.975184
2015-02-18,,,,,94.199997,,
2015-02-19,,,,,94.400002,,
2015-02-20,,,,,94.250000,,
2015-02-23,,,,,94.570000,,
2015-02-24,,,,,94.489998,,
2015-02-25,,,-117.525700,,94.209999,,81.355062
2015-02-26,,,-117.440600,,95.290001,,80.265568
2015-02-27,,,-117.319600,,95.250000,,80.531061
2015-02-28,,,-117.377700,,,,
2015-03-02,,,-117.179400,,95.459999,,80.634446
2015-03-03,,,-117.076800,,95.379997,,81.954774
2015-03-04,,,-117.074200,,95.970001,,82.204128
2015-03-05,,,-116.744800,,96.379997,,83.010521
2015-03-06,,,-116.544700,,97.620003,,82.605960
2015-03-09,,,-116.350400,,97.589996,,81.966162
2015-03-10,,,-116.279600,,98.620003,,82.974103
2015-03-11,,,-116.708200,,99.800003,,82.826899
2015-03-12,,,-116.773800,,99.150002,,81.461745
2015-03-13,,,-116.510300,,100.330002,,81.820475
2015-03-16,,,-116.245300,,99.599998,,81.822565
2015-03-17,,,-116.171200,,99.589996,,81.620110
2015-03-18,,,-116.110800,,98.550003,,81.062091
2015-03-19,,,-116.067700,,99.099998,,81.407232
2015-03-20,,,-116.209900,,97.910004,,81.236132
2015-03-23,,,-116.180400,,97.029999,,80.768609
2015-03-24,,,-116.114800,,97.190002,,81.239328
2015-03-25,,,-116.062500,,96.980003,,82.463287
2015-03-26,,,-115.690600,,97.440002,,81.529236
2015-03-27,,,-115.567000,,97.290001,,81.113085
2015-03-30,,,-115.366700,,97.980003,,79.614795
2015-03-31,,,-115.048900,,98.360001,,80.409779
2015-04-01,,,-115.328400,,98.190002,,80.458357
2015-04-02,,,-115.652900,,97.440002,,81.279257
2015-04-03,,,-115.504600,,,,81.657740
2015-04-06,,,,,97.110001,,
2015-04-07,,,-115.361400,,97.830002,,80.939732
2015-04-08,,,-114.803500,,98.070000,,79.853197
2015-04-09,,,-114.765100,,99.160004,,80.124744
2015-04-10,,,-114.830900,,99.389999,,79.888902
2015-04-13,,,-114.915800,,99.489998,,79.482788
2015-04-14,,,-115.146800,,98.760002,,79.472167
2015-04-15,,,-115.324500,,98.330002,,78.594943
2015-04-16,,,-115.470400,,97.419998,,77.425453
2015-04-17,,,-115.472100,,97.519997,,76.431274
2015-04-20,,,-116.216100,,97.940002,,77.131917
2015-04-21,,,-116.460200,,97.980003,,77.562903
2015-04-22,,,-116.410400,,98.019997,,77.433525
2015-04-23,,,-116.313000,,97.279999,,77.967489
2015-04-24,,,-116.047000,,96.919998,,78.392683
2015-04-27,,,-116.186700,,96.769997,,76.833243
2015-04-28,,,-116.312600,,96.089996,,75.436976
2015-04-29,,,-116.291700,,95.120003,,76.423691
2015-04-30,,,-116.501800,,94.599998,,77.563788
2015-05-01,,,,,95.300003,,
2015-05-04,,,-116.409900,,95.480003,,77.378365
2015-05-05,,,-116.315400,,95.129997,,78.631334
2015-05-06,,,-116.038900,,94.129997,,79.228616
2015-05-07,,,-116.064800,,94.620003,,80.044462
2015-05-08,,,-116.408500,,94.790001,,80.462440
2015-05-11,,,-116.410700,,95.010002,,80.507222
2015-05-12,,,-116.466500,,94.529999,,80.787278
2015-05-13,,,-116.647600,,93.620003,,81.401884
2015-05-14,,,-116.892500,,93.360001,,81.732604
2015-05-15,,,-116.936800,,93.139999,,82.767244
2015-05-18,,,-116.876200,,94.190002,,84.292959
2015-05-19,,,-116.759800,,95.269997,,83.361401
2015-05-20,,,-116.741800,,95.449997,,83.939779
2015-05-21,,,-116.770400,,95.260002,,84.732296
2015-05-22,,,-116.865400,,96.010002,,83.543027
2015-05-25,,,-116.953500,,,,82.284808
2015-05-26,,,-116.702800,,97.300003,,82.688919
2015-05-27,,,-116.728400,,97.370003,,83.169023
2015-05-28,,,-116.424100,,96.970001,,84.981341
2015-05-29,,,-116.385800,,96.910004,,85.562836
2015-06-01,,,-116.137200,,97.389999,,84.451796
2015-06-02,,,-116.307900,,95.839996,,85.105593
2015-06-03,,,-116.372500,,95.470001,,85.454853
2015-06-04,,,-116.489200,,95.459999,,84.580597
2015-06-05,,,-116.559500,,96.309998,,84.411275
2015-06-08,,,-116.608800,,95.300003,,81.235702
2015-06-09,,,-116.683400,,95.169998,,81.613290
2015-06-10,,,-116.544600,,94.650002,,82.765330
2015-06-11,,,-116.367100,,94.980003,,83.561865
2015-06-12,,,-116.373900,,94.970001,,83.738538
2015-06-15,,,-116.130500,,94.809998,,81.889649
2015-06-16,,,-116.361300,,95.000000,,82.163062
2015-06-17,,,-116.398400,,94.300003,,82.004383
2015-06-18,,,-116.623800,,94.040001,,83.508218
2015-06-19,,,-116.641100,,94.089996,,84.637268
2015-06-22,,,,,94.330002,,
2015-06-23,,,-116.531600,,95.430000,,82.979187
2015-06-24,,,-116.486100,,95.260002,,82.285786
2015-06-25,,,-116.497800,,95.190002,,82.742916
2015-06-26,,,-116.482200,,95.470001,,84.120993
2015-06-29,,,-116.489200,,94.790001,,82.918150
2015-06-30,,,-116.509200,,95.489998,,81.005538
2015-07-01,,,-116.455400,,96.309998,,82.009169
2015-07-02,,,-116.420600,,96.110001,,80.725479
2015-07-03,,,-116.569000,,,,81.515277
2015-07-06,,,-117.068500,,96.300003,,77.708719
2015-07-07,,,-117.305800,,96.870003,,75.657530
2015-07-08,,,-117.213100,,96.290001,,77.874357
2015-07-09,,,-117.259400,,96.610001,,76.024504
2015-07-10,,,-116.954700,,96.029999,,75.025862
2015-07-13,,,-116.953100,,96.860001,,76.065134
2015-07-14,,,-116.834500,,96.639999,,78.275483
2015-07-15,,,-116.814300,,97.129997,,77.901426
2015-07-16,,,-116.894700,,97.660004,,78.188482
2015-07-17,,,-116.997000,,97.860001,,78.445351
2015-07-20,,,-116.991600,,98.029999,,79.193972
2015-07-21,,,-116.908100,,97.330002,,79.843380
2015-07-22,,,-116.913400,,97.599998,,80.522408
2015-07-23,,,-117.036100,,97.120003,,80.445492
2015-07-24,,,-117.199400,,97.239998,,81.158070
2015-07-27,,,-117.207900,,96.500000,,83.707008
2015-07-28,,,-117.279800,,96.769997,,82.687605
2015-07-29,,,-117.355400,,96.980003,,82.778038
2015-07-30,,,-117.306400,,97.559998,,83.172387
2015-07-31,,,-117.060200,,97.370003,,82.363121
2015-08-03,,,-117.005000,,97.489998,,80.536216
2015-08-04,,,-117.004200,,97.930000,,81.001563
2015-08-05,,,-116.957200,,97.959999,,81.948228
2015-08-06,,,-117.033700,,97.830002,,82.451257
2015-08-07,,,-117.115900,,97.559998,,82.677272
2015-08-10,,,-117.043800,,97.160004,,82.021411
2015-08-11,,,-116.785200,,97.290001,,82.501051
2015-08-12,,,-116.663700,,96.260002,,82.658735
2015-08-13,,,-116.768100,,96.449997,,82.902653
2015-08-14,,,-116.826300,,96.570000,,83.203951
2015-08-17,,,-116.782200,,96.820000,,83.844764
2015-08-18,,,-116.774700,,96.970001,,84.355548
2015-08-19,,,-116.735200,,96.459999,,84.741864
2015-08-20,,,-116.705400,,95.750000,,85.290756
2015-08-21,,,-116.781400,,94.830002,,85.783594
2015-08-24,,,-116.883300,,93.309998,,88.751048
2015-08-25,,,-116.983000,,94.529999,,90.516375
2015-08-26,,,-117.088100,,95.099998,,88.883569
2015-08-27,,,-117.387800,,95.610001,,87.002328
2015-08-28,,,-117.490200,,96.110001,,86.388913
2015-08-31,,,-117.795600,,95.949997,,85.377789
2015-09-01,,,-117.868700,,95.449997,,82.443402
2015-09-02,,,-117.854300,,95.830002,,80.436142
2015-09-03,,,,,96.410004,,
2015-09-04,,,,,96.230003,,
2015-09-06,,,-117.783000,,,,
2015-09-07,,,-117.607500,,,,83.435422
2015-09-08,,,-117.591100,,95.879997,,83.913838
2015-09-09,,,-117.607000,,96.010002,,84.199919
2015-09-10,,,-117.602500,,95.459999,,84.336955
2015-09-11,,,-117.643500,,95.190002,,84.914093
2015-09-14,,,-117.671100,,95.250000,,83.496898
2015-09-15,,,-117.786900,,95.610001,,83.474736
2015-09-16,,,-117.736700,,95.419998,,83.354069
2015-09-17,,,-117.732600,,94.550003,,84.181737
2015-09-18,,,-117.789600,,94.860001,,84.661559
2015-09-21,,,-117.680700,,95.889999,,85.208147
2015-09-22,,,-117.586900,,96.279999,,84.860738
2015-09-23,,,-117.526100,,96.070000,,85.854924
2015-09-24,,,-117.554100,,95.989998,,86.076692
2015-09-25,,,-117.560000,,96.269997,,85.403011
2015-09-28,,,-117.695100,,96.029999,,86.301391
2015-09-29,,,-117.758500,,95.889999,,86.905145
2015-09-30,,,-117.851600,,96.349998,,86.614755
2015-10-01,,,,,96.190002,,
2015-10-02,,,,,95.830002,,
2015-10-05,,,,,96.110001,,
2015-10-06,,,,,95.459999,,
2015-10-07,,,,,95.500000,,
2015-10-08,,,-117.875600,,95.320000,,86.461330
2015-10-09,,,-118.306400,,94.809998,,86.315319
2015-10-10,,,-118.354900,,,,
2015-10-12,,,-118.227500,,94.839996,,85.987465
2015-10-13,,,-118.350300,,94.760002,,86.632428
2015-10-14,,,-118.791800,,93.930000,,86.695522
2015-10-15,,,-118.666100,,94.370003,,86.719543
2015-10-16,,,-118.366900,,94.540001,,86.495657
2015-10-19,,,-118.494000,,94.959999,,86.565096
2015-10-20,,,-118.804200,,94.849998,,86.729989
2015-10-21,,,-118.811300,,95.050003,,85.549375
2015-10-22,,,-118.838000,,96.339996,,86.388829
2015-10-23,,,-118.823600,,97.070000,,86.731643
2015-10-26,,,-119.030900,,96.860001,,86.555704
2015-10-27,,,-119.321000,,96.910004,,86.783159
2015-10-28,,,-119.275400,,97.779999,,86.841110
2015-10-29,,,-119.028800,,97.279999,,86.719110
2015-10-30,,,-118.928800,,96.949997,,85.791227
2015-11-02,,,-118.965700,,96.930000,,86.389966
2015-11-03,,,-118.775800,,97.160004,,86.586827
2015-11-04,,,-118.464600,,97.949997,,85.857484
2015-11-05,,,-118.472400,,97.940002,,84.621718
2015-11-06,,,-118.527500,,99.160004,,84.401802
2015-11-09,,,-117.896300,,98.980003,,84.081893
2015-11-10,,,-117.983900,,99.290001,,84.532819
2015-11-11,,,-118.274800,,99.010002,,85.230229
2015-11-12,,,-118.260700,,98.650002,,85.894019
2015-11-13,,,-118.333800,,98.989998,,85.829832
2015-11-16,,,-118.295500,,99.440002,,86.457969
2015-11-17,,,-118.315100,,99.629997,,86.156283
2015-11-18,,,-118.203000,,99.650002,,85.986541
2015-11-19,,,-118.151000,,98.989998,,86.449516
2015-11-20,,,-118.217400,,99.570000,,87.100879
2015-11-23,,,-118.219700,,99.800003,,87.110106
2015-11-24,,,-118.373200,,99.529999,,87.529617
2015-11-25,,,-118.485100,,99.800003,,87.846565
2015-11-26,,,-118.555700,,,,87.879209
2015-11-27,,,-118.556500,,100.019997,,88.611798
2015-11-30,,,-118.697500,,100.169998,,88.589069
2015-12-01,,,-118.687700,,99.800003,,88.309111
2015-12-02,,,-118.680400,,99.989998,,85.778952
2015-12-03,,,-118.811600,,97.620003,,85.977482
2015-12-04,,,-118.880700,,98.349998,,87.123311
2015-12-07,,,-118.851000,,98.660004,,87.635264
2015-12-08,,,-118.972200,,98.470001,,87.978003
2015-12-09,,,-119.018100,,97.349998,,87.717528
2015-12-10,,,-119.013700,,97.940002,,88.034047
2015-12-11,,,-119.098500,,97.570000,,88.011617
2015-12-14,,,-118.857300,,97.599998,,86.434182
2015-12-15,,,-118.923200,,98.220001,,87.327471
2015-12-16,,,-119.046300,,97.870003,,87.694982
2015-12-17,,,-119.157200,,99.269997,,87.734150
2015-12-18,,,-119.423900,,98.699997,,87.440496
2015-12-21,,,-119.796700,,98.459999,,86.499797
2015-12-22,,,-119.965800,,98.239998,,86.771981
2015-12-23,,,-120.017800,,98.339996,,86.300529
2015-12-24,,,-120.296000,,97.980003,,86.797601
2015-12-25,,,-120.262800,,,,87.233759
2015-12-28,,,-120.346200,,97.919998,,88.010098
2015-12-29,,,-120.290400,,98.099998,,88.002028
2015-12-30,,,-120.273200,,98.269997,,88.587985
2015-12-31,,,-120.287400,,98.629997,,88.270100
2016-01-04,,,-120.071500,,98.870003,,88.866066
2016-01-05,,,-119.866600,,99.400002,,88.020170
2016-01-06,,,-119.975000,,99.180000,,87.874842
2016-01-07,,,-120.164000,,98.220001,,88.532974
2016-01-08,,,-120.302200,,98.540001,,87.444097
2016-01-11,,,-120.420000,,98.730003,,87.579923
2016-01-12,,,-120.671300,,98.970001,,87.270192
2016-01-13,,,-121.132500,,98.930000,,86.955679
2016-01-14,,,-120.966000,,99.089996,,87.392574
2016-01-15,,,-121.000600,,98.959999,,88.075226
2016-01-18,,,-120.808700,,99.120003,,88.805990
2016-01-19,,,-120.618800,,98.989998,,88.368253
2016-01-20,,,-120.477700,,99.089996,,88.748518
2016-01-21,,,-120.590000,,99.059998,,88.627301
2016-01-22,,,-120.705400,,99.570000,,88.509627
2016-01-25,,,-120.226600,,99.360001,,88.684207
2016-01-26,,,-120.191100,,99.360001,,89.490294
2016-01-27,,,-119.946500,,98.900002,,89.364360
2016-01-28,,,-119.992100,,98.510002,,89.007518
2016-01-29,,,-120.243400,,99.610001,,88.772017
2016-02-01,,,-120.316500,,99.000000,,89.122178
2016-02-02,,,-120.077900,,98.870003,,89.389621
2016-02-03,,,-119.999900,,97.290001,,89.944245
2016-02-04,,,-120.226900,,96.470001,,90.077282
2016-02-05,,,-120.231000,,97.029999,,90.039153
2016-02-06,,,-120.221200,,,,
2016-02-08,,,,,96.570000,,
2016-02-09,,,,,96.070000,,
2016-02-10,,,,,95.889999,,
2016-02-11,,,,,95.559998,,
2016-02-12,,,,,95.980003,,
2016-02-14,,,-120.482700,,,,
2016-02-15,,,-120.354500,,,,90.573279
2016-02-16,,,-120.317200,,96.870003,,90.318483
2016-02-17,,,-120.350500,,96.790001,,90.420749
2016-02-18,,,-120.374300,,96.949997,,90.517997
2016-02-19,,,-120.435100,,96.599998,,90.921371
2016-02-22,,,-120.411900,,97.379997,,90.233109
2016-02-23,,,-120.423200,,97.480003,,90.554541
2016-02-24,,,-120.346500,,97.459999,,90.169383
2016-02-25,,,-120.229000,,97.290001,,90.754747
2016-02-26,,,-120.297600,,98.150002,,89.937736
2016-02-29,,,-120.343900,,98.209999,,88.379508
2016-03-01,,,-120.484700,,98.349998,,88.174901
2016-03-02,,,-120.511400,,98.209999,,87.585876
2016-03-03,,,-120.492700,,97.570000,,87.425763
2016-03-04,,,-120.538000,,97.339996,,85.094834
2016-03-07,,,-120.321500,,97.070000,,85.848444
2016-03-08,,,-120.301400,,97.209999,,86.060290
2016-03-09,,,-120.505100,,97.169998,,85.810714
2016-03-10,,,-120.671000,,96.070000,,86.383713
2016-03-11,,,-120.692800,,96.169998,,86.068984
2016-03-14,,,-120.730900,,96.620003,,86.642363
2016-03-15,,,-120.812300,,96.629997,,86.207745
2016-03-16,,,-121.031400,,95.889999,,85.436837
2016-03-17,,,-121.081500,,94.760002,,86.165964
2016-03-18,,,-121.113600,,94.989998,,86.739871
2016-03-21,,,-121.140600,,95.290001,,86.530120
2016-03-22,,,-121.135400,,95.650002,,87.026983
2016-03-23,,,-121.188000,,96.050003,,87.269543
2016-03-24,,,-121.222800,,96.139999,,87.525228
2016-03-25,,,-121.338400,,,,87.576670
2016-03-28,,,-121.305200,,95.940002,,87.985234
2016-03-29,,,-121.333700,,95.160004,,87.838652
2016-03-30,,,-121.417800,,94.839996,,87.933954
2016-03-31,,,-121.469000,,94.589996,,87.738195
2016-04-01,,,-121.447100,,94.620003,,87.305106
2016-04-04,,,,,94.510002,,
2016-04-05,,,-121.353700,,94.629997,,87.761851
2016-04-06,,,-121.307700,,94.430000,,88.090513
2016-04-07,,,-121.153300,,94.480003,,88.232041
2016-04-08,,,-121.120000,,94.239998,,88.433546
2016-04-11,,,-121.077800,,93.949997,,88.454737
2016-04-12,,,-121.078100,,93.959999,,88.228028
2016-04-13,,,-120.876900,,94.739998,,87.985578
2016-04-14,,,-120.795400,,94.900002,,88.130738
2016-04-15,,,-120.842500,,94.699997,,88.061914
2016-04-18,,,-120.906500,,94.489998,,88.188532
2016-04-19,,,-120.880300,,93.980003,,88.086020
2016-04-20,,,-120.647000,,94.489998,,87.285994
2016-04-21,,,-120.575800,,94.599998,,87.145554
2016-04-22,,,-120.256900,,95.120003,,87.040220
2016-04-25,,,-119.832700,,94.839996,,87.022376
2016-04-26,,,-119.922600,,94.570000,,86.923309
2016-04-27,,,-120.020800,,94.389999,,86.746838
2016-04-28,,,-120.117700,,93.760002,,86.493345
2016-04-29,,,-120.107800,,93.080002,,85.699913
2016-05-02,,,,,92.629997,,
2016-05-03,,,-120.126700,,92.940002,,85.813644
2016-05-04,,,-120.038700,,93.180000,,85.984395
2016-05-05,,,-120.010400,,93.779999,,86.150590
2016-05-06,,,-120.005100,,93.889999,,86.333645
2016-05-09,,,-120.131000,,94.150002,,86.082590
2016-05-10,,,-120.118600,,94.290001,,85.984680
2016-05-11,,,-120.125800,,93.820000,,85.379093
2016-05-12,,,-120.188600,,94.139999,,85.280875
2016-05-13,,,-120.186100,,94.610001,,85.380878
2016-05-16,,,-120.058300,,94.570000,,85.535985
2016-05-17,,,-120.019900,,94.550003,,85.634206
2016-05-18,,,-119.897800,,95.080002,,84.929101
2016-05-19,,,-119.839200,,95.290001,,85.222409
2016-05-20,,,-119.817700,,95.309998,,85.358124
2016-05-23,,,-119.759700,,95.230003,,85.723730
2016-05-24,,,-119.829300,,95.570000,,85.734341
2016-05-25,,,-119.809400,,95.349998,,85.725043
2016-05-26,,,-119.783600,,95.169998,,85.744918
2016-05-27,,,-119.747400,,95.519997,,85.734337
2016-05-30,,,-119.675600,,,,85.417045
2016-05-31,,,-119.642200,,95.889999,,85.132100
2016-06-01,,,-119.595000,,95.459999,,85.521744
2016-06-02,,,-119.524700,,95.559998,,85.833168
2016-06-03,,,-119.491000,,94.029999,,85.611090
2016-06-06,,,-119.567100,,93.900002,,85.754820
2016-06-07,,,-119.559500,,93.830002,,85.833807
2016-06-08,,,-119.531200,,93.589996,,86.002994
2016-06-09,,,,,94.099998,,
2016-06-10,,,,,94.599998,,
2016-06-12,,,-119.521100,,,,
2016-06-13,,,-119.557100,,94.370003,,86.122241
2016-06-14,,,-119.721400,,94.930000,,85.971648
2016-06-15,,,-119.780000,,94.610001,,86.619864
2016-06-16,,,-119.883700,,94.570000,,86.996481
2016-06-17,,,-119.907400,,94.209999,,87.036883
2016-06-20,,,-119.890300,,93.610001,,87.151950
2016-06-21,,,-119.874500,,94.019997,,86.827356
2016-06-22,,,-119.959900,,93.720001,,87.009330
2016-06-23,,,-119.936200,,93.529999,,87.149114
2016-06-24,,,-119.885100,,95.449997,,87.626120
2016-06-27,,,-120.013900,,96.540001,,87.812029
2016-06-28,,,-120.016700,,96.250000,,87.932913
2016-06-29,,,-119.985900,,95.769997,,87.654116
2016-06-30,,,-120.033000,,96.139999,,87.708441
2016-07-01,,,-120.189100,,95.650002,,87.588436
2016-07-04,,,-120.177600,,,,87.347261
2016-07-05,,,-120.124200,,96.169998,,87.325974
2016-07-06,,,-120.168800,,96.059998,,87.347117
2016-07-07,,,-120.287400,,96.330002,,87.410910
2016-07-08,,,-120.327400,,96.300003,,87.908855
2016-07-11,,,-120.380200,,96.570000,,87.311711
2016-07-12,,,-120.331400,,96.440002,,86.410926
2016-07-13,,,-120.237000,,96.220001,,86.507114
2016-07-14,,,-120.251200,,96.080002,,86.771166
2016-07-15,,,-120.267000,,96.580002,,86.421516
2016-07-18,,,-120.298800,,96.559998,,86.341479
2016-07-19,,,-120.333900,,97.050003,,86.736948
2016-07-20,,,-120.582700,,97.199997,,86.961534
2016-07-21,,,-120.880200,,97.000000,,86.762676
2016-07-22,,,-120.804800,,97.470001,,86.833987
2016-07-25,,,-120.709500,,97.290001,,86.602913
2016-07-26,,,-120.756700,,97.160004,,86.431620
2016-07-27,,,-120.844600,,97.050003,,85.477389
2016-07-28,,,-120.896200,,96.739998,,85.360859
2016-07-29,,,-120.985700,,95.529999,,85.027341
2016-08-01,,,-120.999300,,95.709999,,84.591343
2016-08-02,,,-121.019600,,95.059998,,84.746030
2016-08-03,100.000000,,-121.048700,,95.559998,,84.782507
2016-08-04,99.419211,,-121.071300,,95.760002,,84.971879
2016-08-05,98.845416,,-121.186300,,96.190002,,84.791003
2016-08-08,99.051916,,-121.275300,,96.400002,,84.695269
2016-08-09,98.533533,,-121.510100,,96.180000,,84.542645
2016-08-10,99.254496,,-121.646800,,95.650002,,84.570669
2016-08-11,99.666419,,-121.707500,,95.860001,,84.048114
2016-08-12,98.127977,,-121.884900,,95.720001,,83.224086
2016-08-15,98.446046,,-122.082400,,95.629997,,82.351918
2016-08-16,99.096042,,-122.047900,,94.790001,,82.926863
2016-08-17,98.489819,,-121.921300,,94.720001,,83.170354
2016-08-18,99.029135,,-121.900700,,94.160004,,83.391254
2016-08-19,99.013241,,-121.744000,,94.510002,,83.330841
2016-08-22,98.214410,,-121.774100,,94.519997,,83.110995
2016-08-23,97.381446,,-121.538500,,94.540001,,82.789138
2016-08-24,96.141564,,-121.404100,,94.790001,,83.031226
2016-08-25,96.109499,,-121.427400,,94.769997,,82.986004
2016-08-26,96.005226,,-121.501200,,95.570000,,82.676621
2016-08-29,96.005226,,-121.437900,,95.580002,,82.232748
2016-08-30,95.820583,,-121.215500,,96.050003,,82.248694
2016-08-31,95.964847,,-121.281100,,96.019997,,81.738128
2016-09-01,96.077027,,-121.240300,,95.650002,,81.867006
2016-09-02,95.645366,,-121.274400,,95.879997,,81.552379
2016-09-05,95.690647,,-121.219200,,,,81.644472
2016-09-06,95.568867,,-121.201900,,94.820000,,81.965470
2016-09-07,95.770008,,-121.151200,,94.959999,,81.928394
2016-09-08,96.176229,,-121.199000,,95.029999,,82.071083
2016-09-09,95.820146,,-121.269800,,95.339996,,82.107389
2016-09-12,95.630770,,-121.163700,,95.099998,,81.945470
2016-09-13,95.059827,,-121.239500,,95.629997,,82.261072
2016-09-14,96.635291,,-121.286100,,95.330002,,82.530911
2016-09-15,96.955394,,,,95.290001,,
2016-09-16,96.667134,,,,96.110001,,
2016-09-18,,,-121.300300,,,,
2016-09-19,96.671044,,-121.321600,,95.839996,,82.560092
2016-09-20,96.970769,,-121.375000,,96.019997,,82.717775
2016-09-21,96.825461,,-121.384000,,95.660004,,82.695930
2016-09-22,98.144395,,-121.443800,,95.449997,,82.446690
2016-09-23,98.567164,,-121.600000,,95.480003,,82.484147
2016-09-26,98.444478,,-121.662100,,95.309998,,82.610762
2016-09-27,97.617733,,-121.651700,,95.440002,,82.706196
2016-09-28,98.205726,,-121.638500,,95.430000,,82.837563
2016-09-29,97.809351,,-121.651700,,95.540001,,82.717020
2016-09-30,99.005432,,-121.689500,,95.459999,,82.760654
2016-10-03,98.291120,,,,95.750000,,
2016-10-04,97.618962,,,,96.120003,,
2016-10-05,97.647556,,,,96.129997,,
2016-10-06,97.071655,,,,96.660004,,
2016-10-07,97.498065,,,,96.519997,,
2016-10-08,,,-121.737700,,,,
2016-10-09,,,-121.869900,,,,
2016-10-10,98.480076,,-121.929400,,,,82.826455
2016-10-11,98.355409,,-121.922200,,97.699997,,82.808225
2016-10-12,98.003960,,-121.857600,,97.970001,,82.948093
2016-10-13,96.555819,,-121.872100,,97.519997,,83.001152
2016-10-14,95.928906,,-121.979400,,98.019997,,82.888206
2016-10-17,95.905150,,-122.061800,,97.889999,,83.017353
2016-10-18,95.819077,,-122.089300,,97.900002,,82.666167
2016-10-19,95.718212,,-122.248200,,97.870003,,82.597978
2016-10-20,95.310182,,-122.410000,,98.320000,,82.676649
2016-10-21,94.841067,,-122.580100,,98.699997,,82.251736
2016-10-24,95.062180,,-122.519400,,98.669998,,81.746288
2016-10-25,96.795109,,-122.455000,,98.720001,,81.828947
2016-10-26,96.830653,,-122.218900,,98.629997,,81.811405
2016-10-27,97.345518,,-122.200400,,98.889999,,81.680559
2016-10-28,98.195156,,-122.199100,,98.349998,,81.332335
2016-10-31,98.363505,,-122.086700,,98.449997,,81.223015
2016-11-01,99.222175,,-122.026800,,97.699997,,81.203605
2016-11-02,98.803316,,-122.006500,,97.400002,,81.429674
2016-11-03,99.560450,,-122.044900,,97.160004,,81.126985
2016-11-04,100.019207,,-122.026300,,97.070000,,81.213498
2016-11-07,101.770070,,-121.821300,,97.779999,,81.165354
2016-11-08,104.183317,,-121.695400,,97.860001,,81.088525
2016-11-09,106.597650,,-121.699000,,98.500000,,81.157659
2016-11-10,109.427173,,-121.552400,,98.790001,,81.022838
2016-11-11,108.517812,,-121.439100,,,,80.819147
2016-11-14,108.650285,,-121.041500,,100.110001,,80.694969
2016-11-15,108.120031,,-120.847000,,100.190002,,80.940055
2016-11-16,106.921581,,-120.757700,,100.410004,,80.994097
2016-11-17,107.298181,,-120.485900,,100.889999,,80.753833
2016-11-18,106.638881,,-120.543900,,101.209999,,81.001274
2016-11-21,108.649314,,-120.511900,,101.050003,,80.663087
2016-11-22,109.333010,,-120.573900,,101.040001,,80.495968
2016-11-23,111.556342,,-120.720600,,101.699997,,80.211096
2016-11-24,112.933611,,-120.769800,,,,79.896213
2016-11-25,113.738243,,-120.715100,,101.489998,,79.489509
2016-11-28,113.219749,,-120.837400,,101.330002,,79.190720
2016-11-29,111.091323,,-120.491100,,100.930000,,78.439116
2016-11-30,111.698247,,-120.220700,,101.500000,,78.962282
2016-12-01,111.712800,,-119.766200,,101.040001,,78.737512
2016-12-02,111.507545,,-119.692400,,100.769997,,78.533967
2016-12-05,113.629057,,-119.547500,,100.139999,,79.123683
2016-12-06,112.812010,,-118.898200,,100.489998,,79.361959
2016-12-07,112.023325,,-119.037900,,100.230003,,79.545808
2016-12-08,111.479017,,-119.129900,,101.070000,,79.401200
2016-12-09,112.055606,,-119.119200,,101.570000,,78.772459
2016-12-12,111.012669,,-118.728500,,100.959999,,78.270132
2016-12-13,110.375524,,-118.351600,,101.029999,,78.345659
2016-12-14,110.577523,,-118.099700,,102.000000,,78.428619
2016-12-15,110.189095,,-116.958800,,103.129997,,79.560521
2016-12-16,108.905464,,-116.981200,,102.949997,,79.824734
2016-12-19,106.779432,,-116.548800,,103.139999,,79.944732
2016-12-20,106.869443,,-116.385400,,103.290001,,80.258817
2016-12-21,106.672001,,-116.711800,,103.019997,,79.953690
2016-12-22,107.029221,,-117.244000,,103.089996,,79.918171
2016-12-23,105.992665,,-117.547300,,103.010002,,79.914740
2016-12-26,105.845333,,-117.817200,,,,79.886632
2016-12-27,105.888946,,-117.796900,,103.019997,,80.258077
2016-12-28,106.924445,,-117.924900,,103.260002,,80.268823
2016-12-29,106.497877,,-118.381700,,102.680000,,80.215726
2016-12-30,106.505958,,-118.712800,,102.389999,,80.002647
2016-12-31,,,-118.718000,,,,
2017-01-03,106.164923,,-118.360100,,103.209999,,79.793988
2017-01-04,108.735597,,-118.122900,,102.699997,,79.783195
2017-01-05,108.018106,,-117.919600,,101.519997,,79.685886
2017-01-06,108.104079,,-117.985900,,102.220001,,79.572864
2017-01-09,108.243580,,-118.089700,,101.930000,,79.485529
2017-01-10,110.499762,,-118.165700,,102.010002,,79.435281
2017-01-11,110.894234,,-117.942200,,101.779999,,79.399714
2017-01-12,113.020489,,-118.034000,,101.349998,,79.307048
2017-01-13,113.715823,,-118.028800,,101.180000,,78.577881
2017-01-16,112.516537,,-117.953800,,,,77.132039
2017-01-17,111.446850,,-117.750900,,100.330002,,77.442044
2017-01-18,111.286128,,-117.750500,,100.930000,,77.067158
2017-01-19,111.130593,,-117.719300,,101.150002,,77.069498
2017-01-20,111.252123,,-117.800400,,100.739998,,77.281295
2017-01-22,,,-117.792300,,,,
2017-01-23,112.047381,,-117.820900,,100.160004,,77.446102
2017-01-24,114.322482,,-117.616100,,100.349998,,77.126524
2017-01-25,114.365923,,-117.317500,,100.029999,,77.045909
2017-01-26,112.921991,,-117.272300,,100.379997,,76.961579
2017-01-27,113.757558,,,,100.529999,,
2017-01-30,112.999610,,,,100.430000,,
2017-01-31,114.404855,,,,99.510002,,
2017-02-01,114.488562,,,,99.639999,,
2017-02-02,113.782992,,,,99.849998,,
2017-02-03,111.624085,,-116.910800,,99.870003,,77.218006
2017-02-04,,,-116.910100,,,,
2017-02-06,112.828642,,-116.532800,,99.910004,,77.447600
2017-02-07,112.402962,,-116.442600,,100.260002,,77.558277
2017-02-08,113.167062,,-116.458100,,100.279999,,77.564020
2017-02-09,113.162343,,-116.647000,,100.650002,,77.596541
2017-02-10,116.880496,,-116.577800,,100.800003,,77.239320
2017-02-13,117.450835,,-116.575300,,100.959999,,77.234574
2017-02-14,116.648502,,-116.588900,,101.250000,,77.169409
2017-02-15,116.723865,,-116.553600,,101.180000,,76.901969
2017-02-16,115.679751,,-116.674100,,100.440002,,76.924988
2017-02-17,115.462660,,-116.869500,,100.949997,,77.052730
2017-02-20,116.665876,,-117.098300,,,,76.666961
2017-02-21,116.360046,,-116.971800,,101.370003,,76.787087
2017-02-22,116.006168,,-117.099200,,101.330002,,76.702115
2017-02-23,113.316065,,-117.209400,,101.050003,,76.898935
2017-02-24,114.106392,,-117.125500,,101.089996,,76.861012
2017-02-27,114.523200,,-117.161300,,101.129997,,76.819512
2017-02-28,115.094979,,-117.116200,,101.120003,,76.170465
2017-03-01,115.540369,,-117.037100,,101.779999,,76.117965
2017-03-02,114.407191,,-117.026300,,102.199997,,76.228585
2017-03-03,114.602690,,-117.020500,,101.540001,,76.511013
2017-03-06,113.318617,,-116.915700,,101.639999,,76.785258
2017-03-07,112.047972,,-116.878200,,101.809998,,76.765250
2017-03-08,111.390866,,-116.724200,,102.070000,,76.676652
2017-03-09,110.687481,,-116.684000,,101.849998,,76.885704
2017-03-10,111.257105,,-116.660900,,101.250000,,76.923123
2017-03-13,112.236186,,-116.744300,,101.379997,,76.770234
2017-03-14,112.727106,,-116.789000,,101.699997,,76.677655
2017-03-15,113.446016,,-116.772000,,100.739998,,76.596904
2017-03-16,114.045886,,-116.957500,,100.269997,,76.725467
2017-03-17,114.546097,,-116.900400,,100.300003,,76.899191
2017-03-20,113.886186,,-116.802100,,100.410004,,77.139878
2017-03-21,111.897982,,-116.668700,,99.809998,,76.841071
2017-03-22,112.636188,,-116.685600,,99.680000,,77.033964
2017-03-23,113.048606,,-116.638500,,99.760002,,76.853813
2017-03-24,112.550618,,-116.868900,,99.629997,,76.644202
2017-03-27,112.386502,,-116.980300,,99.169998,,76.869103
2017-03-28,113.796884,,-116.985200,,99.709999,,76.970921
2017-03-29,113.931890,,-116.956600,,100.000000,,76.898264
2017-03-30,113.936568,,-116.950700,,100.410004,,76.644066
2017-03-31,113.186778,,-116.957400,,100.349998,,76.628362
2017-04-01,,,-117.004800,,,,
2017-04-03,111.662844,,,,100.540001,,
2017-04-04,111.792423,,,,100.540001,,
2017-04-05,113.809391,,-116.939000,,100.559998,,76.643532
2017-04-06,113.048235,,-116.908900,,100.669998,,76.606761
2017-04-07,112.614450,,-116.920300,,101.180000,,76.559827
2017-04-10,111.108759,,-116.875400,,101.019997,,76.297544
2017-04-11,111.156743,,-116.882500,,100.709999,,76.203783
2017-04-12,108.871712,,-116.800100,,100.779999,,75.913214
2017-04-13,109.837719,,-116.855400,,100.559998,,75.849586
2017-04-14,109.709540,,-116.654700,,,,75.771283
2017-04-17,109.765985,,-116.321600,,100.300003,,75.224950
2017-04-18,108.720062,,-116.186500,,99.500000,,75.159346
2017-04-19,108.582558,,-116.164800,,99.739998,,75.196478
2017-04-20,109.329248,,-116.048800,,99.779999,,74.832915
2017-04-21,109.333669,,-115.803600,,99.980003,,74.199262
2017-04-24,109.526434,,-115.565300,,99.089996,,73.515132
2017-04-25,110.360311,,-115.677000,,98.820000,,73.552695
2017-04-26,110.687734,,-115.629900,,98.959999,,73.151215
2017-04-27,110.497179,,-115.664500,,99.080002,,73.393718
2017-04-28,111.026304,,-115.648400,,99.050003,,74.103612
2017-05-01,111.017347,,,,99.139999,,
2017-05-02,112.123310,,-115.483700,,98.980003,,74.551556
2017-05-03,109.042123,,-115.265900,,99.209999,,74.686615
2017-05-04,108.037444,,-115.096600,,98.760002,,74.682876
2017-05-05,108.239317,,-115.057400,,98.650002,,74.545071
2017-05-08,106.770041,,-114.813500,,99.150002,,74.162698
2017-05-09,106.802285,,-114.617100,,99.589996,,74.467149
2017-05-10,106.433384,,-114.287500,,99.669998,,74.053363
2017-05-11,106.792501,,-114.468500,,99.620003,,73.496564
2017-05-12,107.127883,,-114.319800,,99.250000,,72.955702
2017-05-15,107.820929,,-114.383800,,98.910004,,72.914305
2017-05-16,108.267493,,-114.339300,,98.110001,,73.313348
2017-05-17,108.274329,,-114.090100,,97.419998,,73.313348
2017-05-18,107.951853,,-114.122000,,97.879997,,73.567248
2017-05-19,109.666820,,-114.060400,,97.150002,,73.516736
2017-05-22,110.086656,,-113.869300,,96.980003,,72.819233
2017-05-23,110.525825,,-113.909400,,97.349998,,71.614638
2017-05-24,110.249350,,-114.026300,,97.239998,,71.760582
2017-05-25,110.594957,,-114.167600,,97.250000,,71.204902
2017-05-26,109.846889,,-114.125600,,97.400002,,71.182245
2017-05-27,,,-114.176000,,,,
2017-05-29,109.719263,,,,,,
2017-05-30,109.677527,,,,97.279999,,
2017-05-31,110.345565,,-114.412200,,96.919998,,70.948621
2017-06-01,110.612447,,-114.398700,,97.199997,,70.024338
2017-06-02,110.392721,,-114.377500,,96.720001,,70.468807
2017-06-05,109.886500,,-114.450500,,96.800003,,71.138201
2017-06-06,109.864597,,-114.367500,,96.639999,,71.053647
2017-06-07,109.910759,,-114.311900,,96.750000,,71.181041
2017-06-08,111.896578,,-114.257700,,96.919998,,70.948909
2017-06-09,113.092763,,-114.355200,,97.269997,,70.800458
2017-06-12,112.068508,,-114.716000,,97.139999,,69.366277
2017-06-13,111.298318,,-114.789900,,96.980003,,69.670832
2017-06-14,110.175199,,-114.921600,,96.940002,,70.186665
2017-06-15,110.207244,,-114.941900,,97.430000,,70.688458
2017-06-16,110.186338,,-114.681900,,97.160004,,70.811463
2017-06-19,111.056388,,-115.029300,,97.529999,,70.668639
2017-06-20,110.395357,,-115.095200,,97.750000,,70.746525
2017-06-21,111.366668,,-114.870300,,97.559998,,70.368808
2017-06-22,111.680312,,-114.695300,,97.540001,,69.790664
2017-06-23,112.097256,,-114.740600,,97.300003,,69.526389
2017-06-26,112.162995,,-114.892600,,97.430000,,69.478459
2017-06-27,112.865774,,-115.021600,,96.470001,,69.443112
2017-06-28,113.420180,,-114.977900,,96.050003,,69.535586
2017-06-29,113.880397,,-114.944200,,95.629997,,69.375538
2017-06-30,114.490591,,-114.808300,,95.660004,,69.432948
2017-07-03,113.642577,,-114.660100,,96.199997,,69.808800
2017-07-04,113.278799,,-114.630200,,,,70.005439
2017-07-05,112.617231,,-114.767600,,96.290001,,69.885132
2017-07-06,112.371466,,-114.870400,,95.820000,,69.861198
2017-07-07,112.174839,,-114.839300,,96.010002,,69.966861
2017-07-10,112.186107,,-114.804700,,96.050003,,69.803164
2017-07-11,112.903889,,-114.816900,,95.739998,,69.338717
2017-07-12,113.209556,,-114.821300,,95.790001,,69.388358
2017-07-13,112.847585,,-114.863900,,95.730003,,69.021957
2017-07-14,113.882418,,-114.898500,,95.110001,,68.770376
2017-07-17,115.067379,,-114.895300,,95.129997,,67.444585
2017-07-18,114.883745,,-114.773000,,94.660004,,67.645932
2017-07-19,114.329367,,-114.808100,,94.800003,,67.446775
2017-07-20,114.435410,,-114.823800,,94.269997,,67.345900
2017-07-21,114.643106,,-114.696400,,93.940002,,67.532953
2017-07-24,114.875502,,-114.563700,,93.980003,,67.555513
2017-07-25,117.693039,,-114.483300,,94.050003,,67.538137
2017-07-26,118.479942,,-114.304900,,93.669998,,67.475609
2017-07-27,118.869769,,-114.356900,,93.860001,,67.794216
2017-07-28,119.200869,,-114.344700,,93.260002,,67.713166
2017-07-31,119.656173,,-114.253700,,92.860001,,67.759384
2017-08-01,119.249592,,-114.181000,,93.029999,,67.343413
2017-08-02,119.644113,,-114.219300,,92.830002,,67.112783
2017-08-03,119.351015,,-114.240600,,92.809998,,67.561334
2017-08-04,119.553136,,-114.278000,,93.540001,,67.595026
2017-08-07,120.213186,,-114.087800,,93.430000,,67.635223
2017-08-08,121.052663,,-114.078700,,93.639999,,67.615501
2017-08-09,120.733639,,-114.058400,,93.519997,,67.961734
2017-08-10,119.836392,,-114.109800,,93.400002,,67.843121
2017-08-11,120.279385,,-114.250600,,93.070000,,68.144495
2017-08-14,119.914175,,-114.298500,,93.459999,,68.281318
2017-08-15,119.996463,,-114.327600,,93.849998,,68.051141
2017-08-16,122.128825,,-114.255100,,93.489998,,68.236420
2017-08-17,121.063579,,-114.162100,,93.620003,,68.246666
2017-08-18,120.890021,,-114.010000,,93.430000,,67.900285
2017-08-21,122.209555,,-113.883100,,93.099998,,67.766645
2017-08-22,122.387844,,-113.861300,,93.550003,,67.391235
2017-08-23,122.532305,,-113.880700,,93.150002,,66.983886
2017-08-24,124.109316,,-113.786500,,93.279999,,66.915753
2017-08-25,124.104308,,-113.720400,,92.739998,,66.074556
2017-08-28,124.051116,,-113.584100,,92.209999,,65.989531
2017-08-29,125.405466,,-113.656800,,92.349998,,65.792398
2017-08-30,124.852915,,-113.665500,,92.879997,,66.005065
2017-08-31,125.620049,,-113.704700,,92.669998,,66.679391
2017-09-01,126.102947,,-113.697800,,92.809998,,67.102471
2017-09-04,127.372718,,-113.636000,,,,67.070727
2017-09-05,126.424096,,-113.550900,,92.309998,,66.862234
2017-09-06,127.300686,,-113.577900,,92.290001,,67.123671
2017-09-07,127.291869,,-113.738600,,91.529999,,67.253781
2017-09-08,123.957012,,-113.825200,,91.330002,,67.376548
2017-09-11,125.243201,,-113.775500,,91.860001,,67.649466
2017-09-12,124.060709,,-113.767300,,91.910004,,67.434194
2017-09-13,122.295615,,-113.682000,,92.519997,,67.524908
2017-09-14,121.437061,,-113.793800,,92.120003,,67.674808
2017-09-15,121.150550,,-113.708000,,91.870003,,67.659729
2017-09-18,121.658149,,-113.617600,,92.050003,,67.785650
2017-09-19,121.612679,,-113.631800,,91.790001,,67.707516
2017-09-20,121.642113,,-113.592900,,92.510002,,67.839007
2017-09-21,120.486230,,-113.528400,,92.260002,,67.434294
2017-09-22,120.871646,,-113.670400,,92.169998,,67.281388
2017-09-25,120.561132,,-113.827000,,92.650002,,66.912772
2017-09-26,119.851782,,-113.807900,,92.970001,,66.937384
2017-09-27,120.161114,,-113.762400,,93.360001,,67.231885
2017-09-28,121.607272,,-113.805700,,93.089996,,67.090529
2017-09-29,121.081049,,-113.828100,,93.080002,,67.249248
2017-09-30,,,-113.814100,,,,
2017-10-02,120.973236,,,,93.559998,,
2017-10-03,121.273078,,,,93.570000,,
2017-10-04,121.157595,,,,93.459999,,
2017-10-05,123.625458,,,,93.959999,,
2017-10-06,122.580849,,,,93.800003,,
2017-10-09,122.693489,,-113.686400,,93.739998,,67.177553
2017-10-10,123.829268,,-113.659100,,93.290001,,67.254084
2017-10-11,124.776368,,-113.659800,,92.959999,,67.011382
2017-10-12,125.529909,,-113.528200,,93.120003,,66.914994
2017-10-13,125.335008,,-113.562700,,93.089996,,67.028789
2017-10-16,128.234374,,-113.350700,,93.279999,,66.527074
2017-10-17,127.055885,,-113.173100,,93.489998,,66.526667
2017-10-18,126.068755,,-113.190800,,93.360001,,65.880327
2017-10-19,125.803488,,-113.292300,,93.269997,,65.524008
2017-10-20,126.061703,,-113.311300,,93.699997,,65.887177
2017-10-23,126.705413,,-113.303400,,93.940002,,66.037934
2017-10-24,127.802983,,-113.295500,,93.959999,,65.581166
2017-10-25,127.298345,,-113.091400,,93.709999,,65.617746
2017-10-26,126.872066,,-113.082200,,94.610001,,65.651090
2017-10-27,124.867540,,-112.921500,,94.919998,,65.337302
2017-10-30,124.998121,,-112.447300,,94.489998,,64.953549
2017-10-31,125.145647,,-112.494100,,94.550003,,65.341270
2017-11-01,125.918496,,-112.708000,,94.820000,,65.366909
2017-11-02,125.913488,,-112.656500,,94.690002,,64.973823
2017-11-03,125.283140,,-112.620500,,94.940002,,64.842861
2017-11-06,126.532955,,-112.641500,,94.720001,,64.969597
2017-11-07,124.449700,,-112.546900,,94.910004,,64.755478
2017-11-08,124.987958,,-112.543700,,94.870003,,64.878077
2017-11-09,124.530714,,-112.552900,,94.440002,,64.893856
2017-11-10,124.154729,,-112.479200,,94.389999,,64.862731
2017-11-13,125.496388,,-112.276600,,94.489998,,64.702093
2017-11-14,124.027699,,-112.225500,,93.830002,,64.758704
2017-11-15,123.805948,,-112.292400,,93.809998,,64.810276
2017-11-16,123.816946,,-112.432600,,93.930000,,64.670280
2017-11-17,124.540344,,-112.496900,,93.660004,,63.488507
2017-11-20,124.860848,,-112.493900,,94.080002,,63.316338
2017-11-21,125.914387,,-112.441400,,93.949997,,62.858311
2017-11-22,125.846200,,-112.261000,,93.220001,,62.538267
2017-11-23,126.170180,,-112.275700,,,,63.002128
2017-11-24,126.910200,,-112.417800,,92.760002,,63.028555
2017-11-27,125.624909,,-112.418600,,92.900002,,63.072471
2017-11-28,124.060716,,-112.373000,,93.260002,,63.484005
2017-11-29,123.151158,,-112.495800,,93.260002,,63.557269
2017-11-30,123.531266,,-112.587900,,93.010002,,63.744223
2017-12-01,124.266662,,-112.634000,,92.900002,,64.062344
2017-12-04,124.418590,,-112.664300,,93.190002,,63.697770
2017-12-05,120.615206,,-112.690600,,93.379997,,62.719471
2017-12-06,120.719640,,-112.719400,,93.610001,,63.282482
2017-12-07,120.721725,,-112.664200,,93.800003,,63.684931
2017-12-08,120.886289,,-112.586500,,93.900002,,63.775051
2017-12-11,122.079198,,-112.413500,,93.870003,,62.652336
2017-12-12,122.488298,,-112.349500,,94.099998,,62.984475
2017-12-13,123.287240,,-112.336400,,93.430000,,62.845901
2017-12-14,123.768853,,-112.380500,,93.489998,,63.103038
2017-12-15,125.257277,,-112.479800,,93.930000,,63.399606
2017-12-18,125.858272,,-112.528500,,93.699997,,63.089705
2017-12-19,125.966455,,-112.509800,,93.470001,,62.741223
2017-12-20,127.123150,,-112.486100,,93.349998,,62.495371
2017-12-21,127.719677,,-112.480000,,93.279999,,62.344092
2017-12-22,128.815381,,-112.527000,,93.349998,,62.388207
2017-12-25,128.613939,,-112.521700,,,,62.114282
2017-12-26,128.837400,,-112.457100,,93.260002,,61.984197
2017-12-27,130.005970,,-112.412800,,93.029999,,62.361031
2017-12-28,130.207218,,-112.440900,,92.599998,,62.103347
2017-12-29,129.971746,,-112.489000,,92.120003,,62.146159
2017-12-30,,,-112.494400,,,,
2017-12-31,,,-112.495700,,,,
2018-01-02,129.385220,,-112.493600,,91.849998,,61.851636
2018-01-03,128.941467,,-112.473800,,92.160004,,61.872143
2018-01-04,129.211603,,-112.419900,,91.849998,,61.781449
2018-01-05,128.336630,,-112.525000,,91.949997,,61.692113
2018-01-08,128.406638,,-112.624300,,92.330002,,61.568712
2018-01-09,128.137410,,-112.677200,,92.529999,,61.400863
2018-01-10,128.564248,,-112.598500,,92.330002,,60.981346
2018-01-11,128.430898,,-112.526100,,91.849998,,61.032975
2018-01-12,128.092144,,-112.579000,,90.970001,,60.750193
2018-01-15,129.399340,,-112.467300,,,,60.080948
2018-01-16,128.323661,,-112.489200,,90.389999,,59.986749
2018-01-17,127.935629,,-112.459500,,90.540001,,59.824305
2018-01-18,127.877268,,-112.401900,,90.500000,,59.320747
2018-01-19,127.765315,,-112.423000,,90.570000,,59.049707
2018-01-22,127.957623,,-112.466500,,90.400002,,58.996360
2018-01-23,125.430718,,-112.511800,,90.120003,,58.304543
2018-01-24,128.710455,,-112.516200,,89.209999,,58.446122
2018-01-25,128.098914,,-112.516800,,89.389999,,58.636594
2018-01-26,127.901064,,-112.548800,,89.070000,,58.436077
2018-01-29,127.900293,,-112.556300,,89.309998,,58.648882
2018-01-30,127.396753,,-112.547600,,89.190002,,59.111860
2018-01-31,127.221963,,-112.610200,,89.129997,,58.412375
2018-02-01,127.302764,,-112.645700,,88.669998,,57.549197
2018-02-02,126.643038,,-112.653400,,89.199997,,57.224161
2018-02-05,126.524981,,-112.617200,,89.550003,,56.814760
2018-02-06,125.535480,,-112.765800,,89.589996,,56.800647
2018-02-07,122.518376,,-112.854100,,90.260002,,57.872673
2018-02-08,122.338616,,-112.809800,,90.230003,,58.706409
2018-02-09,120.829187,,-112.854800,,90.440002,,59.549996
2018-02-11,,,-112.866000,,,,
2018-02-12,122.234656,,-112.867600,,90.209999,,59.900838
2018-02-13,124.405708,,-112.896000,,89.699997,,59.553090
2018-02-14,125.368086,,-112.910100,,89.120003,,59.444823
2018-02-15,125.880773,,,,88.589996,,
2018-02-16,125.900272,,,,89.099998,,
2018-02-19,125.201580,,,,,,
2018-02-20,124.248449,,,,89.720001,,
2018-02-21,124.734898,,,,90.080002,,
2018-02-22,125.196081,,-112.897000,,89.750000,,58.966635
2018-02-23,124.689444,,-112.942100,,89.879997,,58.815387
2018-02-24,,,-112.970600,,,,
2018-02-26,124.514380,,-113.179300,,89.820000,,58.876191
2018-02-27,123.605583,,-113.296300,,90.360001,,59.386352
2018-02-28,122.916388,,-113.376500,,90.610001,,59.892944
2018-03-01,122.128069,,-113.358900,,90.320000,,60.023641
2018-03-02,122.824497,,-113.313100,,89.940002,,60.201235
2018-03-05,123.064926,,-113.238800,,90.080002,,60.329447
2018-03-06,124.157037,,-113.248200,,89.620003,,60.182478
2018-03-07,124.293366,,-113.302000,,89.639999,,60.217353
2018-03-08,123.396119,,-113.327800,,90.120003,,60.128628
2018-03-09,125.254198,,-113.362900,,90.089996,,60.289685
2018-03-12,125.623659,,-113.389900,,89.900002,,60.587542
2018-03-13,125.714312,,-113.349700,,89.660004,,60.726664
2018-03-14,125.899411,,-113.341100,,89.699997,,60.660637
2018-03-15,125.041809,,-113.366000,,90.139999,,60.496115
2018-03-16,124.502992,,-113.446800,,90.230003,,60.682355
2018-03-19,123.669639,,-113.427000,,89.900002,,60.567662
2018-03-20,122.538576,,-113.515100,,90.370003,,60.348648
2018-03-21,123.357674,,-113.600100,,89.779999,,60.677736
2018-03-22,122.077419,,-113.731800,,89.860001,,60.917128
2018-03-23,120.799495,,-114.025600,,89.440002,,60.744172
2018-03-26,120.079912,,-113.965300,,89.029999,,61.505801
2018-03-27,120.616851,,-113.880400,,89.370003,,61.945582
2018-03-28,121.006144,,-113.872700,,90.059998,,62.455192
2018-03-29,121.933945,,-113.836500,,90.150002,,61.970180
2018-03-30,121.781566,,-113.835300,,,,62.527339
2018-04-02,121.813093,,-113.865200,,90.050003,,62.508456
2018-04-03,122.707849,,-113.880200,,90.199997,,62.488369
2018-04-04,120.785939,,-113.941900,,90.139999,,62.405707
2018-04-05,122.402475,,,,90.459999,,
2018-04-06,121.379527,,,,90.110001,,
2018-04-08,,,-114.023800,,,,
2018-04-09,122.646993,,-114.246200,,89.839996,,62.413290
2018-04-10,124.452801,,-114.240400,,89.589996,,61.608273
2018-04-11,123.631150,,-114.291000,,89.570000,,61.375103
2018-04-12,122.421288,,-114.349800,,89.750000,,61.698498
2018-04-13,122.484076,,-114.443400,,89.800003,,61.992923
2018-04-16,123.086788,,-114.616200,,89.430000,,62.759115
2018-04-17,123.181624,,-114.703800,,89.519997,,62.665373
2018-04-18,125.449452,,-115.752700,,89.620003,,62.697974
2018-04-19,124.313100,,-115.610500,,89.940002,,62.406468
2018-04-20,124.622387,,-115.640000,,90.320000,,62.361038
2018-04-23,124.464221,,-115.318800,,90.940002,,61.935623
2018-04-24,125.404438,,-115.402600,,90.769997,,61.600800
2018-04-25,124.901622,,-115.285800,,91.169998,,62.008620
2018-04-26,124.864935,,-115.212700,,91.559998,,62.256983
2018-04-27,122.110679,,-115.126800,,91.540001,,61.863611
2018-04-28,,,-115.167100,,,,
2018-04-30,122.328276,,,,91.839996,,
2018-05-01,121.545024,,,,92.449997,,
2018-05-02,122.470308,,-115.002300,,92.510002,,62.039260
2018-05-03,123.344932,,-115.033900,,92.410004,,62.033864
2018-05-04,123.591646,,-115.107800,,92.570000,,62.180668
2018-05-07,123.681070,,-115.042200,,92.750000,,62.025873
2018-05-08,123.331928,,-114.873300,,93.120003,,61.730357
2018-05-09,123.319941,,-114.785800,,93.040001,,61.760831
2018-05-10,124.550152,,-114.830800,,92.650002,,61.713478
2018-05-11,124.669419,,-114.889200,,92.540001,,61.551210
2018-05-14,124.053410,,-114.838400,,92.589996,,61.119214
2018-05-15,123.300744,,-114.731200,,93.220001,,61.238086
2018-05-16,124.031159,,-114.723700,,93.389999,,61.461250
2018-05-17,124.164075,,-114.650500,,93.470001,,61.553283
2018-05-18,123.634319,,-114.722200,,93.639999,,61.097105
2018-05-21,124.755250,,-114.783600,,93.680000,,61.269070
2018-05-22,125.857948,,-114.908700,,93.610001,,61.535203
2018-05-23,123.491455,,-115.008400,,94.010002,,61.863877
2018-05-24,124.634579,,-115.010200,,93.779999,,62.069060
2018-05-25,124.305146,,-115.187700,,94.190002,,61.957593
2018-05-28,124.494891,,-115.191500,,,,61.739802
2018-05-29,123.994604,,-115.172700,,94.830002,,61.815501
2018-05-30,124.326774,,-115.200400,,94.150002,,61.927357
2018-05-31,124.437022,,-115.107900,,93.989998,,61.570886
2018-06-01,125.253549,,-115.016500,,94.190002,,61.534448
2018-06-04,126.523970,,-114.820600,,94.019997,,61.176730
2018-06-05,127.911807,,-114.757600,,93.889999,,61.388001
2018-06-06,129.138825,,-114.680900,,93.660004,,61.505761
2018-06-07,129.225470,,-114.655600,,93.400002,,61.299018
2018-06-08,129.909119,,-114.736100,,93.550003,,61.631947
2018-06-11,128.983638,,-114.713500,,93.580002,,61.366950
2018-06-12,128.922079,,-114.566800,,93.800003,,61.116923
2018-06-13,129.230669,,-114.653400,,93.709999,,61.045292
2018-06-14,128.250589,,-114.762700,,94.769997,,60.997290
2018-06-15,126.239547,,-114.885700,,94.790001,,60.581461
2018-06-18,125.618510,,,,94.750000,,
2018-06-19,123.677096,,-115.097500,,95.089996,,60.074885
2018-06-20,123.989490,,-114.968900,,95.059998,,60.395533
2018-06-21,123.897334,,-115.039600,,94.870003,,60.293208
2018-06-22,123.902921,,-115.083500,,94.519997,,60.546512
2018-06-25,122.845426,,-115.044400,,94.279999,,60.978976
2018-06-26,123.283648,,-115.075800,,94.680000,,61.553109
2018-06-27,123.033712,,-115.127800,,95.290001,,61.989913
2018-06-28,122.569789,,-115.350300,,95.389999,,62.098502
2018-06-29,122.218824,,-115.780000,,94.629997,,61.975484
2018-07-02,121.722956,,-115.835100,,94.870003,,62.917088
2018-07-03,120.514178,,-115.839000,,94.589996,,63.119977
2018-07-04,118.783840,,-115.801100,,,,62.939672
2018-07-05,117.638460,,-115.877600,,94.470001,,62.456567
2018-07-06,117.094869,,-115.754900,,94.040001,,62.344409
2018-07-09,118.772607,,-115.670300,,94.080002,,61.712372
2018-07-10,117.773991,,-115.638800,,94.110001,,61.770586
2018-07-11,114.626247,,-115.711000,,94.720001,,61.882728
2018-07-12,115.998239,,-115.720300,,94.809998,,61.718972
2018-07-13,116.152636,,-115.898300,,94.750000,,61.943524
2018-07-16,115.671717,,-115.958300,,94.510002,,62.348736
2018-07-17,115.086154,,-115.946100,,94.970001,,62.785009
2018-07-18,116.346427,,-116.019000,,95.080002,,62.801808
2018-07-19,114.322165,,-116.159800,,95.169998,,62.651678
2018-07-20,115.689068,,-115.969300,,94.459999,,61.919984
2018-07-23,115.277502,,-115.893700,,94.669998,,61.635719
2018-07-24,117.817513,,-115.703400,,94.610001,,61.434411
2018-07-25,118.827032,,-115.682900,,94.360001,,61.516975
2018-07-26,118.735830,,-115.732700,,94.750000,,61.727578
2018-07-27,118.407453,,-115.880500,,94.680000,,61.731776
2018-07-30,117.992383,,-115.941400,,94.360001,,61.368014
2018-07-31,120.020563,,-116.143300,,94.489998,,61.233841
2018-08-01,117.053453,,-116.250300,,94.620003,,61.652697
2018-08-02,117.598247,,-116.265600,,95.169998,,61.911016
2018-08-03,118.328053,,-116.366900,,95.139999,,61.943264
2018-08-06,117.248959,,-116.399800,,95.360001,,61.792197
2018-08-07,117.517522,,-116.375600,,95.220001,,61.256572
2018-08-08,117.466689,,-116.166200,,95.099998,,61.406140
2018-08-09,118.149146,,-115.841500,,95.500000,,61.132058
2018-08-10,117.318613,,-115.786100,,96.360001,,61.295824
2018-08-13,116.937233,,-115.509900,,96.389999,,61.642993
2018-08-14,115.964078,,-115.589400,,96.730003,,61.608981
2018-08-15,112.710339,,-115.535000,,96.699997,,61.927969
2018-08-16,113.761507,,-115.393700,,96.650002,,61.800136
2018-08-17,114.473805,,-114.841500,,96.099998,,61.874523
2018-08-20,115.212081,,-114.856700,,95.900002,,61.312674
2018-08-21,115.895167,,-114.719500,,95.260002,,60.831313
2018-08-22,114.820041,,-114.845800,,95.150002,,60.948741
2018-08-23,114.105452,,-114.968300,,95.620003,,60.979383
2018-08-24,115.764629,,-114.949900,,95.150002,,60.663009
2018-08-27,115.952785,,-114.921300,,94.779999,,60.465181
2018-08-28,116.849737,,-114.949600,,94.720001,,60.606094
2018-08-29,116.058064,,-114.920500,,94.599998,,60.792478
2018-08-30,116.211001,,-115.054800,,94.720001,,60.839140
2018-08-31,115.416478,,-115.113300,,95.139999,,60.726718
2018-09-03,114.913515,,-114.985700,,,,60.810011
2018-09-04,113.553577,,-114.878600,,95.419998,,60.612479
2018-09-05,113.843210,,-114.874500,,95.129997,,61.017741
2018-09-06,114.405798,,-114.845900,,95.019997,,61.193969
2018-09-07,113.550007,,-114.782200,,95.370003,,61.105405
2018-09-10,113.560530,,-114.533000,,95.150002,,61.109786
2018-09-11,113.692598,,-114.419400,,95.059998,,61.170724
2018-09-12,115.663908,,-114.463900,,94.800003,,61.354489
2018-09-13,115.812444,,-114.516700,,94.540001,,61.025121
2018-09-14,114.798244,,-114.614100,,94.980003,,60.770245
2018-09-17,115.562786,,-114.669500,,94.510002,,60.761933
2018-09-18,117.609234,,-114.661500,,94.620003,,60.495924
2018-09-19,117.359859,,-114.545800,,94.550003,,60.246779
2018-09-20,118.026078,,-114.474400,,93.910004,,60.149942
2018-09-21,121.412171,,-114.566900,,94.220001,,59.242298
2018-09-24,121.008187,,,,94.260002,,
2018-09-25,120.206649,,-114.615100,,94.129997,,59.509392
2018-09-26,120.184137,,-114.719500,,94.190002,,59.227665
2018-09-27,118.499174,,-114.850100,,95.000000,,59.010610
2018-09-28,120.017231,,-114.904100,,95.190002,,58.755428
2018-09-29,,,-114.940000,,,,
2018-09-30,,,-114.952900,,,,
2018-10-01,119.684284,,,,95.300003,,
2018-10-02,120.009452,,,,95.510002,,
2018-10-03,120.884054,,,,95.760002,,
2018-10-04,119.574069,,,,95.750000,,
2018-10-05,119.208953,,,,95.620003,,
2018-10-08,119.366578,,-114.936500,,95.769997,,59.593561
2018-10-09,120.763691,,-114.941800,,95.680000,,59.559454
2018-10-10,119.722129,,-114.982000,,95.510002,,59.525396
2018-10-11,120.576206,,-115.197000,,95.019997,,59.642406
2018-10-12,120.797256,,-115.213600,,95.220001,,58.886842
2018-10-15,120.071627,,-115.178600,,95.070000,,59.126496
2018-10-16,120.256326,,-115.212000,,95.050003,,58.772411
2018-10-17,119.763640,,-115.218400,,95.580002,,58.719006
2018-10-18,117.864375,,-115.365000,,95.900002,,58.989034
2018-10-19,119.112616,,-115.434600,,95.709999,,58.414506
2018-10-22,118.619394,,-115.341800,,96.010002,,58.010962
2018-10-23,117.994697,,-115.375600,,95.959999,,58.616361
2018-10-24,118.452232,,-115.518600,,96.430000,,58.419026
2018-10-25,118.749856,,-115.608300,,96.680000,,58.098483
2018-10-26,118.740486,,-115.636600,,96.360001,,58.158106
2018-10-29,118.422885,,-115.770600,,96.580002,,58.764349
2018-10-30,116.587900,,-115.851500,,97.010002,,58.530963
2018-10-31,116.188958,,-115.868000,,97.129997,,58.759042
2018-11-01,118.108833,,-115.917300,,96.279999,,58.798832
2018-11-02,120.218463,,-115.714900,,96.540001,,58.401256
2018-11-05,118.736052,,-115.744400,,96.349998,,58.904798
2018-11-06,118.904370,,-115.834700,,96.320000,,59.078046
2018-11-07,119.238964,,-116.036300,,96.000000,,59.264146
2018-11-08,119.238594,,-116.074200,,96.639999,,59.216664
2018-11-09,118.847216,,-116.101200,,96.910004,,59.832487
2018-11-12,118.894906,,-116.129400,,97.540001,,60.121494
2018-11-13,119.408066,,-116.218500,,97.300003,,60.263682
2018-11-14,120.612999,,-116.597800,,96.800003,,60.697299
2018-11-15,121.856548,,-116.814500,,96.930000,,60.651249
2018-11-16,122.804709,,-117.161800,,96.470001,,60.780639
2018-11-19,122.381824,,-117.145800,,96.190002,,60.450724
2018-11-20,120.379890,,-116.978000,,96.809998,,60.663502
2018-11-21,121.660690,,-117.057200,,96.709999,,60.753338
2018-11-22,121.798671,,-116.982100,,,,60.885684
2018-11-23,119.875736,,-116.884100,,96.919998,,60.699558
2018-11-26,119.549627,,-116.812700,,97.070000,,60.677076
2018-11-27,119.068973,,-116.844100,,97.370003,,60.894563
2018-11-28,120.943972,,-116.941200,,96.790001,,60.769201
2018-11-29,120.103812,,-117.090300,,96.779999,,60.667171
2018-11-30,119.810124,,-117.123400,,97.269997,,60.463359
2018-12-03,120.641509,,-117.129000,,97.040001,,60.172667
2018-12-04,119.589782,,-117.429900,,96.970001,,60.306611
2018-12-05,119.759227,,-117.569800,,,,60.396196
2018-12-06,119.158268,,-117.734300,,96.809998,,60.704981
2018-12-07,119.453322,,-117.840300,,96.510002,,60.778753
2018-12-10,118.784517,,-117.958900,,97.220001,,60.890452
2018-12-11,118.980288,,-118.043900,,97.389999,,60.942520
2018-12-12,118.692600,,-118.046000,,97.040001,,60.768364
2018-12-13,118.731579,,-117.652600,,97.059998,,60.464555
2018-12-14,118.255154,,-117.594100,,97.440002,,60.473564
2018-12-17,117.686424,,-117.441000,,97.099998,,61.604157
2018-12-18,114.458956,,-117.463800,,97.139999,,61.841411
2018-12-19,116.346449,,-117.527000,,97.040001,,61.959454
2018-12-20,115.608283,,-117.728700,,96.279999,,62.384466
2018-12-21,115.128452,,-117.757000,,96.959999,,62.621987
2018-12-24,115.375814,,-117.685600,,96.550003,,62.765142
2018-12-25,115.360346,,-117.718300,,,,62.830398
2018-12-26,115.415254,,-117.806800,,97.050003,,62.855013
2018-12-27,115.326088,,-117.986300,,96.480003,,62.681185
2018-12-28,116.255819,,-118.284800,,96.389999,,62.491288
2018-12-29,,,-118.331300,,,,
2018-12-30,,,-118.323100,,,,
2018-12-31,114.995580,,-118.322800,,96.169998,,
2019-01-01,114.905189,,,,,,
2019-01-02,114.469432,,-118.664100,,96.820000,,62.979014
2019-01-03,113.154541,,-118.726100,,96.309998,,62.757621
2019-01-04,115.772611,,-118.659000,,96.190002,,62.560041
2019-01-07,115.363218,,-118.601000,,95.709999,,62.833707
2019-01-08,116.319402,,-118.846500,,95.900002,,62.905149
2019-01-09,116.181484,,-118.756700,,95.220001,,62.548333
2019-01-10,115.465765,,-118.693300,,95.540001,,62.645962
2019-01-11,115.762489,,-118.684400,,95.669998,,62.558470
2019-01-14,115.476702,,-118.573000,,95.589996,,62.758347
2019-01-15,115.319744,,-118.516200,,95.970001,,62.379160
2019-01-16,116.710965,,-118.892500,,96.059998,,62.329529
2019-01-17,116.839054,,-118.937700,,96.070000,,62.288445
2019-01-18,118.040555,,-118.809800,,96.339996,,61.738207
2019-01-21,117.222274,,-118.752200,,,,61.638754
2019-01-22,116.733413,,-118.746000,,96.300003,,61.886721
2019-01-23,117.103384,,-118.732600,,96.120003,,61.920780
2019-01-24,116.674807,,-118.637700,,96.599998,,61.868723
2019-01-25,119.406019,,-118.579100,,95.790001,,61.408762
2019-01-28,117.744247,,-118.479400,,95.750000,,61.080871
2019-01-29,118.687619,,-118.637300,,95.820000,,60.571083
2019-01-30,119.350304,,-118.728000,,95.339996,,60.409671
2019-01-31,120.147333,,-118.785700,,95.580002,,59.628338
2019-02-01,119.767217,,-118.794600,,95.580002,,59.833497
2019-02-02,,,-118.844500,,,,
2019-02-03,,,-118.878500,,,,
2019-02-04,119.949697,,,,95.849998,,
2019-02-05,120.359853,,,,96.099998,,
2019-02-06,121.046878,,,,96.419998,,
2019-02-07,121.018586,,,,96.510002,,
2019-02-08,120.320993,,,,96.639999,,
2019-02-11,119.392133,,-118.916500,,97.059998,,59.980826
2019-02-12,119.033103,,-118.938600,,96.709999,,60.080666
2019-02-13,119.193409,,-118.972000,,97.129997,,59.648961
2019-02-14,118.952801,,-118.929200,,96.980003,,59.811615
2019-02-15,120.533724,,-118.902500,,96.919998,,60.464267
2019-02-18,120.845858,,-118.741300,,,,60.118726
2019-02-19,121.934924,,-118.732300,,96.519997,,60.214353
2019-02-20,123.415453,,-118.738100,,96.449997,,60.079596
2019-02-21,122.522287,,-118.703100,,96.610001,,60.079700
2019-02-22,124.046069,,-118.745000,,96.510002,,59.843226
2019-02-25,123.909389,,-118.413200,,96.410004,,58.763576
2019-02-26,123.785580,,-118.243800,,96.000000,,59.225251
2019-02-27,124.407833,,-118.366000,,96.150002,,59.043282
2019-02-28,123.500823,,-118.304800,,96.160004,,59.871219
2019-03-01,122.925847,,-118.224600,,96.529999,,59.255237
2019-03-04,122.413753,,-118.155200,,96.680000,,59.353406
2019-03-05,123.724415,,-118.069700,,96.849998,,59.818358
2019-03-06,123.346648,,-118.067700,,96.870003,,59.735247
2019-03-07,123.171258,,-118.242100,,97.669998,,60.418255
2019-03-08,122.578487,,-118.360300,,97.370003,,61.099258
2019-03-11,122.766918,,-118.385400,,97.220001,,61.468787
2019-03-12,123.061397,,-118.353200,,96.940002,,61.677586
2019-03-13,123.271142,,-118.349700,,96.550003,,61.650379
2019-03-14,121.514774,,-118.291100,,96.790001,,61.301883
2019-03-15,122.419515,,-118.324000,,96.599998,,61.281753
2019-03-18,122.730177,,-118.319000,,96.519997,,60.808814
2019-03-19,122.674264,,-118.332400,,96.379997,,60.962094
2019-03-20,122.929260,,-118.289300,,95.760002,,60.990071
2019-03-21,121.960876,,-118.361300,,96.500000,,61.298056
2019-03-22,120.628772,,-118.507900,,96.650002,,61.471628
2019-03-25,120.632009,,-118.641400,,96.570000,,62.378095
2019-03-26,119.884595,,-118.709400,,96.739998,,62.200727
2019-03-27,119.895495,,-118.670200,,96.769997,,62.044416
2019-03-28,119.994515,,-118.730700,,97.199997,,61.711959
2019-03-29,121.573873,,-118.804400,,97.279999,,61.133592
2019-04-01,121.519354,,-118.447400,,97.250000,,61.396386
2019-04-02,120.602503,,-118.317400,,97.360001,,61.546953
2019-04-03,120.857252,,-117.879300,,97.089996,,61.268994
2019-04-04,120.023580,,-117.729600,,97.309998,,60.892527
2019-04-05,119.384925,,,,97.400002,,
2019-04-08,121.352606,,-117.734500,,97.050003,,60.835777
2019-04-09,120.945802,,-117.458500,,97.010002,,60.874981
2019-04-10,120.314098,,-117.416900,,96.949997,,60.766975
2019-04-11,119.300975,,-117.428400,,97.180000,,60.963075
2019-04-12,120.912081,,-117.250400,,96.970001,,60.966722
2019-04-15,120.134077,,-116.846700,,96.940002,,61.040184
2019-04-16,119.642653,,-116.656300,,97.040001,,60.410081
2019-04-17,120.415280,,-116.630400,,97.010002,,60.440760
2019-04-18,119.035424,,-116.830100,,97.470001,,60.497671
2019-04-19,119.049157,,-116.726200,,,,60.392680
2019-04-22,118.970097,,-116.543800,,97.279999,,60.943771
2019-04-23,118.564832,,-116.531300,,97.570000,,60.667597
2019-04-24,119.141456,,-116.340800,,98.099998,,60.887989
2019-04-25,117.558680,,-116.439700,,98.199997,,60.681477
2019-04-26,118.691855,,-116.536000,,98.010002,,61.050599
2019-04-28,,,-116.550300,,,,
2019-04-29,118.008656,,-116.493700,,97.860001,,60.109795
2019-04-30,117.568263,,-116.613300,,97.480003,,60.723493
2019-05-01,114.660378,,,,97.690002,,
2019-05-02,113.549073,,,,97.830002,,
2019-05-03,114.465920,,,,97.519997,,
2019-05-05,,,-116.642600,,,,
2019-05-06,114.465920,,-116.845700,,97.519997,,61.096362
2019-05-07,113.447890,,-116.786200,,97.629997,,61.168792
2019-05-08,112.614697,,-116.868100,,97.620003,,61.628473
2019-05-09,112.818858,,-117.036200,,97.370003,,62.028277
2019-05-10,113.166943,,-117.050200,,97.330002,,61.726488
2019-05-13,111.425066,,-117.195900,,97.320000,,62.170265
2019-05-14,111.865805,,-117.101300,,97.529999,,62.205437
2019-05-15,112.248710,,-117.102800,,97.570000,,61.935422
2019-05-16,112.327372,,-117.201900,,97.839996,,61.924991
2019-05-17,112.197601,,-117.112700,,98.000000,,62.017059
2019-05-20,111.621363,,-117.099400,,97.930000,,62.058709
2019-05-21,111.789609,,-117.004900,,98.059998,,62.095194
2019-05-22,110.598938,,-116.914200,,98.110001,,62.127929
2019-05-23,110.751694,,-117.009600,,97.849998,,62.181237
2019-05-24,111.533761,,-117.036700,,97.610001,,61.822432
2019-05-27,111.724549,,-116.802700,,,,62.071172
2019-05-28,111.972680,,-116.943500,,97.959999,,61.719454
2019-05-29,110.700231,,-117.126300,,98.139999,,61.872621
2019-05-30,110.174559,,-117.189900,,98.139999,,61.885225
2019-05-31,109.671689,,-117.165100,,97.750000,,62.002940
2019-06-03,110.285532,,-117.337600,,97.139999,,61.684899
2019-06-04,111.098695,,-117.559200,,97.070000,,61.544917
2019-06-05,110.463456,,-117.628500,,97.370003,,61.520445
2019-06-06,110.541330,,-117.679900,,97.029999,,61.270352
2019-06-07,110.600258,,,,96.610001,,
2019-06-10,111.075625,,-117.587500,,96.760002,,61.157877
2019-06-11,111.329510,,-117.349000,,96.690002,,61.077758
2019-06-12,110.934591,,-117.356800,,97.000000,,61.248692
2019-06-13,110.765964,,-117.460400,,97.010002,,61.401355
2019-06-14,109.815702,,-117.627600,,97.570000,,61.189330
2019-06-17,111.016372,,-117.678200,,97.559998,,60.421833
2019-06-18,112.732935,,-117.637800,,97.639999,,60.324074
2019-06-19,111.609992,,-117.556400,,97.120003,,60.259006
2019-06-20,113.026387,,-117.631400,,96.629997,,59.599337
2019-06-21,113.110130,,-117.605800,,96.220001,,59.873947
2019-06-24,113.150275,,-117.487100,,95.980003,,59.790004
2019-06-25,113.606729,,-117.529700,,96.160004,,59.953761
2019-06-26,113.090543,,-117.476600,,96.209999,,60.034748
2019-06-27,113.152802,,-117.431000,,96.190002,,59.922700
2019-06-28,113.250910,,-117.545200,,96.129997,,59.733255
2019-07-01,112.253554,,-117.558000,,96.839996,,59.504683
2019-07-02,111.766491,,-117.930700,,96.730003,,59.561509
2019-07-03,112.511560,,-118.050100,,96.769997,,59.661178
2019-07-04,112.012775,,-118.108800,,,,59.676075
2019-07-05,111.886903,,-118.027700,,97.250000,,59.634287
2019-07-08,111.656310,,-117.938200,,97.379997,,59.808685
2019-07-09,110.682256,,-117.960600,,97.489998,,59.980796
2019-07-10,112.222902,,-117.940500,,97.099998,,59.974906
2019-07-11,112.059142,,-117.993300,,97.050003,,59.933810
2019-07-12,112.312332,,-118.056900,,96.809998,,59.755918
2019-07-15,113.002264,,-117.939700,,96.930000,,59.865647
2019-07-16,112.520359,,-117.915800,,97.400002,,60.068944
2019-07-17,112.943143,,-117.879500,,97.220001,,60.100562
2019-07-18,112.617703,,-117.945300,,96.790001,,60.026244
2019-07-19,113.826683,,-117.890600,,97.150002,,59.812090
2019-07-22,113.044517,,-117.976900,,97.260002,,59.500705
2019-07-23,112.628998,,-118.017000,,97.709999,,59.643306
2019-07-24,112.922417,,-117.904500,,97.730003,,59.623522
2019-07-25,112.722847,,-117.947800,,97.820000,,59.464080
2019-07-26,112.395557,,-117.930700,,98.010002,,59.420570
2019-07-29,113.259457,,-117.836700,,98.040001,,59.501207
2019-07-30,111.668354,,-117.852300,,98.050003,,59.380026
2019-07-31,111.472382,,-117.992500,,98.519997,,59.442169
2019-08-01,110.553806,,-118.036900,,98.389999,,59.623549
2019-08-02,108.310533,,-118.377200,,98.099998,,59.862062
2019-08-05,108.049093,,-118.662100,,97.500000,,60.313545
2019-08-06,108.908970,,-118.605400,,97.629997,,60.155328
2019-08-07,109.496660,,-118.705000,,97.540001,,60.281521
2019-08-08,110.176346,,-118.733700,,97.620003,,60.010067
2019-08-09,110.177108,,-118.901600,,97.489998,,60.044190
2019-08-12,109.618596,,-118.809000,,97.379997,,59.834126
2019-08-13,111.116899,,-119.012100,,97.809998,,60.094870
2019-08-14,109.985400,,-119.129100,,97.989998,,60.098728
2019-08-15,109.520935,,-119.167000,,98.139999,,60.111913
2019-08-16,109.954341,,-119.105900,,98.139999,,60.341463
2019-08-19,109.802341,,-119.161400,,98.349998,,60.293347
2019-08-20,109.335958,,-119.085500,,98.190002,,60.386847
2019-08-21,109.655303,,-118.913600,,98.300003,,60.475004
2019-08-22,109.126508,,-118.888500,,98.169998,,60.438411
2019-08-23,108.147710,,-118.849000,,97.639999,,60.340791
2019-08-26,108.189729,,-118.953600,,98.080002,,60.852964
2019-08-27,108.939995,,-118.886600,,98.000000,,60.722522
2019-08-28,109.332928,,-118.876600,,98.209999,,60.786653
2019-08-29,109.794952,,-119.003600,,98.510002,,61.262095
2019-08-30,109.277205,,-118.804300,,98.919998,,60.890716
2019-09-02,108.958746,,-118.699800,,,,61.197306
2019-09-03,109.209831,,-118.700600,,98.949997,,61.289866
2019-09-04,111.493381,,-118.808100,,98.449997,,61.085821
2019-09-05,112.547225,,-119.100400,,98.410004,,60.879789
2019-09-06,112.283158,,-119.142500,,98.389999,,60.787078
2019-09-09,112.435124,,-119.075400,,98.279999,,61.096893
2019-09-10,112.114423,,-118.981400,,98.330002,,61.278360
2019-09-11,111.916665,,-118.949400,,98.650002,,61.219631
2019-09-12,113.035752,,-118.747300,,98.309998,,60.987813
2019-09-13,114.528939,,,,98.260002,,
2019-09-16,112.643880,,-118.715700,,98.650002,,61.198926
2019-09-17,111.442175,,-118.650900,,98.260002,,61.268358
2019-09-18,111.235293,,-118.462200,,98.599998,,61.179817
2019-09-19,111.001436,,-118.532300,,98.269997,,61.303044
2019-09-20,110.637255,,-118.542400,,98.510002,,61.241879
2019-09-23,111.228299,,-118.532500,,98.599998,,61.438611
2019-09-24,111.005707,,-118.439600,,98.339996,,61.467412
2019-09-25,111.088863,,-118.430900,,99.040001,,61.342691
2019-09-26,110.128820,,-118.315100,,99.209999,,60.839611
2019-09-27,110.845298,,-118.239500,,99.110001,,60.952284
2019-09-29,,,-118.279900,,,,
2019-09-30,110.253041,,-118.242600,,99.379997,,61.055732
2019-10-01,109.780811,,,,99.129997,,
2019-10-02,109.899199,,,,99.040001,,
2019-10-03,109.057241,,,,98.860001,,
2019-10-04,109.387860,,,,98.809998,,
2019-10-07,109.789989,,,,98.989998,,
2019-10-08,109.184086,,-118.398200,,99.139999,,60.876502
2019-10-09,109.263847,,-118.415900,,99.120003,,60.984635
2019-10-10,110.638484,,-118.318100,,98.709999,,61.075874
2019-10-11,110.623336,,-118.193200,,98.300003,,60.704507
2019-10-12,,,-118.059800,,,,
2019-10-14,110.866690,,-118.099100,,98.449997,,60.616588
2019-10-15,110.330938,,-118.040000,,98.290001,,60.425895
2019-10-16,109.726313,,-118.075000,,98.010002,,60.511858
2019-10-17,110.111425,,-118.128500,,97.610001,,60.470791
2019-10-18,111.098440,,-117.971000,,97.279999,,60.670480
2019-10-21,111.427737,,-117.750700,,97.330002,,60.308125
2019-10-22,111.475229,,-117.728400,,97.529999,,60.407288
2019-10-23,112.301230,,-117.760800,,97.470001,,60.455279
2019-10-24,112.577797,,-117.766200,,97.629997,,60.329348
2019-10-25,113.035389,,-117.679700,,97.830002,,60.400064
2019-10-28,113.346636,,-117.366600,,97.760002,,60.554437
2019-10-29,113.582761,,-117.329800,,97.690002,,60.668333
2019-10-30,113.288984,,-117.172700,,97.650002,,60.697395
2019-10-31,112.327787,,-117.318200,,97.349998,,60.826300
2019-11-01,113.228559,,-117.433400,,97.239998,,60.594481
2019-11-04,113.526318,,-117.308400,,97.510002,,60.504194
2019-11-05,114.401372,,-117.572200,,97.980003,,60.344012
2019-11-06,113.238192,,-117.584800,,97.949997,,60.262427
2019-11-07,114.661469,,-117.503800,,98.139999,,60.402812
2019-11-08,113.683800,,-117.477900,,98.349998,,60.581932
2019-11-11,112.933158,,-117.573300,,98.199997,,60.646252
2019-11-12,112.314221,,-117.592700,,98.309998,,60.638099
2019-11-13,111.948854,,-117.659700,,98.370003,,60.722075
2019-11-14,111.261436,,-117.567500,,98.160004,,60.876280
2019-11-15,111.943714,,-117.679000,,98.000000,,60.824469
2019-11-18,111.883730,,-117.942600,,97.790001,,60.713454
2019-11-19,112.635096,,-118.142700,,97.860001,,60.841545
2019-11-20,112.179949,,-118.147000,,97.930000,,61.077183
2019-11-21,112.039081,,-118.240300,,97.989998,,61.162895
2019-11-22,112.481040,,-118.255800,,98.269997,,61.136615
2019-11-25,112.643111,,-118.101500,,98.320000,,60.663614
2019-11-26,113.714782,,-118.166800,,98.250000,,60.564113
2019-11-27,113.933995,,-118.159800,,98.410004,,60.686904
2019-11-28,113.271669,,-118.180100,,,,60.814532
2019-11-29,113.258196,,-118.230600,,98.269997,,61.067968
2019-12-02,112.340750,,-118.045500,,97.860001,,61.059241
2019-12-03,111.718494,,-118.123000,,97.739998,,61.085136
2019-12-04,112.444559,,-118.190900,,97.650002,,61.211135
2019-12-05,112.897317,,-118.183300,,97.410004,,61.231902
2019-12-06,114.775388,,-118.164100,,97.699997,,61.217640
2019-12-09,115.491908,,-118.112500,,97.639999,,61.341966
2019-12-10,116.098360,,-118.152900,,97.410004,,61.456359
2019-12-11,116.745535,,-118.199200,,97.160004,,61.260007
2019-12-12,117.208033,,-118.237800,,97.400002,,61.370107
2019-12-13,117.023085,,-118.177500,,97.169998,,60.917212
2019-12-16,117.947869,,-118.156800,,97.070000,,60.555740
2019-12-17,117.851208,,-118.020000,,97.209999,,60.338790
2019-12-18,117.598563,,-118.001400,,97.410004,,60.401866
2019-12-19,118.221996,,-118.028700,,97.419998,,60.505793
2019-12-20,117.561271,,-118.265500,,97.709999,,60.342025
2019-12-23,117.806869,,-118.407800,,97.660004,,60.372839
2019-12-24,117.688586,,-118.543700,,97.650002,,60.531956
2019-12-25,117.811399,,-118.641400,,,,60.683140
2019-12-26,117.845720,,-118.843900,,97.589996,,60.536773
2019-12-27,118.309232,,-118.814000,,96.919998,,60.363747
2019-12-30,118.206319,,-118.796300,,96.739998,,60.036826
2019-12-31,117.259842,,-118.859700,,96.389999,,60.109799
2020-01-02,117.860553,,-118.746600,0.929513,96.849998,,60.045234
2020-01-03,116.930928,,-118.710000,0.925695,96.839996,,60.172121
2020-01-06,116.972709,,-118.792100,0.923604,96.669998,,60.486878
2020-01-07,117.335651,,-118.770600,0.925404,96.980003,,60.607790
2020-01-08,117.342037,,-118.843500,0.924450,97.300003,,60.770871
2020-01-09,116.766561,,-118.916200,0.923916,97.449997,,60.874361
2020-01-10,117.217274,,-119.087700,0.927008,97.360001,,60.834625
2020-01-13,118.591242,,-119.088400,0.924584,97.349998,,60.823529
2020-01-14,118.592319,,-119.002800,0.922060,97.370003,,60.887724
2020-01-15,118.189173,,-119.019100,0.921151,97.230003,,61.139228
2020-01-16,117.391404,,-119.013700,0.921535,97.320000,,61.364732
2020-01-17,117.455251,,-119.072100,0.922170,97.610001,,61.290241
2020-01-19,,,-119.106100,0.925309,,,
2020-01-20,117.258076,,-119.227800,0.925394,,,61.359808
2020-01-21,115.494130,,-119.525500,0.927585,97.529999,,61.748104
2020-01-22,115.185310,,-119.543500,0.927828,97.529999,,61.716787
2020-01-23,114.166767,,-119.823800,0.929854,97.690002,,61.933315
2020-01-24,112.611920,,,,97.849998,,
2020-01-27,109.652185,,,,97.959999,,
2020-01-28,109.020565,,,,98.019997,,
2020-01-29,107.920778,,,,97.989998,,
2020-01-30,106.531003,,,,97.870003,,
2020-01-31,106.107435,,,,97.389999,,
2020-02-03,106.220614,,-120.987400,0.935994,97.800003,,63.044031
2020-02-04,107.462925,,-120.857000,0.934008,97.959999,,62.275432
2020-02-05,108.501083,,-120.855300,0.932957,98.269997,,62.402527
2020-02-06,109.157383,,-120.910500,0.934407,98.500000,,62.458651
2020-02-07,107.785871,,-121.127000,0.941369,98.680000,,62.769625
2020-02-10,107.979229,,-121.266800,0.946041,98.830002,,62.943033
2020-02-11,108.959545,,-121.088000,0.945449,98.720001,,62.499468
2020-02-12,109.610520,,-121.050900,0.941607,99.050003,,62.721580
2020-02-13,110.238874,,-121.075600,0.942677,99.070000,,62.752647
2020-02-14,109.705010,,-120.895100,0.941561,99.120003,,62.613991
2020-02-17,110.544020,,-120.685000,0.934681,,,62.562567
2020-02-18,109.885978,,-120.781500,0.933152,99.459999,,63.274254
2020-02-19,110.585324,,-120.743400,0.933081,99.599998,,63.076253
2020-02-20,109.696327,,-120.606900,0.928168,99.870003,,62.697217
2020-02-21,110.514089,,-120.842500,0.928442,99.260002,,62.918391
2020-02-24,109.452778,,-121.021700,0.933815,99.290001,,63.608640
2020-02-25,109.298402,,-120.976200,0.933704,98.970001,,63.941655
2020-02-26,109.050422,,-121.050500,0.934506,99.000000,,63.540221
2020-02-27,109.135230,,-121.204700,0.938202,98.440002,,63.565652
2020-02-28,108.113455,,-121.425700,0.945691,98.129997,,63.638024
2020-03-02,110.115513,,-121.392200,0.943177,97.360001,,63.433146
2020-03-03,110.842054,,-121.338900,0.941606,97.150002,,63.615246
2020-03-04,111.189844,,-121.630000,0.947454,97.339996,,63.514514
2020-03-05,110.622557,,-121.633400,0.948317,96.820000,,63.026543
2020-03-06,109.830727,,-121.986000,0.955284,95.949997,,63.420091
2020-03-09,108.278453,,-122.935000,0.968254,94.900002,,63.776008
2020-03-10,108.752359,,-122.413500,0.958576,96.410004,,63.593006
2020-03-11,107.333964,,-122.424100,0.960305,96.510002,,63.665808
2020-03-12,105.987883,,-122.326100,0.959286,97.470001,,63.822362
2020-03-13,106.088304,,-121.947200,0.958122,98.750000,,64.126841
2020-03-16,103.039043,,-122.001400,0.962602,98.089996,,64.355590
2020-03-17,100.780832,,-121.711800,0.965106,99.580002,,64.483579
2020-03-18,94.445453,,-121.623700,0.964007,101.160004,,64.887519
2020-03-19,95.555826,,-121.515400,0.966159,102.760002,,65.860429
2020-03-20,93.677958,,-121.717200,0.971375,102.820000,,65.402285
2020-03-23,92.239703,,-121.974000,0.976706,102.489998,,65.667523
2020-03-24,96.124243,,-122.053600,0.983386,101.739998,,65.027989
2020-03-25,96.514952,,-122.121700,0.986866,101.050003,,64.651505
2020-03-26,95.216680,,-122.377400,0.999249,99.419998,,64.835018
2020-03-27,95.337088,,-122.302700,0.997704,98.370003,,64.654081
2020-03-30,94.802172,,-122.317400,1.001604,99.180000,,64.460312
2020-03-31,96.631633,,-122.512600,1.011519,99.050003,,64.768138
2020-04-01,94.804804,,-122.734100,1.021662,99.669998,,64.773609
2020-04-02,95.563191,,-122.599500,1.019850,100.180000,,64.702601
2020-04-03,94.814120,,-122.496400,1.022290,100.580002,,64.812965
2020-04-06,96.182818,,,,100.690002,,
2020-04-07,98.236716,,-123.288600,1.070069,99.980003,,64.785684
2020-04-08,97.996746,,-123.637500,1.083370,100.120003,,65.138288
2020-04-09,98.022210,,-123.430900,1.079529,99.519997,,65.267142
2020-04-10,98.234392,,-123.230100,1.073516,,,64.949888
2020-04-13,98.435188,,-123.180000,1.068768,99.349998,,64.939204
2020-04-14,100.831671,,-123.251000,1.070855,98.889999,,64.867818
2020-04-15,100.277676,,-123.319800,1.075327,99.459999,,64.997372
2020-04-16,100.952870,,-123.427400,1.077167,100.029999,,65.219243
2020-04-17,102.920594,,-123.324100,1.075016,99.779999,,64.940136
2020-04-20,101.948769,,-123.052500,1.073876,99.959999,,65.327217
2020-04-21,100.403936,,-123.139200,1.076471,100.260002,,65.772484
2020-04-22,101.338473,,-123.359800,1.084690,100.389999,,65.600907
2020-04-23,101.172076,,-123.681700,1.087367,100.430000,,65.659803
2020-04-24,102.072544,,-123.804800,1.084116,100.379997,,65.396578
2020-04-26,,,-123.767500,1.082031,,,
2020-04-27,102.104327,,-123.656300,1.080696,100.040001,,65.171743
2020-04-28,102.884643,,-123.722900,1.080561,99.870003,,64.924750
2020-04-29,103.642831,,-123.888900,1.083454,99.570000,,64.990163
2020-04-30,102.566544,,-123.732100,1.081831,99.019997,,64.730150
2020-05-01,101.131011,,,,98.800003,,
2020-05-04,101.462149,,,,99.480003,,
2020-05-05,101.947330,,,,99.709999,,
2020-05-06,102.371648,,-123.383400,1.070444,100.089996,,65.127509
2020-05-07,103.410159,,-123.035200,1.055548,99.889999,,65.293044
2020-05-08,103.338495,,-123.022400,1.057379,99.730003,,65.190633
2020-05-09,,,-122.902200,1.054556,,,
2020-05-11,103.365175,,-122.557200,1.037722,100.239998,,65.114460
2020-05-12,102.667451,,-122.562400,1.042174,99.930000,,65.315850
2020-05-13,102.103913,,-122.403400,1.043076,100.239998,,65.475108
2020-05-14,102.289745,,-122.404000,1.050613,100.470001,,65.659882
2020-05-15,101.948631,,-122.466200,1.063271,100.400002,,65.865648
2020-05-18,104.237359,,-122.113000,1.052247,99.669998,,65.684123
2020-05-19,104.390759,,-122.035700,1.047938,99.370003,,65.685881
2020-05-20,106.041190,,-122.133000,1.044714,99.120003,,65.558772
2020-05-21,105.271945,,-122.119200,1.042109,99.370003,,65.455914
2020-05-22,103.926128,,-122.473500,1.053648,99.860001,,65.903583
2020-05-25,104.153607,,-122.029100,1.039876,,,65.850044
2020-05-26,104.978490,,-121.643400,1.019080,98.910004,,66.078558
2020-05-27,104.074410,,-121.418700,1.008009,99.059998,,66.066762
2020-05-28,104.924951,,-121.508200,1.014188,98.379997,,65.870940
2020-05-29,104.955916,,-121.578600,1.013481,98.339996,,66.119608
2020-06-01,106.504959,,-121.463600,1.012788,97.830002,,65.888216
2020-06-02,106.857853,,-120.881300,0.979394,97.669998,,65.712038
2020-06-03,106.918878,,-120.590600,0.986143,97.279999,,65.644690
2020-06-04,107.577109,,-120.305200,0.973134,96.680000,,65.814309
2020-06-05,109.578888,,-120.093600,0.979292,96.940002,,65.636012
2020-06-08,110.332628,,-120.260400,0.989178,96.620003,,65.389382
2020-06-09,111.390865,,-120.267200,0.993567,96.320000,,65.289272
2020-06-10,113.707656,,-120.229800,0.992398,95.959999,,65.490501
2020-06-11,111.747212,,-120.521900,0.995768,96.730003,,65.811694
2020-06-12,112.247440,,-120.678200,0.998516,97.320000,,65.832793
2020-06-15,112.012542,,-120.597300,0.998080,96.680000,,66.043638
2020-06-16,112.199980,,-120.134700,0.983546,96.959999,,65.977455
2020-06-17,112.574984,,-119.891600,0.976373,97.160004,,66.071192
2020-06-18,113.243432,,-120.028000,0.975919,97.419998,,65.745564
2020-06-19,113.068561,,-119.886000,0.972293,97.620003,,65.429423
2020-06-22,114.293469,,-119.656200,0.956963,97.040001,,65.590920
2020-06-23,114.408011,,-119.609600,0.959601,96.690002,,65.573483
2020-06-24,113.836177,,-119.919600,0.973328,97.150002,,65.367565
2020-06-25,114.634310,,,,97.430000,,
2020-06-26,114.527281,,,,97.500000,,
2020-06-28,,,-120.043800,0.976011,,,
2020-06-29,115.289652,,-119.998100,0.975012,97.540001,,65.614257
2020-06-30,115.865282,,-120.180000,0.982373,97.389999,,65.765005
2020-07-01,115.812895,,-120.078200,0.979041,97.199997,,65.078254
2020-07-02,116.214623,,-120.099200,0.979894,97.320000,,64.396252
2020-07-03,114.967764,,-119.864500,0.977536,,,63.717751
2020-07-06,116.961108,,-119.083300,0.953045,96.790001,,62.143261
2020-07-07,117.460665,,-118.892900,0.950353,96.879997,,62.315093
2020-07-08,118.079063,,-118.614000,0.944218,96.430000,,62.240274
2020-07-09,119.082918,,-118.372500,0.934926,96.699997,,62.487498
2020-07-10,121.018759,,-118.578600,0.943728,96.650002,,63.422818
2020-07-13,122.933720,,-118.362900,0.929289,96.459999,,63.538762
2020-07-14,122.414037,,-118.608600,0.937296,96.260002,,63.714376
2020-07-15,120.411749,,-118.841200,0.951012,96.080002,,63.701354
2020-07-16,120.793408,,-119.029100,0.953884,96.349998,,64.200920
2020-07-17,121.284136,,-119.034200,0.955010,95.940002,,64.116975
2020-07-20,121.672238,,-119.108200,0.961502,95.830002,,63.741365
2020-07-21,123.098119,,-119.387100,0.975783,95.120003,,63.866617
2020-07-22,121.963898,,-119.543500,0.974548,94.970001,,63.964491
2020-07-23,121.913240,,-119.459600,0.969361,94.690002,,64.088841
2020-07-24,120.255243,,-119.773300,0.969862,94.440002,,64.605212
2020-07-27,120.676984,,-119.728100,0.966344,93.669998,,64.412506
2020-07-28,121.406144,,-119.433800,0.957937,93.760002,,64.375967
2020-07-29,121.251214,,-119.312400,0.954472,93.260002,,64.156853
2020-07-30,120.465581,,-119.277600,0.953269,93.019997,,64.333611
2020-07-31,118.673446,,-119.062000,0.946091,93.489998,,64.314685
2020-08-03,119.874587,,-119.058300,0.946057,93.500000,,64.426630
2020-08-04,118.293081,,-119.052600,0.946904,93.379997,,64.106151
2020-08-05,118.848966,,-118.865300,0.945725,92.830002,,64.305197
2020-08-06,118.569425,,-118.660800,0.946788,92.790001,,64.309056
2020-08-07,114.886867,,-118.531800,0.943950,93.440002,,64.394806
2020-08-10,117.541157,,-118.743800,0.946709,93.580002,,64.147252
2020-08-11,117.591860,,-118.779700,0.945186,93.629997,,64.009289
2020-08-12,118.270328,,-118.688400,0.943490,93.440002,,63.798478
2020-08-13,116.331544,,-118.753800,0.941253,93.339996,,63.991044
2020-08-14,118.083280,,-118.899900,0.941266,93.099998,,63.567653
2020-08-17,119.415576,,-118.956200,0.939961,92.849998,,63.002873
2020-08-18,120.889564,,-118.811500,0.936829,92.269997,,63.197324
2020-08-19,122.718368,,-118.624300,0.933592,92.889999,,63.344089
2020-08-20,121.675223,,-118.464200,0.925564,92.790001,,63.353023
2020-08-21,120.005444,,-118.627500,0.925464,93.250000,,63.305568
2020-08-24,120.926749,,-118.522800,0.920342,93.300003,,63.310411
2020-08-25,121.559086,,-118.232800,0.910369,93.019997,,63.073643
2020-08-26,122.447805,,-118.181100,0.912968,93.010002,,62.761219
2020-08-27,122.196116,,-118.105900,0.914923,93.010002,,62.630349
2020-08-28,122.910113,,-117.992200,0.913876,92.370003,,62.561155
2020-08-31,122.728009,,-118.265600,0.921093,92.139999,,61.196055
2020-09-01,122.429160,,-118.106100,0.918840,92.339996,,61.098903
2020-09-02,122.127612,,-117.824200,0.915467,92.849998,,61.151495
2020-09-03,120.867855,,-117.764300,0.914049,92.739998,,61.106418
2020-09-04,123.457476,,-117.650600,0.913209,92.720001,,61.366257
2020-09-07,123.827490,,-117.453700,0.908531,,,61.630355
2020-09-08,122.446091,,-117.548500,0.908510,93.480003,,61.391923
2020-09-09,123.430177,,-117.817800,0.917260,93.260002,,61.449268
2020-09-10,121.663662,,-117.834100,0.921615,93.339996,,60.780132
2020-09-11,122.562771,,-117.665700,0.916498,93.330002,,60.846428
2020-09-14,123.335719,,-117.557000,0.912351,93.070000,,61.005619
2020-09-15,122.711714,,-117.780000,0.920158,93.050003,,60.901669
2020-09-16,123.160463,,-117.719800,0.923731,93.209999,,60.874505
2020-09-17,123.546636,,-117.676800,0.920936,92.970001,,61.122988
2020-09-18,124.319693,,-117.684700,0.923524,92.930000,,60.599439
2020-09-21,121.913959,,-117.808400,0.926173,93.540001,,60.951669
2020-09-22,123.222044,,-117.908700,0.928326,93.989998,,61.070781
2020-09-23,120.872739,,-117.894700,0.926882,94.389999,,61.159285
2020-09-24,120.877989,,-117.915900,0.925940,94.349998,,61.205031
2020-09-25,120.651121,,-117.702400,0.918569,94.580002,,61.021644
2020-09-27,,,-117.689400,0.918818,,,
2020-09-28,120.977024,,-117.757600,0.918099,94.260002,,60.618914
2020-09-29,121.010205,,-117.647400,0.915579,93.889999,,60.810302
2020-09-30,122.062283,,-117.492000,0.914679,93.889999,,60.858955
2020-10-01,116.728835,,,,93.709999,,
2020-10-02,119.757708,,,,93.839996,,
2020-10-05,119.327653,,,,93.510002,,
2020-10-06,119.565222,,,,93.830002,,
2020-10-07,121.437330,,,,93.629997,,
2020-10-08,121.699735,,,,93.610001,,
2020-10-09,123.238178,,-117.150600,0.904850,93.059998,,60.882178
2020-10-10,,,-117.139500,0.907163,,,
2020-10-12,122.789002,,-117.190000,0.905809,93.070000,,60.486785
2020-10-13,122.303719,,-117.158700,0.907240,93.529999,,60.479875
2020-10-14,122.607845,,-117.046500,0.907010,93.379997,,60.507372
2020-10-15,123.327418,,-116.985800,0.906170,93.860001,,60.320845
2020-10-16,122.487481,,-116.973800,0.905858,93.680000,,60.187604
2020-10-19,122.742222,,-117.076700,0.908762,93.430000,,60.131892
2020-10-20,124.671452,,-117.112400,0.909581,93.070000,,60.239715
2020-10-21,126.392651,,-117.195600,0.912118,92.610001,,59.828851
2020-10-22,125.306811,,-117.388200,0.915163,92.949997,,59.784998
2020-10-23,125.130715,,-117.279400,0.915106,92.769997,,59.817070
2020-10-26,124.053716,,-117.259400,0.913004,93.050003,,59.931920
2020-10-27,124.194613,,-117.439800,0.917299,92.940002,,59.959920
2020-10-28,123.679392,,-117.350800,0.919374,93.410004,,59.533429
2020-10-29,123.736492,,-117.355400,0.922267,93.959999,,59.612471
2020-10-30,123.176186,,-117.399100,0.923124,94.040001,,59.182864
2020-11-02,123.981324,,-117.460800,0.925351,94.050003,,58.793868
2020-11-03,124.149174,,-117.501000,0.928530,93.550003,,58.751771
2020-11-04,125.022442,,-117.565600,0.930395,93.410004,,58.538217
2020-11-05,125.586513,,-117.462700,0.928663,92.529999,,58.442437
2020-11-06,126.497624,,-117.329700,0.923972,92.230003,,58.235628
2020-11-09,126.085986,,-117.183200,0.922545,92.730003,,58.077765
2020-11-10,125.985604,,-117.216700,0.922194,92.750000,,58.008296
2020-11-11,125.052721,,-117.194100,0.925400,93.040001,,57.922446
2020-11-12,125.689147,,-117.092300,0.927877,92.959999,,58.016016
2020-11-13,126.899824,,-116.989200,0.930531,92.760002,,58.447645
2020-11-16,128.290965,,-116.987400,0.936749,92.570000,,58.264083
2020-11-17,128.176153,,-116.930600,0.941942,92.419998,,58.094716
2020-11-18,128.055548,,-116.733200,0.943915,92.320000,,58.014979
2020-11-19,128.235035,,-116.563200,0.944648,92.290001,,57.913919
2020-11-20,130.613815,,-116.634100,0.951737,92.389999,,57.993182
2020-11-23,129.926463,,-116.842300,0.958257,92.510002,,57.641596
2020-11-24,131.531588,,-116.777500,0.958804,92.230003,,57.865822
2020-11-25,131.947448,,-116.867800,0.964754,91.989998,,57.877941
2020-11-26,133.408232,,-116.845900,0.965944,,,57.648410
2020-11-27,134.682972,,-116.798400,0.968841,91.790001,,57.087980
2020-11-30,135.814033,,-117.139100,0.977413,91.870003,,57.203798
2020-12-01,137.699149,,-117.054500,0.973642,91.309998,,56.796173
2020-12-02,137.274758,,-116.916800,0.972367,91.120003,,56.934191
2020-12-03,137.140358,,-116.949400,0.972691,90.709999,,56.951350
2020-12-04,137.956758,,-117.067000,0.975903,90.699997,,57.089573
2020-12-07,137.467889,,-117.051300,0.975051,90.790001,,57.434751
2020-12-08,137.241134,,-117.202500,0.981697,90.970001,,57.589995
2020-12-09,137.026452,,-117.200800,0.982950,91.089996,,57.609688
2020-12-10,139.228902,,-117.260600,0.985264,90.790001,,57.702505
2020-12-11,137.914351,,-117.082100,0.983402,90.980003,,57.666030
2020-12-14,138.244827,,-117.102300,0.983322,90.709999,,56.193119
2020-12-15,138.790801,,-117.178800,0.988316,90.470001,,56.305481
2020-12-16,138.444986,,-117.239500,0.991077,90.449997,,56.131126
2020-12-17,140.165454,,-117.201800,0.992073,89.820000,,55.884145
2020-12-18,140.992307,,-117.232100,0.991298,90.019997,,55.917540
2020-12-21,139.456722,,-117.361300,0.998107,90.040001,,56.011051
2020-12-22,137.799097,,-117.594000,1.003146,90.650002,,56.191811
2020-12-23,139.332208,,-117.642700,1.006886,90.410004,,56.066095
2020-12-24,138.999991,,-117.518000,1.005583,90.330002,,55.818610
2020-12-25,139.138662,,-117.708600,1.006784,,,55.743501
2020-12-28,138.687650,,-117.847100,1.009886,90.339996,,55.471494
2020-12-29,138.849830,,-117.921900,1.014380,90.010002,,55.458193
2020-12-30,138.680607,,-118.142100,1.018543,89.629997,,55.213805
2020-12-31,137.506009,,-118.096300,1.019434,89.940002,,54.975335
2021-01-03,,,,,,50.083736,
2021-01-04,,,-117.832000,0.988120,89.877800,47.385869,
2021-01-05,,,-118.075400,0.990905,89.475400,54.762391,54.975335
2021-01-06,,,-118.172100,0.990695,89.416700,56.568258,54.391850
2021-01-07,,,-118.253600,0.993531,89.827000,57.404415,53.509938
2021-01-08,,,-118.147200,0.986119,90.065100,61.765478,53.704064
2021-01-09,,,,,,61.735684,
2021-01-10,,,,,,61.832158,
2021-01-11,,,-118.047100,0.981666,90.550000,59.944198,53.648119
2021-01-12,,,-118.145400,0.982964,90.040000,62.801171,52.899268
2021-01-13,,,-118.364400,0.993768,90.320000,60.664825,52.925228
2021-01-14,,,-118.439600,0.995597,90.250000,62.078008,53.568167
2021-01-15,,,-118.143600,0.981210,90.790000,58.273513,53.596746
2021-01-16,,,,,,58.130221,
2021-01-17,,,,,,58.395523,
2021-01-18,,,-117.996000,0.972187,90.771600,57.865617,53.572942
2021-01-19,,,-118.027800,0.974880,90.488200,60.369529,54.296369
2021-01-20,,,-118.118800,0.983519,90.460100,59.568949,54.116628
2021-01-21,,,-118.278300,0.992152,90.083900,61.043842,53.785132
2021-01-22,,,-118.320900,0.993733,90.211200,58.738157,53.531456
2021-01-23,,,,,,58.857330,
2021-01-24,,,,,,58.853074,
2021-01-25,,,-118.272200,0.990457,90.351000,60.923034,53.024731
2021-01-26,,,-118.059400,0.981028,90.186900,60.758864,53.316180
2021-01-27,,,-118.041400,0.981592,90.591700,58.537210,53.226635
2021-01-28,,,-117.837100,0.974402,90.540500,57.786587,53.843073
2021-01-29,,,-117.904600,0.981416,90.538200,57.917823,53.771488
2021-01-30,,,,,,58.052602,
2021-01-31,,,,,,58.035578,
2021-02-01,,,-117.992300,0.992699,91.027200,60.826374,53.454290
2021-02-02,,,-117.964100,0.989737,91.043100,64.741437,53.103369
2021-02-03,,,-117.767000,0.974602,91.112900,66.787186,52.892716
2021-02-04,,,-117.661200,0.964499,91.551300,67.919151,52.911396
2021-02-05,,,-117.679300,0.966620,90.992100,69.260381,52.405026
2021-02-06,,,,,,68.587905,
2021-02-07,,,,,,68.298485,
2021-02-08,,,-117.641500,0.966773,90.968200,71.013376,52.015771
2021-02-09,,,-117.722000,0.971465,90.440000,72.681123,51.808682
2021-02-10,,,-117.659700,0.973862,90.428700,71.502658,51.233689
2021-02-11,,,,,90.403800,71.095065,
2021-02-12,,,,,90.444300,76.186671,
2021-02-13,,,,,,76.474672,
2021-02-14,,,,,,76.528584,
2021-02-15,,,,,90.364400,78.029022,
2021-02-16,,,,,90.598700,79.025487,
2021-02-17,,,,,90.914600,82.253871,
2021-02-18,,,-117.401300,0.957606,90.555500,78.529235,51.988102
2021-02-19,,,-117.567100,0.970136,90.339800,76.740082,52.459746
2021-02-20,,,,,,76.742920,
2021-02-21,,,,,,76.944379,
2021-02-22,,,-117.507700,0.971808,90.086900,82.480363,53.781228
2021-02-23,,,-117.519300,0.974183,90.117300,80.747045,53.781640
2021-02-24,,,-117.552100,0.977683,90.043500,86.688692,54.611036
2021-02-25,,,-117.499000,0.976928,90.214900,86.010316,54.230453
2021-02-26,,,-117.433800,0.976976,90.939900,82.001121,54.813050
2021-02-27,,,,,,81.907485,
2021-02-28,,,,,,82.020983,
2021-03-01,,,-117.615800,0.978690,91.017300,78.802429,54.767873
2021-03-02,,,-117.634000,0.976194,90.764600,77.102656,55.027533
2021-03-03,,,-117.613100,0.973070,90.990900,80.451229,54.709758
2021-03-04,,,-117.568900,0.970307,91.614100,88.757543,55.611219
2021-03-05,,,-117.675400,0.972109,91.997000,95.029358,55.770748
2021-03-06,,,,,,95.029358,
2021-03-07,,,,,,95.029358,
2021-03-08,,,-117.722000,0.973057,92.407400,91.394799,56.721608
2021-03-09,,,-117.694000,0.970501,91.969600,89.470759,56.930282
2021-03-10,,,-117.717300,0.970461,91.781800,91.748876,56.344510
2021-03-11,,,-117.715800,0.969364,91.417200,95.140724,55.442951
2021-03-12,,,-117.672300,0.968899,91.667600,93.935900,55.302838
2021-03-13,,,,,,93.935900,
2021-03-14,,,,,,93.935900,
2021-03-15,,,-117.613000,0.963265,91.803200,92.032148,56.151395
2021-03-16,,,-117.650600,0.965228,91.875200,91.389853,56.019044
2021-03-17,,,-117.713800,0.967344,91.973800,89.541517,55.975489
2021-03-18,,,-117.738600,0.969201,91.828300,76.537298,55.706831
2021-03-19,,,-117.836700,0.973653,91.949300,80.969591,56.578150
2021-03-20,,,,,,80.969591,
2021-03-21,,,,,,80.969591,
2021-03-22,,,-117.889400,0.974624,91.803100,80.562308,56.760477
2021-03-23,,,-117.949700,0.972954,92.352700,70.985800,56.778030
2021-03-24,,,-118.063800,0.981283,92.588600,80.373509,57.037213
2021-03-25,,,-118.085200,0.982781,92.884600,74.545453,56.964415
2021-03-26,,,-118.043700,0.978434,92.725200,80.826292,56.427653
2021-03-27,,,,,,80.826292,
2021-03-28,,,,,,80.826292,
2021-03-29,,,-118.024200,0.975200,92.935400,83.158832,56.714159
2021-03-30,,,-118.011200,0.976757,93.286000,80.263655,56.143703
2021-03-31,,,-118.100000,0.979533,93.183900,77.691148,56.458833
2021-04-01,,,-118.068100,0.979520,92.896300,81.593745,56.165967
2021-04-02,,,-118.066100,0.983677,92.997700,81.738455,55.852374
2021-04-03,,,,,,81.738455,
2021-04-04,,,,,,81.738455,
2021-04-05,,,,,92.591100,76.065955,
2021-04-06,,,-118.018100,0.980655,92.289500,76.733485,56.159327
2021-04-07,,,-117.963000,0.977065,92.420100,77.057272,56.480094
2021-04-08,,,-117.942100,0.980607,92.064500,78.051318,56.311861
2021-04-09,,,-118.011600,0.985252,92.176600,76.925238,56.800580
2021-04-10,,,,,,76.925238,
2021-04-11,,,,,,76.925238,
2021-04-12,,,-118.106500,0.988513,92.106500,77.529522,56.963994
2021-04-13,,1.230539,-118.318700,1.000830,91.844400,79.788986,56.964617
2021-04-14,137.506009,1.222357,-118.353000,0.998072,91.650700,85.694460,56.873054
2021-04-15,139.888039,1.228863,-118.372700,0.995636,91.679500,87.118891,57.068621
2021-04-16,138.493217,1.231359,-118.453800,0.995314,91.536300,86.813656,57.210017
2021-04-17,,,,,,86.813656,
2021-04-18,,,,,,86.813656,
2021-04-19,139.378527,1.209186,-118.517800,0.994721,91.099200,87.932852,56.518575
2021-04-20,138.990462,1.173877,-118.595500,0.996753,91.194300,85.770768,56.754973
2021-04-21,140.736914,1.180542,-118.655200,1.000208,91.115100,82.642106,56.544664
2021-04-22,140.612569,1.177895,-118.626700,0.997583,91.277400,83.531988,56.345470
2021-04-23,142.076003,1.155715,-118.576500,0.998318,90.829500,84.351120,55.881640
2021-04-24,,,,,,84.351120,
2021-04-25,,,,,,84.351120,
2021-04-26,144.819024,1.185137,-118.355400,0.983156,90.840500,83.809655,56.202324
2021-04-27,146.187879,1.157870,-118.328100,0.981736,90.874900,84.856489,56.112343
2021-04-28,145.720215,1.176007,-118.369400,0.985731,90.606400,85.875056,55.971961
2021-04-29,145.512156,1.186744,-118.437900,0.990099,90.655500,89.430872,55.961871
2021-04-30,144.834638,1.169066,-118.553100,0.992907,91.298500,84.955110,56.105566
2021-05-01,,,,,,84.955110,
2021-05-02,,,,,,84.955110,
2021-05-03,,,,,90.969800,87.947675,
2021-05-04,,,,,91.283100,92.162710,
2021-05-05,,,,,91.267000,89.896547,
2021-05-06,148.498989,1.160920,-118.620700,0.992387,90.871500,88.985609,56.015014
2021-05-07,151.764976,1.172655,-118.638500,0.992583,90.239500,88.694871,56.428198
2021-05-08,,,,,,88.694871,
2021-05-09,,,,,,88.694871,
2021-05-10,151.885145,1.163771,-118.698800,0.993849,90.310200,88.834410,56.527797
2021-05-11,153.423783,1.141991,-118.773200,0.996625,90.177700,89.834534,56.217314
2021-05-12,152.417529,1.143039,-118.810300,0.993308,90.803300,90.998618,56.256876
2021-05-13,151.155567,1.134532,-118.752800,0.985841,90.737000,86.249934,56.444880
2021-05-14,150.281513,1.125618,-118.784300,0.986170,90.309400,90.414398,55.864378
2021-05-15,,,,,,90.414398,
2021-05-16,,,,,,90.414398,
2021-05-17,151.852277,1.130931,-118.715400,0.980937,90.216300,92.592894,55.329058
2021-05-18,152.186362,1.148238,-118.743300,0.979457,89.795000,90.073485,55.402518
2021-05-19,,1.158225,-118.859900,0.986332,90.182800,85.356927,55.432900
2021-05-20,147.693496,1.164010,-118.987200,0.992390,89.760200,81.401023,55.160106
2021-05-21,146.064218,1.169213,-119.141100,0.998776,90.043200,85.562239,55.576537
2021-05-22,,,,,,85.562239,
2021-05-23,,,,,,85.562239,
2021-05-24,147.000638,1.159056,-119.117900,0.989439,89.836300,89.594754,55.508128
2021-05-25,146.545403,1.165827,-119.110700,0.988776,89.668500,89.876274,54.600641
2021-05-26,146.546911,1.169248,-119.197200,0.990038,90.057600,90.447021,54.754765
2021-05-27,150.062160,1.181766,-119.120600,0.986268,90.001500,91.839225,54.808604
2021-05-28,150.180672,1.171222,-119.042700,0.983288,90.054700,91.286418,54.866831
2021-05-29,,,,,,91.286418,
2021-05-30,,,,,,91.286418,
2021-05-31,,1.171965,-119.108200,0.985233,89.846700,92.419802,55.011891
2021-06-01,150.073532,1.179296,-119.159800,0.988951,89.931400,95.045421,55.068587
2021-06-02,148.502593,1.189431,-119.056200,0.983473,89.898500,96.203032,55.179666
2021-06-03,145.479503,1.172894,-119.087700,0.985114,90.495000,97.225437,55.426063
2021-06-04,146.811474,1.193980,-118.866900,0.981681,90.139300,98.673878,55.263525
2021-06-05,,,,,,98.673878,
2021-06-06,,,,,,98.673878,
2021-06-07,147.346453,1.204913,-118.699300,0.972709,89.981600,97.859917,55.563663
2021-06-08,147.986186,1.201495,-118.686400,0.974206,90.114400,99.068804,55.847139
2021-06-09,147.723713,1.190342,-118.672500,0.974420,90.132400,99.120180,55.733603
2021-06-10,146.752419,1.194722,-118.716800,0.978978,90.046500,100.156276,55.697844
2021-06-11,147.908311,1.163625,-118.532600,0.975107,90.509300,100.849235,55.721721
2021-06-12,,,,,,100.849235,
2021-06-13,,,,,,100.849235,
2021-06-14,,,,,90.507700,101.796665,
2021-06-15,143.081244,1.166853,-118.525600,0.970691,90.522000,104.609254,55.977883
2021-06-16,144.035067,1.183486,-118.472800,0.972318,91.401900,103.857104,56.184960
2021-06-17,138.613771,1.176146,-118.327700,0.971299,91.909600,101.618711,56.287980
2021-06-18,138.140474,1.169031,-118.423800,0.974666,92.321700,102.439254,56.466844
2021-06-19,,,,,,102.439254,
2021-06-20,,,,,,102.439254,
2021-06-21,138.121116,1.145197,-118.618100,0.982502,91.855400,106.747204,56.854721
2021-06-22,139.659488,1.157117,-118.652900,0.983727,91.719300,106.251658,56.688224
2021-06-23,142.262879,1.169329,-118.705000,0.988732,91.813800,106.450581,56.786485
2021-06-24,141.801572,1.169577,-118.732500,0.989510,91.815300,106.836483,56.359225
2021-06-25,141.272505,1.169120,-118.745300,0.990033,91.805700,107.921428,55.890341
2021-06-26,,,,,,107.921428,
2021-06-27,,,,,,107.921428,
2021-06-28,140.412095,1.175156,-118.655500,0.984865,91.879500,104.468583,55.892037
2021-06-29,139.907758,1.177719,-118.698000,0.986367,92.094100,106.171496,56.119903
2021-06-30,140.410914,1.191467,-118.750800,0.993048,92.367100,106.023948,55.998848
2021-07-01,,1.216222,-118.716700,0.988411,92.536100,108.505757,53.514189
2021-07-02,140.673386,1.219637,-118.725600,0.988712,92.245200,109.285265,54.486737
2021-07-03,,,,,,109.285265,
2021-07-04,,,,,,109.285265,
2021-07-05,142.473443,1.215301,-118.812400,0.990408,92.256600,112.159565,54.819126
2021-07-06,140.077019,1.215537,-118.789800,0.985974,92.539500,106.639892,54.816889
2021-07-07,141.670031,1.219827,-118.984700,0.990061,92.720600,102.595524,54.562816
2021-07-08,140.620882,1.240441,-119.500800,1.004077,92.375700,105.556156,54.893783
2021-07-09,142.345387,1.234243,-119.353900,0.995166,92.101200,108.977076,55.322609
2021-07-10,,,,,,108.977076,
2021-07-11,,,,,,108.977076,
2021-07-12,142.114919,1.239543,-119.752100,1.002267,92.240000,108.106971,55.124705
2021-07-13,141.411471,1.231567,-119.879800,1.001281,92.787300,111.016537,55.263052
2021-07-14,140.877593,1.236356,-119.905600,1.002926,92.370100,106.476413,55.468984
2021-07-15,142.198465,1.244822,-119.735800,0.991383,92.586100,103.172030,54.936086
2021-07-16,142.549810,1.236909,-119.798700,0.992807,92.714300,103.359201,55.522746
2021-07-17,,,,,,103.359201,
2021-07-18,,,,,,103.359201,
2021-07-19,139.649825,1.233649,-119.819200,0.991387,92.832700,92.093557,55.226111
2021-07-20,141.471469,1.246376,-119.971800,0.994962,92.969500,91.977012,55.344341
2021-07-21,141.561928,1.245498,-120.056300,0.998906,92.790300,101.209064,55.365747
2021-07-22,142.833422,1.252962,-120.025300,0.996396,92.837700,104.828109,55.559922
2021-07-23,144.578977,1.258965,-120.125600,1.003456,92.908400,106.150796,55.941394
2021-07-24,,,,,,106.150796,
2021-07-25,,,,,,106.150796,
2021-07-26,147.314023,1.257209,-120.398000,1.010424,92.632500,107.842662,56.874828
2021-07-27,146.431835,1.260005,-120.208100,1.002061,92.490100,105.092202,57.705762
2021-07-28,145.433470,,-120.063300,0.992942,92.287100,105.625953,57.006379
2021-07-29,147.594609,1.271297,-120.232000,1.000551,91.907700,107.843879,56.914447
2021-07-30,146.024764,1.277127,-120.540100,1.011576,92.103200,108.840251,57.493942
2021-07-31,,,,,,108.840251,
2021-08-01,,,,,,108.840251,
2021-08-02,144.892716,1.277903,-120.785600,1.017330,92.088600,104.016676,56.977426
2021-08-03,144.376733,1.290132,-120.689800,1.008270,92.066800,101.753552,56.572703
2021-08-04,142.885752,1.290077,-120.646400,1.002982,92.275300,96.251726,56.639410
2021-08-05,143.129193,1.296861,-120.859600,1.009885,92.272600,98.288760,56.709001
2021-08-06,143.356123,1.292413,-120.798800,1.006781,92.782400,96.187488,57.115938
2021-08-07,,,,,,96.187488,
2021-08-08,,,,,,96.187488,
2021-08-09,142.207669,1.321357,-120.471500,0.992514,92.976600,93.097735,56.848484
2021-08-10,144.089641,1.337335,-120.381100,0.990933,93.062900,97.503174,56.558059
2021-08-11,144.282813,1.340584,-120.309200,0.988581,92.917500,99.422144,56.862750
2021-08-12,144.039004,1.326643,-120.434800,0.994404,93.025000,98.138678,57.372684
2021-08-13,144.532871,1.288592,-120.306800,0.991530,92.522600,96.094852,57.603144
2021-08-14,,,,,,96.094852,
2021-08-15,,,,,,96.094852,
2021-08-16,143.792894,1.276858,-120.228800,0.986897,92.618400,94.365185,57.479787
2021-08-17,141.429050,1.277593,-120.284600,0.986110,93.144300,92.680118,57.747991
2021-08-18,139.497398,1.220164,-120.511900,0.995760,93.157000,88.555084,57.453665
2021-08-19,137.413198,1.204661,-120.606900,1.001873,93.558600,85.697313,57.762386
2021-08-20,139.265463,1.221659,-120.571200,1.001912,93.457100,81.442670,58.554921
2021-08-21,,,,,,81.442670,
2021-08-22,,,,,,81.442670,
2021-08-23,141.607936,1.218950,-120.472500,0.996495,92.987500,91.080284,58.484849
2021-08-24,143.950649,1.212535,-120.516300,0.997120,92.884000,97.342269,58.185191
2021-08-25,144.373511,1.192082,-120.561400,1.003022,92.822000,99.240260,58.248849
2021-08-26,143.889087,1.199789,-120.356700,0.995652,93.058500,95.506197,58.859188
2021-08-27,145.255462,1.219114,-120.422600,1.000330,92.700700,98.393064,58.807203
2021-08-28,,,,,,98.393064,
2021-08-29,,,,,,98.393064,
2021-08-30,,1.229939,-120.522300,1.001975,92.700700,99.566172,59.076541
2021-08-31,146.617215,1.224735,-120.557700,1.004844,92.654000,98.426811,59.338645
2021-09-01,143.873347,1.206067,-120.714700,1.010912,92.502700,97.200706,58.541046
2021-09-02,144.737570,1.208794,-120.701900,1.010600,92.216700,101.396064,59.114098
2021-09-03,145.826602,1.216415,-120.669300,1.009827,92.133100,100.541364,59.169005
2021-09-04,,,,,,100.541364,
2021-09-05,,,,,,100.541364,
2021-09-06,145.385428,1.188355,-120.657400,1.009243,92.223500,99.662746,58.601513
2021-09-07,144.051048,1.181673,-120.514300,1.006249,92.539300,98.466830,58.712249
2021-09-08,142.571297,1.193586,-120.442400,1.002618,92.715700,101.329780,59.173892
2021-09-09,144.084198,1.214868,-120.412800,1.002496,92.509400,98.000263,59.295672
2021-09-10,146.827322,1.223760,-120.431200,1.003717,92.639800,102.101481,59.020141
2021-09-11,,,,,,102.101481,
2021-09-12,,,,,,102.101481,
2021-09-13,145.246945,1.199127,-120.345400,0.999984,92.615100,103.877563,59.307259
2021-09-14,144.176765,1.180338,-120.281300,0.993644,92.663900,104.615719,59.558763
2021-09-15,146.201590,1.183554,-120.257300,0.998313,92.489500,108.709743,60.185219
2021-09-16,142.941617,1.170120,-120.277300,0.994415,92.867700,109.353550,60.081700
2021-09-17,141.825809,1.146671,-120.345100,1.002823,93.256300,108.824761,59.545491
2021-09-18,,,,,,108.824761,
2021-09-19,,,,,,108.824761,
2021-09-20,,,,,93.249800,105.412454,
2021-09-21,,,,,93.217200,106.707673,
2021-09-22,,1.132159,-120.460000,1.008517,93.476300,109.584407,60.069398
2021-09-23,142.400850,1.160587,-120.507700,1.009045,93.098700,110.950067,59.996861
2021-09-24,143.368898,1.174845,-120.466300,1.008443,93.271000,112.928925,59.558871
2021-09-25,,,,,,112.928925,
2021-09-26,,,,,,112.928925,
2021-09-27,143.115066,1.191800,-120.424900,1.009677,93.422700,116.638669,58.427327
2021-09-28,141.870080,1.180708,-120.382200,1.007432,93.721500,113.359319,58.436041
2021-09-29,140.832835,1.183528,-120.452300,1.012946,94.370300,114.842825,57.939261
2021-09-30,138.490230,1.195079,-120.444800,1.016461,94.263800,116.102274,58.160514
2021-10-01,,,,,94.074700,118.435721,
2021-10-02,,,,,,118.435721,
2021-10-03,,,,,,118.435721,
2021-10-04,,,,,93.818200,123.268723,
2021-10-05,,,,,93.979700,126.548585,
2021-10-06,,,,,94.224300,122.207695,
2021-10-07,,,,,94.222700,126.360701,
2021-10-08,143.467470,1.182019,-120.271300,1.006917,94.102700,126.463260,57.723815
2021-10-09,,,,,,126.463260,
2021-10-10,,,,,,126.463260,
2021-10-11,145.635273,1.175450,-119.956100,1.000858,94.366900,128.556043,57.658244
2021-10-12,144.292251,1.189611,-119.870800,1.002033,94.519600,127.648346,57.473352
2021-10-13,,1.202282,-119.823500,0.998015,94.024400,127.594535,57.068078
2021-10-14,,1.217587,-119.813100,0.999305,93.982300,129.633283,57.343137
2021-10-15,152.908281,1.220187,-119.709400,0.996049,93.965700,131.857790,57.041822
2021-10-16,,,,,,131.857790,
2021-10-17,,,,,,131.857790,
2021-10-18,152.785297,1.236645,-119.178500,0.975181,93.959100,130.126193,57.704380
2021-10-19,151.990245,1.232430,-119.382800,0.975387,93.779700,132.937960,57.583780
2021-10-20,153.314210,1.248929,-119.494800,0.980209,93.611200,134.847201,57.785411
2021-10-21,148.293218,1.261900,-119.642400,0.986429,93.756200,131.868016,57.513687
2021-10-22,147.630669,1.263255,-119.609500,0.987258,93.611600,134.549059,57.114831
2021-10-23,,,,,,134.549059,
2021-10-24,,,,,,134.549059,
2021-10-25,148.523494,1.285960,-119.577700,0.983664,93.839300,132.978902,57.234222
2021-10-26,147.177502,1.296603,-119.619800,0.984410,93.959100,133.813430,57.434038
2021-10-27,145.515066,1.301110,-119.651000,0.983743,93.864900,128.777861,57.698374
2021-10-28,146.556070,1.300858,-119.732300,0.983224,93.360600,129.683233,57.547025
2021-10-29,146.172482,1.316125,-119.767000,0.980373,94.140800,129.013067,57.521484
2021-10-30,,,,,,129.013067,
2021-10-31,,,,,,129.013067,
2021-11-01,145.667351,1.326827,-119.960000,0.982924,93.871700,131.696947,58.019923
2021-11-02,144.913775,1.340175,-120.111300,0.988147,94.107000,130.512691,58.127168
2021-11-03,144.500832,1.322679,-120.098300,0.987462,93.867100,123.639321,58.469494
2021-11-04,144.554554,1.341485,-120.164500,0.987501,94.328100,122.531374,58.327411
2021-11-05,145.420646,1.345880,-120.416700,0.994705,94.224100,126.574223,58.273460
2021-11-06,,,,,,126.574223,
2021-11-07,,,,,,126.574223,
2021-11-08,147.964830,1.348803,-120.396600,0.993166,94.049300,129.620188,58.300636
2021-11-09,146.430417,1.344786,-120.349900,0.988866,93.972000,133.377261,58.614847
2021-11-10,145.071819,1.362013,-120.335900,0.990701,94.899800,126.752688,58.843418
2021-11-11,146.754175,1.353229,-120.193900,0.986106,95.150700,126.424350,58.409891
2021-11-12,147.909094,1.359763,-120.204300,0.989262,95.116600,124.832400,58.808194
2021-11-13,,,,,,124.832400,
2021-11-14,,,,,,124.832400,
2021-11-15,147.634111,1.362054,-120.286900,0.990972,95.524200,125.235938,58.806332
2021-11-16,146.164880,1.366524,-120.306000,0.994511,95.911600,125.527188,58.534339
2021-11-17,144.429685,1.390858,-120.289600,0.992016,95.799100,120.358250,58.820672
2021-11-18,145.985458,1.380412,-120.350900,0.993579,95.541400,122.277833,59.213739
2021-11-19,147.562822,1.374923,-120.305400,0.992728,96.067200,115.921910,59.052315
2021-11-20,,,,,,115.921910,
2021-11-21,,,,,,115.921910,
2021-11-22,147.319630,1.368690,-120.389000,0.995449,96.503600,118.058558,59.130176
2021-11-23,148.423549,1.368113,-120.366600,0.994621,96.493400,124.875481,59.182947
2021-11-24,150.315368,1.347232,-120.515500,0.999669,96.843000,122.204563,59.157554
2021-11-25,149.663006,1.323317,-120.532000,1.001879,96.786000,121.922438,59.253786
2021-11-26,146.419672,1.336579,-120.711600,1.007005,96.064000,98.396010,59.517449
2021-11-27,,,,,,98.396010,
2021-11-28,,,,,,98.396010,
2021-11-29,148.706571,1.332772,-120.681300,1.003800,96.172000,102.186318,59.600105
2021-11-30,147.042087,1.351800,-120.638500,1.001753,95.897000,94.195480,59.860569
2021-12-01,146.831162,1.350921,-120.578800,1.001188,96.040700,90.958080,59.899908
2021-12-02,147.882043,1.318682,-120.475800,0.996667,96.124600,94.729239,59.560575
2021-12-03,147.204202,1.330446,-120.387800,0.991735,96.171500,93.889842,59.427437
2021-12-04,,,,,,93.889842,
2021-12-05,,,,,,93.889842,
2021-12-06,149.156751,1.354194,-120.710800,1.001916,96.277700,102.690795,59.338726
2021-12-07,148.600924,1.355565,-120.618000,0.998642,96.304600,107.091272,58.933191
2021-12-08,149.959356,1.357480,-120.526300,0.992556,95.960400,108.617449,58.710431
2021-12-09,148.130690,1.345083,-120.500800,0.992961,96.223300,103.733683,58.148977
2021-12-10,145.531463,1.357072,-120.572400,0.998212,96.049600,107.276311,58.347221
2021-12-11,,,,,,107.276311,
2021-12-12,,,,,,107.276311,
2021-12-13,145.913460,1.353611,-120.514400,0.996867,96.352900,104.761972,58.296435
2021-12-14,145.159725,1.358039,-120.573100,1.005756,96.560800,102.237291,58.497491
2021-12-15,143.860657,1.350033,-120.572700,1.011109,96.342100,105.153951,58.798796
2021-12-16,146.287216,1.361303,-120.532100,1.013918,95.990000,106.027289,58.781258
2021-12-17,146.123765,1.366559,-120.581600,1.015939,96.675600,101.529122,59.103136
2021-12-18,,,,,,101.529122,
2021-12-19,,,,,,101.529122,
2021-12-20,145.621447,1.344248,-120.558900,1.007051,96.516000,99.164975,59.268417
2021-12-21,147.432737,1.338186,-120.539600,1.006080,96.455700,104.157882,59.289674
2021-12-22,148.087584,1.359654,-120.616800,1.013501,96.455700,108.251402,59.491711
2021-12-23,148.085496,1.353743,-120.744800,1.021047,96.060200,110.572282,59.275655
2021-12-24,147.796359,1.339385,-120.748600,1.022984,96.132700,108.341386,59.104796
2021-12-25,,,,,,108.341386,
2021-12-26,,,,,,108.341386,
2021-12-27,,1.295833,-120.825000,1.027866,96.072400,115.981899,59.084571
2021-12-28,,1.301504,-120.912000,1.029725,96.170300,116.597030,58.975375
2021-12-29,149.094653,1.266435,-121.007600,1.033199,95.905900,117.370662,59.546561
2021-12-30,148.847089,1.261842,-121.148100,1.037426,95.970100,117.476252,59.413574
2021-12-31,150.475983,1.278378,-121.116600,1.037785,95.970100,114.276351,59.503098
2022-01-01,,,,,,114.276351,
2022-01-02,,,,,,114.276351,
2022-01-03,,,,,96.218100,116.623078,
2022-01-04,150.871001,1.281009,-121.064900,1.029350,96.268500,119.978535,55.757893
2022-01-05,149.622557,1.306401,-121.028200,1.027123,96.173400,119.953611,55.735689
2022-01-06,147.853003,1.322254,-120.906800,1.020415,96.231600,124.275957,56.266006
2022-01-07,149.013481,1.329430,-120.884100,1.021387,95.738800,124.514807,55.977382
2022-01-08,,,,,,124.514807,
2022-01-09,,,,,,124.514807,
2022-01-10,147.387957,1.294567,-120.959100,1.025702,95.953000,122.444327,55.970773
2022-01-11,149.420896,1.282891,-121.043900,1.028973,95.595700,129.549965,56.156512
2022-01-12,151.925874,1.279611,-121.130400,1.029401,94.998400,132.322520,55.978079
2022-01-13,151.554154,1.273266,-121.152800,1.027216,94.882200,130.884196,56.262164
2022-01-14,149.177187,1.277813,-121.166600,1.027552,95.160600,136.904183,56.574257
2022-01-15,,,,,,136.904183,
2022-01-16,,,,,,136.904183,
2022-01-17,149.554255,1.285526,-121.199200,1.026743,95.259000,136.957490,56.562862
2022-01-18,148.400805,1.250306,-121.513000,1.045778,95.729800,142.275595,56.159035
2022-01-19,149.808477,1.212088,-121.709100,1.049410,95.606900,139.988663,55.988934
2022-01-20,152.216945,1.219896,-121.716600,1.046704,95.794800,139.468991,55.274757
2022-01-21,150.872055,1.225935,-121.869000,1.054079,95.631700,140.480566,55.267982
2022-01-22,,,,,,140.480566,
2022-01-23,,,,,,140.480566,
2022-01-24,147.566209,1.238278,-122.110700,1.066481,95.895800,138.368346,55.203554
2022-01-25,149.097734,1.207390,-122.021500,1.059574,95.997500,140.160957,55.146769
2022-01-26,150.135106,1.230685,-121.849600,1.047326,96.488600,141.162298,54.994138
2022-01-27,148.496927,1.223733,-121.749900,1.043535,97.228800,142.053987,55.162025
2022-01-28,146.031014,1.214469,-121.902000,1.048280,97.213500,142.261121,55.593310
2022-01-29,,,,,,142.261121,
2022-01-30,,,,,,142.261121,
2022-01-31,,,,,96.636900,143.264083,
2022-02-01,,,,,96.253000,143.129505,
2022-02-02,,,,,95.987200,143.150282,
2022-02-03,,,,,95.341000,147.427330,
2022-02-04,,,,,95.468300,151.038979,
2022-02-05,,,,,,151.038979,
2022-02-06,,,,,,151.038979,
2022-02-07,150.307290,1.188641,-121.851100,1.041345,95.412000,152.328523,55.274063
2022-02-08,149.699032,1.192850,-121.863100,1.044686,95.609500,148.125661,55.802065
2022-02-09,152.610186,1.182428,-121.769400,1.040346,95.558800,149.374977,55.826101
2022-02-10,153.481365,1.183656,-121.779900,1.042389,95.679900,148.374046,55.895720
2022-02-11,149.352198,1.198851,-121.353700,1.025396,96.030900,157.580259,55.819648
2022-02-12,,,,,,157.580259,
2022-02-13,,,,,,157.580259,
2022-02-14,149.239070,1.184016,-121.271100,1.023438,96.278900,159.666739,56.038240
2022-02-15,150.450667,1.174312,-121.284600,1.026248,95.986300,153.716169,55.711702
2022-02-16,150.192873,1.210319,-121.309400,1.029395,95.826600,149.859995,55.623609
2022-02-17,149.870976,1.196916,-121.392700,1.036568,95.821600,152.260525,55.496319
2022-02-18,150.470813,1.177819,-121.318800,1.033003,96.102400,154.298157,55.530392
2022-02-19,,,,,,154.298157,
2022-02-20,,,,,,154.298157,
2022-02-21,150.085256,1.189053,-121.011300,1.018466,96.132100,163.780114,55.873867
2022-02-22,149.935456,1.194419,-120.950700,1.010562,96.084400,161.432177,56.052966
2022-02-23,148.913851,1.196209,-121.033300,1.015141,96.204200,156.871788,55.979223
2022-02-24,148.917309,1.206102,-121.089600,1.018440,97.090800,160.097629,56.240388
2022-02-25,149.257465,1.200794,-121.152200,1.017715,96.543300,156.769934,56.048486
2022-02-26,,,,,,156.769934,
2022-02-27,,,,,,156.769934,
2022-02-28,149.554039,1.203474,-121.207200,1.023230,96.706300,165.816738,56.089145
2022-03-01,151.988150,1.221317,-121.073300,1.018308,97.404400,190.129869,55.840650
2022-03-02,154.983175,1.219253,-120.960900,1.009246,97.353900,207.522106,56.283481
2022-03-03,156.814702,1.180147,-120.822600,1.000871,97.726700,196.966964,56.465632
2022-03-04,159.320229,1.190954,-120.859000,1.002999,98.511300,216.600626,56.685843
2022-03-05,,,,,,216.600626,
2022-03-06,,,,,,216.600626,
2022-03-07,156.338436,1.187544,-120.877600,1.007840,99.259900,232.676355,57.471299
2022-03-08,156.307591,1.226940,-120.912500,1.020464,99.128900,245.438887,57.462384
2022-03-09,152.099129,1.219382,-120.786300,1.018927,97.960100,202.395428,57.410655
2022-03-10,153.828534,1.229630,-120.745100,1.023367,98.516000,193.750643,57.251598
2022-03-11,153.122066,1.224290,-121.005800,1.043150,99.126300,201.051569,57.302539
2022-03-12,,,,,,201.051569,
2022-03-13,,,,,,201.051569,
2022-03-14,150.602268,1.251769,-121.222900,1.051043,99.119300,185.514358,57.892239
2022-03-15,151.507990,1.244776,-120.861900,1.030256,98.991600,167.312819,58.308490
2022-03-16,154.257388,1.225007,-120.890600,1.035832,98.375500,165.647297,57.353348
2022-03-17,155.377901,1.222851,-120.896800,1.040475,98.017500,188.534577,57.036022
2022-03-18,156.157071,1.234703,-120.951700,1.046503,98.228200,184.415218,56.609500
2022-03-19,,,,,,184.415218,
2022-03-20,,,,,,184.415218,
2022-03-21,155.119912,1.235028,-120.871100,1.041752,98.492300,202.227103,56.937422
2022-03-22,155.040133,1.260796,-120.727800,1.033240,98.438600,198.281441,56.865009
2022-03-23,157.020422,1.268530,-120.734400,1.034398,98.647000,215.492275,56.900277
2022-03-24,156.049010,1.259767,-120.818200,1.037301,98.789400,208.087573,56.785797
2022-03-25,156.152566,1.260133,-120.876400,1.041201,98.810300,213.747095,57.302555
2022-03-26,,,,,,213.747095,
2022-03-27,,,,,,213.747095,
2022-03-28,157.360701,1.254760,-120.919400,1.040651,99.152000,187.653424,57.574503
2022-03-29,157.666828,1.265600,-120.909700,1.037152,98.425700,192.690010,57.737351
2022-03-30,157.520764,1.319197,-121.005400,1.042460,97.829700,198.943280,56.982620
2022-03-31,157.268589,1.359498,-120.967400,1.040908,98.361800,184.838316,57.209660
2022-04-01,155.726993,1.314136,-121.057600,1.044771,98.570900,182.444065,56.829420
2022-04-02,,,,,,182.444065,
2022-04-03,,,,,,182.444065,
2022-04-04,,,,,99.012200,190.659984,
2022-04-05,,,,,99.490300,184.809639,
2022-04-06,156.387080,1.352321,-121.188400,1.047924,99.645700,174.558818,57.063177
2022-04-07,156.621136,1.380568,-121.326900,1.050790,99.771200,173.948347,57.055702
2022-04-08,157.729253,1.397800,-121.318100,1.044715,99.843000,176.466539,56.610392
2022-04-09,,,,,,176.466539,
2022-04-10,,,,,,176.466539,
2022-04-11,156.076805,1.319096,-121.247400,1.033742,99.977500,168.853183,57.122303
2022-04-12,157.681452,1.316243,-121.224300,1.029873,100.336700,183.235318,56.782516
2022-04-13,157.846861,1.333442,-121.249100,1.031290,99.838700,193.408916,56.876004
2022-04-14,158.591266,1.311278,-121.310600,1.037725,100.304800,200.538370,56.665727
2022-04-15,,,-121.330700,1.038906,100.520100,200.385148,56.376314
2022-04-16,,,,,,200.385148,
2022-04-17,,,,,,200.385148,
2022-04-18,,1.278056,-121.104800,1.027222,100.787700,203.844877,56.889154
2022-04-19,160.023612,1.273225,-121.141000,1.025588,100.986300,190.791499,57.279259
2022-04-20,158.251016,1.332532,-121.106000,1.022550,100.303700,189.443182,57.577698
2022-04-21,157.939623,1.329740,-121.184000,1.024706,100.627300,193.775451,57.485096
2022-04-22,153.858323,1.365245,-121.160100,1.023353,101.123300,186.084670,57.111455
2022-04-23,,,,,,186.084670,
2022-04-24,,,,,,186.084670,
2022-04-25,151.128691,1.373280,-121.247300,1.027046,101.743500,177.543553,57.174181
2022-04-26,149.956510,1.399023,-121.248500,1.025379,101.739300,184.212006,57.083890
2022-04-27,150.284377,1.391164,-121.180700,1.017536,102.966900,184.167320,56.826680
2022-04-28,149.623863,1.416390,-121.069200,1.008590,103.670400,190.312551,56.601326
2022-04-29,148.962430,1.364847,-121.136100,1.011198,103.217300,187.339452,56.520715
2022-04-30,,,,,,187.339452,
2022-05-01,,,,,,187.339452,
2022-05-02,,,,,103.602700,191.137265,
2022-05-03,,,,,103.486100,186.821609,
2022-05-04,,,,,102.512200,198.088556,
2022-05-05,145.123818,1.379535,-121.155600,1.011258,103.571500,200.132986,58.158846
2022-05-06,144.617908,1.385598,-121.144900,1.007810,103.661700,205.729371,58.794545
2022-05-07,,,,,,205.729371,
2022-05-08,,,,,,205.729371,
2022-05-09,,1.365892,-121.211500,1.007575,103.726400,186.070964,59.395313
2022-05-10,142.255627,1.358934,-121.283500,1.014042,103.927800,177.418054,59.303454
2022-05-11,142.273563,1.341115,-121.228000,1.006457,104.020000,192.802740,58.764311
2022-05-12,138.741348,1.359503,-121.306100,1.006490,104.753600,192.912106,59.098900
2022-05-13,140.433681,1.369660,-121.299700,1.003286,104.450900,201.361409,58.981759
2022-05-14,,,,,,201.361409,
2022-05-15,,,,,,201.361409,
2022-05-16,142.253304,,-121.274200,0.994146,104.223000,208.347269,59.327325
2022-05-17,141.745622,1.362971,-121.335500,0.997816,103.297100,204.724588,58.824879
2022-05-18,140.830464,1.384773,-121.423700,1.000480,103.924500,195.375797,58.919779
2022-05-19,144.131684,1.420527,-121.463700,1.001352,102.893400,201.411080,59.034582
2022-05-20,144.063715,1.428342,-121.406900,0.993690,103.033400,205.030226,58.579835
2022-05-21,,,,,,205.030226,
2022-05-22,,,,,,205.030226,
2022-05-23,144.585441,1.427038,-121.504400,0.998218,102.076700,206.373791,59.112330
2022-05-24,144.749727,1.390954,-121.530200,0.996118,101.769200,207.485180,59.144412
2022-05-25,144.647800,1.401031,-121.594200,0.993455,102.126200,201.385442,59.400066
2022-05-26,145.177558,1.388975,-121.879400,1.002526,101.755700,209.194171,59.516050
2022-05-27,146.133429,1.386184,-121.898700,1.000873,101.642900,211.571801,59.287771
2022-05-28,,,,,,211.571801,
2022-05-29,,,,,,211.571801,
2022-05-30,147.983939,1.376837,-121.773600,0.993585,101.645400,217.340472,59.095335
2022-05-31,147.009494,1.377298,-121.585900,0.987141,101.767900,213.551280,58.823154
2022-06-01,148.674341,1.383112,-121.539000,0.987838,102.567900,212.553388,59.008525
2022-06-02,,1.377681,-121.504400,0.986084,101.779700,218.604285,59.045934
2022-06-03,,,,,102.170400,225.837205,
2022-06-04,,,,,,225.837205,
2022-06-05,,,,,,225.837205,
2022-06-06,150.643224,1.366663,-121.411700,0.981686,102.398200,223.064651,58.956080
2022-06-07,150.066793,1.401618,-121.422900,0.986219,102.335200,225.633715,58.567700
2022-06-08,150.385144,1.432136,-121.432500,0.990955,102.561300,232.987134,58.284521
2022-06-09,150.032561,1.391468,-121.479000,0.990905,103.327900,230.449281,58.281442
2022-06-10,147.423411,1.375467,-121.496500,0.990448,104.192600,227.983683,58.137481
2022-06-11,,,,,,227.983683,
2022-06-12,,,,,,227.983683,
2022-06-13,146.574171,1.406365,-121.449600,0.986627,105.227700,229.329976,58.700006
2022-06-14,144.692530,1.432136,-121.413700,0.982976,105.480700,226.254210,58.446975
2022-06-15,144.789275,1.432605,-121.388500,0.981790,104.869400,221.023352,57.874416
2022-06-16,143.918035,1.438570,-121.427000,0.985368,103.832600,221.194514,58.180835
2022-06-17,142.175654,1.419927,-121.460100,0.985410,104.668200,207.514454,57.814717
2022-06-18,,,,,,207.514454,
2022-06-19,,,,,,207.514454,
2022-06-20,142.179631,1.434079,-121.385600,0.978362,104.504500,209.196691,57.794559
2022-06-21,141.992679,1.416327,-121.369000,0.976073,104.424400,210.719224,57.609680
2022-06-22,140.244641,1.428607,-121.389700,0.979064,104.216300,197.999672,57.796911
2022-06-23,135.670983,1.449913,-121.396100,0.978839,104.410500,188.612258,57.544724
2022-06-24,136.600482,1.438700,-121.317600,0.974782,104.130300,195.832410,57.315741
2022-06-25,,,,,,195.832410,
2022-06-26,,,,,,195.832410,
2022-06-27,135.924475,1.468564,-121.100900,0.965435,103.956900,201.310436,57.090835
2022-06-28,135.541449,1.475613,-121.049200,0.965205,104.500100,208.185837,56.960784
2022-06-29,135.822973,1.496517,-121.062400,0.965381,105.112900,203.833295,57.078977
2022-06-30,134.004814,1.503359,-121.142900,0.972324,104.705700,195.942373,56.729463
2022-07-01,,1.502461,-121.165400,0.974416,105.116000,202.096526,57.579439
2022-07-02,,,,,,202.096526,
2022-07-03,,,,,,202.096526,
2022-07-04,130.357514,1.537647,-121.006700,0.965849,105.176400,208.074052,57.598478
2022-07-05,125.783107,1.563344,-120.965400,0.958695,106.521000,185.105090,57.520977
2022-07-06,125.916913,1.583834,-121.018900,0.962273,107.082900,172.386950,57.769624
2022-07-07,129.290695,1.608517,-121.016600,0.960436,107.071600,183.232334,57.820993
2022-07-08,128.222821,1.605390,-120.964800,0.960437,106.895100,190.925138,57.806816
2022-07-09,,,,,,190.925138,
2022-07-10,,,,,,190.925138,
2022-07-11,125.884661,1.620172,-121.042300,0.962871,108.219300,189.167701,58.198962
2022-07-12,121.727274,1.625313,-121.171400,0.967243,108.157100,170.661950,58.225641
2022-07-13,123.673565,1.610488,-121.231000,0.966417,108.045200,172.097026,58.293258
2022-07-14,119.552354,1.593464,-121.338500,0.968223,108.637900,172.045944,58.520820
2022-07-15,120.066081,1.576541,-121.404400,0.968367,107.981700,175.333008,58.824143
2022-07-16,,,,,,175.333008,
2022-07-17,,,,,,175.333008,
2022-07-18,123.043987,1.566643,-121.442500,0.967334,107.460000,186.660975,59.047901
2022-07-19,121.995039,1.550094,-121.441100,0.963245,106.708900,190.831711,59.491965
2022-07-20,122.325940,1.565198,-121.551300,0.963708,107.034500,188.822354,59.633620
2022-07-21,121.747714,1.546639,-121.632300,0.967521,106.567300,182.020021,59.954232
2022-07-22,123.191016,1.517357,-121.558600,0.961147,106.551800,169.103251,59.766847
2022-07-23,,,,,,169.103251,
2022-07-24,,,,,,169.103251,
2022-07-25,124.029864,1.540686,-121.598100,0.958046,106.551800,172.179622,59.706991
2022-07-26,125.228071,1.551246,-121.685100,0.961103,107.235200,171.634413,59.668261
2022-07-27,126.568308,1.548393,-121.713500,0.964382,106.486100,178.327194,60.023578
2022-07-28,127.872694,1.513554,-121.630100,0.957172,106.165600,178.613071,60.235897
2022-07-29,129.618853,1.505346,-121.819800,0.964282,105.836100,182.809142,60.587132
2022-07-30,,,,,,182.809142,
2022-07-31,,,,,,182.809142,
2022-08-01,128.186738,1.522813,-122.011500,0.969121,105.388700,172.299097,60.577319
2022-08-02,127.798219,1.532247,-122.068000,0.970756,106.326700,172.211237,60.943131
2022-08-03,127.453794,1.488199,-122.117000,0.976809,106.400400,164.848097,61.248730
2022-08-04,128.196360,1.459855,-122.219600,0.983185,105.745300,156.131251,60.754526
2022-08-05,129.671559,1.461886,-122.108800,0.975842,106.571400,158.827497,60.623275
2022-08-06,,,,,,158.827497,
2022-08-07,,,,,,158.827497,
2022-08-08,130.517150,1.469382,-122.054100,0.968596,106.382700,163.489128,60.956390
2022-08-09,131.298524,1.458394,-121.989200,0.963889,106.311200,163.372691,60.764503
2022-08-10,132.944002,1.429445,-122.005000,0.963193,105.223000,164.864106,61.355170
2022-08-11,134.080191,1.428415,-121.988900,0.959076,105.106100,170.923817,60.879498
2022-08-12,133.651456,1.431449,-122.003300,0.963652,105.678800,167.246503,60.797078
2022-08-13,,,,,,167.246503,
2022-08-14,,,,,,167.246503,
2022-08-15,132.593504,1.437591,-122.519300,0.983452,106.515500,156.172286,60.914833
2022-08-16,132.329246,1.446495,-122.693900,0.988106,106.460200,153.847056,61.125050
2022-08-17,130.824245,1.459815,-122.687400,0.980920,106.648300,154.411624,60.785153
2022-08-18,132.210793,1.461745,-122.897600,0.989032,107.517000,163.482848,61.452265
2022-08-19,133.425097,1.443486,-122.983200,0.987570,108.110200,162.436511,61.328931
2022-08-20,,,,,,162.436511,
2022-08-21,,,,,,162.436511,
2022-08-22,132.725899,1.395019,-123.017200,0.984654,108.972800,163.850608,61.230750
2022-08-23,133.313687,1.414166,-122.919500,0.976527,108.539400,172.599069,61.487760
2022-08-24,131.782203,1.408255,-122.908600,0.977571,108.645600,176.613745,61.438412
2022-08-25,133.321579,1.436785,-122.706900,0.977259,108.425300,169.577927,61.135997
2022-08-26,133.128733,1.440085,-122.675600,0.977588,108.856400,169.233680,61.208464
2022-08-27,,,,,,169.233680,
2022-08-28,,,,,,169.233680,
2022-08-29,,1.461300,-122.808200,0.982575,108.781600,179.725484,61.485338
2022-08-30,129.673011,1.441741,-122.901500,0.990761,108.824900,168.155526,61.553592
2022-08-31,128.911577,1.453292,-122.902700,0.992627,108.679600,159.190505,60.839478
2022-09-01,126.238067,1.431117,-123.008300,0.996728,109.664900,152.048383,63.424276
2022-09-02,126.761740,1.409173,-123.056300,0.998913,109.612100,154.605090,63.858691
2022-09-03,,,,,,154.605090,
2022-09-04,,,,,,154.605090,
2022-09-05,128.027857,1.427318,-123.118300,0.999524,109.819000,159.705619,63.965846
2022-09-06,127.721374,1.438853,-123.156900,0.999936,110.238300,153.623409,63.998235
2022-09-07,126.879672,1.441991,-123.143400,0.997583,109.583100,140.005789,64.185312
2022-09-08,129.910826,1.432651,-123.103600,0.994635,109.652800,141.910579,64.166484
2022-09-09,130.305793,1.437531,-123.038800,0.993497,108.965500,151.573428,63.646338
2022-09-10,,,,,,151.573428,
2022-09-11,,,,,,151.573428,
2022-09-12,,,,,108.307600,156.250866,
2022-09-13,129.897718,1.422513,-122.979300,0.986371,109.918800,154.530014,63.409066
2022-09-14,129.168048,1.390109,-122.896900,0.984669,109.646100,157.118134,63.619011
2022-09-15,128.176480,1.366081,-122.916600,0.986301,109.685600,147.386070,63.365828
2022-09-16,129.372436,1.341774,-122.822700,0.979964,109.659700,149.151717,63.794320
2022-09-17,,,,,,149.151717,
2022-09-18,,,,,,149.151717,
2022-09-19,128.429861,1.373114,-122.816800,0.982417,109.594900,149.672196,63.525749
2022-09-20,127.970505,1.358334,-122.884800,0.988840,110.198600,147.403808,63.764849
2022-09-21,126.702080,1.376500,-122.953700,0.993837,111.373100,142.548215,64.196059
2022-09-22,127.212696,1.391133,-122.957400,0.996645,111.288900,143.313234,64.544757
2022-09-23,124.182175,1.410843,-122.853800,0.994006,113.032400,133.998074,64.244080
2022-09-24,,,,,,133.998074,
2022-09-25,,,,,,133.998074,
2022-09-26,122.343792,1.406608,-122.630700,0.982108,114.114600,126.910166,64.029213
2022-09-27,122.009319,1.406641,-122.623900,0.984016,114.159600,131.279632,63.921306
2022-09-28,124.486849,1.433867,-122.439400,0.985149,112.717700,140.124163,63.911811
2022-09-29,124.945822,1.396621,-122.353700,0.983512,111.969900,139.218078,63.919807
2022-09-30,124.653884,1.366606,-122.168400,0.981372,112.151100,134.792258,63.859676
2022-10-01,,,,,,134.792258,
2022-10-02,,,,,,134.792258,
2022-10-03,,,,,111.639200,142.732533,
2022-10-04,,,,,110.179800,150.754381,
2022-10-05,,,,,111.199200,155.786005,
2022-10-06,,,,,112.261200,158.702866,
2022-10-07,,,,,112.756200,167.908870,
2022-10-08,,,,,,167.908870,
2022-10-09,,,,,,167.908870,
2022-10-10,125.654321,1.369365,-122.336100,0.989605,113.157100,161.684788,64.379710
2022-10-11,125.902059,1.379135,-122.385800,0.992515,113.294100,156.035600,64.458730
2022-10-12,124.915960,1.386182,-122.377300,0.989295,113.266800,152.551031,64.533680
2022-10-13,125.772452,1.372879,-122.461000,0.994416,112.460100,158.235586,65.131430
2022-10-14,124.369586,1.325640,-122.633600,0.998388,113.309500,150.137421,64.688987
2022-10-15,,,,,,150.137421,
2022-10-16,,,,,,150.137421,
2022-10-17,124.662272,1.320173,-122.648100,0.997375,112.093100,151.515438,64.906324
2022-10-18,123.146504,1.341708,-122.649800,0.994962,112.030300,148.072927,65.107061
2022-10-19,122.479267,1.338884,-122.660000,0.997536,112.908900,152.867213,65.619584
2022-10-20,124.735942,1.313215,-122.580300,0.994727,112.827300,153.122390,65.806856
2022-10-21,126.015927,1.319711,-122.550100,0.992836,111.850500,155.321159,65.999588
2022-10-22,,,,,,155.321159,
2022-10-23,,,,,,155.321159,
2022-10-24,125.453412,1.323532,-122.595900,0.991403,112.008700,154.847397,67.072524
2022-10-25,124.798073,1.327142,-122.558000,0.991830,110.877500,153.930575,67.025882
2022-10-26,128.242189,1.323986,-122.609500,0.996817,109.698200,156.860608,67.176527
2022-10-27,127.952090,1.317450,-122.724300,1.003010,110.589400,158.426711,67.537957
2022-10-28,125.709618,1.317504,-122.842700,1.004069,110.676300,157.009474,67.710363
2022-10-29,,,,,,157.009474,
2022-10-30,,,,,,157.009474,
2022-10-31,124.404311,1.297806,-122.991600,1.007519,111.603600,153.440394,68.288267
2022-11-01,127.195612,1.287168,-122.882600,1.001687,111.560900,158.420633,68.805354
2022-11-02,126.924717,1.315808,-122.777200,0.996819,112.119300,160.159526,68.559657
2022-11-03,126.345911,1.327379,-122.789900,0.997242,112.984200,157.463791,69.062668
2022-11-04,134.309795,1.337447,-122.690300,0.995005,110.783900,168.098793,68.075193
2022-11-05,,,,,,168.098793,
2022-11-06,,,,,,168.098793,
2022-11-07,131.564273,1.326056,-122.682700,0.994052,110.187200,166.285413,67.940915
2022-11-08,133.150984,1.380820,-122.666300,0.990796,109.634200,159.110149,68.208557
2022-11-09,133.859343,1.354862,-122.638600,0.992174,110.427800,152.361736,68.657286
2022-11-10,135.571235,1.352130,-122.599700,0.992633,107.884700,154.794594,68.783312
2022-11-11,140.070106,1.374616,-122.371600,0.988306,106.408300,160.954431,67.679096
2022-11-12,,,,,,160.954431,
2022-11-13,,,,,,160.954431,
2022-11-14,137.892397,1.346637,-121.550300,0.966880,106.898600,152.662203,67.550881
2022-11-15,137.543459,1.349060,-121.574000,0.985416,106.562900,155.902542,67.250769
2022-11-16,136.423335,1.344216,-121.411300,0.985654,106.293400,152.777430,67.460041
2022-11-17,134.436794,1.363286,-121.555900,1.026579,106.678400,146.050398,67.790096
2022-11-18,133.503828,1.364676,-121.554300,1.036972,106.967800,140.134590,67.841339
2022-11-19,,,,,,140.134590,
2022-11-20,,,,,,140.134590,
2022-11-21,131.711296,1.369531,-121.633500,1.048686,107.822600,140.339802,68.310483
2022-11-22,133.800512,1.347373,-121.593900,1.051047,107.168700,140.064561,67.974000
2022-11-23,134.383490,1.350584,-121.774300,1.060910,106.143700,131.980382,67.856896
2022-11-24,134.662446,1.342340,-121.899100,1.059473,105.861700,133.567060,68.129526
2022-11-25,134.044659,1.354781,-121.666100,1.052533,106.072400,130.501023,67.729201
2022-11-26,,,,,,130.501023,
2022-11-27,,,,,,130.501023,
2022-11-28,134.690298,1.353689,-121.479100,1.047384,106.675200,128.743594,68.142938
2022-11-29,136.295502,1.347360,-121.184800,1.038371,106.812600,133.103230,67.227207
2022-11-30,139.320730,1.351860,-121.140100,1.045723,105.976500,137.499753,67.174605
2022-12-01,139.559050,1.359458,-121.225100,1.057206,104.703600,139.343523,66.851403
2022-12-02,141.120688,1.339044,-121.241100,1.066926,104.509800,134.745533,67.176848
2022-12-03,,,,,,134.745533,
2022-12-04,,,,,,134.745533,
2022-12-05,139.322549,1.347017,-121.165800,1.069408,105.272000,128.589953,66.562766
2022-12-06,139.665576,1.316166,-120.992000,1.077973,105.564100,120.246853,66.236226
2022-12-07,140.960898,1.296477,-121.049900,1.103845,105.198300,114.320199,66.247387
2022-12-08,141.214585,1.277669,-121.099400,1.118569,104.815600,112.081807,66.096562
2022-12-09,140.696308,1.294407,-121.008100,1.123594,104.925700,112.870331,65.712685
2022-12-10,,,,,,112.870331,
2022-12-11,,,,,,112.870331,
2022-12-12,137.875294,1.295273,-120.995900,1.131666,105.011600,116.094351,66.127503
2022-12-13,138.734378,1.271191,-120.873400,1.142535,104.015800,122.085863,66.078161
2022-12-14,139.450947,1.281161,-121.097900,1.166404,103.628600,128.238706,65.824611
2022-12-15,136.652198,1.289181,-121.069500,1.173580,104.605700,124.801971,65.976400
2022-12-16,136.720344,1.273134,-121.051400,1.166008,104.846600,119.190282,65.753784
2022-12-17,,,,,,119.190282,
2022-12-18,,,,,,119.190282,
2022-12-19,136.908685,1.243445,-121.235400,1.176647,104.679100,121.175126,65.832773
2022-12-20,138.162837,1.235587,-121.249500,1.172902,103.966500,120.142270,66.415585
2022-12-21,138.698973,1.225839,-121.278000,1.169059,104.259800,127.705157,66.183331
2022-12-22,137.072757,1.205580,-121.356000,1.180631,104.381000,126.769084,65.728635
2022-12-23,138.116649,1.196123,-121.461100,1.192003,104.323500,132.294231,65.726320
2022-12-24,,,,,,132.294231,
2022-12-25,,,,,,132.294231,
2022-12-26,,,-121.418600,1.185401,104.168100,132.667356,65.983496
2022-12-27,,1.189646,-121.323000,1.172391,104.201300,134.296999,65.613282
2022-12-28,137.953819,1.195476,-121.348000,1.172108,104.529100,130.747168,65.630486
2022-12-29,138.313154,1.203350,-121.470800,1.181367,103.974700,130.580162,65.732747
2022-12-30,136.191688,1.212975,-121.526700,1.186420,103.489500,136.334436,65.672589
2022-12-31,,,,,,136.334436,
2023-01-01,,,,,,136.334436,
2023-01-02,,,,,103.768300,136.254988,
2023-01-03,135.895671,1.226095,-121.579000,1.178779,104.674400,127.261793,66.049091
2023-01-04,135.053000,1.207877,-121.675400,1.174841,104.266900,116.216974,66.018231
2023-01-05,138.219695,1.190692,-121.643900,1.164790,105.122800,118.114461,65.383823
2023-01-06,140.224739,1.169438,-121.560000,1.152256,103.909100,117.396571,65.186565
2023-01-07,,,,,,117.396571,
2023-01-08,,,,,,117.396571,
2023-01-09,142.685744,1.158122,-121.526600,1.146669,103.189200,120.675920,64.953348
2023-01-10,144.816616,1.141183,-121.371100,1.137145,103.289500,120.276235,64.865557
2023-01-11,147.565249,1.135354,-121.352100,1.140537,103.247200,129.243474,64.765642
2023-01-12,147.263375,1.138823,-121.377000,1.146246,102.254200,131.578038,64.668689
2023-01-13,149.058157,1.149080,-121.295100,1.139741,102.168200,135.898856,64.233000
2023-01-14,,,,,,135.898856,
2023-01-15,,,,,,135.898856,
2023-01-16,146.992620,1.150896,-121.126400,1.129224,102.364000,132.334032,63.802145
2023-01-17,149.642111,1.139322,-121.199200,1.134135,102.389400,139.004416,63.858691
2023-01-18,149.309362,1.127370,-121.154300,1.138727,102.405200,133.917765,64.027643
2023-01-19,149.741174,1.126423,-121.147800,1.134313,102.071200,138.384821,64.015257
2023-01-20,150.263248,1.130537,-121.116500,1.136555,101.996600,141.620802,63.992779
2023-01-21,,,,,,141.620802,
2023-01-22,,,,,,141.620802,
2023-01-23,,,,,102.031800,142.709702,
2023-01-24,,,,,101.908100,138.564906,
2023-01-25,,,,,101.642700,137.787630,
2023-01-26,,,,,101.816700,141.116031,
2023-01-27,,,,,101.922000,137.945310,
2023-01-28,,,,,,137.945310,
2023-01-29,,,,,,137.945310,
2023-01-30,149.277405,1.145669,-121.133100,1.128047,102.230400,133.981607,63.960477
2023-01-31,151.237658,1.132734,-121.162700,1.132131,102.103700,136.141869,64.478515
2023-02-01,148.451850,1.145346,-121.121200,1.132015,101.154700,129.827896,64.452596
2023-02-02,148.068250,1.139400,-121.135400,1.132148,101.747800,127.455530,64.656288
2023-02-03,146.761663,1.130436,-121.157000,1.134501,102.995900,121.841911,65.041016
2023-02-04,,,,,,121.841911,
2023-02-05,,,,,,121.841911,
2023-02-06,147.425603,1.108849,-121.121100,1.127908,103.633300,125.577099,65.510700
2023-02-07,147.565077,1.130761,-121.133300,1.121990,103.346100,132.139969,65.584821
2023-02-08,146.907429,1.110455,-121.139800,1.118314,103.479400,134.457307,65.589526
2023-02-09,146.815769,1.080255,-121.151100,1.117007,103.221000,132.161351,65.445158
2023-02-10,145.304447,1.089534,-121.153900,1.115516,103.575700,138.440159,65.628636
2023-02-11,,,,,,138.440159,
2023-02-12,,,,,,138.440159,
2023-02-13,146.233401,1.082780,-121.160000,1.109408,103.271700,136.546524,65.552281
2023-02-14,146.920934,1.093903,-121.167200,1.104975,103.260300,135.215426,65.598387
2023-02-15,145.120612,1.100460,-121.163300,1.100811,103.862000,135.615204,65.828346
2023-02-16,147.428196,1.109555,-121.184000,1.094985,104.024600,134.215302,65.660824
2023-02-17,147.442068,1.131056,-121.175100,1.089602,103.881200,129.828408,66.047793
2023-02-18,,,,,,129.828408,
2023-02-19,,,,,,129.828408,
2023-02-20,147.712379,1.137502,-121.083900,1.075130,103.890300,131.677449,65.425831
2023-02-21,148.277402,1.137901,-121.010600,1.071542,104.204300,128.938843,65.441395
2023-02-22,147.295336,1.162435,-121.043500,1.075285,104.528100,123.479664,65.853533
2023-02-23,144.279737,1.142884,-121.026900,1.070253,104.610500,127.829369,65.741661
2023-02-24,141.996074,1.152533,-121.027900,1.066657,105.261800,129.341971,66.191649
2023-02-25,,,,,,129.341971,
2023-02-26,,,,,,129.341971,
2023-02-27,143.634061,1.153146,-121.013700,1.060484,104.652200,127.363716,66.189412
2023-02-28,145.853334,1.140432,-121.011600,1.059884,104.986800,130.085600,66.159689
2023-03-01,147.528791,1.147417,-121.028800,1.057589,104.386200,133.488588,65.801684
2023-03-02,145.001005,1.133473,-120.999400,1.053457,104.979500,133.268073,65.861745
2023-03-03,144.832746,1.134376,-120.978200,1.048490,104.528800,137.632469,65.726482
2023-03-04,,,,,,137.632469,
2023-03-05,,,,,,137.632469,
2023-03-06,145.524069,1.123613,-121.121400,1.054504,104.269400,138.268377,65.995371
2023-03-07,143.326144,1.135117,-121.163200,1.056599,105.628600,130.239125,66.132436
2023-03-08,144.034526,1.145746,-121.161000,1.052731,105.692800,128.960822,66.494119
2023-03-09,143.434267,1.150774,-121.192800,1.049988,105.243200,126.465027,66.645724
2023-03-10,142.490753,1.151694,-121.261700,1.049295,104.650200,129.002174,66.937941
2023-03-11,,,,,,129.002174,
2023-03-12,,,,,,129.002174,
2023-03-13,144.295029,1.164578,-121.258600,1.044928,103.618600,124.485657,66.695910
2023-03-14,142.531687,1.159234,-121.288300,1.041840,103.671200,116.502820,66.747393
2023-03-15,139.353476,1.152985,-121.278100,1.036831,104.754900,108.085132,66.842936
2023-03-16,139.576502,1.159203,-121.378900,1.037380,104.447200,108.044089,66.777705
2023-03-17,140.425129,1.167721,-121.439800,1.034430,103.863700,103.663576,66.840632
2023-03-18,,,,,,103.663576,
2023-03-19,,,,,,103.663576,
2023-03-20,141.520857,1.157569,-121.529500,1.039295,103.299200,106.455078,67.033496
2023-03-21,142.430316,1.159672,-121.511500,1.036077,103.219700,109.680314,66.742469
2023-03-22,143.909663,1.158476,-121.468000,1.028359,102.560800,111.392856,66.704488
2023-03-23,144.746755,1.155054,-121.455400,1.028963,102.606800,110.668275,66.489828
2023-03-24,144.340515,1.163188,-121.397500,1.024097,103.106000,109.567111,66.628541
2023-03-25,,,,,,109.567111,
2023-03-26,,,,,,109.567111,
2023-03-27,145.062625,1.151074,-121.458600,1.023959,102.844400,117.579540,66.873983
2023-03-28,144.760304,1.149389,-121.448900,1.023552,102.422000,119.258334,66.742615
2023-03-29,145.044030,1.165202,-121.451800,1.025348,102.652600,116.994505,66.677394
2023-03-30,145.105810,1.162796,-121.465300,1.026497,102.178600,119.614442,66.377297
2023-03-31,144.932221,1.167793,-121.449000,1.023445,102.597000,123.099213,66.695950
2023-04-01,,,,,,123.099213,
2023-04-02,,,,,,123.099213,
2023-04-03,143.793260,1.180800,-121.415800,1.021525,102.065400,135.377641,66.775017
2023-04-04,142.073739,1.181177,-121.399000,1.017892,101.578800,136.371587,66.567224
2023-04-05,,,,,101.895900,135.553974,
2023-04-06,143.887996,1.163006,-121.388400,1.013534,101.917200,135.939263,66.730258
2023-04-07,,,-121.430300,1.010483,102.105300,135.547694,66.668724
2023-04-08,,,,,,135.547694,
2023-04-09,,,,,,135.547694,
2023-04-10,,1.163902,-121.468400,1.011383,102.552900,133.552222,66.385994
2023-04-11,144.158524,1.153480,-121.592200,1.013654,102.151300,136.800670,66.409316
2023-04-12,144.824248,1.154001,-121.697200,1.014060,101.529700,140.901586,66.683910
2023-04-13,146.217572,1.141746,-121.663500,1.009716,101.014800,138.619616,66.713515
2023-04-14,145.848537,1.132520,-121.657300,1.006655,101.577500,139.237793,66.683910
2023-04-15,,,,,,139.237793,
2023-04-16,,,,,,139.237793,
2023-04-17,144.944073,,-121.588200,0.998365,102.104100,134.823834,66.370077
2023-04-18,145.021475,1.111097,-121.616200,0.997423,101.736800,134.901461,66.140793
2023-04-19,144.859370,1.114012,-121.682900,1.001083,101.950000,129.763030,66.298746
2023-04-20,143.559442,1.106046,-121.699400,0.997626,101.787900,124.612133,66.505051
2023-04-21,142.360251,1.110116,-121.746800,0.996112,101.720100,126.789419,66.509123
2023-04-22,,,,,,126.789419,
2023-04-23,,,,,,126.789419,
2023-04-24,141.780963,1.121218,-121.829500,0.996273,101.341100,128.383997,66.974327
2023-04-25,138.861262,1.117841,-121.845900,0.997977,101.847600,123.966395,67.220640
2023-04-26,139.034231,1.122074,-121.885700,1.001416,101.445300,116.932197,67.411224
2023-04-27,139.742476,1.125232,-122.031100,1.008534,101.481200,118.158512,66.993037
2023-04-28,140.136257,1.146355,-122.052200,1.006105,101.664500,123.203710,67.597298
2023-04-29,,,,,,123.203710,
2023-04-30,,,,,,123.203710,
2023-05-01,,,,,102.100700,120.949510,
2023-05-02,,,,,101.953500,110.373792,
2023-05-03,,,,,101.272800,102.079130,
2023-05-04,139.398445,1.149828,-122.181500,1.005759,101.433700,103.600950,69.646568
2023-05-05,140.004836,1.143529,-122.341400,1.009304,101.290400,110.938453,69.457486
2023-05-06,,,,,,110.938453,
2023-05-07,,,,,,110.938453,
2023-05-08,,1.145323,-122.280900,1.000686,101.390800,114.295430,69.190215
2023-05-09,140.507459,1.144342,-122.291800,1.002320,101.654900,116.026616,69.223290
2023-05-10,138.805351,1.168642,-122.415100,1.006447,101.437500,113.935275,69.535188
2023-05-11,134.683810,1.173276,-122.572500,1.016155,102.078900,110.980410,69.493072
2023-05-12,135.687820,1.168284,-122.540300,1.012476,102.704000,107.969804,69.760367
2023-05-13,,,,,,107.969804,
2023-05-14,,,,,,107.969804,
2023-05-15,136.407221,1.160763,-122.487800,1.008866,102.437700,111.765074,69.233771
2023-05-16,133.595353,1.172614,-122.457100,1.005122,102.604900,110.126097,69.154866
2023-05-17,135.982756,1.184665,-122.417400,1.003876,102.883200,115.302430,69.503858
2023-05-18,133.984527,1.178839,-122.370500,0.999832,103.552900,113.470708,69.775596
2023-05-19,135.337643,1.170286,-122.429700,1.005044,103.192100,112.694037,69.949283
2023-05-20,,,,,,112.694037,
2023-05-21,,,,,,112.694037,
2023-05-22,134.116903,1.165139,-122.485500,1.010542,103.246100,114.476685,69.602939
2023-05-23,133.474750,1.159408,-122.615300,1.019409,103.529900,118.199306,69.900847
2023-05-24,131.573519,1.156210,-122.621300,1.016197,103.910200,119.900404,70.378619
2023-05-25,132.885287,1.161599,-122.581500,1.013113,104.226900,114.512975,70.417440
2023-05-26,,1.167588,-122.508500,1.011354,104.213400,117.298903,70.732292
2023-05-27,,,,,,117.298903,
2023-05-28,,,,,,117.298903,
2023-05-29,,1.165914,-122.519300,1.012411,104.290700,116.939252,70.899294
2023-05-30,134.926431,1.146510,-122.565200,1.018112,104.049400,108.584298,71.127102
2023-05-31,135.115200,1.148210,-122.610600,1.019705,104.220800,104.270465,71.656077
2023-06-01,137.084826,1.157284,-122.704300,1.027931,103.551500,109.921878,71.579742
2023-06-02,137.426607,1.108158,-122.635700,1.024981,104.046000,115.375778,71.009657
2023-06-03,,,,,,115.375778,
2023-06-04,,,,,,115.375778,
2023-06-05,138.460166,1.123355,-122.624800,1.026094,104.011500,115.488679,71.317492
2023-06-06,138.411112,1.136097,-122.689800,1.032930,104.150800,114.628093,71.093702
2023-06-07,138.042659,1.141176,-122.753100,1.035289,104.124100,116.357761,71.361560
2023-06-08,138.566200,1.140486,-122.733800,1.029634,103.320400,113.561584,70.823127
2023-06-09,137.653429,1.129429,-122.832400,1.032963,103.556200,112.350573,70.889605
2023-06-10,,,,,,112.350573,
2023-06-11,,,,,,112.350573,
2023-06-12,137.338854,1.125188,-122.880300,1.035382,103.627500,104.577111,70.897182
2023-06-13,139.154848,1.132448,-123.089400,1.039365,103.288500,110.012567,70.768988
2023-06-14,140.434653,1.134820,-123.197400,1.045094,103.013900,108.821008,70.893477
2023-06-15,141.000058,1.147498,-122.990200,1.033531,102.141500,113.957718,70.170827
2023-06-16,141.815203,1.147705,-122.793200,1.026907,102.315300,115.714845,70.004837
2023-06-17,,,,,,115.714845,
2023-06-18,,,,,,115.714845,
2023-06-19,141.433738,1.146075,-122.629400,1.023371,102.496900,115.035167,70.523996
2023-06-20,142.247363,1.142860,-122.703100,1.028107,102.539400,113.100087,70.548024
2023-06-21,142.622370,1.140581,-122.784100,1.035871,102.085900,117.175466,70.590264
2023-06-22,,,,,102.400900,110.093032,
2023-06-23,,,,,102.881700,110.762283,
2023-06-24,,,,,,110.762283,
2023-06-25,,,,,,110.762283,
2023-06-26,140.387876,1.149861,-122.840400,1.038618,102.700600,110.463738,70.755508
2023-06-27,139.931271,1.128917,-122.791300,1.035830,102.508000,106.766655,70.703987
2023-06-28,139.225640,1.129056,-122.833600,1.043451,102.998400,109.203266,70.597336
2023-06-29,138.219283,1.128681,-122.875600,1.045694,103.378800,110.694378,70.948779
2023-06-30,140.228872,1.100769,-123.020300,1.052194,103.378800,112.499447,71.016733
2023-07-01,,,,,,112.499447,
2023-07-02,,,,,,112.499447,
2023-07-03,141.016158,1.096114,-123.016100,1.049410,102.973000,111.914412,68.376993
2023-07-04,140.672943,1.107214,-123.015900,1.051478,103.104200,114.865021,68.461493
2023-07-05,139.160317,1.123546,-123.041400,1.050513,103.361000,115.907908,68.598791
2023-07-06,138.755216,1.126105,-123.085600,1.051349,103.112600,116.652941,68.814858
2023-07-07,140.063897,1.123529,-123.110200,1.050675,102.225430,121.064054,68.809359
2023-07-08,,,,,,121.064054,
2023-07-09,,,,,,121.064054,
2023-07-10,139.895492,1.127765,-123.122500,1.047614,101.952700,119.703070,68.598213
2023-07-11,138.689749,1.106632,-123.189000,1.046866,101.650900,123.729297,68.483584
2023-07-12,141.216380,1.101680,-123.198600,1.042504,100.594800,126.013391,68.404119
2023-07-13,143.657760,1.075184,-123.213000,1.038368,99.756900,129.416178,67.973474
2023-07-14,143.156027,1.085347,-123.175100,1.036397,99.963300,124.322340,67.973474
2023-07-15,,,,,,124.322340,
2023-07-16,,,,,,124.322340,
2023-07-17,,1.083927,-123.235400,1.037555,99.898200,121.736856,68.208660
2023-07-18,140.728966,1.092673,-123.338900,1.037805,99.944700,124.859541,68.391477
2023-07-19,140.123473,1.096053,-123.370000,1.038534,100.289100,124.004034,68.414115
2023-07-20,140.354084,1.095485,-123.389400,1.037509,100.827400,124.147938,68.406301
2023-07-21,140.577033,1.095327,-123.503900,1.038561,101.085700,127.252079,68.429065
2023-07-22,,,,,,127.252079,
2023-07-23,,,,,,127.252079,
2023-07-24,142.072192,1.105666,-123.630900,1.037356,101.390500,132.119425,68.627495
2023-07-25,143.980258,1.089836,-123.208800,1.025737,101.267500,132.084972,67.740010
2023-07-26,143.439915,1.071017,-123.296900,1.029190,101.027600,131.814290,67.686551
2023-07-27,142.025877,1.068394,-123.414700,1.035939,101.760000,133.739850,67.548744
2023-07-28,143.878939,1.071719,-123.357000,1.034041,101.713000,135.750029,66.823955
2023-07-29,,,,,,135.750029,
2023-07-30,,,,,,135.750029,
2023-07-31,146.226983,1.090462,-123.265700,1.029148,101.878400,138.152390,66.822066
2023-08-01,143.721515,1.090541,-123.305300,1.035477,102.212500,139.223249,67.005910
2023-08-02,141.941646,1.095106,-123.361900,1.036455,102.634800,133.815546,67.276226
2023-08-03,144.114853,1.094166,-123.435800,1.042954,102.478900,138.580643,66.923512
2023-08-04,142.858656,1.100633,-123.444500,1.039192,102.003700,140.963544,66.896156
2023-08-05,,,,,,140.963544,
2023-08-06,,,,,,140.963544,
2023-08-07,141.946183,1.127368,-123.462800,1.038033,102.073100,139.995555,67.086897
2023-08-08,140.439871,1.122037,-123.476100,1.035872,102.536700,140.896562,67.074147
2023-08-09,140.798440,1.129295,-123.479700,1.034815,102.503200,144.337755,67.002086
2023-08-10,140.025902,1.124072,-123.450200,1.029862,102.639100,141.149002,66.959845
2023-08-11,139.839387,1.130691,-123.475600,1.027673,102.877000,142.441686,67.487034
2023-08-12,,,,,,142.441686,
2023-08-13,,,,,,142.441686,
2023-08-14,139.704562,1.129350,-123.598200,1.029118,103.163300,141.181222,67.911088
2023-08-15,138.301734,1.119527,-123.825300,1.030954,103.206600,138.339754,67.815345
2023-08-16,138.228048,1.133945,-123.906800,1.034804,103.444900,133.792947,67.809018
2023-08-17,138.540070,1.129055,-123.892300,1.033257,103.422800,134.874350,67.904368
2023-08-18,139.041764,1.126008,-123.945300,1.033391,103.443300,137.478270,67.922353
2023-08-19,,,,,,137.478270,
2023-08-20,,,,,,137.478270,
2023-08-21,139.108730,1.123612,-124.173400,1.034761,103.334400,136.920292,68.323315
2023-08-22,140.082057,1.135034,-124.151100,1.029101,103.600100,135.176639,68.188961
2023-08-23,140.213869,1.120222,-124.165400,1.024993,103.376300,132.954667,68.441155
2023-08-24,138.533993,1.116127,-124.176600,1.025144,103.986500,133.361647,68.123244
2023-08-25,138.797831,1.128467,-124.108100,1.018335,104.193900,136.083329,67.894261
2023-08-26,,,,,,136.083329,
2023-08-27,,,,,,136.083329,
2023-08-28,,1.136657,-123.964800,1.006287,104.009300,134.863605,67.576301
2023-08-29,139.598593,1.133657,-123.900400,1.007329,103.468100,137.641734,67.898220
2023-08-30,139.597458,1.135447,-123.922500,1.013131,103.165900,138.407156,68.036875
2023-08-31,139.416012,1.136141,-123.968900,1.020950,103.627900,142.327281,68.113771
2023-09-01,,1.151498,-123.808500,1.012705,104.275500,147.924984,68.574596
2023-09-02,,,,,,147.924984,
2023-09-03,,,,,,147.924984,
2023-09-04,139.627402,1.162535,-123.506900,1.004303,104.120300,148.015682,68.337712
2023-09-05,139.570000,1.159856,-123.465000,1.008268,104.796800,150.716284,68.522793
2023-09-06,137.863255,1.157246,-123.287900,1.004805,104.837100,152.245500,68.763183
2023-09-07,137.751225,1.167871,-123.186700,1.010953,105.059700,150.100643,69.028170
2023-09-08,,1.169571,-123.173900,1.024459,105.065000,151.770723,69.301564
2023-09-09,,,,,,151.770723,
2023-09-10,,,,,,151.770723,
2023-09-11,139.295742,1.164139,-123.130800,1.034785,104.539900,152.292520,69.289874
2023-09-12,139.030317,1.171386,-123.190200,1.044473,104.570600,155.734930,69.342958
2023-09-13,138.949669,1.164812,-123.245500,1.044209,104.774800,156.314290,69.301564
2023-09-14,139.539785,1.157038,-123.362400,1.039638,105.344700,161.572297,69.244810
2023-09-15,139.415660,1.165377,-123.219900,1.035631,105.335900,161.738396,69.578197
2023-09-16,,,,,,161.738396,
2023-09-17,,,,,,161.738396,
2023-09-18,138.697371,1.164714,-123.092600,1.024030,105.079500,159.544186,69.362105
2023-09-19,137.838853,1.162698,-123.061800,1.024643,105.150200,159.225267,69.238017
2023-09-20,138.008471,1.150233,-123.026700,1.022532,105.357900,156.718518,69.234071
2023-09-21,136.839620,1.144481,-123.087100,1.025389,105.381100,157.139484,69.535946
2023-09-22,136.972045,1.151725,-123.001100,1.022835,105.609800,157.434083,69.137759
2023-09-23,,,,,,157.434083,
2023-09-24,,,,,,157.434083,
2023-09-25,136.397374,1.160031,-122.867500,1.015185,105.948500,156.275263,69.308638
2023-09-26,136.440567,1.156075,-122.794400,1.012285,106.178600,157.561978,69.467725
2023-09-27,136.540973,1.160034,-122.788000,1.014338,106.705100,162.528231,69.521773
2023-09-28,137.921955,,-122.907500,1.021497,106.134600,159.247253,69.854533
2023-09-29,,,,,106.191900,156.407313,
2023-09-30,,,,,,156.407313,
2023-10-01,,,,,,156.407313,
2023-10-02,,,,,107.031500,152.238500,
2023-10-03,,,,,107.074000,153.929047,
2023-10-04,,,,,106.799400,141.157096,
2023-10-05,,,,,106.338300,136.146962,
2023-10-06,,,,,106.107100,136.737470,
2023-10-07,,,,,,136.737470,
2023-10-08,,,,,,136.737470,
2023-10-09,135.156018,1.163997,-122.966200,1.013967,106.072600,146.542091,69.882556
2023-10-10,134.302346,1.172716,-122.877400,1.006210,105.772700,145.193968,70.132027
2023-10-11,134.940092,1.180917,-122.719400,0.998242,105.713700,139.628996,70.079106
2023-10-12,134.073358,1.182717,-122.686900,0.997433,106.580400,141.336979,69.845137
2023-10-13,134.137799,1.176603,-122.815600,1.004827,106.676700,153.022668,70.215458
2023-10-14,,,,,,153.022668,
2023-10-15,,,,,,153.022668,
2023-10-16,134.458694,1.175521,-122.838800,1.003810,106.195700,151.407514,70.475204
2023-10-17,134.644186,1.173240,-122.769600,0.995947,106.188200,153.323747,70.248680
2023-10-18,135.402021,1.182812,-122.726500,0.993269,106.568300,154.683523,70.135864
2023-10-19,135.660724,1.182431,-122.590900,0.986606,106.230500,158.838048,70.843634
2023-10-20,134.637172,1.195081,-122.614900,0.987948,106.155400,157.339641,70.856309
2023-10-21,,,,,,157.339641,
2023-10-22,,,,,,157.339641,
2023-10-23,,1.182488,-122.709900,0.997077,105.597700,152.367402,70.616981
2023-10-24,136.484480,1.199376,-122.619900,0.994828,106.268300,146.170679,70.856961
2023-10-25,134.939017,1.199260,-122.686400,1.008536,106.557900,148.837636,70.886275
2023-10-26,135.150257,1.204720,-122.706800,1.012966,106.622700,144.412327,70.843647
2023-10-27,136.781228,1.202184,-122.662900,1.008773,106.579000,149.085106,70.669420
2023-10-28,,,,,,149.085106,
2023-10-29,,,,,,149.085106,
2023-10-30,137.438786,1.189382,-122.690700,1.010493,106.136900,142.480186,70.635023
2023-10-31,137.222337,1.200095,-122.789000,1.015085,106.722700,140.171562,70.749189
2023-11-01,136.808285,1.200236,-122.814100,1.010342,106.660000,138.435204,70.428044
2023-11-02,138.433384,1.197470,-122.964600,1.012362,106.139900,143.794251,70.391056
2023-11-03,137.938046,1.202261,-122.936300,1.005870,105.054100,139.344119,70.324670
2023-11-04,,,,,,139.344119,
2023-11-05,,,,,,139.344119,
2023-11-06,139.088839,1.207299,-122.951700,1.000892,105.284300,139.429444,70.217560
2023-11-07,138.185436,1.177067,-122.943200,0.996071,105.511800,129.806219,70.460667
2023-11-08,137.344438,1.165920,-122.957300,0.991130,105.532100,125.429559,70.710347
2023-11-09,137.492501,1.147120,-123.004600,0.991318,105.920100,125.828027,70.614517
2023-11-10,136.475948,1.150967,-123.048600,0.986644,105.810200,130.675813,70.808794
2023-11-11,,,,,,130.675813,
2023-11-12,,,,,,130.675813,
2023-11-13,138.662914,1.171872,-123.110800,0.985788,105.670300,133.198160,71.193510
2023-11-14,139.245214,1.163676,-123.066900,0.980238,104.076500,132.374369,71.279076
2023-11-15,140.344121,1.168688,-123.043500,0.979792,104.400500,129.131495,71.091065
2023-11-16,140.005224,1.165312,-123.116100,0.980746,104.375700,120.231425,71.239193
2023-11-17,141.446375,1.178456,-123.165100,0.977536,103.821800,128.132991,71.502371
2023-11-18,,,,,,128.132991,
2023-11-19,,,,,,128.132991,
2023-11-20,143.444857,1.171330,-123.144400,0.972105,103.489200,131.549260,71.625979
2023-11-21,143.614522,1.164420,-123.114700,0.966540,103.609200,132.640888,71.338693
2023-11-22,142.460724,1.155361,-123.027600,0.962476,103.873100,130.896119,71.500424
2023-11-23,142.882161,1.161138,-122.863700,0.955512,103.760900,129.487091,71.512446
2023-11-24,143.815802,1.145323,-122.856500,0.957139,103.435900,126.991397,71.495691
2023-11-25,,,,,,126.991397,
2023-11-26,,,,,,126.991397,
2023-11-27,142.888809,1.155384,-122.764400,0.953080,103.216300,126.680789,71.776104
2023-11-28,143.950761,1.150254,-122.836800,0.955168,102.730900,130.255754,71.805708
2023-11-29,144.053829,1.145032,-122.867300,0.955475,102.861800,133.096516,72.075043
2023-11-30,144.765142,1.134520,-122.950500,0.959715,103.506400,126.721243,71.856897
2023-12-01,146.842133,1.148979,-122.933000,0.956633,103.195200,124.711776,72.278709
2023-12-02,,,,,,124.711776,
2023-12-03,,,,,,124.711776,
2023-12-04,144.277346,1.133168,-122.900200,0.952508,103.635400,121.252442,72.535236
2023-12-05,142.279297,1.134631,-122.889900,0.950179,103.947400,118.200088,72.864561
2023-12-06,141.186858,1.117005,-122.869700,0.950934,104.177900,111.281420,72.915093
2023-12-07,142.282473,1.109601,-122.890800,0.953054,103.646700,111.993636,73.008868
2023-12-08,143.293384,1.115622,-122.935300,0.960012,103.998000,114.766190,72.841070
2023-12-09,,,,,,114.766190,
2023-12-10,,,,,,114.766190,
2023-12-11,142.353560,1.122767,-123.040900,0.965046,104.081100,115.602859,72.942400
2023-12-12,142.044809,1.132404,-123.042700,0.968357,103.812300,108.206785,72.891106
2023-12-13,141.964680,1.133153,-123.177000,0.976996,102.946800,111.500733,73.494480
2023-12-14,144.581694,1.124350,-123.201400,0.974735,101.951300,116.768369,73.611832
2023-12-15,144.771575,1.095226,-123.369000,0.974825,102.593600,117.748019,73.540557
2023-12-16,,,,,,117.748019,
2023-12-17,,,,,,117.748019,
2023-12-18,144.271112,1.118724,-123.464200,0.974092,102.502300,120.966053,73.359561
2023-12-19,145.819841,1.131713,-123.453000,0.966565,102.123400,124.556011,73.281108
2023-12-20,145.489150,1.133736,-123.468300,0.963026,102.426800,124.216719,73.356471
2023-12-21,145.684548,1.133350,-123.639400,0.960945,101.746800,124.426791,72.998598
2023-12-22,144.642941,1.134734,-123.738200,0.964321,101.703100,124.226231,72.548162
2023-12-23,,,,,,124.226231,
2023-12-24,,,,,,124.226231,
2023-12-25,,,-123.914700,0.965038,101.702700,124.177994,72.448611
2023-12-26,,1.129461,-123.938600,0.975236,101.459500,128.572594,72.366995
2023-12-27,146.459251,1.125662,-124.010200,0.976742,100.943800,125.098771,72.438452
2023-12-28,145.770003,1.136926,-124.015600,0.976323,101.241800,120.638297,71.744946
2023-12-29,145.379280,1.134062,-123.999700,0.962947,101.377800,119.643545,71.830241
2023-12-30,,,,,,119.643545,
2023-12-31,,,,,,119.643545,
2024-01-01,,,,,101.322000,119.724412,
2024-01-02,145.685055,1.121120,-123.940700,0.949224,102.246000,117.137207,71.303675
2024-01-03,145.223706,1.109477,-123.883700,0.944563,102.469100,123.117066,71.338971
2024-01-04,144.859373,1.096417,-124.007200,0.946239,102.425300,121.445769,71.653024
2024-01-05,144.419082,1.088354,-124.150600,0.945954,102.439500,124.359490,71.367239
2024-01-06,,,,,,124.359490,
2024-01-07,,,,,,124.359490,
2024-01-08,145.081233,1.064898,-124.158900,0.940411,102.290300,117.510851,71.358969
2024-01-09,143.559896,1.063692,-124.348400,0.937467,102.512500,120.475042,71.328117
2024-01-10,144.211635,1.070992,-124.300600,0.932168,102.352900,118.515844,71.335697
2024-01-11,144.294186,1.074335,-124.287800,0.928033,102.310000,122.631459,71.492562
2024-01-12,143.196810,1.055416,-124.194100,0.924359,102.440300,122.398982,71.520528
2024-01-13,,,,,,122.398982,
2024-01-14,,,,,,122.398982,
2024-01-15,143.512898,1.068954,-124.196100,0.922988,102.591200,123.115051,71.490010
2024-01-16,143.715458,1.078369,-124.180800,0.919744,103.336000,121.342008,71.151574
2024-01-17,143.088014,1.078017,-124.267200,0.921272,103.372800,121.979737,71.493209
2024-01-18,143.157206,1.089012,-124.321800,0.923811,103.404800,124.062372,70.821144
2024-01-19,144.333236,1.091632,-124.415100,0.925261,103.231700,123.335054,70.575956
2024-01-20,,,,,,123.335054,
2024-01-21,,,,,,123.335054,
2024-01-22,144.215787,1.085195,-124.629300,0.926244,103.346600,126.154132,69.771016
2024-01-23,145.846065,1.091634,-124.597200,0.921707,103.549100,125.674797,70.036174
2024-01-24,147.709832,1.098759,-124.613400,0.920322,103.258300,126.884187,69.791257
2024-01-25,147.661629,1.109292,-124.711500,0.930145,103.483900,130.934029,69.748209
2024-01-26,147.972823,1.110000,-124.726900,0.927764,103.474400,133.966722,69.401211
2024-01-27,,,,,,133.966722,
2024-01-28,,,,,,133.966722,
2024-01-29,147.826959,1.104165,-124.785200,0.928618,103.468000,131.668735,69.156390
2024-01-30,148.766045,1.107095,-125.152000,0.936326,103.396900,132.870318,69.236158
2024-01-31,149.046568,1.103014,-125.382500,0.933834,103.523500,128.718219,68.693738
2024-02-01,147.727047,1.121436,-125.368000,0.926434,103.062900,123.980078,68.492749
2024-02-02,147.126896,1.125635,-125.363700,0.922182,103.965500,121.059162,68.174481
2024-02-03,,,,,,121.059162,
2024-02-04,,,,,,121.059162,
2024-02-05,145.660634,1.139191,-125.547300,0.921037,104.455700,122.134773,66.596966
2024-02-06,146.206142,1.125473,-125.162000,0.912178,104.176400,123.801823,66.908735
2024-02-07,145.018388,1.140612,-125.327000,0.911157,104.049900,125.415356,67.824875
2024-02-08,144.056907,1.137566,-125.256400,0.914291,104.140500,131.373322,68.086550
2024-02-09,,,,,104.073600,131.675821,
2024-02-10,,,,,,131.675821,
2024-02-11,,,,,,131.675821,
2024-02-12,,,,,104.144600,131.980048,
2024-02-13,,,,,104.864600,133.334761,
2024-02-14,,,,,104.725200,130.169111,
2024-02-15,,,,,104.265200,134.264949,
2024-02-16,,,,,104.276600,136.069305,
2024-02-17,,,,,,136.069305,
2024-02-18,,,,,,136.069305,
2024-02-19,146.635419,1.141306,-125.301700,0.909952,104.252500,135.444546,67.909487
2024-02-20,148.313077,1.132403,-125.441000,0.913635,104.059900,133.506016,67.897377
2024-02-21,148.270182,1.129306,-125.456300,0.917433,103.986000,135.104548,67.355647
2024-02-22,149.345642,1.132250,-125.536900,0.919597,103.940600,133.331102,67.379254
2024-02-23,148.830407,1.137880,-125.678100,0.925039,103.973800,129.160257,67.593329
2024-02-24,,,,,,129.160257,
2024-02-25,,,,,,129.160257,
2024-02-26,147.544559,1.135094,-125.814100,0.919812,103.777700,131.767829,68.096155
2024-02-27,148.381208,1.136532,-125.925800,0.918828,103.811600,133.158513,68.228639
2024-02-28,148.707190,1.142604,-126.057000,0.917396,103.936500,132.175313,67.835893
2024-02-29,148.743543,1.144284,-126.250300,0.919422,104.135900,132.678666,67.878005
2024-03-01,148.556113,1.137049,-125.962800,0.907239,103.884900,136.206712,67.848646
2024-03-02,,,,,,136.206712,
2024-03-03,,,,,,136.206712,
2024-03-04,147.334651,1.149760,-126.072300,0.906808,103.834300,134.629662,68.002417
2024-03-05,146.429903,1.154923,-126.104400,0.908810,103.783000,132.811422,67.448723
2024-03-06,147.614314,1.142358,-126.481600,0.929443,103.367000,134.941076,67.648568
2024-03-07,149.789143,1.145462,-126.446300,0.924636,102.805800,135.948093,67.509617
2024-03-08,149.912617,1.136809,-126.378700,0.918057,102.742000,132.668433,67.693867
2024-03-09,,,,,,132.668433,
2024-03-10,,,,,,132.668433,
2024-03-11,151.578399,1.124868,-126.169100,0.911482,102.844500,133.639066,67.494643
2024-03-12,151.770505,1.113116,-125.724000,0.901505,102.932100,133.360484,67.405576
2024-03-13,156.931345,1.115064,-125.733400,0.898212,102.811900,137.322567,67.865446
2024-03-14,156.587677,1.126613,-125.701400,0.901164,103.367200,140.351004,67.793786
2024-03-15,158.693302,1.142656,-125.826800,0.903078,103.453100,140.948907,67.983088
2024-03-16,,,,,,140.948907,
2024-03-17,,,,,,140.948907,
2024-03-18,158.017532,1.157340,-126.012000,0.912420,103.587300,145.064716,67.966681
2024-03-19,156.177646,1.164831,-126.173900,0.918649,103.814200,145.912525,68.130691
2024-03-20,156.320200,1.163764,-126.071200,0.914045,103.402300,142.904361,68.199776
2024-03-21,155.348538,1.155355,-126.083300,0.912995,104.007400,140.039690,68.180370
2024-03-22,153.871123,1.150595,-126.017700,0.914198,104.433200,139.876227,68.095795
2024-03-23,,,,,,139.876227,
2024-03-24,,,,,,139.876227,
2024-03-25,153.763168,1.139194,-125.888900,0.908961,104.226800,142.569232,67.869465
2024-03-26,153.662212,1.149942,-125.864800,0.910141,104.307600,140.631919,67.591727
2024-03-27,153.410595,1.149866,-126.030400,0.918503,104.287700,141.688792,67.266279
2024-03-28,154.285422,1.150020,-126.055100,0.919308,104.539000,145.044459,67.428042
2024-03-29,,,-126.178100,0.918318,104.507000,145.177819,66.747379
2024-03-30,,,,,,145.177819,
2024-03-31,,,,,,145.177819,
2024-04-01,,1.157420,-126.022400,0.912134,104.959500,147.153740,66.624866
2024-04-02,155.628847,1.166277,-126.111600,0.915908,104.773000,150.935536,66.605234
2024-04-03,159.513434,1.164724,-126.243300,0.915822,104.244200,151.714331,66.701816
2024-04-04,,,,,104.223900,155.695462,
2024-04-05,,,,,104.296800,155.250881,
2024-04-06,,,,,,155.250881,
2024-04-07,,,,,,155.250881,
2024-04-08,162.304869,1.161430,-126.295200,0.914384,104.142600,154.400646,66.714941
2024-04-09,161.909041,1.164190,-126.374300,0.916698,104.111900,151.725378,66.864540
2024-04-10,161.370862,1.166170,-126.278600,0.911470,105.197500,154.523772,66.888949
2024-04-11,161.071749,1.166612,-126.249100,0.914698,105.283900,153.481288,66.964844
2024-04-12,161.964616,1.168792,-126.381700,0.918453,106.022800,153.354106,67.207566
2024-04-13,,,,,,153.354106,
2024-04-14,,,,,,153.354106,
2024-04-15,163.616337,1.168614,-126.416800,0.908216,106.206100,154.015450,66.317430
2024-04-16,161.466819,1.170249,-126.447400,0.903310,106.367100,153.201489,65.859850
2024-04-17,163.088431,1.172203,-126.540600,0.903196,105.942600,146.410002,66.180252
2024-04-18,165.765998,1.173513,-126.693300,0.905713,106.167500,145.087315,66.116333
2024-04-19,167.553731,1.174540,-126.811800,0.906195,106.114900,146.333693,66.251762
2024-04-20,,,,,,146.333693,
2024-04-21,,,,,,146.333693,
2024-04-22,167.348001,1.179550,-126.941900,0.902581,106.130000,145.521763,66.053191
2024-04-23,165.732456,1.171136,-127.105900,0.902587,105.699800,148.808617,65.884314
2024-04-24,166.535149,1.166526,-126.735300,0.896439,105.816000,145.323847,66.239380
2024-04-25,167.854812,1.164004,-126.708700,0.902709,105.575900,147.765629,66.186718
2024-04-26,169.282317,1.164494,-126.383100,0.894503,106.090200,147.713036,65.942839
2024-04-27,,,,,,147.713036,
2024-04-28,,,,,,147.713036,
2024-04-29,172.292737,1.163803,-125.945800,0.877604,105.651500,145.912021,66.018954
2024-04-30,169.408125,1.166982,-126.279400,0.894430,106.336900,142.444175,66.018894
2024-05-01,,,,,105.654200,136.482154,
2024-05-02,,,,,105.384800,136.825695,
2024-05-03,,,,,105.085100,134.626011,
2024-05-04,,,,,,134.626011,
2024-05-05,,,,,,134.626011,
2024-05-06,,1.175820,-126.232300,0.899827,105.092700,137.234993,67.371493
2024-05-07,170.661113,1.181796,-126.396200,0.901661,105.388600,136.096632,67.389338
2024-05-08,169.465443,1.193254,-126.387100,0.893029,105.507900,138.343026,67.378029
2024-05-09,170.067073,1.195896,-126.252800,0.886530,105.224200,139.549873,67.422079
2024-05-10,171.110895,1.202778,-126.193100,0.886170,105.327700,136.220658,67.234681
2024-05-11,,,,,,136.220658,
2024-05-12,,,,,,136.220658,
2024-05-13,173.521265,1.194998,-126.366300,0.888926,105.215400,138.068181,67.057862
2024-05-14,171.852810,1.194187,-126.456800,0.891793,104.998900,136.278725,67.239153
2024-05-15,,1.189157,-126.410700,0.887925,104.301500,136.479076,67.364203
2024-05-16,176.506222,1.188653,-126.294700,0.885220,104.505200,137.903709,67.127899
2024-05-17,181.422345,1.187206,-126.235700,0.887127,104.493200,139.457245,66.962169
2024-05-18,,,,,,139.457245,
2024-05-19,,,,,,139.457245,
2024-05-20,185.473340,1.185799,-126.295500,0.887487,104.618400,138.427335,67.026057
2024-05-21,183.894561,1.171516,-126.259700,0.881795,104.651400,135.509559,66.940148
2024-05-22,179.000981,1.170994,-126.318600,0.882755,104.932100,133.536980,66.861179
2024-05-23,177.816219,1.175345,-126.447000,0.884366,105.027400,133.658470,66.797152
2024-05-24,177.117974,1.172618,-126.451800,0.880927,104.742100,134.294889,67.043261
2024-05-25,,,,,,134.294889,
2024-05-26,,,,,,134.294889,
2024-05-27,,1.177942,-126.432800,0.877644,104.590800,136.828889,66.904335
2024-05-28,180.116947,1.177719,-126.548900,0.879666,104.624200,140.725097,66.992584
2024-05-29,179.708300,1.185900,-126.643100,0.881142,105.129300,138.415257,66.990441
2024-05-30,174.973805,1.186379,-126.606900,0.878515,104.748900,135.082693,67.175130
2024-05-31,174.195894,1.181806,-126.523900,0.876479,104.631800,134.408969,67.382346
2024-06-01,,,,,,134.408969,
2024-06-02,,,,,,134.408969,
2024-06-03,175.484256,1.189092,-126.595500,0.880757,104.060800,126.412851,67.018698
2024-06-04,170.743604,1.178240,-126.627100,0.880290,104.151800,123.868006,66.921417
2024-06-05,170.217360,1.175128,-126.718900,0.883202,104.316300,128.240705,66.881747
2024-06-06,172.601336,1.177333,-126.753200,0.881955,104.116800,131.700039,66.486907
2024-06-07,166.724242,1.181048,-126.781900,0.877462,104.939500,130.301044,66.794640
2024-06-08,,,,,,130.301044,
2024-06-09,,,,,,130.301044,
2024-06-10,,,,,105.125000,137.572456,
2024-06-11,168.416822,1.172854,-126.837200,0.877604,105.270600,138.413876,67.351345
2024-06-12,169.897130,1.174817,-126.843000,0.876052,104.708100,139.283470,67.427229
2024-06-13,166.855457,1.171421,-126.888900,0.874731,105.230200,138.191540,67.521680
2024-06-14,166.973757,1.168102,-127.027900,0.871812,105.526700,140.496388,67.315498
2024-06-15,,,,,,140.496388,
2024-06-16,,,,,,140.496388,
2024-06-17,166.173918,1.163926,-127.008300,0.869290,105.328700,144.452702,67.367428
2024-06-18,164.914416,1.170714,-127.129000,0.870674,105.266600,147.065034,67.405997
2024-06-19,164.219481,1.161082,-127.207600,0.877993,105.252000,146.916874,67.306934
2024-06-20,165.744394,1.143544,-127.299900,0.882968,105.663700,145.561053,66.262909
2024-06-21,162.907080,1.136962,-127.198700,0.878484,105.825100,144.181206,66.406946
2024-06-22,,,,,,144.181206,
2024-06-23,,,,,,144.181206,
2024-06-24,161.729872,1.137038,-127.296900,0.881949,105.487400,146.049420,65.884365
2024-06-25,160.765886,1.146700,-127.418700,0.889338,105.627100,142.440732,65.892858
2024-06-26,162.465114,1.151685,-127.473200,0.894113,106.054500,143.717097,66.234965
2024-06-27,162.258984,1.164750,-127.627800,0.899360,105.930400,146.082469,65.986416
2024-06-28,163.106318,1.158435,-127.693500,0.899723,105.842700,144.886755,66.080548
2024-06-29,,,,,,144.886755,
2024-06-30,,,,,,144.886755,
2024-07-01,,1.148030,-127.364700,0.895243,105.810900,149.243964,67.229096
2024-07-02,164.822092,1.134362,-127.471300,0.896062,105.690700,149.003184,67.056262
2024-07-03,167.335631,1.111109,-127.559700,0.904392,105.353400,150.198689,66.934593
2024-07-04,167.921324,1.107323,-127.534000,0.901039,105.151700,151.419631,66.625588
2024-07-05,168.889429,1.114056,-127.337900,0.892681,104.868900,149.664527,67.080239
2024-07-06,,,,,,149.664527,
2024-07-07,,,,,,149.664527,
2024-07-08,168.609466,1.122501,-127.125900,0.881124,105.020300,146.604778,66.832218
2024-07-09,168.631811,1.120118,-127.295800,0.889334,105.127900,145.057824,66.878697
2024-07-10,168.075966,1.146716,-127.305300,0.888851,105.002300,146.042544,66.912512
2024-07-11,167.179953,1.156924,-127.343600,0.888161,104.448800,146.385681,67.046993
2024-07-12,168.238692,1.153093,-127.449000,0.889829,104.099700,146.464300,66.932039
2024-07-13,,,,,,146.464300,
2024-07-14,,,,,,146.464300,
2024-07-15,167.391617,1.159153,-127.520400,0.889411,104.263300,145.204146,66.631653
2024-07-16,165.604302,1.173225,-127.537600,0.889274,104.228300,142.371401,66.452625
2024-07-17,165.339949,1.176365,-127.538500,0.889239,103.726100,146.091982,66.225514
2024-07-18,161.937058,1.176500,-127.473700,0.887210,104.194700,145.635641,66.090689
2024-07-19,161.074283,1.181728,-127.507800,0.887899,104.365400,139.816508,65.947011
2024-07-20,,,,,,139.816508,
2024-07-21,,,,,,139.816508,
2024-07-22,161.344276,1.180416,-127.717100,0.899538,104.294100,140.045109,66.255475
2024-07-23,160.356141,1.184076,-127.842300,0.906209,104.437900,137.845843,66.457992
2024-07-24,159.967868,1.178534,-127.869000,0.904452,104.356000,135.431118,66.404221
2024-07-25,160.213365,1.177826,-128.030700,0.901965,104.405300,136.552159,66.704360
2024-07-26,159.771558,1.188467,-128.127500,0.898970,104.323300,132.186957,66.874503
2024-07-27,,,,,,132.186957,
2024-07-28,,,,,,132.186957,
2024-07-29,159.731992,1.184842,-128.300000,0.896765,104.574400,130.447762,66.940726
2024-07-30,159.861594,1.195648,-128.415300,0.893927,104.469000,129.036099,67.321316
2024-07-31,161.563250,1.193664,-128.499300,0.901286,104.057400,136.779667,67.389103
2024-08-01,157.819354,1.194489,-128.653400,0.901790,104.340200,132.650384,67.640860
2024-08-02,159.717516,1.208270,-128.767900,0.902844,103.229500,126.530877,67.784609
2024-08-03,,,,,,126.530877,
2024-08-04,,,,,,126.530877,
2024-08-05,156.409991,1.203745,-128.881200,0.900264,102.726600,125.366390,67.651596
2024-08-06,157.975684,1.194567,-128.746600,0.896835,102.894300,122.798636,68.074378
2024-08-07,155.440120,1.193212,-128.892100,0.900155,103.182000,128.819235,68.042231
2024-08-08,156.074726,1.195360,-128.590600,0.897709,103.218900,130.415627,68.008676
2024-08-09,155.949837,1.199175,-128.408700,0.894330,103.151800,131.749664,67.894261
2024-08-10,,,,,,131.749664,
2024-08-11,,,,,,131.749664,
2024-08-12,157.884139,1.195360,-127.867300,0.891123,103.130700,138.312224,67.819732
2024-08-13,157.294133,1.194739,-128.043000,0.901237,102.614100,134.347738,67.827235
2024-08-14,156.602566,1.201224,-128.332100,0.907326,102.605300,132.187980,67.847658
2024-08-15,158.887806,1.211232,-128.224600,0.894941,103.051700,134.607365,67.585960
2024-08-16,159.061517,1.211958,-128.247200,0.890487,102.404000,131.074560,67.292015
2024-08-17,,,,,,131.074560,
2024-08-18,,,,,,131.074560,
2024-08-19,160.483521,1.200696,-128.361300,0.890625,101.857800,126.438365,67.116599
2024-08-20,159.504271,1.207327,-128.417500,0.894157,101.367700,125.032478,66.944151
2024-08-21,161.069570,1.201110,-128.377100,0.896285,101.175600,122.424495,66.900058
2024-08-22,159.966514,1.197069,-128.500500,0.905194,101.514900,125.407525,66.711014
2024-08-23,162.402622,1.198649,-128.560900,0.914883,100.682400,128.413968,66.481241
2024-08-24,,,,,,128.413968,
2024-08-25,,,,,,128.413968,
2024-08-26,,1.184686,-128.587300,0.930619,100.878300,132.792264,66.657509
2024-08-27,163.923658,1.181621,-128.354200,0.935946,100.554900,129.758556,66.598427
2024-08-28,161.658397,1.177708,-128.450400,0.938313,101.063100,125.595929,66.885970
2024-08-29,162.021307,1.188229,-128.449700,0.938156,101.379600,128.770301,67.456164
2024-08-30,161.032753,1.176164,-128.405700,0.935095,101.732000,124.854827,67.284061
2024-08-31,,,,,,124.854827,
2024-09-01,,,,,,124.854827,
2024-09-02,161.110359,1.158431,-128.659500,0.944225,101.645200,125.432768,68.237238
2024-09-03,157.934936,1.152767,-128.762900,0.946251,101.751200,116.452644,68.399264
2024-09-04,157.852766,1.150067,-128.888400,0.949140,101.286400,114.290048,68.598391
2024-09-05,159.136999,1.161907,-129.021000,0.948447,101.060000,114.680810,68.704796
2024-09-06,,1.159538,-129.019700,0.946226,101.183000,111.238803,68.598217
2024-09-07,,,,,,111.238803,
2024-09-08,,,,,,111.238803,
2024-09-09,159.294861,1.162733,-129.157500,0.949193,101.644800,112.434611,68.970688
2024-09-10,158.012741,1.176871,-129.318600,0.953448,101.671200,106.691081,68.968982
2024-09-11,159.371147,1.174793,-129.467600,0.964272,101.741400,109.433230,69.098120
2024-09-12,161.245044,1.164915,-129.544200,0.968343,101.242000,113.583391,69.141086
2024-09-13,161.841006,1.170271,-129.713000,0.971093,101.111000,111.894154,68.988335
2024-09-14,,,,,,111.894154,
2024-09-15,,,,,,111.894154,
2024-09-16,,,,,100.662500,114.118359,
2024-09-17,,,,,101.018600,116.341642,
2024-09-18,,1.162482,-130.017100,0.971586,100.942000,114.343921,68.786991
2024-09-19,165.966259,1.150041,-129.990900,0.971114,100.637700,119.298321,68.875661
2024-09-20,164.859663,1.138664,-130.018900,0.973919,100.733500,117.941608,68.634822
2024-09-21,,,,,,117.941608,
2024-09-22,,,,,,117.941608,
2024-09-23,165.947236,1.124732,-130.116700,0.979762,100.938300,117.114778,68.448402
2024-09-24,169.389760,1.130650,-129.806100,0.982987,100.352700,119.078240,67.490089
2024-09-25,169.628830,1.139020,-130.008500,0.995514,100.925200,116.118298,67.093057
2024-09-26,173.824758,1.146775,-129.693500,1.002455,100.557600,109.481173,66.315338
2024-09-27,172.417742,1.142259,-128.624300,0.982502,100.419900,112.374319,65.800622
2024-09-28,,,,,,112.374319,
2024-09-29,,,,,,112.374319,
2024-09-30,171.114242,1.129493,-128.389400,1.022596,100.760400,112.699005,64.918444
2024-10-01,,,,,101.206300,119.037097,
2024-10-02,,,,,101.637500,119.822575,
2024-10-03,,,,,101.966300,128.340783,
2024-10-04,,,,,102.493000,129.224867,
2024-10-05,,,,,,129.224867,
2024-10-06,,,,,,129.224867,
2024-10-07,,,,,102.485300,135.855549,
2024-10-08,170.123415,1.134179,-128.115500,1.027862,102.461900,126.035532,64.466814
2024-10-09,169.605524,1.128899,-128.278300,1.064272,102.900800,124.439225,65.739057
2024-10-10,170.233215,1.131709,-128.739300,1.078898,102.852900,130.902878,64.890798
2024-10-11,,1.102509,-128.811000,1.072060,102.925400,129.931935,64.974482
2024-10-12,,,,,,129.931935,
2024-10-13,,,,,,129.931935,
2024-10-14,167.810651,1.090420,-128.770600,1.035337,103.195300,121.101181,64.915305
2024-10-15,166.601146,1.091501,-128.784200,1.020107,103.211200,120.022716,65.604219
2024-10-16,167.240104,1.080003,-128.734800,1.015341,103.521800,119.426030,65.890368
2024-10-17,166.564219,1.085000,-128.947300,1.011646,103.775200,119.363505,66.265627
2024-10-18,167.857776,1.074818,-128.905500,1.009400,103.461500,116.136136,65.768244
2024-10-19,,,,,,116.136136,
2024-10-20,,,,,,116.136136,
2024-10-21,167.565291,1.082284,-128.838900,1.002977,103.986600,118.848182,66.090553
2024-10-22,168.635993,1.088481,-128.641600,1.000408,104.076600,122.879984,66.002386
2024-10-23,166.737064,1.078030,-128.472000,1.006541,104.424000,121.798077,65.845497
2024-10-24,167.179047,1.083427,-128.469200,1.013006,104.025500,120.097599,66.142990
2024-10-25,167.204749,1.092123,-128.406600,1.020186,104.315300,123.423573,66.337205
2024-10-26,,,,,,123.423573,
2024-10-27,,,,,,123.423573,
2024-10-28,166.079216,1.087511,-128.292200,1.031825,104.312200,112.844506,66.641897
2024-10-29,165.605865,1.079970,-128.367400,1.037750,104.264800,111.198141,66.648586
2024-10-30,165.688332,1.084313,-128.418000,1.041828,104.121500,115.390669,67.130813
2024-10-31,165.248677,1.067495,-128.518900,1.044775,103.893900,118.919219,67.435916
2024-11-01,164.558445,1.057893,-128.696800,1.047551,104.322800,115.999419,68.733827
2024-11-02,,,,,,115.999419,
2024-11-03,,,,,,115.999419,
2024-11-04,164.612990,1.064298,-128.780800,1.046755,103.897100,121.518185,68.546468
2024-11-05,163.892443,1.055395,-128.892900,1.046401,103.409700,122.475236,68.312998
2024-11-06,156.689254,1.090296,-128.924800,1.043928,105.154800,121.232006,68.660933
2024-11-07,160.756209,1.088452,-128.986200,1.046220,104.338900,122.545870,67.743419
2024-11-08,159.632558,1.106047,-129.059000,1.043697,104.952100,118.414346,68.266069
2024-11-09,,,,,,118.414346,
2024-11-10,,,,,,118.414346,
2024-11-11,158.373607,1.100981,-129.107700,1.040328,105.506900,113.010714,68.723081
2024-11-12,155.262251,1.072527,-129.278400,1.040921,105.934300,113.016079,68.921151
2024-11-13,153.823516,1.069512,-129.213200,1.038014,106.483900,113.830846,68.567901
2024-11-14,153.091180,1.060603,-129.191900,1.035874,106.868200,114.733582,68.484226
2024-11-15,154.030501,1.061837,-129.167700,1.033863,106.684200,111.867275,68.626947
2024-11-16,,,,,,111.867275,
2024-11-17,,,,,,111.867275,
2024-11-18,155.318721,1.047251,-128.917600,1.029594,106.214900,117.183458,68.299774
2024-11-19,155.352980,1.046596,-129.014100,1.027440,106.176500,117.590439,68.616598
2024-11-20,154.659571,1.044004,-128.972700,1.026028,106.647500,117.039151,68.920981
2024-11-21,153.700498,1.042917,-129.135700,1.027156,107.063100,120.214229,68.883469
2024-11-22,153.085231,1.033039,-129.219600,1.022310,107.491100,123.126214,69.273591
2024-11-23,,,,,,123.126214,
2024-11-24,,,,,,123.126214,
2024-11-25,153.598695,1.051136,-129.376300,1.019763,106.894200,116.502741,69.569384
2024-11-26,151.809856,1.026950,-129.413000,1.015864,106.884300,116.031918,69.374592
2024-11-27,153.025044,1.032653,-129.402600,1.011073,106.056000,116.298739,69.173422
2024-11-28,152.068821,1.035183,-129.554200,1.012039,106.169300,117.196506,69.446340
2024-11-29,151.627134,1.040609,-129.695900,1.014584,105.776100,115.636279,69.333007
2024-11-30,,,,,,115.636279,
2024-12-01,,,,,,115.636279,
2024-12-02,151.428087,1.047008,-130.061400,1.024809,106.402600,115.037771,69.425635
2024-12-03,153.131582,1.058773,-130.033900,1.017992,106.339700,119.514556,69.303481
2024-12-04,151.731617,1.063364,-130.275400,1.014992,106.366500,116.487639,69.167627
2024-12-05,151.194793,1.058833,-130.277800,1.009491,105.722200,115.648242,69.542831
2024-12-06,150.203237,1.054550,-130.218400,1.004728,105.970200,112.799378,69.301330
2024-12-07,,,,,,112.799378,
2024-12-08,,,,,,112.799378,
2024-12-09,152.849557,1.040317,-130.390000,1.006385,106.157100,114.961462,69.174167
2024-12-10,153.047142,1.023272,-131.015400,1.017788,106.411000,115.332974,69.006738
2024-12-11,152.356395,1.018633,-131.122500,1.019496,106.655900,118.808535,69.359784
2024-12-12,151.414259,1.016533,-131.250900,1.030723,107.017000,118.375304,69.095362
2024-12-13,151.984117,1.014497,-131.686300,1.045514,106.942800,121.240169,69.684222
2024-12-14,,,,,,121.240169,
2024-12-15,,,,,,121.240169,
2024-12-16,152.970123,1.008786,-132.050900,1.048819,106.861600,120.540915,69.622370
2024-12-17,152.026801,1.021630,-131.935700,1.045810,106.947300,119.064293,69.016985
2024-12-18,152.603321,1.029707,-131.738000,1.051179,108.262100,118.816504,68.977514
2024-12-19,150.328110,1.035493,-131.728000,1.060434,108.415700,118.164278,69.021945
2024-12-20,151.248454,1.040715,-132.175200,1.074828,107.840800,118.326718,69.428034
2024-12-21,,,,,,118.326718,
2024-12-22,,,,,,118.326718,
2024-12-23,151.633407,1.041541,-132.209200,1.080197,108.082500,118.933429,68.722143
2024-12-24,152.007406,1.030764,-131.944600,1.081605,108.111800,120.456970,68.453055
2024-12-25,,,-131.770700,1.073300,108.097500,120.702410,68.161114
2024-12-26,,1.019934,-131.884500,1.074150,108.094900,119.402229,68.415763
2024-12-27,151.700478,1.010315,-132.157200,1.080783,108.015100,121.322718,68.560511
2024-12-28,,,,,,121.322718,
2024-12-29,,,,,,121.322718,
2024-12-30,150.600995,1.030385,-132.094700,1.076255,108.035100,122.751910,68.258148
2024-12-31,148.368181,1.028047,-132.347600,1.069451,108.481600,124.902737,68.182313
2025-01-01,,,,,108.489200,125.386523,
2025-01-02,148.019417,1.035351,-132.851600,1.062988,109.241100,128.025415,67.336579
2025-01-03,148.602534,1.051700,-133.008000,1.064119,108.921200,129.486338,67.177339
2025-01-04,,,,,,129.486338,
2025-01-05,,,,,,129.486338,
2025-01-06,148.824672,1.074712,-133.111900,1.056594,108.241300,128.084715,67.248486
2025-01-07,149.058836,1.065017,-132.896600,1.046180,108.703800,130.577369,67.228436
2025-01-08,149.545489,1.055447,-132.834100,1.038956,108.995900,127.889334,67.188896
2025-01-09,150.134234,1.056395,-132.543800,1.031745,109.176600,129.478361,67.322805
2025-01-10,150.476469,1.060307,-132.524800,1.029233,109.656700,136.361453,67.283056
2025-01-11,,,,,,136.361453,
2025-01-12,,,,,,136.361453,
2025-01-13,150.176333,1.075379,-132.355400,1.025194,109.620800,139.206161,67.534676
2025-01-14,150.657931,1.069291,-132.516100,1.040510,109.182500,137.012981,67.445157
2025-01-15,151.512576,1.070339,-132.646400,1.046409,109.107300,142.447531,67.570017
2025-01-16,152.631212,1.050738,-132.574700,1.044423,108.941400,138.767395,67.649652
2025-01-17,152.199876,1.053619,-132.468300,1.049440,109.379200,137.179096,67.719233
2025-01-18,,,,,,137.179096,
2025-01-19,,,,,,137.179096,
2025-01-20,153.465698,1.052487,-132.317300,1.051725,108.074400,135.305921,67.575836
2025-01-21,153.991143,1.050252,-132.480400,1.057190,107.969600,134.842176,67.638941
2025-01-22,153.514513,1.046754,-132.507700,1.059105,108.252500,133.929509,67.847042
2025-01-23,153.358770,1.049069,-132.430200,1.052166,108.147200,129.854626,67.652062
2025-01-24,154.745542,1.059003,-132.390400,1.050009,107.480400,131.390718,67.770870
2025-01-25,,,,,,131.390718,
2025-01-26,,,,,,131.390718,
2025-01-27,152.240024,1.069836,-132.677100,1.056277,107.332700,127.465437,67.651148
2025-01-28,,,,,107.901000,127.892698,
2025-01-29,,,,,107.955500,126.561693,
2025-01-30,,,,,108.150500,126.813730,
2025-01-31,,,,,108.516000,128.228425,
2025-02-01,,,,,,128.228425,
2025-02-02,,,,,,128.228425,
2025-02-03,,,,,108.427400,125.293228,
2025-02-04,,,,,107.998400,127.120679,
2025-02-05,154.698066,1.067812,-132.859900,1.058215,107.618800,123.583315,68.091385
2025-02-06,155.220947,1.073823,-133.070100,1.060485,107.704700,122.527759,68.196054
2025-02-07,157.743049,1.074446,-133.073600,1.058823,108.100100,123.421580,68.052515
2025-02-08,,,,,,123.421580,
2025-02-09,,,,,,123.421580,
2025-02-10,158.346244,1.071890,-132.817400,1.047346,108.332000,127.309982,68.274252
2025-02-11,157.706926,1.078834,-132.855000,1.044165,107.924800,129.229657,68.417231
2025-02-12,159.291683,1.076021,-132.883700,1.044154,108.010000,124.846298,68.388902
2025-02-13,158.855034,1.074841,-132.832400,1.038134,107.055900,126.119322,68.249087
2025-02-14,159.106121,1.072432,-132.622800,1.030872,106.803700,123.979643,68.107232
2025-02-15,,,,,,123.979643,
2025-02-16,,,,,,123.979643,
2025-02-17,157.766597,1.069159,-132.266900,1.027104,106.729600,125.292205,68.168244
2025-02-18,159.753838,1.077690,-132.044600,1.023211,107.055300,126.395694,68.028646
2025-02-19,159.252537,1.083463,-132.168000,1.031431,107.198100,127.266001,68.299672
2025-02-20,160.463056,1.080336,-131.910600,1.030493,106.353800,128.159116,68.616507
2025-02-21,160.020576,1.087987,-131.556700,1.022875,106.650100,121.143060,68.513249
2025-02-22,,,,,,121.143060,
2025-02-23,,,,,,121.143060,
2025-02-24,160.048592,1.070199,-131.170300,1.017413,106.670100,123.109042,68.623666
2025-02-25,158.653903,1.072149,-131.282600,1.023412,106.282100,118.119988,68.900925
2025-02-26,158.819504,1.074128,-131.366000,1.028526,106.498700,117.584810,68.904350
2025-02-27,158.397270,1.069636,-131.151300,1.023345,107.286600,120.460730,68.652548
2025-02-28,158.505502,1.065448,-131.294400,1.029261,107.564400,119.629946,68.611369
2025-03-01,,,,,,119.629946,
2025-03-02,,,,,,119.629946,
2025-03-03,158.872609,1.048251,-131.528300,1.047027,106.534500,115.403980,68.698786
2025-03-04,158.983723,1.051413,-131.510700,1.051065,105.537200,114.484018,69.134599
2025-03-05,162.032805,1.046227,-131.555700,1.049521,104.321800,109.981796,69.061144
2025-03-06,163.404818,1.040212,-131.233200,1.040509,104.205500,110.474908,68.937972
2025-03-07,161.746968,1.036425,-130.676100,1.037299,103.894500,113.489251,68.979658
2025-03-08,,,,,,113.489251,
2025-03-09,,,,,,113.489251,
2025-03-10,159.951234,1.039630,-130.581400,1.039453,103.925000,109.941452,69.158895
2025-03-11,161.969344,1.048628,-129.973200,1.032361,103.385500,111.932575,69.161929
2025-03-12,163.708047,1.054822,-130.219700,1.044578,103.587200,114.659320,69.293242
2025-03-13,162.327652,1.044037,-130.145500,1.045250,103.836300,112.963090,69.122407
2025-03-14,162.760114,1.038114,-130.156500,1.045613,103.736300,114.529999,68.403403
2025-03-15,,,,,,114.529999,
2025-03-16,,,,,,114.529999,
2025-03-17,164.143706,1.037879,-129.530000,1.038802,103.398600,115.361387,68.607170
2025-03-18,164.241480,1.046458,-129.547800,1.037799,103.253700,113.706618,68.384379
2025-03-19,165.775726,1.053606,-129.599700,1.035244,103.462900,113.991984,68.137422
2025-03-20,164.461912,1.058515,-130.014100,1.035856,103.817000,117.485871,68.790187
2025-03-21,163.957372,1.064745,-129.948300,1.026913,104.154000,117.494787,69.048431
2025-03-22,,,,,,117.494787,
2025-03-23,,,,,,117.494787,
2025-03-24,165.144002,1.042359,-129.992800,1.018191,104.306800,119.365520,68.824044
2025-03-25,167.018616,1.042293,-130.212600,1.017307,104.209900,119.567592,68.776727
2025-03-26,164.930302,1.034373,-130.402300,1.010814,104.558600,122.107157,69.026813
2025-03-27,163.435298,1.024609,-130.399600,1.010554,104.259700,122.159650,68.988594
2025-03-28,162.541681,1.029823,-130.343500,1.008368,104.033600,120.290839,69.072134
2025-03-29,,,,,,120.290839,
2025-03-30,,,,,,120.290839,
2025-03-31,161.882054,1.026018,-130.336500,1.006741,104.192100,125.714039,69.225172
2025-04-01,161.569536,1.017417,-130.335500,1.006471,104.226300,125.205314,69.518289
2025-04-02,161.626705,1.017876,-130.603300,1.008412,103.660800,122.305577,69.630952
2025-04-03,157.519177,1.008346,-131.340500,1.020850,101.945100,113.250261,69.581791
2025-04-04,,,,,102.918900,103.711656,
2025-04-05,,,,,,103.711656,
2025-04-06,,,,,,103.711656,
2025-04-07,148.717641,1.004889,-132.106800,1.025505,103.501000,99.387488,69.935339
2025-04-08,148.162382,1.013218,-131.823800,1.011221,102.956000,92.417947,69.287542
2025-04-09,147.634531,1.003634,-131.937300,1.011920,102.971000,104.485451,69.841215
2025-04-10,152.821016,1.010281,-131.902400,1.016520,100.937400,98.429592,69.741038
2025-04-11,155.401205,1.012662,-131.938600,1.029396,99.769000,101.558658,69.996760
2025-04-12,,,,,,101.558658,
2025-04-13,,,,,,101.558658,
2025-04-14,155.704736,1.005341,-131.885600,1.023891,99.692000,102.794887,70.172229
2025-04-15,155.104779,1.004970,-131.890400,1.022910,100.167000,103.343632,69.983528
2025-04-16,155.510464,1.006232,-131.947100,1.024842,99.266700,106.100790,69.498031
2025-04-17,155.430036,0.999759,-131.810600,1.025758,99.424000,110.890812,69.466453
2025-04-18,,,-131.781300,1.022399,99.228600,111.163207,69.444261
2025-04-19,,,,,,111.163207,
2025-04-20,,,,,,111.163207,
2025-04-21,,1.002270,-131.650000,1.019954,98.351800,106.851420,70.006971
2025-04-22,158.048486,1.015104,-131.752200,1.021821,98.975700,110.691074,69.917113
2025-04-23,158.369378,1.019847,-131.605700,1.022298,99.909600,106.771041,70.028027
2025-04-24,158.505198,1.023978,-131.628500,1.025162,99.288000,105.553542,70.001708
2025-04-25,158.454449,1.027985,-131.675500,1.026701,99.583600,105.744170,70.172926
2025-04-26,,,,,,105.744170,
2025-04-27,,,,,,105.744170,
2025-04-28,158.488986,1.039179,-131.805300,1.026800,98.935700,102.546696,70.251164
2025-04-29,159.086387,1.036080,-132.024900,1.031556,99.210000,98.652006,70.468282
2025-04-30,154.798707,1.029548,-132.060300,1.035601,99.640300,93.204092,70.658841
2025-05-01,,,,,100.186600,95.143637,
2025-05-02,,,,,100.042400,93.729144,
2025-05-03,,,,,,93.729144,
2025-05-04,,,,,,93.729144,
2025-05-05,,,,,99.791100,90.696653,
2025-05-06,160.166066,1.043498,-132.067100,1.034735,99.265400,95.563285,71.770434
2025-05-07,159.263828,1.044821,-131.927500,1.038490,99.900600,93.169530,71.517617
2025-05-08,159.409667,1.040403,-132.041500,1.041612,100.632500,98.581380,71.395890
2025-05-09,159.445368,1.017375,-132.059500,1.040709,100.421800,100.432252,71.093615
2025-05-10,,,,,,100.432252,
2025-05-11,,,,,,100.432252,
2025-05-12,160.093770,0.979554,-131.586300,1.035129,101.814000,103.398970,70.915274
2025-05-13,163.042755,0.966369,-131.687000,1.032643,100.982700,107.214722,70.832553
2025-05-14,162.428108,0.992086,-131.623500,1.025388,101.065500,105.448874,70.316211
2025-05-15,160.868984,0.975378,-131.561700,1.016729,100.819600,102.670637,70.242733
2025-05-16,158.443881,0.976527,-131.477600,1.008666,100.982800,105.218606,70.520956
2025-05-17,,,,,,105.218606,
2025-05-18,,,,,,105.218606,
2025-05-19,159.795699,0.979652,-131.615600,1.011705,100.372600,105.669668,70.699610
2025-05-20,159.812544,0.975235,-131.613800,1.011046,100.021900,106.312560,70.582113
2025-05-21,159.167947,0.981798,-131.547400,1.006464,99.601400,104.189076,70.335921
2025-05-22,159.076805,0.995323,-131.541500,1.003741,99.938800,102.872367,70.103069
2025-05-23,159.755443,0.992510,-131.471300,0.998854,99.123100,105.306753,70.165051
2025-05-24,,,,,,105.306753,
2025-05-25,,,,,,105.306753,
2025-05-26,,0.997450,-131.510500,0.997687,98.978700,103.157438,70.572284
2025-05-27,158.875194,0.995439,-131.425000,0.992980,99.614700,102.011285,70.724752
2025-05-28,158.835761,0.991834,-131.366600,0.989750,99.897800,103.672342,70.678411
2025-05-29,158.985308,0.989339,-131.200200,0.986912,99.363300,101.295821,70.921500
2025-05-30,157.727153,0.973289,-131.388500,0.992333,99.439300,100.274804,70.913705
2025-05-31,,,,,,100.274804,
2025-06-01,,,,,,100.274804,
2025-06-02,,,,,98.689300,107.155864,
2025-06-03,160.493064,0.970957,-131.382300,0.989582,99.278100,108.863328,70.923219
2025-06-04,160.782937,0.958948,-131.439200,0.990456,98.812800,106.891260,70.986087
2025-06-05,160.978434,0.964672,-131.484000,0.994353,98.744400,108.243732,71.077788
2025-06-06,160.278442,0.951911,-131.634300,0.999870,99.203100,111.703067,71.090889
2025-06-07,,,,,,111.703067,
2025-06-08,,,,,,111.703067,
2025-06-09,161.716001,0.963816,-131.699100,1.000817,99.018700,111.444277,71.258176
2025-06-10,161.154565,0.964268,-131.711900,0.996516,99.052200,110.169928,71.245591
2025-06-11,160.577296,0.973505,-131.815400,0.995497,98.645400,121.435045,70.996063
2025-06-12,160.615385,0.980083,-131.827600,0.993942,97.865500,121.474948,71.077023
2025-06-13,159.711935,0.971132,-131.815500,0.990979,98.145000,134.695511,71.072033
2025-06-14,,,,,,134.695511,
2025-06-15,,,,,,134.695511,
2025-06-16,160.265114,0.963517,-131.835800,0.990135,98.154800,128.328324,71.105990
2025-06-17,160.463967,0.968456,-131.949000,0.992859,98.830400,140.314689,71.161929
2025-06-18,160.228592,0.973006,-132.012600,0.993645,98.891100,138.708528,71.071768
2025-06-19,159.522230,0.975508,-132.094200,0.993212,98.777300,146.015113,71.074004
2025-06-20,160.149538,0.963845,-132.144500,0.991486,98.763900,138.613659,70.809298
2025-06-21,,,,,,138.613659,
2025-06-22,,,,,,138.613659,
2025-06-23,160.436764,0.955068,-132.133500,0.991043,98.380100,124.220655,70.914574
2025-06-24,160.277150,0.959596,-132.015900,0.990121,97.968100,118.739450,70.824069
2025-06-25,161.042933,0.955523,-131.916200,0.991972,97.697700,114.403499,70.306200
2025-06-26,162.982556,0.951345,-131.943600,0.995356,97.298500,115.702966,70.344780
2025-06-27,163.226484,0.959846,-131.976400,0.997794,97.261200,114.330833,70.743207
2025-06-28,,,,,,114.330833,
2025-06-29,,,,,,114.330833,
2025-06-30,163.277691,0.956337,-131.892400,0.995616,96.772300,114.560582,70.868840
2025-07-01,,0.949712,-131.984600,0.992874,96.645100,116.575715,70.759198
2025-07-02,164.876737,0.970945,-132.114000,0.994398,96.778800,120.988968,70.525772
2025-07-03,164.522871,0.963067,-132.130800,0.991666,97.118500,120.225880,70.345493
2025-07-04,162.935856,0.963525,-132.153600,0.987105,96.988000,119.361046,70.068850
2025-07-05,,,,,,119.361046,
2025-07-06,,,,,,119.361046,
2025-07-07,162.003881,0.973668,-132.159100,0.983934,97.553700,122.133601,70.278982
2025-07-08,160.534449,0.974575,-132.078800,0.979868,97.492100,124.255937,70.286640
2025-07-09,160.627922,0.971411,-132.074000,0.977560,97.493100,125.254627,70.274181
2025-07-10,160.940658,0.987319,-131.940800,0.976591,97.590400,121.045601,70.180322
2025-07-11,160.553982,0.985863,-131.869900,0.975783,97.873100,125.329540,70.284503
2025-07-12,,,,,,125.329540,
2025-07-13,,,,,,125.329540,
2025-07-14,160.633624,1.011005,-131.769900,0.974874,98.108200,120.394623,70.300783
2025-07-15,163.044936,1.004152,-131.955900,0.980368,98.630600,119.356100,70.253923
2025-07-16,162.142262,1.027530,-131.957000,0.979135,98.285900,118.551775,70.466022
2025-07-17,162.655311,1.021097,-131.954900,0.976961,98.641900,119.389281,70.457251
2025-07-18,164.221343,1.035523,-131.907000,0.973531,98.460000,119.170774,70.257529
2025-07-19,,,,,,119.170774,
2025-07-20,,,,,,119.170774,
2025-07-21,165.450475,1.016874,-131.726100,0.974224,97.834200,119.102668,70.242175
2025-07-22,165.551376,0.982612,-131.606100,0.973245,97.355000,117.929358,70.033130
2025-07-23,165.837777,0.966965,-131.442400,0.969686,97.204800,119.660203,69.887579
2025-07-24,164.776757,0.960477,-131.147400,0.968781,97.488400,119.397731,69.989425
2025-07-25,163.474853,0.972146,-131.112800,0.971186,97.670100,117.032157,70.249400
2025-07-26,,,,,,117.032157,
2025-07-27,,,,,,117.032157,
2025-07-28,163.044498,0.962617,-131.288800,0.977058,98.669400,121.920792,70.169444
2025-07-29,163.194297,0.963603,-130.960700,0.976481,98.923400,127.036128,70.220766
2025-07-30,162.227264,0.972444,-131.171500,0.976278,99.968400,129.577120,70.057566
2025-07-31,160.552784,0.977538,-131.345800,0.981729,100.048900,126.545148,70.607282
2025-08-01,160.895819,0.976760,-131.360900,0.977722,98.690000,121.327152,70.890066
2025-08-02,,,,,,121.327152,
2025-08-03,,,,,,121.327152,
2025-08-04,161.949007,0.969866,-131.428600,0.977533,98.742700,119.190504,70.966080
2025-08-05,160.535730,0.978692,-131.396600,0.969570,98.755900,117.448456,70.742533
2025-08-06,160.497341,0.978592,-131.426500,0.968817,98.223000,115.568807,70.846032
2025-08-07,160.437999,0.973521,-131.505000,0.971415,98.087200,114.262029,70.792867
2025-08-08,160.889739,0.973368,-131.480100,0.975163,98.267000,113.999053,70.789817
2025-08-09,,,,,,113.999053,
2025-08-10,,,,,,113.999053,
2025-08-11,160.271043,0.980850,-131.220800,0.973889,98.501300,114.386691,70.977665
2025-08-12,161.638229,0.979003,-131.033500,0.971825,98.070700,112.884632,70.776509
2025-08-13,161.319143,0.976191,-131.027000,0.971760,97.788400,112.119412,70.789975
2025-08-14,161.090759,0.970669,-130.919400,0.975591,98.204100,115.585119,70.399567
2025-08-15,160.999688,0.972625,-130.795900,0.974012,97.846700,114.304575,70.623038
2025-08-16,,,,,,114.304575,
2025-08-17,,,,,,114.304575,
2025-08-18,160.603177,0.970329,-130.223500,0.968597,98.153500,114.997844,70.692935
2025-08-19,159.877665,0.970010,-130.291300,0.973498,98.279000,113.188433,70.882731
2025-08-20,159.793415,0.965986,-130.223600,0.977800,98.240600,115.985106,70.570816
2025-08-21,159.884057,0.964013,-130.349000,0.978007,98.652600,117.291079,70.189465
2025-08-22,160.504521,0.958615,-130.303900,0.981201,97.724400,116.059500,69.571995
2025-08-23,,,,,,116.059500,
2025-08-24,,,,,,116.059500,
2025-08-25,,0.950419,-130.475800,0.981722,98.426200,118.643458,69.085783
2025-08-26,160.835647,0.958658,-130.619600,0.987261,98.237500,114.132941,69.302046
2025-08-27,159.849637,0.971536,-130.583300,0.983641,98.192600,115.577738,69.567328
2025-08-28,160.628582,0.973671,-130.355100,0.982948,97.867900,116.817426,69.173992
2025-08-29,161.702625,0.965298,-130.372200,0.982513,97.847700,115.704222,68.865743
2025-08-30,,,,,,115.704222,
2025-08-31,,,,,,115.704222,
2025-09-01,162.395959,0.959491,-130.456500,0.984918,97.679300,117.568467,69.583709
2025-09-02,163.532286,0.950871,-130.482100,0.991209,98.314700,120.487545,69.225324
2025-09-03,163.370085,0.949576,-130.691200,0.997107,98.148500,116.209994,69.166345
2025-09-04,161.978111,0.944432,-130.701400,0.997803,98.274800,115.284450,69.525936
2025-09-05,162.005535,0.940325,-130.452800,0.990204,97.735700,111.907309,69.069201
2025-09-06,,,,,,111.907309,
2025-09-07,,,,,,111.907309,
2025-09-08,161.818941,0.944400,-130.180700,0.983815,97.447800,112.948584,69.335770
2025-09-09,161.821871,0.941474,-130.024700,0.980961,97.766900,114.035242,69.391081
2025-09-10,162.662207,0.938648,-129.731900,0.976127,97.843300,116.090123,69.226608
2025-09-11,163.159397,0.939330,-129.738800,0.975928,97.529900,113.268510,68.727874
2025-09-12,163.341673,0.944320,-129.856000,0.980608,97.617800,114.736822,69.015023
2025-09-13,,,,,,114.736822,
2025-09-14,,,,,,114.736822,
2025-09-15,164.899887,0.940601,-129.867500,0.985333,97.358600,116.793703,68.888617
2025-09-16,163.541593,0.942491,-129.977500,0.988568,96.643400,119.317267,68.920637
2025-09-17,162.013648,0.938884,-130.142300,0.997864,97.035100,117.576661,68.885974
2025-09-18,161.767822,0.943748,-130.029200,0.998348,97.369600,115.158695,69.106150
2025-09-19,162.198850,0.944379,-129.783300,0.997170,97.651900,112.871050,69.023813
2025-09-20,,,,,,112.871050,
2025-09-21,,,,,,112.871050,
2025-09-22,162.249065,0.942717,-129.818600,0.998780,97.311000,113.101287,68.927414
2025-09-23,161.771797,0.947729,-129.633300,0.999785,97.235100,116.274635,68.696357
2025-09-24,164.965446,0.942241,-129.390000,1.001418,97.865700,119.618936,68.682335
2025-09-25,165.364642,0.943835,-129.381400,1.003831,98.462100,119.988038,68.388991
2025-09-26,164.236747,0.946933,-129.422300,1.010089,98.192600,119.938181,68.420094
2025-09-27,,,,,,119.938181,
2025-09-28,,,,,,119.938181,
2025-09-29,167.253297,0.952550,-129.294200,1.015253,97.932500,114.543565,68.090676
2025-09-30,165.343315,0.957782,-129.418100,1.019074,97.822400,112.729588,68.201765
2025-10-01,,,,,97.741200,111.038731,
2025-10-02,,,,,97.891600,107.992463,
2025-10-03,,,,,97.722900,108.125420,
2025-10-04,,,,,,108.125420,
2025-10-05,,,,,,108.125420,
2025-10-06,,,,,98.104100,111.835047,
2025-10-07,,,,,98.585900,112.445820,
2025-10-08,,,,,98.849000,113.419794,
2025-10-09,171.537754,0.955620,-129.478500,1.018168,99.404400,111.352765,67.945621
2025-10-10,166.979339,0.946962,-129.399600,1.017964,98.822300,103.562976,68.416514
2025-10-11,,,,,,103.562976,
2025-10-12,,,,,,103.562976,
2025-10-13,172.572092,0.940452,-129.510800,1.014122,99.259500,106.279502,68.700429
2025-10-14,169.682792,0.933652,-129.519400,1.008244,99.045300,103.212054,68.691859
2025-10-15,169.322016,0.941344,-129.512000,1.008626,98.665900,103.814517,68.350972
2025-10-16,169.380667,0.942210,-129.597900,1.006146,98.352600,100.195773,67.940315
2025-10-17,169.028504,0.948998,-129.811800,1.005863,98.555600,100.804019,68.121165
2025-10-18,,,,,,100.804019,
2025-10-19,,,,,,100.804019,
2025-10-20,169.974498,0.935529,-129.677500,1.000992,98.621900,99.918509,68.133451
2025-10-21,167.965604,0.937597,-129.753600,0.996586,98.971200,101.565487,67.771247
2025-10-22,168.642446,0.944367,-129.765300,0.994891,98.907100,108.239019,67.749929
2025-10-23,170.254613,0.950697,-129.690600,0.991026,98.933400,112.507344,67.596315
2025-10-24,171.457963,0.957743,-129.587100,0.986842,98.941700,109.739961,67.423209
2025-10-25,,,,,,109.739961,
2025-10-26,,,,,,109.739961,
2025-10-27,172.570672,0.964493,-129.630000,0.986453,98.820700,110.455208,67.184560
2025-10-28,172.752694,0.956075,-129.921400,0.992249,98.721500,107.591343,67.361947
2025-10-29,,0.958147,-129.934600,0.989224,99.149500,108.713377,67.263258
2025-10-30,171.278480,0.971290,-130.026700,0.990543,99.545600,108.172726,67.397867
2025-10-31,171.230530,0.963314,-130.230600,0.992170,99.730800,109.706500,68.120366
2025-11-01,,,,,,109.706500,
2025-11-02,,,,,,109.706500,
2025-11-03,169.942917,0.979908,-130.227500,0.989090,99.876200,111.463100,69.242345
2025-11-04,167.990743,0.976741,-130.197600,0.983194,100.209200,110.483443,69.182073
2025-11-05,168.983099,0.953898,-130.229700,0.983109,100.159300,109.197627,69.204303
2025-11-06,168.397251,0.948712,-130.071200,0.978399,99.696800,109.113721,68.878711
2025-11-07,168.193982,0.945262,-130.033800,0.975429,99.547700,109.630246,69.076656
2025-11-08,,,,,,109.630246,
2025-11-09,,,,,,109.630246,
2025-11-10,170.868347,0.928917,-130.046800,0.975252,99.616700,110.755714,69.051467
2025-11-11,170.179139,0.936621,-130.070700,0.979165,99.479200,114.505166,69.390370
2025-11-12,170.846868,0.927348,-130.118200,0.981582,99.477100,108.299830,69.146456
2025-11-13,170.433914,0.928820,-130.059300,0.983542,99.176000,109.206318,69.006608
2025-11-14,170.154039,0.923623,-130.047700,0.985820,99.284500,112.451820,69.428923
2025-11-15,,,,,,112.451820,
2025-11-16,,,,,,112.451820,
2025-11-17,169.508179,0.925649,-130.086800,0.988159,99.531700,111.604624,69.864013
2025-11-18,168.950249,0.918233,-130.099300,0.986468,99.593200,114.357502,69.843135
2025-11-19,170.051362,0.919153,-130.019400,0.985653,100.124900,110.910339,69.486437
2025-11-20,167.736206,0.935218,-129.997900,0.987650,100.219300,108.935954,69.517609
2025-11-21,168.713268,0.940391,-129.928500,0.990621,100.152700,107.664535,69.577453
2025-11-22,,,,,,107.664535,
2025-11-23,,,,,,107.664535,
2025-11-24,169.138512,0.931077,-129.905100,0.992258,100.202600,109.354858,69.914647
2025-11-25,170.062527,0.930378,-129.784200,0.992856,99.812300,107.877817,69.808627
2025-11-26,171.578527,0.923810,-129.610200,0.991626,99.588500,109.574845,69.469399
2025-11-27,171.334792,0.928211,-129.506900,0.995461,99.552700,110.421243,69.455309
2025-11-28,174.550590,0.926374,-129.556300,0.995842,99.439100,108.990121,69.625937
2025-11-29,,,,,,108.990121,
2025-11-30,,,,,,108.990121,
2025-12-01,174.979275,0.926325,-129.549100,0.999274,99.408100,112.301179,69.376924
2025-12-02,173.821029,0.925383,-129.416000,0.999240,99.320800,110.469146,69.276361
2025-12-03,177.723037,0.926242,-129.258700,0.998989,98.865900,111.384853,69.366615
2025-12-04,177.515776,0.916081,-128.939900,0.997722,99.060200,112.961902,69.189510
2025-12-05,180.298680,0.919437,-128.987700,0.998251,98.983000,114.208280,69.157572
2025-12-06,,,,,,114.208280,
2025-12-07,,,,,,114.208280,
2025-12-08,180.176083,0.920219,-128.918700,1.002592,99.102600,110.825254,69.084032
2025-12-09,177.521866,0.919384,-129.028500,1.006283,99.240700,109.782367,69.059638
2025-12-10,178.465424,0.930580,-129.095600,1.008912,98.640300,110.799818,69.263920
2025-12-11,182.048733,0.916838,-129.231600,1.013106,98.344800,111.164275,69.332036
2025-12-12,178.231183,0.916836,-129.067400,1.012310,98.401200,109.419731,69.296742
2025-12-13,,,,,,109.419731,
2025-12-14,,,,,,109.419731,
2025-12-15,179.591585,0.921601,-128.812100,1.007950,98.279700,109.076554,69.312419
2025-12-16,178.364144,0.918461,-128.785100,1.007200,98.219900,106.020332,69.417835
2025-12-17,180.115775,0.921334,-128.994500,1.011104,98.398300,112.164934,69.129890
2025-12-18,181.228425,0.919575,-129.008300,1.014790,98.440100,110.179780,69.269396
2025-12-19,182.198274,0.918084,-129.118400,1.016615,98.712500,113.590521,69.334949
2025-12-20,,,,,,113.590521,
2025-12-21,,,,,,113.590521,
2025-12-22,183.408745,0.917851,-129.010900,1.015939,98.260300,115.111271,69.225323
2025-12-23,185.051655,0.919066,-129.149300,1.016846,97.909300,117.761877,69.118158
2025-12-24,185.431701,0.909850,-129.211300,1.017500,97.953500,114.614531,69.451416
2025-12-25,,,-129.180700,1.016699,97.907900,113.885306,69.572815
2025-12-26,,0.916754,-129.199400,1.015723,98.034100,109.747914,69.586033
2025-12-27,,,,,,109.747914,
2025-12-28,,,,,,109.747914,
2025-12-29,186.367870,0.923614,-128.878000,1.013943,97.997500,111.832580,69.639912
2025-12-30,192.257420,0.917237,-128.825100,1.008946,98.218100,109.559580,69.592775
2025-12-31,190.188548,0.922775,-128.796200,1.007965,98.269600,109.292332,69.875010
2026-01-01,,,,,98.249000,109.383131,
2026-01-02,,,,,98.459400,109.795670,
2026-01-03,,,,,,109.795670,
2026-01-04,,,,,,109.795670,
2026-01-05,196.105521,0.921414,-128.687100,1.007363,98.329100,112.309807,67.401574
2026-01-06,198.729893,0.917717,-128.477000,0.999199,98.599700,108.608282,67.125207
2026-01-07,195.260510,0.918960,-128.290600,0.995606,98.742600,108.067538,67.427947
2026-01-08,193.605251,0.918250,-128.390900,1.000201,98.864000,114.336306,68.053358
2026-01-09,196.514380,0.914114,-128.469600,1.002862,99.136800,115.395706,68.339179
2026-01-10,,,,,,115.395706,
2026-01-11,,,,,,115.395706,
2026-01-12,198.693912,0.911073,-128.587500,1.005791,98.894300,119.695733,68.849741
2026-01-13,198.847700,0.913247,-128.625300,1.006324,99.184200,123.561419,68.662419
2026-01-14,198.681886,0.905138,-128.627200,1.007914,99.075300,123.162044,69.023938
2026-01-15,198.875247,0.899415,-128.672900,1.011097,99.342400,120.392404,68.884069
2026-01-16,195.714054,0.896743,-128.698700,1.010961,99.369100,120.662893,69.018038
2026-01-17,,,,,,120.662893,
2026-01-18,,,,,,120.662893,
2026-01-19,197.604139,0.889990,-128.688000,1.011706,99.042300,118.927993,69.029770
2026-01-20,195.416683,0.902031,-128.826600,1.011939,98.541300,117.694097,69.006029
2026-01-21,196.457855,0.896830,-128.999500,1.010552,98.769300,120.582049,69.126561
2026-01-22,195.587685,0.901757,-128.997000,1.008513,98.277800,117.952390,69.335302
2026-01-23,199.297053,0.910542,-129.078600,1.007057,97.505300,121.954205,70.243338
2026-01-24,,,,,,121.954205,
2026-01-25,,,,,,121.954205,
2026-01-26,200.018088,0.911436,-129.141900,1.005591,97.050600,120.820410,69.816528
2026-01-27,197.886667,0.917415,-129.037400,1.002085,95.772500,126.699307,69.839997
2026-01-28,198.510914,0.907852,-129.089300,1.002050,96.352000,129.080488,69.799615
2026-01-29,204.358446,0.917177,-129.100800,1.005348,96.164300,134.249828,69.231715
2026-01-30,198.399457,0.914261,-129.061400,1.003527,97.115200,135.034593,69.293982
2026-01-31,,,,,,135.034593,
2026-02-01,,,,,,135.034593,
2026-02-02,196.112226,0.910350,-129.085500,1.004734,97.612900,126.744986,69.300352
2026-02-03,201.916586,0.913546,-129.038500,1.004173,97.387200,130.241114,69.691030
2026-02-04,197.081087,0.900129,-129.018600,1.006040,97.651800,132.993403,69.397444
2026-02-05,195.026133,0.898045,-129.100800,1.008830,97.958500,128.614618,69.265691
2026-02-06,196.970432,0.911902,-129.238200,1.012372,97.610200,131.139183,69.507559
2026-02-07,,,,,,131.139183,
2026-02-08,,,,,,131.139183,
2026-02-09,197.876169,0.913419,-129.283200,1.013939,96.852600,133.618565,69.336726
2026-02-10,197.124304,0.921249,-129.301800,1.011181,96.865000,132.958044,69.348415
2026-02-11,198.983215,0.924601,-129.346800,1.009867,96.919400,134.701789,69.414152
2026-02-12,194.831322,0.924848,-129.370200,1.008392,96.906500,129.517447,69.545668
2026-02-13,195.464534,0.918491,-129.367100,1.008435,96.859200,130.880447,69.769119
2026-02-14,,,,,,130.880447,
2026-02-15,,,,,,130.880447,
2026-02-16,,,,,97.089000,133.929235,
2026-02-17,,,,,97.122200,129.993217,
2026-02-18,,,,,97.740000,138.111127,
2026-02-19,,,,,97.845500,142.287135,
2026-02-20,,,,,97.743800,140.464033,
2026-02-21,,,,,,140.464033,
2026-02-22,,,,,,140.464033,
2026-02-23,,,,,97.742500,141.671059,
2026-02-24,198.685313,0.920628,-129.367400,1.004301,97.893100,142.314951,69.542505
2026-02-25,200.461834,0.924403,-129.255100,1.003025,97.659400,141.990055,69.679946
2026-02-26,199.076275,0.921602,-129.023800,1.000899,97.784600,141.366622,69.965638
2026-02-27,199.599792,0.920429,-129.049800,1.000564,97.644300,148.057062,70.430206
2026-02-28,,,,,,148.057062,
2026-03-01,,,,,,148.057062,
2026-03-02,196.994791,0.907574,-129.219700,1.004812,98.549100,159.772155,70.098768
2026-03-03,195.278218,0.918483,-129.241500,1.007805,99.062300,168.082152,69.696023
2026-03-04,197.046201,0.918983,-129.273100,1.011422,98.796800,169.142785,70.051421
2026-03-05,195.035884,0.931539,-129.299300,1.013035,99.043400,173.543262,69.839200
2026-03-06,194.804426,0.933941,-129.264400,1.009593,98.955800,196.461351,69.913616
2026-03-07,,,,,,196.461351,
2026-03-08,,,,,,196.461351,
2026-03-09,194.615646,0.944807,-128.917700,1.006516,98.714800,188.719473,70.054487
2026-03-10,197.392221,0.945723,-128.892700,1.005179,98.943500,193.522658,70.106480
2026-03-11,197.901827,0.928573,-128.804800,1.005546,99.262200,198.763656,69.855576
2026-03-12,196.074060,0.932874,-128.846400,1.009166,99.739800,219.349818,69.931287
2026-03-13,192.711603,0.939546,-128.762200,1.014001,100.504000,225.398978,69.697017
2026-03-14,,,,,,225.398978,
2026-03-15,,,,,,225.398978,
2026-03-16,195.118365,0.931334,-128.589600,1.014271,99.801800,219.503304,69.507890
2026-03-17,193.703941,0.933802,-128.630200,1.015764,99.556700,225.875344,69.201541
2026-03-18,187.916334,0.935280,-128.758800,1.018448,100.298100,230.796788,69.241195
2026-03-19,186.971240,0.928909,-128.702000,1.019077,99.184700,225.350493,69.285150
2026-03-20,182.730019,0.934896,-128.680000,1.018511,99.510000,228.554658,68.974244
2026-03-21,,,,,,228.554658,
2026-03-22,,,,,,228.554658,
2026-03-23,187.442388,0.918220,-128.680500,1.017036,99.159700,208.515505,69.254932
2026-03-24,186.037575,0.918369,-128.776000,1.014157,99.228300,209.035867,69.409454
2026-03-25,187.954529,0.935031,-128.776900,1.013162,99.632900,216.657378,69.311466
2026-03-26,185.544931,0.933338,-128.796800,1.011899,99.917200,221.511560,69.473714
2026-03-27,186.649587,0.934229,-128.802500,1.011439,100.174500,239.247090,69.569427
2026-03-28,,,,,,239.247090,
2026-03-29,,,,,,239.247090,
2026-03-30,187.123825,0.948639,-128.947200,1.016957,100.505400,247.824040,69.562550
2026-03-31,189.380529,0.970914,-128.936000,1.016871,99.881700,234.549131,69.632483
2026-04-01,191.660428,0.991287,-128.851300,1.011329,99.553900,228.863405,69.293173
2026-04-02,190.536600,0.995986,-128.806100,1.009318,100.010000,256.219369,69.426556
2026-04-03,,,-128.837600,1.011222,100.194300,249.998257,69.565551
2026-04-04,,,,,,249.998257,
2026-04-05,,,,,,249.998257,
2026-04-06,,,,,99.989100,240.327842,
2026-04-07,,1.002605,-128.916700,1.010642,99.653400,230.396211,69.769303
2026-04-08,194.467533,1.039245,-129.018800,1.002838,99.028000,216.702296,69.332246
2026-04-09,194.000756,1.021865,-128.998100,0.999834,98.815700,213.415194,69.383849
2026-04-10,196.475972,1.027070,-129.137300,0.997140,98.699700,206.836950,68.850376
2026-04-11,,,,,,206.836950,
2026-04-12,,,,,,206.836950,
2026-04-13,199.167879,1.035391,-129.267600,0.998383,98.409400,218.891057,68.964928
2026-04-14,201.235653,1.068125,-129.294300,0.998851,98.099500,211.790187,69.636749
2026-04-15,200.672759,1.075258,-129.297600,1.001932,98.079200,211.245877,69.717773
2026-04-16,200.020947,1.073526,-129.274600,1.006633,98.203500,219.437987,69.614273
2026-04-17,201.245850,1.081218,-129.455300,1.011722,98.228900,203.573981,69.704921
2026-04-18,,,,,,203.573981,
2026-04-19,,,,,,203.573981,
2026-04-20,200.117796,1.088997,-129.487300,1.013173,98.054100,207.084188,69.648331
2026-04-21,199.319368,1.084808,-129.631600,1.012861,98.376700,220.463672,69.705040
2026-04-22,203.602241,1.087888,-129.769800,1.015807,98.605900,226.797306,69.638779
2026-04-23,202.005303,1.054638,-129.657700,1.016968,98.827900,238.141888,69.435647
2026-04-24,203.196896,1.055595,-129.542400,1.016738,98.526700,237.811216,69.631115
2026-04-25,,,,,,237.811216,
2026-04-26,,,,,,237.811216,
2026-04-27,201.654167,1.066682,-129.382700,1.012429,98.490000,227.865630,69.629316
2026-04-28,198.983751,1.075184,-129.413300,1.015357,98.629300,237.115962,68.447481
2026-04-29,199.084834,1.095458,-129.495000,1.019924,98.953200,257.530148,68.041766
2026-04-30,199.225209,1.108356,-129.411700,1.018222,98.099700,253.059146,68.437274
2026-05-01,,,,,98.209200,248.937453,
2026-05-02,,,,,,248.937453,
2026-05-03,,,,,,248.937453,
2026-05-04,,,,,98.463300,264.798063,
2026-05-05,,,,,98.495400,254.179807,
2026-05-06,203.651475,1.086979,-129.219100,1.016571,98.026600,230.887616,68.671890
2026-05-07,203.171124,1.074354,-129.229000,1.021964,98.280700,234.398940,68.766220
2026-05-08,205.429282,1.114181,-129.245500,1.026088,97.848500,225.668334,69.174989
2026-05-09,,,,,,225.668334,
2026-05-10,,,,,,225.668334,
2026-05-11,210.612284,1.083898,-129.290000,1.029589,97.941300,236.625494,68.754644
2026-05-12,211.599754,1.052955,-129.348800,1.032005,98.283900,245.245541,68.684216
2026-05-13,211.564369,1.056907,-129.381000,1.034975,98.478000,240.375047,68.590291
2026-05-14,210.107609,1.043518,-129.345200,1.034556,98.882000,242.312771,68.739142
2026-05-15,205.033141,1.054139,-129.288600,1.033861,99.266800,248.567282,68.911747
2026-05-16,,,,,,248.567282,
2026-05-17,,,,,,248.567282,
2026-05-18,205.162444,1.042210,-129.339500,1.031850,98.980300,248.086954,69.261006
2026-05-19,203.696702,1.040599,-129.525900,1.034755,99.311200,251.063813,69.408590
2026-05-20,206.163428,1.055311,-129.525200,1.033150,99.129600,236.222406,69.439899
2026-05-21,205.177248,1.025056,-129.512100,1.029754,99.204600,231.957298,69.260067
2026-05-22,205.791993,1.031163,-129.470000,1.025855,99.335100,228.637138,69.209840
2026-05-23,,,,,,228.637138,
2026-05-24,,,,,,228.637138,
2026-05-25,,1.052190,-129.517800,1.026198,98.975600,194.610946,68.675380
2026-05-26,205.184790,1.064210,-129.596600,1.029297,99.146400,203.970628,68.154080
2026-05-27,203.868781,1.080648,-129.701600,1.036948,99.228500,197.924236,68.080632
2026-05-28,206.680740,1.082721,-129.760600,1.039299,99.006500,195.427860,68.233802
2026-05-29,205.402400,1.062245,-129.815200,1.036189,98.925900,194.320719,67.726518
2026-05-30,,,,,,194.320719,
2026-05-31,,,,,,194.320719,
2026-06-01,208.806210,1.078237,-129.925900,1.035803,99.189100,204.017896,68.017088
2026-06-02,209.925415,1.109142,-129.920000,1.031779,99.215800,206.143287,67.389293
2026-06-03,206.929209,1.102600,-129.852700,1.027663,99.473300,212.178120,67.260699
2026-06-04,208.052763,1.065851,-129.919700,1.025869,99.426800,204.929028,67.636633
2026-06-05,202.842176,1.072740,-129.840300,1.022460,100.078600,199.020500,68.342038
2026-06-06,,,,,,199.020500,
2026-06-07,,,,,,199.020500,
2026-06-08,203.914498,1.057846,-129.746100,1.021155,100.014900,202.403525,68.418258
2026-06-09,203.351044,1.077485,-129.662300,1.020935,99.997000,197.992102,68.346798
2026-06-10,201.879574,1.091522,-129.538500,1.019893,100.043500,206.724507,68.454959
2026-06-11,203.269026,1.085317,-129.464200,1.022387,99.693200,190.326447,68.607135
2026-06-12,204.956953,1.087739,-129.532100,1.024125,99.803700,184.899185,68.305315
2026-06-13,,,,,,184.899185,
2026-06-14,,,,,,184.899185,
2026-06-15,206.878995,1.101496,-129.553600,1.023388,99.663800,175.797260,68.220958
2026-06-16,207.193601,1.102785,-129.658100,1.027110,99.517100,166.240095,68.671069
2026-06-17,207.811501,1.113585,-129.729400,1.032341,100.383000,164.894903,68.587620
2026-06-18,205.565397,1.087972,-129.751800,1.034328,100.832500,165.990988,68.622873
2026-06-19,,,,,100.752800,167.698778,
2026-06-20,,,,,,167.698778,
2026-06-21,,,,,,167.698778,
2026-06-22,206.135362,1.086417,-129.750500,1.033729,101.003900,162.500148,67.977580
2026-06-23,203.481849,1.080117,-129.689200,1.032724,101.374000,159.521777,68.688513
2026-06-24,199.145751,1.035566,-129.665900,1.034203,101.574500,150.979342,68.807238
2026-06-25,202.626963,1.044642,-129.764700,1.037658,101.455900,154.524529,68.333077
2026-06-26,203.782206,1.034350,-129.802300,1.038481,101.356500,150.171289,69.085909
2026-06-27,,,,,,150.171289,
2026-06-28,,,,,,150.171289,
2026-06-29,203.881826,1.028147,-129.906800,1.043172,101.102700,150.612815,68.737800
2026-06-30,204.750152,1.024606,-129.794900,1.044776,101.186100,149.028090,68.763755
2026-07-01,,1.041934,-129.639000,1.042621,101.414000,142.605394,63.735418
2026-07-02,203.064835,1.045310,-129.646500,1.042581,100.865200,143.847307,64.681586
2026-07-03,204.228669,1.055244,-129.606400,1.042883,100.874900,144.813885,64.379343
2026-07-04,,,,,,144.813885,
2026-07-05,,,,,,144.813885,
2026-07-06,205.402274,1.051819,-129.693600,1.046305,100.872100,144.991939,64.067700
2026-07-07,204.715307,1.042976,-129.712500,1.045508,101.092000,154.988398,63.954765
2026-07-08,204.105028,1.046845,-129.784100,1.044771,101.070500,164.869614,63.771812
2026-07-09,207.531628,1.037947,-129.823000,1.044449,100.935200,156.650129,62.960905
2026-07-10,207.215011,1.055165,-129.811600,1.041229,100.960900,154.724677,63.828888
2026-07-11,,,,,,154.724677,
2026-07-12,,,,,,154.724677,
2026-07-13,207.349232,1.029663,-129.761000,1.040695,101.305000,174.517973,63.523240
2026-07-14,208.379644,1.020389,-129.770400,1.040036,100.927100,179.382885,62.817477
2026-07-15,207.975692,1.001226,-129.811800,1.041889,100.512300,179.210606,62.779964
2026-07-16,207.247692,0.981081,-129.766900,1.040390,100.717400,178.633782,63.167090
2026-07-17,207.581144,0.978184,-129.806600,1.038490,100.761700,185.493104,63.469659
2026-07-18,,,,,,185.493104,
2026-07-19,,,,,,185.493104,
2026-07-20,209.039011,0.986483,-129.775800,1.038556,100.968100,186.567212,62.539527
2026-07-21,212.244171,0.979600,-129.786800,1.039822,101.207400,193.750073,61.930802
2026-07-22,210.772918,0.978502,-130.003800,1.041098,101.118200,202.457615,62.026117
2026-07-23,208.194558,0.961275,-130.044700,1.040209,101.446900,200.819444,62.120725
2026-07-24,209.088387,0.971212,-130.090900,1.038101,101.464700,196.308912,62.059375
2026-07-25,,,,,,196.308912,
2026-07-26,,,,,,196.308912,
2026-07-27,211.094222,0.964006,-130.089600,1.038282,101.529200,177.688228,62.223309
2026-07-28,210.225989,0.964438,-130.083900,1.038233,101.420300,171.473674,63.015336
2026-07-29,210.466313,0.963214,-130.061100,1.038576,100.821900,183.634667,63.088268
2026-07-30,212.309677,0.950075,-130.215900,1.042427,99.981000,179.249122,63.113530
2026-07-31,212.101632,0.952747,-130.289200,1.044395,99.784900,191.501765,63.273706
2026-08-01,,,,,,191.501765,
2026-08-02,,,,,,191.501765,
2026-08-03,212.744302,0.955443,-130.306000,1.044799,99.964600,172.418685,63.812675
2026-08-04,214.487903,0.962533,-130.344400,1.044929,99.859200,160.147645,63.639414
2026-08-05,216.689680,0.984085,-130.334900,1.046246,99.690200,161.070871,63.579707
2026-08-06,215.641281,1.001893,-130.319000,1.047319,99.943200,170.441555,63.679035
2026-08-07,214.171809,0.986174,-130.405100,1.048498,99.599600,168.382945,63.610045
2026-08-08,,,,,,168.382945,
2026-08-09,,,,,,168.382945,
2026-08-10,214.888339,0.977674,-130.528700,1.048499,99.811400,180.115707,63.762624
2026-08-11,216.206453,1.019493,-130.471100,1.046423,99.811200,184.070991,63.960371
2026-08-12,215.520650,1.029741,-130.440600,1.045299,99.972100,180.196916,63.935691
2026-08-13,215.653321,1.025815,-130.556500,1.046630,99.957600,174.529122,63.916715
2026-08-14,215.712724,1.021181,-130.583500,1.047171,99.639100,180.337486,63.948835
2026-08-15,,,,,,180.337486,
2026-08-16,,,,,,180.337486,
2026-08-17,216.857100,1.040651,-130.600100,1.049933,99.580200,188.074938,63.741253
