date,增长因子,通胀因子,利率因子,信用因子,汇率因子,地缘因子,流动性因子
2000-01-03,,,,,,,
2000-01-04,,,,,0.189406,,
2000-01-05,,,,,-0.029889,,
2000-01-06,,,,,0.268622,,
2000-01-07,,,,,0.148921,,
2000-01-10,,,,,0.188310,,
2000-01-11,,,,,-0.426694,,
2000-01-12,,,,,0.059653,,
2000-01-13,,,,,0.376944,,
2000-01-14,,,,,0.710343,,
2000-01-17,,,,,0.323897,,
2000-01-18,,,,,-0.186359,,
2000-01-19,,,,,-0.098221,,
2000-01-20,,,,,-0.393857,,
2000-01-21,,,,,0.393857,,
2000-01-24,,,,,0.431453,,
2000-01-25,,,,,0.205275,,
2000-01-26,,,,,0.029288,,
2000-01-27,,,,,0.710081,,
2000-01-28,,,,,1.261760,,
2000-01-31,,,,,0.620196,,
2000-02-01,,,,,-0.199952,,
2000-02-02,,,,,-0.123978,,
2000-02-03,,,,,-0.949236,,
2000-02-04,,,,,0.470949,,
2000-02-07,,,,,0.335039,,
2000-02-08,,,,,-0.402182,,
2000-02-09,,,,,-0.519483,,
2000-02-10,,,,,0.433086,,
2000-02-11,,,,,0.057608,,
2000-02-14,,,,,0.507396,,
2000-02-15,,,,,-0.028651,,
2000-02-16,,,,,-0.392404,,
2000-02-17,,,,,-0.009592,,
2000-02-18,,,,,0.344663,,
2000-02-21,,,,,-0.047794,,
2000-02-22,,,,,-1.250861,,
2000-02-23,,,,,0.241768,,
2000-02-24,,,,,0.462565,,
2000-02-25,,,,,1.194643,,
2000-02-28,,,,,0.009495,,
2000-02-29,,,,,0.615562,,
2000-03-01,,,,,-0.977190,,
2000-03-02,,,,,0.721959,,
2000-03-03,,,,,0.330733,,
2000-03-06,,,,,0.150833,,
2000-03-07,,,,,-0.065967,,
2000-03-08,,,,,-0.150925,,
2000-03-09,,,,,-0.530050,,
2000-03-10,,,,,0.322149,,
2000-03-13,,,,,-0.198853,,
2000-03-14,,,,,-0.189751,,
2000-03-15,,,,,0.075939,,
2000-03-16,,,,,-0.189967,,
2000-03-17,,,,,0.019010,,
2000-03-20,,,,,-0.047535,,
2000-03-21,,,,,0.625709,,
2000-03-22,,,,,0.217138,,
2000-03-23,,,,,-0.766793,,
2000-03-24,,,,,-0.438102,,
2000-03-27,,,,,0.646944,,
2000-03-28,,,,,0.075838,,
2000-03-29,,,,,0.679954,,
2000-03-30,,,,,-0.736825,,
2000-03-31,,,,,-0.028447,,
2000-04-03,,,,,0.094795,,
2000-04-04,,,,,-0.351197,,
2000-04-05,,,,,0.114039,,
2000-04-06,,,,,0.218202,,
2000-04-07,,,,,0.425556,,
2000-04-10,,,,,-0.274038,,
2000-04-11,,,,,0.245725,,
2000-04-12,,,,,0.018874,,
2000-04-13,,,,,0.169731,,
2000-04-14,,,,,-0.368115,,
2000-04-17,,,,,0.358691,,
2000-04-18,,,,,0.470014,,
2000-04-19,,,,,0.467815,,
2000-04-20,,,,,0.298257,,
2000-04-24,,,,,-0.158337,,
2000-04-25,,,,,1.305758,,
2000-04-26,,,,,-0.128889,,
2000-04-27,,,,,0.935269,,
2000-04-28,,,,,0.518866,,
2000-05-01,,,,,-0.464124,,
2000-05-02,,,,,0.573020,,
2000-05-03,,,,,0.902859,,
2000-05-04,,,,,0.484176,,
2000-05-05,,,,,-0.439250,,
2000-05-08,,,,,0.125695,,
2000-05-09,,,,,-0.630062,,
2000-05-10,,,,,0.045139,,
2000-05-11,,,,,0.647712,,
2000-05-12,,,,,-1.463304,,
2000-05-15,,,,,0.598746,,
2000-05-16,,,,,0.676074,,
2000-05-17,,,,,0.707223,,
2000-05-18,,,,,0.098079,,
2000-05-19,,,,,-0.661660,,
2000-05-22,,,,,-0.368493,,
2000-05-23,,,,,0.072008,,
2000-05-24,,,,,0.071957,,
2000-05-25,,,,,-0.423482,,
2000-05-26,,,,,-1.482719,,
2000-05-30,,,,,-0.174275,,
2000-05-31,,,,,-0.174578,,
2000-06-01,,,,,0.284683,,
2000-06-02,,,,,-0.856477,,
2000-06-05,,,,,-0.612307,,
2000-06-06,,,,,-0.812901,,
2000-06-07,,,,,-0.385389,,
2000-06-08,,,,,0.497910,,
2000-06-09,,,,,0.262049,,
2000-06-12,,,,,-0.018692,,
2000-06-13,,,,,-0.534283,,
2000-06-14,,,,,0.056372,,
2000-06-15,,,,,0.393736,,
2000-06-16,,,,,-0.864503,,
2000-06-19,,,,,0.348583,,
2000-06-20,,,,,0.000000,,
2000-06-21,,,,,1.029199,,
2000-06-22,,,,,0.260295,,
2000-06-23,,,,,0.278141,,
2000-06-26,,,,,0.092540,,
2000-06-27,,,,,-0.696155,,
2000-06-28,,,,,0.223295,,
2000-06-29,,,,,-0.708828,,
2000-06-30,,,,,0.000000,,
2000-07-03,,,,,0.205706,,
2000-07-04,,,,,0.214605,,
2000-07-05,,,,,-0.158573,,
2000-07-06,,,,,0.233111,,
2000-07-07,,,,,0.260440,,
2000-07-10,,,,,-0.596294,,
2000-07-11,,,,,0.121407,,
2000-07-12,,,,,0.910537,,
2000-07-13,,,,,0.387703,,
2000-07-14,,,,,-0.082957,,
2000-07-17,,,,,0.230256,,
2000-07-18,,,,,0.623626,,
2000-07-19,,,,,0.191806,,
2000-07-20,,,,,-0.898260,,
2000-07-21,,,,,-0.175094,,
2000-07-24,,,,,0.248726,,
2000-07-25,,,,,-0.285627,,
2000-07-26,,,,,-0.249431,,
2000-07-27,,,,,0.718895,,
2000-07-28,,,,,0.777572,,
2000-07-31,,,,,-0.155030,,
2000-08-01,,,,,0.437122,,
2000-08-02,,,,,0.561795,,
2000-08-03,,,,,0.279725,,
2000-08-04,,,,,-0.117211,,
2000-08-07,,,,,-0.045112,,
2000-08-08,,,,,0.468214,,
2000-08-09,,,,,0.107741,,
2000-08-10,,,,,-0.485744,,
2000-08-11,,,,,0.279138,,
2000-08-14,,,,,-0.116962,,
2000-08-15,,,,,-0.514465,,
2000-08-16,,,,,-0.226480,,
2000-08-17,,,,,-0.136136,,
2000-08-18,,,,,0.814043,,
2000-08-21,,,,,0.404547,,
2000-08-22,,,,,0.295635,,
2000-08-23,,,,,-0.331529,,
2000-08-24,,,,,-0.170667,,
2000-08-25,,,,,0.107822,,
2000-08-28,,,,,0.098740,,
2000-08-29,,,,,0.661719,,
2000-08-30,,,,,-0.053488,,
2000-08-31,,,,,0.409362,,
2000-09-01,,,,,-1.053487,,
2000-09-05,,,,,0.884611,,
2000-09-06,,,,,1.509762,,
2000-09-07,,,,,-0.412698,,
2000-09-08,,,,,0.605286,,
2000-09-11,,,,,0.896795,,
2000-09-12,,,,,-0.173510,,
2000-09-13,,,,,0.147497,,
2000-09-14,,,,,-0.156175,,
2000-09-15,,,,,0.675033,,
2000-09-18,,,,,0.051736,,
2000-09-19,,,,,0.094784,,
2000-09-20,,,,,0.258045,,
2000-09-21,,,,,-0.984130,,
2000-09-22,,,,,-1.494586,,
2000-09-25,,,,,0.439329,,
2000-09-26,,,,,-0.792183,,
2000-09-27,,,,,-0.044198,,
2000-09-28,,,,,0.176660,,
2000-09-29,,,,,-0.052964,,
2000-10-02,,,,,0.475689,,
2000-10-03,,,,,0.377177,,
2000-10-04,,,,,-0.043787,,
2000-10-05,,,,,0.498013,,
2000-10-06,,,,,0.095823,,
2000-10-09,,,,,-0.034834,,
2000-10-10,,,,,-0.392719,,
2000-10-11,,,,,0.113609,,
2000-10-12,,,,,0.348767,,
2000-10-13,,,,,0.840743,,
2000-10-16,,,,,0.456404,,
2000-10-17,,,,,-0.430516,,
2000-10-18,,,,,1.234904,,
2000-10-19,,,,,-0.332949,,
2000-10-20,,,,,0.187956,,
2000-10-23,,,,,0.323815,,
2000-10-24,,,,,-0.102148,,
2000-10-25,,,,,0.907132,,
2000-10-26,,,,,0.008441,,
2000-10-27,,,,,-0.941124,,
2000-10-30,,,,,-0.119331,,
2000-10-31,,,,,-0.513039,,
2000-11-01,,,,,-0.938816,,
2000-11-02,,,,,0.043261,,
2000-11-03,,,,,-0.555123,,
2000-11-06,,,,,0.624298,,
2000-11-07,,,,,-0.147057,,
2000-11-08,,,,,0.612736,,
2000-11-09,,,,,-0.768676,,
2000-11-10,,,,,0.389396,,
2000-11-13,,,,,-0.077761,,
2000-11-14,,,,,0.448435,,
2000-11-15,,,,,0.111792,,
2000-11-16,,,,,0.497259,,
2000-11-17,,,,,0.324452,,
2000-11-20,,,,,0.034092,,
2000-11-21,,,,,0.509988,,
2000-11-22,,,,,-0.084817,,
2000-11-23,,,,,0.203440,,
2000-11-24,,,,,0.329718,,
2000-11-27,,,,,-1.171594,,
2000-11-28,,,,,-0.445050,,
2000-11-29,,,,,0.025729,,
2000-11-30,,,,,-1.181815,,
2000-12-01,,,,,-0.443532,,
2000-12-04,,,,,-0.893023,,
2000-12-05,,,,,0.666145,,
2000-12-06,,,,,-1.018538,,
2000-12-07,,,,,0.202780,,
2000-12-08,,,,,0.448177,,
2000-12-11,,,,,0.210211,,
2000-12-12,,,,,-0.026252,,
2000-12-13,,,,,0.393062,,
2000-12-14,,,,,-1.166221,,
2000-12-15,,,,,-0.424249,,
2000-12-18,,,,,0.150461,,
2000-12-19,,,,,0.123740,,
2000-12-20,,,,,-1.101351,,
2000-12-21,,,,,-0.411670,,
2000-12-22,,,,,-0.620703,,
2000-12-26,,,,,-0.461270,,
2000-12-27,,,,,0.009067,,
2000-12-28,,,,,0.054370,,
2000-12-29,,,,,-0.745660,,
2001-01-02,,,,,-0.723679,,
2001-01-03,,,,,1.278908,,
2001-01-04,,,,,-1.242139,,
2001-01-05,,,,,-0.359067,,
2001-01-08,,,,,0.405011,,
2001-01-09,,,,,0.604449,,
2001-01-10,,,,,0.309968,,
2001-01-11,,,,,-0.776720,,
2001-01-12,,,,,0.320556,,
2001-01-15,,,,,0.556241,,
2001-01-16,,,,,0.127226,,
2001-01-17,,,,,0.633713,,
2001-01-18,,,,,-0.788222,,
2001-01-19,,,,,0.652769,,
2001-01-22,,,,,-0.380268,,
2001-01-23,,,,,0.000000,,
2001-01-24,,,,,1.297785,,
2001-01-25,,,,,-0.062698,,
2001-01-26,,,,,-0.134489,,
2001-01-29,,,,,0.277739,,
2001-01-30,,,,,-0.709313,,
2001-01-31,,,,,-0.415356,,
2001-02-01,,,,,-0.781177,,
2001-02-02,,,,,0.600053,,
2001-02-05,,,,,-0.390538,,
2001-02-06,,,,,0.797610,,
2001-02-07,,,,,0.108276,,
2001-02-08,,,,,1.049571,,
2001-02-09,,,,,-0.483050,,
2001-02-12,,,,,-0.296345,,
2001-02-13,,,,,0.690119,,
2001-02-14,,,,,0.071430,,
2001-02-15,,,,,1.030018,,
2001-02-16,,,,,-0.833851,,
2001-02-19,,,,,-0.303331,,
2001-02-20,,,,,0.800932,,
2001-02-21,,,,,0.265560,,
2001-02-22,,,,,0.194289,,
2001-02-23,,,,,-1.162543,,
2001-02-26,,,,,0.658364,,
2001-02-27,,,,,-0.382037,,
2001-02-28,,,,,-0.294178,,
2001-03-01,,,,,-0.653863,,
2001-03-02,,,,,-0.098900,,
2001-03-05,,,,,0.332274,,
2001-03-06,,,,,-0.305293,,
2001-03-07,,,,,0.564952,,
2001-03-08,,,,,-0.304500,,
2001-03-09,,,,,-0.044854,,
2001-03-12,,,,,0.510182,,
2001-03-13,,,,,0.977263,,
2001-03-14,,,,,0.520257,,
2001-03-15,,,,,0.884382,,
2001-03-16,,,,,0.530368,,
2001-03-19,,,,,-0.104115,,
2001-03-20,,,,,-0.950682,,
2001-03-21,,,,,1.236732,,
2001-03-22,,,,,0.664286,,
2001-03-23,,,,,-0.310025,,
2001-03-26,,,,,-0.631629,,
2001-03-27,,,,,0.190774,,
2001-03-28,,,,,0.501213,,
2001-03-29,,,,,0.507285,,
2001-03-30,,,,,0.658211,,
2001-04-02,,,,,-0.025569,,
2001-04-03,,,,,-1.468026,,
2001-04-04,,,,,-0.476786,,
2001-04-05,,,,,0.338321,,
2001-04-06,,,,,-0.625492,,
2001-04-09,,,,,0.400069,,
2001-04-10,,,,,0.700602,,
2001-04-11,,,,,0.094766,,
2001-04-12,,,,,-0.509343,,
2001-04-16,,,,,0.552391,,
2001-04-17,,,,,0.240715,,
2001-04-18,,,,,-0.283763,,
2001-04-19,,,,,-0.960423,,
2001-04-20,,,,,-0.610447,,
2001-04-23,,,,,0.392857,,
2001-04-24,,,,,0.373962,,
2001-04-25,,,,,-0.191150,,
2001-04-26,,,,,-0.453282,,
2001-04-27,,,,,1.008357,,
2001-04-30,,,,,0.198726,,
2001-05-01,,,,,-0.475878,,
2001-05-02,,,,,-0.121495,,
2001-05-03,,,,,0.190850,,
2001-05-04,,,,,-0.390776,,
2001-05-07,,,,,0.338763,,
2001-05-08,,,,,0.656875,,
2001-05-09,,,,,-0.025847,,
2001-05-10,,,,,0.275364,,
2001-05-11,,,,,0.403065,,
2001-05-14,,,,,0.256435,,
2001-05-15,,,,,-0.299233,,
2001-05-16,,,,,-0.558111,,
2001-05-17,,,,,-0.017219,,
2001-05-18,,,,,0.249431,,
2001-05-21,,,,,0.094443,,
2001-05-22,,,,,0.999116,,
2001-05-23,,,,,0.508518,,
2001-05-24,,,,,0.059159,,
2001-05-25,,,,,-0.152195,,
2001-05-29,,,,,0.033842,,
2001-05-30,,,,,0.000000,,
2001-05-31,,,,,0.716425,,
2001-06-01,,,,,-0.151287,,
2001-06-04,,,,,0.252019,,
2001-06-05,,,,,-0.411960,,
2001-06-06,,,,,0.554487,,
2001-06-07,,,,,-0.226467,,
2001-06-08,,,,,0.100716,,
2001-06-11,,,,,0.702171,,
2001-06-12,,,,,-0.367189,,
2001-06-13,,,,,-0.486090,,
2001-06-14,,,,,-0.877570,,
2001-06-15,,,,,0.253939,,
2001-06-18,,,,,0.059159,,
2001-06-19,,,,,0.572874,,
2001-06-20,,,,,0.075573,,
2001-06-21,,,,,-0.201662,,
2001-06-22,,,,,0.016825,,
2001-06-25,,,,,-0.497412,,
2001-06-26,,,,,-0.211515,,
2001-06-27,,,,,0.262210,,
2001-06-28,,,,,1.367533,,
2001-06-29,,,,,-0.484466,,
2001-07-02,,,,,0.200751,,
2001-07-03,,,,,-0.058511,,
2001-07-04,,,,,0.258867,,
2001-07-05,,,,,0.822228,,
2001-07-06,,,,,-0.830570,,
2001-07-09,,,,,-0.008343,,
2001-07-10,,,,,-0.635934,,
2001-07-11,,,,,-0.412162,,
2001-07-12,,,,,0.378579,,
2001-07-13,,,,,0.201330,,
2001-07-16,,,,,-0.025143,,
2001-07-17,,,,,-0.335853,,
2001-07-18,,,,,-1.286631,,
2001-07-19,,,,,-0.042602,,
2001-07-20,,,,,-0.102331,,
2001-07-23,,,,,0.544542,,
2001-07-24,,,,,-0.621354,,
2001-07-25,,,,,-0.410682,,
2001-07-26,,,,,0.085696,,
2001-07-27,,,,,0.171178,,
2001-07-30,,,,,0.222085,,
2001-07-31,,,,,-0.017064,,
2001-08-01,,,,,-0.530507,,
2001-08-02,,,,,-0.240508,,
2001-08-03,,,,,-0.120472,,
2001-08-06,,,,,0.240797,,
2001-08-07,,,,,0.351558,,
2001-08-08,,,,,-0.248533,,
2001-08-09,,,,,-1.113089,,
2001-08-10,,,,,0.034702,,
2001-08-13,,,,,-0.243160,,
2001-08-14,,,,,-0.540544,,
2001-08-15,,,,,-1.054581,,
2001-08-16,,,,,-0.097229,,
2001-08-17,,,,,-0.079625,,
2001-08-20,,,,,0.362211,,
2001-08-21,,,,,-0.097050,,
2001-08-22,,,,,-0.017659,,
2001-08-23,,,,,-0.159040,,
2001-08-24,,,,,0.212001,,
2001-08-27,,,,,0.052926,,
2001-08-28,,,,,0.035271,,
2001-08-29,,,,,0.096930,,
2001-08-30,,,,,-0.618436,,
2001-08-31,,,,,0.512687,,
2001-09-03,,,,,0.220177,,
2001-09-04,,,,,1.752826,,
2001-09-05,,,,,-0.069182,,
2001-09-06,,,,,-0.546471,,
2001-09-07,,,,,-0.803426,,
2001-09-10,,,,,0.454901,,
2001-09-17,,,,,-2.259782,,
2001-09-18,,,,,-0.080386,,
2001-09-19,,,,,-0.277365,,
2001-09-20,,,,,0.232685,,
2001-09-21,,,,,1.040424,,
2001-09-24,,,,,-0.177090,,
2001-09-25,,,,,-0.497511,,
2001-09-26,,,,,0.008908,,
2001-09-27,,,,,0.612602,,
2001-09-28,,,,,0.441580,,
2001-10-01,,,,,-0.423882,,
2001-10-02,,,,,0.008851,,
2001-10-03,,,,,0.344508,,
2001-10-04,,,,,-0.211863,,
2001-10-05,,,,,-0.221171,,
2001-10-08,,,,,-0.283821,,
2001-10-09,,,,,0.672749,,
2001-10-10,,,,,0.308302,,
2001-10-11,,,,,0.648731,,
2001-10-12,,,,,-0.481762,,
2001-10-15,,,,,-0.061481,,
2001-10-16,,,,,0.087818,,
2001-10-17,,,,,0.402978,,
2001-10-18,,,,,-0.026231,,
2001-10-19,,,,,0.445010,,
2001-10-22,,,,,0.771869,,
2001-10-23,,,,,0.086354,,
2001-10-24,,,,,-0.216029,,
2001-10-25,,,,,-0.043258,,
2001-10-26,,,,,0.086504,,
2001-10-29,,,,,-1.051772,,
2001-10-30,,,,,-0.078678,,
2001-10-31,,,,,0.445010,,
2001-11-01,,,,,-0.348860,,
2001-11-02,,,,,0.069871,,
2001-11-05,,,,,0.000000,,
2001-11-06,,,,,0.235445,,
2001-11-07,,,,,0.147966,,
2001-11-08,,,,,0.130367,,
2001-11-09,,,,,-0.034750,,
2001-11-12,,,,,0.216986,,
2001-11-13,,,,,0.914830,,
2001-11-14,,,,,-0.171973,,
2001-11-15,,,,,0.266430,,
2001-11-16,,,,,-0.085865,,
2001-11-19,,,,,0.445699,,
2001-11-20,,,,,-0.265465,,
2001-11-21,,,,,0.453437,,
2001-11-22,,,,,0.127960,,
2001-11-23,,,,,0.025571,,
2001-11-26,,,,,-0.187682,,
2001-11-27,,,,,-0.188036,,
2001-11-28,,,,,-0.617869,,
2001-11-29,,,,,-0.034439,,
2001-11-30,,,,,0.000000,,
2001-12-03,,,,,-0.146493,,
2001-12-04,,,,,0.103433,,
2001-12-05,,,,,0.283885,,
2001-12-06,,,,,-0.672306,,
2001-12-07,,,,,0.448706,,
2001-12-10,,,,,0.094660,,
2001-12-11,,,,,-0.180792,,
2001-12-12,,,,,-0.622356,,
2001-12-13,,,,,0.406699,,
2001-12-14,,,,,-0.754134,,
2001-12-17,,,,,0.000000,,
2001-12-18,,,,,0.191240,,
2001-12-19,,,,,0.286174,,
2001-12-20,,,,,0.095203,,
2001-12-21,,,,,1.195359,,
2001-12-24,,,,,0.817303,,
2001-12-26,,,,,-0.076343,,
2001-12-27,,,,,-0.237871,,
2001-12-28,,,,,-0.264019,,
2001-12-31,,,,,-0.435881,,
2002-01-02,,,,,-0.825668,,
2002-01-03,,,,,0.275981,,
2002-01-04,,,,,0.189297,,
2002-01-07,,,,,0.000000,,
2002-01-08,,,,,0.428891,,
2002-01-09,,,,,0.153951,,
2002-01-10,,,,,-0.111168,,
2002-01-11,,,,,-0.205548,,
2002-01-14,,,,,0.000000,,
2002-01-15,,,,,0.555725,,
2002-01-16,,,,,0.255445,,
2002-01-17,,,,,0.220865,,
2002-01-18,,,,,-0.288916,,
2002-01-21,,,,,0.127569,,
2002-01-22,,,,,0.076459,,
2002-01-23,,,,,0.609604,,
2002-01-24,,,,,0.143392,,
2002-01-25,,,,,1.014725,,
2002-01-28,,,,,0.158408,,
2002-01-29,,,,,-0.350495,,
2002-01-30,,,,,0.091916,,
2002-01-31,,,,,0.425050,,
2002-02-01,,,,,-0.374951,,
2002-02-04,,,,,-0.745740,,
2002-02-05,,,,,0.419640,,
2002-02-06,,,,,-0.083786,,
2002-02-07,,,,,-0.192980,,
2002-02-08,,,,,-0.075612,,
2002-02-11,,,,,-0.454892,,
2002-02-12,,,,,-0.160549,,
2002-02-13,,,,,0.464040,,
2002-02-14,,,,,-0.311936,,
2002-02-15,,,,,0.143440,,
2002-02-18,,,,,0.134820,,
2002-02-19,,,,,-0.337383,,
2002-02-20,,,,,0.480425,,
2002-02-21,,,,,0.193208,,
2002-02-22,,,,,-0.572297,,
2002-02-25,,,,,0.547111,,
2002-02-26,,,,,0.577531,,
2002-02-27,,,,,-0.208864,,
2002-02-28,,,,,-0.343481,,
2002-03-01,,,,,0.201206,,
2002-03-04,,,,,-0.495366,,
2002-03-05,,,,,-0.202206,,
2002-03-06,,,,,-0.515793,,
2002-03-07,,,,,-0.988248,,
2002-03-08,,,,,1.013676,,
2002-03-11,,,,,-0.220597,,
2002-03-12,,,,,0.059440,,
2002-03-13,,,,,0.135728,,
2002-03-14,,,,,-0.569607,,
2002-03-15,,,,,-0.059699,,
2002-03-18,,,,,0.238581,,
2002-03-19,,,,,0.000000,,
2002-03-20,,,,,-0.238581,,
2002-03-21,,,,,0.255599,,
2002-03-22,,,,,0.449978,,
2002-03-25,,,,,0.042342,,
2002-03-26,,,,,0.033865,,
2002-03-27,,,,,0.338011,,
2002-03-28,,,,,0.067467,,
2002-04-01,,,,,-0.719159,,
2002-04-02,,,,,0.127287,,
2002-04-03,,,,,-0.203734,,
2002-04-04,,,,,0.220696,,
2002-04-05,,,,,-0.212197,,
2002-04-08,,,,,0.432401,,
2002-04-09,,,,,-0.517412,,
2002-04-10,,,,,-0.068051,,
2002-04-11,,,,,-0.119209,,
2002-04-12,,,,,0.314742,,
2002-04-15,,,,,-0.084968,,
2002-04-16,,,,,-0.229774,,
2002-04-17,,,,,-0.658211,,
2002-04-18,,,,,-0.180264,,
2002-04-19,,,,,-0.085953,,
2002-04-22,,,,,0.120315,,
2002-04-23,,,,,0.120172,,
2002-04-24,,,,,-0.360947,,
2002-04-25,,,,,-0.604497,,
2002-04-26,,,,,-0.355761,,
2002-04-29,,,,,-0.130476,,
2002-04-30,,,,,0.260782,,
2002-05-01,,,,,-0.565884,,
2002-05-02,,,,,0.287696,,
2002-05-03,,,,,-1.120564,,
2002-05-06,,,,,0.061613,,
2002-05-07,,,,,0.228486,,
2002-05-08,,,,,0.865282,,
2002-05-09,,,,,-0.339979,,
2002-05-10,,,,,-0.498972,,
2002-05-13,,,,,0.175366,,
2002-05-14,,,,,0.820101,,
2002-05-15,,,,,-0.846384,,
2002-05-16,,,,,0.008757,,
2002-05-17,,,,,-0.995030,,
2002-05-20,,,,,-0.159419,,
2002-05-21,,,,,-0.017726,,
2002-05-22,,,,,-0.417538,,
2002-05-23,,,,,0.408671,,
2002-05-24,,,,,0.008867,,
2002-05-27,,,,,0.177145,,
2002-05-28,,,,,-0.799651,,
2002-05-29,,,,,-0.545643,,
2002-05-30,,,,,-0.287434,,
2002-05-31,,,,,0.574044,,
2002-06-03,,,,,-0.457170,,
2002-06-04,,,,,-0.188864,,
2002-06-05,,,,,0.224790,,
2002-06-06,,,,,-0.459103,,
2002-06-07,,,,,0.144258,,
2002-06-10,,,,,0.099059,,
2002-06-11,,,,,-0.288444,,
2002-06-12,,,,,0.198396,,
2002-06-13,,,,,0.135046,,
2002-06-14,,,,,-0.351494,,
2002-06-17,,,,,0.081220,,
2002-06-18,,,,,-0.588105,,
2002-06-19,,,,,-0.482103,,
2002-06-20,,,,,-0.667855,,
2002-06-21,,,,,-0.690833,,
2002-06-24,,,,,0.018482,,
2002-06-25,,,,,-0.593198,,
2002-06-26,,,,,-0.943361,,
2002-06-27,,,,,-0.178458,,
2002-06-28,,,,,-0.244731,,
2002-07-01,,,,,0.376259,,
2002-07-02,,,,,0.271906,,
2002-07-03,,,,,0.233809,,
2002-07-04,,,,,0.270529,,
2002-07-05,,,,,0.306965,,
2002-07-08,,,,,-1.280566,,
2002-07-09,,,,,-0.613355,,
2002-07-10,,,,,0.340169,,
2002-07-11,,,,,-0.273935,,
2002-07-12,,,,,0.160671,,
2002-07-15,,,,,-1.158829,,
2002-07-16,,,,,-0.172117,,
2002-07-17,,,,,-0.067015,,
2002-07-18,,,,,0.047875,,
2002-07-19,,,,,-0.393232,,
2002-07-22,,,,,0.660892,,
2002-07-23,,,,,1.806968,,
2002-07-24,,,,,-1.074576,,
2002-07-25,,,,,-0.379790,,
2002-07-26,,,,,1.407474,,
2002-07-29,,,,,0.458563,,
2002-07-30,,,,,-0.280500,,
2002-07-31,,,,,0.569537,,
2002-08-01,,,,,-0.363762,,
2002-08-02,,,,,-0.327577,,
2002-08-05,,,,,0.560905,,
2002-08-06,,,,,1.315082,,
2002-08-07,,,,,-0.775846,,
2002-08-08,,,,,0.748242,,
2002-08-09,,,,,-0.415000,,
2002-08-12,,,,,-0.742045,,
2002-08-13,,,,,-0.279697,,
2002-08-14,,,,,-0.299205,,
2002-08-15,,,,,-0.065571,,
2002-08-16,,,,,0.000000,,
2002-08-19,,,,,0.746826,,
2002-08-20,,,,,-0.195503,,
2002-08-21,,,,,-0.158544,,
2002-08-22,,,,,0.919780,,
2002-08-23,,,,,-0.148076,,
2002-08-26,,,,,-0.101932,,
2002-08-27,,,,,-1.015714,,
2002-08-28,,,,,0.289928,,
2002-08-29,,,,,-0.355511,,
2002-08-30,,,,,0.262080,,
2002-09-03,,,,,-1.326769,,
2002-09-04,,,,,0.500779,,
2002-09-05,,,,,-0.113160,,
2002-09-06,,,,,0.808193,,
2002-09-09,,,,,0.243061,,
2002-09-10,,,,,0.391389,,
2002-09-11,,,,,0.092968,,
2002-09-12,,,,,-0.428345,,
2002-09-13,,,,,0.836353,,
2002-09-16,,,,,0.166436,,
2002-09-17,,,,,0.083118,,
2002-09-18,,,,,-0.527559,,
2002-09-19,,,,,-0.707772,,
2002-09-20,,,,,0.494103,,
2002-09-23,,,,,0.306423,,
2002-09-24,,,,,-0.315725,,
2002-09-25,,,,,0.250805,,
2002-09-26,,,,,-0.102103,,
2002-09-27,,,,,-0.139400,,
2002-09-30,,,,,-0.615670,,
2002-10-01,,,,,0.186966,,
2002-10-02,,,,,0.084026,,
2002-10-03,,,,,-0.177465,,
2002-10-04,,,,,0.587220,,
2002-10-07,,,,,-0.046475,,
2002-10-08,,,,,0.482328,,
2002-10-09,,,,,-1.051122,,
2002-10-10,,,,,0.242827,,
2002-10-11,,,,,0.046634,,
2002-10-14,,,,,-0.093282,,
2002-10-15,,,,,0.586236,,
2002-10-16,,,,,-0.139271,,
2002-10-17,,,,,0.685193,,
2002-10-18,,,,,0.138313,,
2002-10-21,,,,,-0.267584,,
2002-10-22,,,,,-0.268308,,
2002-10-23,,,,,0.055569,,
2002-10-24,,,,,-0.083364,,
2002-10-25,,,,,0.009261,,
2002-10-28,,,,,-0.706711,,
2002-10-29,,,,,-0.084026,,
2002-10-30,,,,,0.000000,,
2002-10-31,,,,,-0.402416,,
2002-11-01,,,,,-0.526512,,
2002-11-04,,,,,0.037701,,
2002-11-05,,,,,-0.235860,,
2002-11-06,,,,,-0.255360,,
2002-11-07,,,,,-0.598375,,
2002-11-08,,,,,-0.448753,,
2002-11-11,,,,,0.066963,,
2002-11-12,,,,,0.086034,,
2002-11-13,,,,,0.419522,,
2002-11-14,,,,,0.104608,,
2002-11-15,,,,,-0.161710,,
2002-11-18,,,,,0.152203,,
2002-11-19,,,,,0.445774,,
2002-11-20,,,,,0.189094,,
2002-11-21,,,,,-0.056694,,
2002-11-22,,,,,0.292554,,
2002-11-25,,,,,0.394995,,
2002-11-26,,,,,-0.009388,,
2002-11-27,,,,,0.225033,,
2002-11-28,,,,,-0.215645,,
2002-11-29,,,,,-0.122092,,
2002-12-02,,,,,-0.056407,,
2002-12-03,,,,,0.018809,,
2002-12-04,,,,,-0.216464,,
2002-12-05,,,,,-0.037694,,
2002-12-06,,,,,-0.699896,,
2002-12-09,,,,,-0.113963,,
2002-12-10,,,,,0.123456,,
2002-12-11,,,,,-0.018987,,
2002-12-12,,,,,-0.800534,,
2002-12-13,,,,,-0.508418,,
2002-12-16,,,,,0.076903,,
2002-12-17,,,,,-0.529939,,
2002-12-18,,,,,0.115859,,
2002-12-19,,,,,-0.144845,,
2002-12-20,,,,,-0.019333,,
2002-12-23,,,,,0.173829,,
2002-12-24,,,,,-0.377011,,
2002-12-26,,,,,-0.417335,,
2002-12-27,,,,,-0.399548,,
2002-12-30,,,,,-0.391354,,
2002-12-31,,,,,-0.156974,,
2003-01-02,,,,,1.103370,,
2003-01-03,,,,,-0.496474,,
2003-01-06,,,,,-0.489142,,
2003-01-07,,,,,0.586683,,
2003-01-08,,,,,-0.684797,,
2003-01-09,,,,,0.068690,,
2003-01-10,,,,,-0.698924,,
2003-01-13,,,,,0.236801,,
2003-01-14,,,,,-0.256564,,
2003-01-15,,,,,0.128360,,
2003-01-16,,,,,-0.544201,,
2003-01-17,,,,,-0.238401,,
2003-01-21,,,,,-0.318757,,
2003-01-22,,,,,0.000000,,
2003-01-23,,,,,-0.369836,,
2003-01-24,,,,,-0.642960,,
2003-01-27,,,,,0.040307,,
2003-01-28,,,,,0.221396,,
2003-01-29,,,,,-0.201252,,
2003-01-30,,,,,0.241447,,
2003-01-31,,,,,0.391122,,
2003-02-03,,,,,-0.010012,,
2003-02-04,,,,,-0.763672,,
2003-02-05,,,,,0.513108,,
2003-02-06,,,,,-0.190852,,
2003-02-07,,,,,0.110537,,
2003-02-10,,,,,0.700560,,
2003-02-11,,,,,0.119607,,
2003-02-12,,,,,0.119465,,
2003-02-13,,,,,-0.919553,,
2003-02-14,,,,,0.450840,,
2003-02-18,,,,,0.488606,,
2003-02-19,,,,,-0.528599,,
2003-02-20,,,,,-0.451013,,
2003-02-21,,,,,0.540968,,
2003-02-24,,,,,-0.430531,,
2003-02-25,,,,,0.170433,,
2003-02-26,,,,,-0.210578,,
2003-02-27,,,,,0.190538,,
2003-02-28,,,,,-0.100240,,
2003-03-03,,,,,-0.613654,,
2003-03-04,,,,,0.030267,,
2003-03-05,,,,,-0.861155,,
2003-03-06,,,,,0.030519,,
2003-03-07,,,,,-0.275016,,
2003-03-10,,,,,-0.193990,,
2003-03-11,,,,,0.142974,,
2003-03-12,,,,,0.173343,,
2003-03-13,,,,,1.406122,,
2003-03-14,,,,,0.441010,,
2003-03-17,,,,,0.747276,,
2003-03-18,,,,,0.119051,,
2003-03-19,,,,,0.711326,,
2003-03-20,,,,,-0.424210,,
2003-03-21,,,,,0.758359,,
2003-03-24,,,,,-0.926567,,
2003-03-25,,,,,-0.108992,,
2003-03-26,,,,,-0.258092,,
2003-03-27,,,,,0.029812,,
2003-03-28,,,,,-0.677969,,
2003-03-31,,,,,-0.904439,,
2003-04-01,,,,,0.090817,,
2003-04-02,,,,,0.933601,,
2003-04-03,,,,,0.259449,,
2003-04-04,,,,,0.109568,,
2003-04-07,,,,,0.585643,,
2003-04-08,,,,,-0.506031,,
2003-04-09,,,,,-0.368723,,
2003-04-10,,,,,-0.340038,,
2003-04-11,,,,,0.360000,,
2003-04-14,,,,,-0.219847,,
2003-04-15,,,,,-0.200277,,
2003-04-16,,,,,-0.704161,,
2003-04-17,,,,,0.241989,,
2003-04-21,,,,,0.291612,,
2003-04-22,,,,,-0.867284,,
2003-04-23,,,,,0.050626,,
2003-04-24,,,,,-0.456596,,
2003-04-25,,,,,0.030504,,
2003-04-28,,,,,0.314670,,
2003-04-29,,,,,-0.660942,,
2003-04-30,,,,,-0.850366,,
2003-05-01,,,,,-0.505447,,
2003-05-02,,,,,0.062033,,
2003-05-05,,,,,-0.403873,,
2003-05-06,,,,,-1.074557,,
2003-05-07,,,,,0.251421,,
2003-05-08,,,,,-0.682384,,
2003-05-09,,,,,0.052660,,
2003-05-12,,,,,-0.453755,,
2003-05-13,,,,,0.179635,,
2003-05-14,,,,,-0.147912,,
2003-05-15,,,,,0.674396,,
2003-05-16,,,,,-1.204451,,
2003-05-19,,,,,-0.319390,,
2003-05-20,,,,,-0.556029,,
2003-05-21,,,,,0.299785,,
2003-05-22,,,,,0.021376,,
2003-05-23,,,,,-0.546591,,
2003-05-27,,,,,-0.355281,,
2003-05-28,,,,,0.784229,,
2003-05-29,,,,,-0.795017,,
2003-05-30,,,,,0.602215,,
2003-06-02,,,,,0.075022,,
2003-06-03,,,,,0.203353,,
2003-06-04,,,,,0.213611,,
2003-06-05,,,,,-1.299354,,
2003-06-06,,,,,1.032274,,
2003-06-09,,,,,-0.192740,,
2003-06-10,,,,,0.278278,,
2003-06-11,,,,,-0.632605,,
2003-06-12,,,,,-0.075320,,
2003-06-13,,,,,-0.734663,,
2003-06-16,,,,,0.194996,,
2003-06-17,,,,,0.227014,,
2003-06-18,,,,,0.602862,,
2003-06-19,,,,,-0.010727,,
2003-06-20,,,,,0.940175,,
2003-06-23,,,,,0.042527,,
2003-06-24,,,,,0.328962,,
2003-06-25,,,,,-0.286453,,
2003-06-26,,,,,0.899047,,
2003-06-27,,,,,0.189355,,
2003-06-30,,,,,-0.442384,,
2003-07-01,,,,,-0.454955,,
2003-07-02,,,,,-0.191063,,
2003-07-03,,,,,0.307645,,
2003-07-04,,,,,0.148178,,
2003-07-07,,,,,1.010215,,
2003-07-08,,,,,0.324046,,
2003-07-09,,,,,-0.240326,,
2003-07-10,,,,,-0.209443,,
2003-07-11,,,,,0.428898,,
2003-07-14,,,,,0.281438,,
2003-07-15,,,,,0.000000,,
2003-07-16,,,,,0.674312,,
2003-07-17,,,,,0.144643,,
2003-07-18,,,,,0.000000,,
2003-07-21,,,,,-0.777327,,
2003-07-22,,,,,0.280530,,
2003-07-23,,,,,-0.980088,,
2003-07-24,,,,,-0.104839,,
2003-07-25,,,,,-0.399367,,
2003-07-28,,,,,0.105251,,
2003-07-29,,,,,0.283633,,
2003-07-30,,,,,0.773251,,
2003-07-31,,,,,0.849921,,
2003-08-01,,,,,-0.237660,,
2003-08-04,,,,,-0.497827,,
2003-08-05,,,,,-0.020792,,
2003-08-06,,,,,0.072768,,
2003-08-07,,,,,-0.416538,,
2003-08-08,,,,,0.551538,,
2003-08-11,,,,,-0.509805,,
2003-08-12,,,,,0.291635,,
2003-08-13,,,,,0.031194,,
2003-08-14,,,,,0.518512,,
2003-08-15,,,,,-0.031033,,
2003-08-18,,,,,0.721648,,
2003-08-19,,,,,-0.041097,,
2003-08-20,,,,,0.061645,,
2003-08-21,,,,,1.265450,,
2003-08-22,,,,,0.222854,,
2003-08-25,,,,,0.000000,,
2003-08-26,,,,,-0.070854,,
2003-08-27,,,,,0.101203,,
2003-08-28,,,,,-0.030350,,
2003-08-29,,,,,-0.741388,,
2003-09-01,,,,,-0.101987,,
2003-09-02,,,,,0.964716,,
2003-09-03,,,,,-0.242839,,
2003-09-04,,,,,-0.518006,,
2003-09-05,,,,,-1.136784,,
2003-09-08,,,,,0.072080,,
2003-09-09,,,,,-0.743807,,
2003-09-10,,,,,0.062193,,
2003-09-11,,,,,0.062155,,
2003-09-12,,,,,-0.571218,,
2003-09-15,,,,,-0.031251,,
2003-09-16,,,,,0.716323,,
2003-09-17,,,,,-0.966693,,
2003-09-18,,,,,0.219103,,
2003-09-19,,,,,-1.037145,,
2003-09-22,,,,,-1.175800,,
2003-09-23,,,,,0.149063,,
2003-09-24,,,,,-0.309022,,
2003-09-25,,,,,0.064019,,
2003-09-26,,,,,0.117253,,
2003-09-29,,,,,-0.845152,,
2003-09-30,,,,,-0.247409,,
2003-10-01,,,,,-0.496653,,
2003-10-02,,,,,0.032465,,
2003-10-03,,,,,0.872621,,
2003-10-06,,,,,-0.883435,,
2003-10-07,,,,,-0.564304,,
2003-10-08,,,,,-0.174269,,
2003-10-09,,,,,0.283034,,
2003-10-10,,,,,-0.512236,,
2003-10-13,,,,,0.403470,,
2003-10-14,,,,,-0.065314,,
2003-10-15,,,,,0.640432,,
2003-10-16,,,,,0.205375,,
2003-10-17,,,,,-0.346133,,
2003-10-20,,,,,0.151580,,
2003-10-21,,,,,-0.064932,,
2003-10-22,,,,,-1.198017,,
2003-10-23,,,,,0.262616,,
2003-10-24,,,,,-0.251658,,
2003-10-27,,,,,0.360875,,
2003-10-28,,,,,0.272524,,
2003-10-29,,,,,0.000000,,
2003-10-30,,,,,0.380288,,
2003-10-31,,,,,0.562350,,
2003-11-03,,,,,0.997917,,
2003-11-04,,,,,-0.460166,,
2003-11-05,,,,,0.428122,,
2003-11-06,,,,,0.277306,,
2003-11-07,,,,,-0.930938,,
2003-11-10,,,,,0.032252,,
2003-11-11,,,,,0.053715,,
2003-11-12,,,,,-0.852171,,
2003-11-13,,,,,-0.761201,,
2003-11-14,,,,,-0.185741,,
2003-11-17,,,,,0.098374,,
2003-11-18,,,,,-1.319712,,
2003-11-19,,,,,0.629037,,
2003-11-20,,,,,-0.264373,,
2003-11-21,,,,,-0.066210,,
2003-11-24,,,,,1.086786,,
2003-11-25,,,,,-0.142034,,
2003-11-26,,,,,-0.944752,,
2003-11-28,,,,,-0.431392,,
2003-12-01,,,,,0.155072,,
2003-12-02,,,,,-0.788936,,
2003-12-03,,,,,-0.156301,,
2003-12-04,,,,,0.111667,,
2003-12-05,,,,,-0.514714,,
2003-12-08,,,,,-0.438473,,
2003-12-09,,,,,-0.157870,,
2003-12-10,,,,,0.270480,,
2003-12-11,,,,,0.033758,,
2003-12-12,,,,,-0.439758,,
2003-12-15,,,,,-0.033907,,
2003-12-16,,,,,-0.169713,,
2003-12-17,,,,,-0.419854,,
2003-12-18,,,,,-0.102399,,
2003-12-19,,,,,0.295525,,
2003-12-22,,,,,-0.136290,,
2003-12-23,,,,,0.000000,,
2003-12-24,,,,,-0.512731,,
2003-12-26,,,,,0.102753,,
2003-12-29,,,,,-0.320036,,
2003-12-30,,,,,-0.401490,,
2003-12-31,,,,,-0.091999,,
2004-01-02,,,,,0.000000,,
2004-01-05,,,,,-0.982721,,
2004-01-06,,,,,-0.512526,,
2004-01-07,,,,,0.663449,,
2004-01-08,,,,,-0.733539,,
2004-01-09,,,,,-0.539021,,
2004-01-12,,,,,0.515649,,
2004-01-13,,,,,-0.046768,,
2004-01-14,,,,,0.606271,,
2004-01-15,,,,,0.614173,,
2004-01-16,,,,,1.342616,,
2004-01-19,,,,,-0.079821,,
2004-01-20,,,,,-1.089653,,
2004-01-21,,,,,-0.404459,,
2004-01-22,,,,,-0.627254,,
2004-01-23,,,,,0.858571,,
2004-01-26,,,,,0.793977,,
2004-01-27,,,,,-1.117975,,
2004-01-28,,,,,0.796543,,
2004-01-29,,,,,0.698944,,
2004-01-30,,,,,-0.434839,,
2004-02-02,,,,,0.377728,,
2004-02-03,,,,,-0.849016,,
2004-02-04,,,,,0.057588,,
2004-02-05,,,,,0.069076,,
2004-02-06,,,,,-1.017826,,
2004-02-09,,,,,-0.023250,,
2004-02-10,,,,,-0.186224,,
2004-02-11,,,,,-0.748365,,
2004-02-12,,,,,0.105583,,
2004-02-13,,,,,0.316063,,
2004-02-16,,,,,-0.105241,,
2004-02-17,,,,,-0.527896,,
2004-02-18,,,,,1.006445,,
2004-02-19,,,,,0.081476,,
2004-02-20,,,,,1.489722,,
2004-02-23,,,,,-0.229512,,
2004-02-24,,,,,-1.039393,,
2004-02-25,,,,,1.280369,,
2004-02-26,,,,,0.491626,,
2004-02-27,,,,,-0.422884,,
2004-03-01,,,,,0.240232,,
2004-03-02,,,,,1.485715,,
2004-03-03,,,,,0.224893,,
2004-03-04,,,,,0.123478,,
2004-03-05,,,,,-1.082798,,
2004-03-08,,,,,-0.204337,,
2004-03-09,,,,,0.329005,,
2004-03-10,,,,,0.744752,,
2004-03-11,,,,,-0.495882,,
2004-03-12,,,,,0.686825,,
2004-03-15,,,,,-0.348458,,
2004-03-16,,,,,-0.248029,,
2004-03-17,,,,,0.067712,,
2004-03-18,,,,,-1.077419,,
2004-03-19,,,,,0.523153,,
2004-03-22,,,,,-0.397802,,
2004-03-23,,,,,0.045543,,
2004-03-24,,,,,1.221875,,
2004-03-25,,,,,-0.033738,,
2004-03-26,,,,,-0.011253,,
2004-03-29,,,,,-0.292927,,
2004-03-30,,,,,-0.225909,,
2004-03-31,,,,,-0.931612,,
2004-04-01,,,,,-0.457617,,
2004-04-02,,,,,1.479657,,
2004-04-05,,,,,0.798968,,
2004-04-06,,,,,-0.528181,,
2004-04-07,,,,,-0.542316,,
2004-04-08,,,,,0.846076,,
2004-04-12,,,,,-0.078665,,
2004-04-13,,,,,0.984464,,
2004-04-14,,,,,0.455375,,
2004-04-15,,,,,-0.199667,,
2004-04-16,,,,,-0.133329,,
2004-04-19,,,,,-0.155779,,
2004-04-20,,,,,0.765432,,
2004-04-21,,,,,0.693803,,
2004-04-22,,,,,-0.329783,,
2004-04-23,,,,,0.285874,,
2004-04-26,,,,,-0.506329,,
2004-04-27,,,,,-0.232005,,
2004-04-28,,,,,0.837095,,
2004-04-29,,,,,-0.660284,,
2004-04-30,,,,,-0.099417,,
2004-05-03,,,,,0.308982,,
2004-05-04,,,,,-1.052238,,
2004-05-05,,,,,-0.558286,,
2004-05-06,,,,,0.636197,,
2004-05-07,,,,,1.381161,,
2004-05-10,,,,,0.470745,,
2004-05-11,,,,,0.109165,,
2004-05-12,,,,,-0.404486,,
2004-05-13,,,,,0.731243,,
2004-05-14,,,,,-0.326757,,
2004-05-17,,,,,-0.722662,,
2004-05-18,,,,,0.274349,,
2004-05-19,,,,,-0.792172,,
2004-05-20,,,,,0.550784,,
2004-05-21,,,,,-0.594979,,
2004-05-24,,,,,-0.011046,,
2004-05-25,,,,,-0.709860,,
2004-05-26,,,,,-0.133655,,
2004-05-27,,,,,-1.177213,,
2004-05-28,,,,,0.315279,,
2004-06-01,,,,,-0.078727,,
2004-06-02,,,,,-0.045016,,
2004-06-03,,,,,0.123743,,
2004-06-04,,,,,-0.461994,,
2004-06-07,,,,,-0.328074,,
2004-06-08,,,,,0.294187,,
2004-06-09,,,,,1.368963,,
2004-06-10,,,,,-0.536377,,
2004-06-11,,,,,0.847938,,
2004-06-14,,,,,-0.077799,,
2004-06-15,,,,,-0.949575,,
2004-06-16,,,,,1.060698,,
2004-06-17,,,,,-0.489873,,
2004-06-18,,,,,-0.582043,,
2004-06-21,,,,,0.235465,,
2004-06-22,,,,,0.156669,,
2004-06-23,,,,,-0.011185,,
2004-06-24,,,,,-0.752092,,
2004-06-25,,,,,0.146368,,
2004-06-28,,,,,-0.180176,,
2004-06-29,,,,,0.774722,,
2004-06-30,,,,,-0.684589,,
2004-07-01,,,,,-0.011264,,
2004-07-02,,,,,-0.927818,,
2004-07-05,,,,,0.295122,,
2004-07-06,,,,,-0.124752,,
2004-07-07,,,,,-0.534792,,
2004-07-08,,,,,-0.125579,,
2004-07-09,,,,,-0.137178,,
2004-07-12,,,,,-0.034322,,
2004-07-13,,,,,0.490842,,
2004-07-14,,,,,-0.273658,,
2004-07-15,,,,,0.467046,,
2004-07-16,,,,,-0.970714,,
2004-07-19,,,,,0.045894,,
2004-07-20,,,,,0.742820,,
2004-07-21,,,,,0.827712,,
2004-07-22,,,,,-0.124288,,
2004-07-23,,,,,0.911609,,
2004-07-26,,,,,-0.258010,,
2004-07-27,,,,,0.850024,,
2004-07-28,,,,,-0.044559,,
2004-07-29,,,,,0.222590,,
2004-07-30,,,,,0.011119,,
2004-08-02,,,,,-0.233709,,
2004-08-03,,,,,-0.200758,,
2004-08-04,,,,,0.122734,,
2004-08-05,,,,,-0.044614,,
2004-08-06,,,,,-1.438225,,
2004-08-09,,,,,0.033944,,
2004-08-10,,,,,0.451521,,
2004-08-11,,,,,0.067549,,
2004-08-12,,,,,-0.180237,,
2004-08-13,,,,,-0.894734,,
2004-08-16,,,,,0.068233,,
2004-08-17,,,,,0.113622,,
2004-08-18,,,,,0.022714,,
2004-08-19,,,,,-0.329790,,
2004-08-20,,,,,0.375195,,
2004-08-23,,,,,1.061072,,
2004-08-24,,,,,0.448131,,
2004-08-25,,,,,-0.044724,,
2004-08-26,,,,,-0.134283,,
2004-08-27,,,,,0.524929,,
2004-08-30,,,,,-0.089151,,
2004-08-31,,,,,-0.839729,,
2004-09-01,,,,,-0.078735,,
2004-09-02,,,,,0.123700,,
2004-09-03,,,,,0.727839,,
2004-09-06,,,,,-0.111630,,
2004-09-07,,,,,-0.335641,,
2004-09-08,,,,,-0.516862,,
2004-09-09,,,,,0.067573,,
2004-09-10,,,,,-0.496562,,
2004-09-13,,,,,0.180857,,
2004-09-14,,,,,-0.101694,,
2004-09-15,,,,,0.776991,,
2004-09-16,,,,,-0.404632,,
2004-09-17,,,,,0.135062,,
2004-09-20,,,,,0.089931,,
2004-09-21,,,,,-0.971102,,
2004-09-22,,,,,0.430260,,
2004-09-23,,,,,-0.079118,,
2004-09-24,,,,,-0.045239,,
2004-09-27,,,,,-0.124513,,
2004-09-28,,,,,-0.204082,,
2004-09-29,,,,,-0.011353,,
2004-09-30,,,,,-0.843499,,
2004-10-01,,,,,0.308585,,
2004-10-04,,,,,0.852229,,
2004-10-05,,,,,-0.237892,,
2004-10-06,,,,,0.350983,,
2004-10-07,,,,,-0.158361,,
2004-10-08,,,,,-1.012579,,
2004-10-11,,,,,0.102868,,
2004-10-12,,,,,0.546818,,
2004-10-13,,,,,-0.159181,,
2004-10-14,,,,,-0.376212,,
2004-10-15,,,,,-0.526807,,
2004-10-18,,,,,-0.080408,,
2004-10-19,,,,,-0.207064,,
2004-10-20,,,,,-0.565852,,
2004-10-21,,,,,-0.382899,,
2004-10-22,,,,,-0.174523,,
2004-10-25,,,,,-1.053629,,
2004-10-26,,,,,0.282052,,
2004-10-27,,,,,0.269561,,
2004-10-28,,,,,-0.187445,,
2004-10-29,,,,,-0.434803,,
2004-11-01,,,,,0.340948,,
2004-11-02,,,,,0.316405,,
2004-11-03,,,,,-0.904988,,
2004-11-04,,,,,-0.189076,,
2004-11-05,,,,,-0.628894,,
2004-11-08,,,,,0.095174,,
2004-11-09,,,,,0.237564,,
2004-11-10,,,,,0.165954,,
2004-11-11,,,,,-0.071086,,
2004-11-12,,,,,-0.809240,,
2004-11-15,,,,,0.369728,,
2004-11-16,,,,,-0.238376,,
2004-11-17,,,,,-0.610454,,
2004-11-18,,,,,0.479101,,
2004-11-19,,,,,-0.455095,,
2004-11-22,,,,,-0.144139,,
2004-11-23,,,,,-0.264806,,
2004-11-24,,,,,-0.677227,,
2004-11-25,,,,,-0.279487,,
2004-11-26,,,,,-0.487926,,
2004-11-29,,,,,0.183252,,
2004-11-30,,,,,-0.134351,,
2004-12-01,,,,,-0.318279,,
2004-12-02,,,,,0.477035,,
2004-12-03,,,,,-1.190702,,
2004-12-06,,,,,0.369772,,
2004-12-07,,,,,-0.049226,,
2004-12-08,,,,,0.809130,,
2004-12-09,,,,,0.158601,,
2004-12-10,,,,,0.631918,,
2004-12-13,,,,,-0.546621,,
2004-12-14,,,,,0.267610,,
2004-12-15,,,,,-0.841729,,
2004-12-16,,,,,1.060149,,
2004-12-17,,,,,-0.412968,,
2004-12-20,,,,,-0.598190,,
2004-12-21,,,,,0.330058,,
2004-12-22,,,,,-0.012207,,
2004-12-23,,,,,-0.722737,,
2004-12-24,,,,,-0.147632,,
2004-12-27,,,,,-0.617515,,
2004-12-28,,,,,0.000000,,
2004-12-29,,,,,0.309234,,
2004-12-30,,,,,-0.544895,,
2004-12-31,,,,,0.396579,,
2005-01-03,,,,,0.555049,,
2005-01-04,,,,,1.550036,,
2005-01-05,,,,,-0.036338,,
2005-01-06,,,,,0.736319,,
2005-01-07,,,,,0.551691,,
2005-01-10,,,,,-0.383464,,
2005-01-11,,,,,-0.324700,,
2005-01-12,,,,,-1.065641,,
2005-01-13,,,,,0.449443,,
2005-01-14,,,,,0.664369,,
2005-01-17,,,,,0.000000,,
2005-01-18,,,,,0.360538,,
2005-01-19,,,,,0.287491,,
2005-01-20,,,,,0.286668,,
2005-01-21,,,,,-0.694191,,
2005-01-24,,,,,-0.024029,,
2005-01-25,,,,,0.896974,,
2005-01-26,,,,,-0.824914,,
2005-01-27,,,,,0.155937,,
2005-01-28,,,,,0.059916,,
2005-01-31,,,,,0.143638,,
2005-02-01,,,,,-0.179588,,
2005-02-02,,,,,0.083847,,
2005-02-03,,,,,0.537352,,
2005-02-04,,,,,0.498930,,
2005-02-07,,,,,0.767285,,
2005-02-08,,,,,0.070527,,
2005-02-09,,,,,-0.094052,,
2005-02-10,,,,,-0.566168,,
2005-02-11,,,,,0.035479,,
2005-02-14,,,,,-0.723911,,
2005-02-15,,,,,-0.441664,,
2005-02-16,,,,,0.095662,,
2005-02-17,,,,,-0.239317,,
2005-02-18,,,,,0.023954,,
2005-02-21,,,,,0.071845,,
2005-02-22,,,,,-1.373845,,
2005-02-23,,,,,0.327090,,
2005-02-24,,,,,0.241601,,
2005-02-25,,,,,-0.265788,,
2005-02-28,,,,,-0.181634,,
2005-03-01,,,,,0.314612,,
2005-03-02,,,,,0.373838,,
2005-03-03,,,,,0.240439,,
2005-03-04,,,,,-0.892538,,
2005-03-07,,,,,0.302426,,
2005-03-08,,,,,-0.983194,,
2005-03-09,,,,,-0.427855,,
2005-03-10,,,,,-0.073526,,
2005-03-11,,,,,-0.184063,,
2005-03-14,,,,,0.673242,,
2005-03-15,,,,,0.182829,,
2005-03-16,,,,,-0.610726,,
2005-03-17,,,,,0.269171,,
2005-03-18,,,,,0.353725,,
2005-03-21,,,,,0.909042,,
2005-03-22,,,,,0.577485,,
2005-03-23,,,,,0.764821,,
2005-03-24,,,,,0.154639,,
2005-03-28,,,,,0.580749,,
2005-03-29,,,,,-0.355160,,
2005-03-30,,,,,-0.035584,,
2005-03-31,,,,,-0.273244,,
2005-04-01,,,,,0.439198,,
2005-04-04,,,,,0.413687,,
2005-04-05,,,,,-0.141637,,
2005-04-06,,,,,0.023616,,
2005-04-07,,,,,0.224126,,
2005-04-08,,,,,-0.472426,,
2005-04-11,,,,,-0.367666,,
2005-04-12,,,,,0.308452,,
2005-04-13,,,,,0.000000,,
2005-04-14,,,,,0.684694,,
2005-04-15,,,,,-0.518994,,
2005-04-18,,,,,-0.664452,,
2005-04-19,,,,,-0.286121,,
2005-04-20,,,,,-0.286950,,
2005-04-21,,,,,0.215285,,
2005-04-22,,,,,-0.239231,,
2005-04-25,,,,,0.382501,,
2005-04-26,,,,,0.166884,,
2005-04-27,,,,,0.190390,,
2005-04-28,,,,,0.273040,,
2005-04-29,,,,,0.094800,,
2005-05-02,,,,,0.071037,,
2005-05-03,,,,,0.023673,,
2005-05-04,,,,,-0.605310,,
2005-05-05,,,,,-0.071452,,
2005-05-06,,,,,0.795019,,
2005-05-09,,,,,0.035448,,
2005-05-10,,,,,-0.224735,,
2005-05-11,,,,,0.578554,,
2005-05-12,,,,,0.645424,,
2005-05-13,,,,,0.711000,,
2005-05-16,,,,,0.023232,,
2005-05-17,,,,,0.104446,,
2005-05-18,,,,,-0.453409,,
2005-05-19,,,,,0.314113,,
2005-05-20,,,,,0.625293,,
2005-05-23,,,,,-0.265844,,
2005-05-24,,,,,-0.034727,,
2005-05-25,,,,,-0.023165,,
2005-05-26,,,,,0.577369,,
2005-05-27,,,,,-0.496336,,
2005-05-31,,,,,1.538673,,
2005-06-01,,,,,0.398021,,
2005-06-02,,,,,-0.409418,,
2005-06-03,,,,,0.329941,,
2005-06-06,,,,,-0.501029,,
2005-06-07,,,,,-0.125650,,
2005-06-08,,,,,0.444774,,
2005-06-09,,,,,0.215974,,
2005-06-10,,,,,0.701521,,
2005-06-13,,,,,0.292721,,
2005-06-14,,,,,0.347910,,
2005-06-15,,,,,-0.685743,,
2005-06-16,,,,,0.078930,,
2005-06-17,,,,,-1.122140,,
2005-06-20,,,,,0.862558,,
2005-06-21,,,,,-0.350935,,
2005-06-22,,,,,0.430009,,
2005-06-23,,,,,0.630354,,
2005-06-24,,,,,-0.382242,,
2005-06-27,,,,,-0.372400,,
2005-06-28,,,,,0.608659,,
2005-06-29,,,,,0.134759,,
2005-06-30,,,,,0.000000,,
2005-07-01,,,,,1.138147,,
2005-07-04,,,,,0.332303,,
2005-07-05,,,,,0.011060,,
2005-07-06,,,,,-0.066370,,
2005-07-07,,,,,-0.110703,,
2005-07-08,,,,,-0.033234,,
2005-07-11,,,,,-0.879201,,
2005-07-12,,,,,-1.180646,,
2005-07-13,,,,,1.012831,,
2005-07-14,,,,,0.100726,,
2005-07-15,,,,,0.357302,,
2005-07-18,,,,,-0.089208,,
2005-07-19,,,,,0.233995,,
2005-07-20,,,,,-0.569232,,
2005-07-21,,,,,-0.459973,,
2005-07-22,,,,,0.795209,,
2005-07-25,,,,,-0.044634,,
2005-07-26,,,,,0.445437,,
2005-07-27,,,,,-0.300448,,
2005-07-28,,,,,-0.435592,,
2005-07-29,,,,,0.011195,,
2005-08-01,,,,,-0.617454,,
2005-08-02,,,,,-0.045056,,
2005-08-03,,,,,-0.871297,,
2005-08-04,,,,,-0.216161,,
2005-08-05,,,,,0.295684,,
2005-08-08,,,,,-0.159109,,
2005-08-09,,,,,-0.034127,,
2005-08-10,,,,,-0.319086,,
2005-08-11,,,,,-0.583830,,
2005-08-12,,,,,-0.137862,,
2005-08-15,,,,,0.390129,,
2005-08-16,,,,,0.125894,,
2005-08-17,,,,,0.649834,,
2005-08-18,,,,,0.668212,,
2005-08-19,,,,,-0.011282,,
2005-08-22,,,,,-0.497967,,
2005-08-23,,,,,-0.068093,,
2005-08-24,,,,,-0.193191,,
2005-08-25,,,,,-0.307611,,
2005-08-26,,,,,0.250715,,
2005-08-29,,,,,0.442905,,
2005-08-30,,,,,0.113248,,
2005-08-31,,,,,-0.875349,,
2005-09-01,,,,,-1.183037,,
2005-09-02,,,,,-0.289268,,
2005-09-06,,,,,0.312370,,
2005-09-07,,,,,0.460991,,
2005-09-08,,,,,0.080455,,
2005-09-09,,,,,-0.172486,,
2005-09-12,,,,,0.939297,,
2005-09-13,,,,,0.045596,,
2005-09-14,,,,,-0.091212,,
2005-09-15,,,,,0.523322,,
2005-09-16,,,,,-0.090809,,
2005-09-19,,,,,0.441951,,
2005-09-20,,,,,0.180746,,
2005-09-21,,,,,-0.520539,,
2005-09-22,,,,,0.475382,,
2005-09-23,,,,,0.731286,,
2005-09-26,,,,,-0.112156,,
2005-09-27,,,,,0.548372,,
2005-09-28,,,,,-0.145191,,
2005-09-29,,,,,-0.078268,,
2005-09-30,,,,,0.134133,,
2005-10-03,,,,,0.679101,,
2005-10-04,,,,,-0.033290,,
2005-10-05,,,,,-0.133269,,
2005-10-06,,,,,-1.477858,,
2005-10-07,,,,,0.573576,,
2005-10-10,,,,,0.324695,,
2005-10-11,,,,,0.568471,,
2005-10-12,,,,,-0.378624,,
2005-10-13,,,,,0.200625,,
2005-10-14,,,,,-0.513509,,
2005-10-17,,,,,0.502379,,
2005-10-18,,,,,0.544171,,
2005-10-19,,,,,-0.332819,,
2005-10-20,,,,,-0.088932,,
2005-10-21,,,,,0.443896,,
2005-10-24,,,,,-0.221702,,
2005-10-25,,,,,-0.970181,,
2005-10-26,,,,,0.279752,,
2005-10-27,,,,,-0.436755,,
2005-10-28,,,,,0.548435,,
2005-10-31,,,,,0.534348,,
2005-11-01,,,,,0.011104,,
2005-11-02,,,,,-0.400447,,
2005-11-03,,,,,0.799295,,
2005-11-04,,,,,0.902593,,
2005-11-07,,,,,0.032867,,
2005-11-08,,,,,0.087597,,
2005-11-09,,,,,0.142174,,
2005-11-10,,,,,0.631881,,
2005-11-11,,,,,-0.108659,,
2005-11-14,,,,,0.162940,,
2005-11-15,,,,,-0.043427,,
2005-11-16,,,,,0.260282,,
2005-11-17,,,,,-0.488579,,
2005-11-18,,,,,0.054407,,
2005-11-21,,,,,0.108718,,
2005-11-22,,,,,-0.577563,,
2005-11-23,,,,,0.010931,,
2005-11-25,,,,,0.577500,,
2005-11-28,,,,,-1.158354,,
2005-11-29,,,,,0.700989,,
2005-11-30,,,,,-0.054591,,
2005-12-01,,,,,0.272643,,
2005-12-02,,,,,0.141478,,
2005-12-05,,,,,-0.512452,,
2005-12-06,,,,,-0.043736,,
2005-12-07,,,,,0.490916,,
2005-12-08,,,,,-0.687960,,
2005-12-09,,,,,-0.010960,,
2005-12-12,,,,,-0.991200,,
2005-12-13,,,,,0.033198,,
2005-12-14,,,,,-0.610395,,
2005-12-15,,,,,0.211282,,
2005-12-16,,,,,-0.356110,,
2005-12-19,,,,,0.189348,,
2005-12-20,,,,,1.007477,,
2005-12-21,,,,,0.176098,,
2005-12-22,,,,,-0.242212,,
2005-12-23,,,,,0.132182,,
2005-12-27,,,,,0.384559,,
2005-12-28,,,,,0.076733,,
2005-12-29,,,,,-0.175482,,
2005-12-30,,,,,0.076809,,
2006-01-03,,,,,-1.469561,,
2006-01-04,,,,,-0.782211,,
2006-01-05,,,,,0.212924,,
2006-01-06,,,,,-0.538787,,
2006-01-09,,,,,0.449189,,
2006-01-10,,,,,0.089598,,
2006-01-11,,,,,-0.381342,,
2006-01-12,,,,,0.504405,,
2006-01-13,,,,,-0.616839,,
2006-01-17,,,,,0.460188,,
2006-01-18,,,,,-0.044804,,
2006-01-19,,,,,0.145533,,
2006-01-20,,,,,-0.493443,,
2006-01-23,,,,,-1.130594,,
2006-01-24,,,,,0.124994,,
2006-01-25,,,,,0.306145,,
2006-01-26,,,,,0.327778,,
2006-01-27,,,,,0.786783,,
2006-01-30,,,,,0.111892,,
2006-01-31,,,,,-0.515753,,
2006-02-01,,,,,0.616355,,
2006-02-02,,,,,-0.156528,,
2006-02-03,,,,,0.580160,,
2006-02-06,,,,,0.444003,,
2006-02-07,,,,,-0.055396,,
2006-02-08,,,,,0.210331,,
2006-02-09,,,,,-0.154935,,
2006-02-10,,,,,0.287549,,
2006-02-13,,,,,-0.011046,,
2006-02-14,,,,,0.000000,,
2006-02-15,,,,,0.198610,,
2006-02-16,,,,,0.011025,,
2006-02-17,,,,,-0.099249,,
2006-02-21,,,,,-0.099339,,
2006-02-22,,,,,0.132430,,
2006-02-23,,,,,-0.309289,,
2006-02-24,,,,,0.243096,,
2006-02-27,,,,,0.022066,,
2006-02-28,,,,,-0.575409,,
2006-03-01,,,,,0.121999,,
2006-03-02,,,,,-0.734237,,
2006-03-03,,,,,0.111601,,
2006-03-06,,,,,0.256191,,
2006-03-07,,,,,0.974211,,
2006-03-08,,,,,-0.165383,,
2006-03-09,,,,,0.143350,,
2006-03-10,,,,,0.110130,,
2006-03-13,,,,,-0.341802,,
2006-03-14,,,,,-0.598208,,
2006-03-15,,,,,-0.333893,,
2006-03-16,,,,,-0.704816,,
2006-03-17,,,,,-0.168551,,
2006-03-20,,,,,0.235888,,
2006-03-21,,,,,0.548260,,
2006-03-22,,,,,0.111518,,
2006-03-23,,,,,0.821403,,
2006-03-24,,,,,-0.432061,,
2006-03-27,,,,,0.000000,,
2006-03-28,,,,,0.199645,,
2006-03-29,,,,,0.000000,,
2006-03-30,,,,,-0.957479,,
2006-03-31,,,,,0.379639,,
2006-04-03,,,,,-0.111514,,
2006-04-04,,,,,-0.896560,,
2006-04-05,,,,,-0.225409,,
2006-04-06,,,,,0.371645,,
2006-04-07,,,,,0.750323,,
2006-04-10,,,,,0.100367,,
2006-04-11,,,,,-0.312569,,
2006-04-12,,,,,0.201051,,
2006-04-13,,,,,0.000000,,
2006-04-17,,,,,-1.099533,,
2006-04-18,,,,,-0.452286,,
2006-04-19,,,,,-0.511274,,
2006-04-20,,,,,0.522609,,
2006-04-21,,,,,-0.226883,,
2006-04-24,,,,,-0.683770,,
2006-04-25,,,,,-0.148764,,
2006-04-26,,,,,-0.114586,,
2006-04-27,,,,,-0.678753,,
2006-04-28,,,,,-0.602058,,
2006-05-01,,,,,-0.162715,,
2006-05-02,,,,,-0.209595,,
2006-05-03,,,,,0.058259,,
2006-05-04,,,,,0.000000,,
2006-05-05,,,,,-0.842299,,
2006-05-08,,,,,0.129146,,
2006-05-09,,,,,-0.470424,,
2006-05-10,,,,,-0.389774,,
2006-05-11,,,,,-0.272564,,
2006-05-12,,,,,-0.368541,,
2006-05-15,,,,,0.688432,,
2006-05-16,,,,,-0.438627,,
2006-05-17,,,,,0.804643,,
2006-05-18,,,,,-0.401507,,
2006-05-19,,,,,0.436856,,
2006-05-22,,,,,-0.626367,,
2006-05-23,,,,,0.000000,,
2006-05-24,,,,,0.708803,,
2006-05-25,,,,,-0.353768,,
2006-05-26,,,,,0.718030,,
2006-05-30,,,,,-1.156086,,
2006-05-31,,,,,0.520714,,
2006-06-01,,,,,0.082591,,
2006-06-02,,,,,-0.876573,,
2006-06-05,,,,,0.107017,,
2006-06-06,,,,,0.698770,,
2006-06-07,,,,,0.306381,,
2006-06-08,,,,,1.076670,,
2006-06-09,,,,,-0.221410,,
2006-06-12,,,,,0.151538,,
2006-06-13,,,,,0.673327,,
2006-06-14,,,,,-0.336097,,
2006-06-15,,,,,-0.139408,,
2006-06-16,,,,,-0.116318,,
2006-06-19,,,,,0.452884,,
2006-06-20,,,,,-0.150731,,
2006-06-21,,,,,-0.465226,,
2006-06-22,,,,,0.708605,,
2006-06-23,,,,,0.496509,,
2006-06-26,,,,,-0.380823,,
2006-06-27,,,,,-0.023123,,
2006-06-28,,,,,0.184860,,
2006-06-29,,,,,-0.881158,,
2006-06-30,,,,,-0.759840,,
2006-07-03,,,,,-0.046950,,
2006-07-05,,,,,0.491860,,
2006-07-06,,,,,-0.292483,,
2006-07-07,,,,,-0.434446,,
2006-07-10,,,,,0.610041,,
2006-07-11,,,,,-0.163876,,
2006-07-12,,,,,0.642266,,
2006-07-13,,,,,-0.139782,,
2006-07-14,,,,,0.349075,,
2006-07-17,,,,,1.005502,,
2006-07-18,,,,,0.057485,,
2006-07-19,,,,,-0.634121,,
2006-07-20,,,,,-0.277969,,
2006-07-21,,,,,-0.336917,,
2006-07-24,,,,,0.475993,,
2006-07-25,,,,,0.346865,,
2006-07-26,,,,,-0.822858,,
2006-07-27,,,,,-0.069845,,
2006-07-28,,,,,-0.502016,,
2006-07-31,,,,,-0.163991,,
2006-08-01,,,,,-0.293514,,
2006-08-02,,,,,0.000000,,
2006-08-03,,,,,-0.035287,,
2006-08-04,,,,,-0.530689,,
2006-08-07,,,,,0.212615,,
2006-08-08,,,,,-0.106246,,
2006-08-09,,,,,0.059036,,
2006-08-10,,,,,0.435837,,
2006-08-11,,,,,0.515822,,
2006-08-14,,,,,0.140222,,
2006-08-15,,,,,-0.491629,,
2006-08-16,,,,,-0.399770,,
2006-08-17,,,,,0.188329,,
2006-08-18,,,,,0.058773,,
2006-08-21,,,,,-0.542069,,
2006-08-22,,,,,0.647789,,
2006-08-23,,,,,-0.058720,,
2006-08-24,,,,,0.176048,,
2006-08-25,,,,,0.117190,,
2006-08-28,,,,,-0.175833,,
2006-08-29,,,,,-0.376160,,
2006-08-30,,,,,0.070635,,
2006-08-31,,,,,0.094109,,
2006-09-01,,,,,-0.129421,,
2006-09-05,,,,,0.070611,,
2006-09-06,,,,,0.117576,,
2006-09-07,,,,,0.504017,,
2006-09-08,,,,,0.489852,,
2006-09-11,,,,,-0.034909,,
2006-09-12,,,,,0.000000,,
2006-09-13,,,,,-0.058205,,
2006-09-14,,,,,-0.244854,,
2006-09-15,,,,,0.384497,,
2006-09-18,,,,,-0.209546,,
2006-09-19,,,,,0.151388,,
2006-09-20,,,,,-0.151388,,
2006-09-21,,,,,-0.736886,,
2006-09-22,,,,,0.023473,,
2006-09-25,,,,,0.105583,,
2006-09-26,,,,,0.397843,,
2006-09-27,,,,,0.035036,,
2006-09-28,,,,,0.070016,,
2006-09-29,,,,,0.291223,,
2006-10-02,,,,,-0.443000,,
2006-10-03,,,,,0.140109,,
2006-10-04,,,,,0.151556,,
2006-10-05,,,,,0.093156,,
2006-10-06,,,,,0.603395,,
2006-10-09,,,,,0.092501,,
2006-10-10,,,,,0.576238,,
2006-10-11,,,,,0.114857,,
2006-10-12,,,,,-0.229838,,
2006-10-13,,,,,0.229838,,
2006-10-16,,,,,-0.137839,,
2006-10-17,,,,,-0.149534,,
2006-10-18,,,,,0.011504,,
2006-10-19,,,,,-0.739374,,
2006-10-20,,,,,0.034779,,
2006-10-23,,,,,0.508733,,
2006-10-24,,,,,-0.092306,,
2006-10-25,,,,,-0.289001,,
2006-10-26,,,,,-0.568874,,
2006-10-27,,,,,-0.384954,,
2006-10-30,,,,,0.035055,,
2006-10-31,,,,,-0.315951,,
2006-11-01,,,,,0.000000,,
2006-11-02,,,,,0.023434,,
2006-11-03,,,,,0.432626,,
2006-11-06,,,,,0.046659,,
2006-11-07,,,,,-0.373876,,
2006-11-08,,,,,-0.023409,,
2006-11-09,,,,,-0.269657,,
2006-11-10,,,,,-0.152731,,
2006-11-13,,,,,0.363826,,
2006-11-14,,,,,-0.140683,,
2006-11-15,,,,,0.117245,,
2006-11-16,,,,,0.187315,,
2006-11-17,,,,,-0.152159,,
2006-11-20,,,,,0.058546,,
2006-11-21,,,,,-0.210946,,
2006-11-22,,,,,-0.694565,,
2006-11-23,,,,,-0.201028,,
2006-11-24,,,,,-0.915642,,
2006-11-27,,,,,-0.239202,,
2006-11-28,,,,,-0.359889,,
2006-11-29,,,,,0.276031,,
2006-11-30,,,,,-0.625157,,
2006-12-01,,,,,-0.532039,,
2006-12-04,,,,,0.012117,,
2006-12-05,,,,,-0.048504,,
2006-12-06,,,,,0.387363,,
2006-12-07,,,,,0.036246,,
2006-12-08,,,,,0.638055,,
2006-12-11,,,,,-0.252327,,
2006-12-12,,,,,-0.180627,,
2006-12-13,,,,,0.000000,,
2006-12-14,,,,,0.816234,,
2006-12-15,,,,,0.488935,,
2006-12-18,,,,,-0.095209,,
2006-12-19,,,,,-0.621125,,
2006-12-20,,,,,0.071863,,
2006-12-21,,,,,0.059852,,
2006-12-22,,,,,0.441768,,
2006-12-26,,,,,0.154750,,
2006-12-27,,,,,-0.154750,,
2006-12-28,,,,,-0.143064,,
2006-12-29,,,,,-0.119373,,
2007-01-02,,,,,-0.623060,,
2007-01-03,,,,,0.861663,,
2007-01-04,,,,,0.475514,,
2007-01-05,,,,,0.366969,,
2007-01-08,,,,,-0.035454,,
2007-01-09,,,,,0.165348,,
2007-01-10,,,,,0.400429,,
2007-01-11,,,,,0.269964,,
2007-01-12,,,,,-0.328753,,
2007-01-16,,,,,0.023523,,
2007-01-17,,,,,-0.082338,,
2007-01-18,,,,,-0.082405,,
2007-01-19,,,,,-0.058907,,
2007-01-22,,,,,0.188364,,
2007-01-23,,,,,-0.412516,,
2007-01-24,,,,,0.318382,,
2007-01-25,,,,,0.199940,,
2007-01-26,,,,,0.199540,,
2007-01-29,,,,,-0.211294,,
2007-01-30,,,,,-0.082289,,
2007-01-31,,,,,-0.495165,,
2007-02-01,,,,,0.023630,,
2007-02-02,,,,,0.389177,,
2007-02-05,,,,,0.141147,,
2007-02-06,,,,,-0.353236,,
2007-02-07,,,,,-0.035391,,
2007-02-08,,,,,-0.059018,,
2007-02-09,,,,,0.200514,,
2007-02-12,,,,,0.329372,,
2007-02-13,,,,,-0.494466,,
2007-02-14,,,,,-0.627488,,
2007-02-15,,,,,-0.225902,,
2007-02-16,,,,,0.095174,,
2007-02-20,,,,,0.118857,,
2007-02-21,,,,,0.023749,,
2007-02-22,,,,,0.130542,,
2007-02-23,,,,,-0.296930,,
2007-02-26,,,,,-0.166667,,
2007-02-27,,,,,-0.537600,,
2007-02-28,,,,,0.107749,,
2007-03-01,,,,,0.131540,,
2007-03-02,,,,,0.071674,,
2007-03-05,,,,,0.488421,,
2007-03-06,,,,,-0.095116,,
2007-03-07,,,,,-0.345548,,
2007-03-08,,,,,0.381224,,
2007-03-09,,,,,0.166330,,
2007-03-12,,,,,-0.452109,,
2007-03-13,,,,,-0.155138,,
2007-03-14,,,,,-0.143423,,
2007-03-15,,,,,0.083686,,
2007-03-16,,,,,-0.539210,,
2007-03-19,,,,,0.192049,,
2007-03-20,,,,,-0.336334,,
2007-03-21,,,,,-0.409940,,
2007-03-22,,,,,0.385867,,
2007-03-23,,,,,0.228410,,
2007-03-26,,,,,-0.240439,,
2007-03-27,,,,,-0.084292,,
2007-03-28,,,,,0.024087,,
2007-03-29,,,,,0.072233,,
2007-03-30,,,,,-0.192743,,
2007-04-02,,,,,-0.072373,,
2007-04-03,,,,,0.337308,,
2007-04-04,,,,,-0.228768,,
2007-04-05,,,,,-0.338082,,
2007-04-09,,,,,0.506694,,
2007-04-10,,,,,-0.482511,,
2007-04-11,,,,,-0.036281,,
2007-04-12,,,,,-0.363543,,
2007-04-13,,,,,-0.291801,,
2007-04-16,,,,,-0.073078,,
2007-04-17,,,,,-0.292859,,
2007-04-18,,,,,-0.110050,,
2007-04-19,,,,,-0.122413,,
2007-04-20,,,,,0.000000,,
2007-04-23,,,,,0.122413,,
2007-04-24,,,,,-0.232709,,
2007-04-25,,,,,-0.147261,,
2007-04-26,,,,,0.392205,,
2007-04-27,,,,,-0.269477,,
2007-04-30,,,,,-0.098174,,
2007-05-01,,,,,0.183994,,
2007-05-02,,,,,0.171422,,
2007-05-03,,,,,0.256581,,
2007-05-04,,,,,-0.256581,,
2007-05-07,,,,,-0.073428,,
2007-05-08,,,,,0.317812,,
2007-05-09,,,,,0.097579,,
2007-05-10,,,,,0.328652,,
2007-05-11,,,,,-0.206798,,
2007-05-14,,,,,-0.060909,,
2007-05-15,,,,,-0.390673,,
2007-05-16,,,,,0.500280,,
2007-05-17,,,,,0.194548,,
2007-05-18,,,,,-0.145883,,
2007-05-21,,,,,0.194463,,
2007-05-22,,,,,0.036416,,
2007-05-23,,,,,-0.097148,,
2007-05-24,,,,,0.121425,,
2007-05-25,,,,,-0.097125,,
2007-05-29,,,,,-0.024300,,
2007-05-30,,,,,0.145687,,
2007-05-31,,,,,-0.157830,,
2007-06-01,,,,,0.024295,,
2007-06-04,,,,,-0.316343,,
2007-06-05,,,,,-0.207379,,
2007-06-06,,,,,0.012214,,
2007-06-07,,,,,0.475059,,
2007-06-08,,,,,0.484909,,
2007-06-11,,,,,0.024180,,
2007-06-12,,,,,0.217391,,
2007-06-13,,,,,0.180802,,
2007-06-14,,,,,0.108318,,
2007-06-15,,,,,-0.337389,,
2007-06-18,,,,,-0.169122,,
2007-06-19,,,,,-0.205747,,
2007-06-20,,,,,-0.024238,,
2007-06-21,,,,,0.254168,,
2007-06-22,,,,,-0.472536,,
2007-06-25,,,,,-0.024288,,
2007-06-26,,,,,-0.036449,,
2007-06-27,,,,,0.036449,,
2007-06-28,,,,,0.012149,,
2007-06-29,,,,,-0.499245,,
2007-07-02,,,,,-0.649073,,
2007-07-03,,,,,0.049135,,
2007-07-05,,,,,0.134995,,
2007-07-06,,,,,-0.098162,,
2007-07-09,,,,,-0.036833,,
2007-07-10,,,,,-0.702448,,
2007-07-11,,,,,-0.160899,,
2007-07-12,,,,,-0.111550,,
2007-07-13,,,,,-0.074429,,
2007-07-16,,,,,-0.074494,,
2007-07-17,,,,,0.024840,,
2007-07-18,,,,,-0.149109,,
2007-07-19,,,,,0.000000,,
2007-07-20,,,,,-0.161778,,
2007-07-23,,,,,0.074697,,
2007-07-24,,,,,-0.336591,,
2007-07-25,,,,,0.709267,,
2007-07-26,,,,,-0.248299,,
2007-07-27,,,,,0.619581,,
2007-07-30,,,,,-0.123608,,
2007-07-31,,,,,-0.098999,,
2007-08-01,,,,,0.123739,,
2007-08-02,,,,,-0.198049,,
2007-08-03,,,,,-0.658836,,
2007-08-06,,,,,0.087265,,
2007-08-07,,,,,0.286198,,
2007-08-08,,,,,-0.174116,,
2007-08-09,,,,,0.496651,,
2007-08-10,,,,,-0.074338,,
2007-08-13,,,,,0.457557,,
2007-08-14,,,,,0.541400,,
2007-08-15,,,,,0.404142,,
2007-08-16,,,,,-0.110054,,
2007-08-17,,,,,-0.367741,,
2007-08-20,,,,,-0.036846,,
2007-08-21,,,,,0.110499,,
2007-08-22,,,,,-0.294947,,
2007-08-23,,,,,-0.135478,,
2007-08-24,,,,,-0.580931,,
2007-08-27,,,,,0.086736,,
2007-08-28,,,,,0.024773,,
2007-08-29,,,,,-0.074328,,
2007-08-30,,,,,0.111467,,
2007-08-31,,,,,0.000000,,
2007-09-04,,,,,0.111333,,
2007-09-05,,,,,-0.321974,,
2007-09-06,,,,,-0.186234,,
2007-09-07,,,,,-0.635796,,
2007-09-10,,,,,-0.175240,,
2007-09-11,,,,,-0.150455,,
2007-09-12,,,,,-0.427507,,
2007-09-13,,,,,0.188835,,
2007-09-14,,,,,0.138253,,
2007-09-17,,,,,0.125515,,
2007-09-18,,,,,-0.641797,,
2007-09-19,,,,,0.113563,,
2007-09-20,,,,,-0.912093,,
2007-09-21,,,,,0.025443,,
2007-09-24,,,,,-0.089097,,
2007-09-25,,,,,-0.280542,,
2007-09-26,,,,,0.229592,,
2007-09-27,,,,,-0.191293,,
2007-09-28,,,,,-0.794564,,
2007-10-01,,,,,0.231334,,
2007-10-02,,,,,0.512166,,
2007-10-03,,,,,0.344231,,
2007-10-04,,,,,-0.114609,,
2007-10-05,,,,,-0.216857,,
2007-10-08,,,,,0.458658,,
2007-10-09,,,,,-0.178116,,
2007-10-10,,,,,-0.191195,,
2007-10-11,,,,,-0.383479,,
2007-10-12,,,,,0.179141,,
2007-10-15,,,,,-0.166343,,
2007-10-16,,,,,0.204687,,
2007-10-17,,,,,-0.166269,,
2007-10-18,,,,,-0.680764,,
2007-10-19,,,,,-0.232248,,
2007-10-22,,,,,0.836171,,
2007-10-23,,,,,-0.603923,,
2007-10-24,,,,,-0.051557,,
2007-10-25,,,,,-0.348775,,
2007-10-26,,,,,-0.324023,,
2007-10-29,,,,,-0.246966,,
2007-10-30,,,,,-0.091139,,
2007-10-31,,,,,-0.378459,,
2007-11-01,,,,,0.143716,,
2007-11-02,,,,,-0.326947,,
2007-11-05,,,,,0.117829,,
2007-11-06,,,,,-0.511576,,
2007-11-07,,,,,-0.831959,,
2007-11-08,,,,,0.066276,,
2007-11-09,,,,,-0.079540,,
2007-11-12,,,,,0.660941,,
2007-11-13,,,,,-0.026361,,
2007-11-14,,,,,-0.092292,,
2007-11-15,,,,,0.342379,,
2007-11-16,,,,,-0.315995,,
2007-11-19,,,,,-0.065963,,
2007-11-20,,,,,-0.755020,,
2007-11-21,,,,,-0.186318,,
2007-11-23,,,,,-0.026641,,
2007-11-26,,,,,-0.253488,,
2007-11-27,,,,,0.320082,,
2007-11-28,,,,,-0.026629,,
2007-11-29,,,,,0.676971,,
2007-11-30,,,,,0.738116,,
2007-12-03,,,,,-0.289324,,
2007-12-04,,,,,-0.316579,,
2007-12-05,,,,,0.946755,,
2007-12-06,,,,,-0.039279,,
2007-12-07,,,,,-0.117896,,
2007-12-10,,,,,-0.301941,,
2007-12-11,,,,,0.210143,,
2007-12-12,,,,,-0.105017,,
2007-12-13,,,,,0.550098,,
2007-12-14,,,,,1.142875,,
2007-12-17,,,,,-0.051666,,
2007-12-18,,,,,0.012922,,
2007-12-19,,,,,0.232248,,
2007-12-20,,,,,0.257440,,
2007-12-21,,,,,-0.090026,,
2007-12-24,,,,,-0.193188,,
2007-12-26,,,,,-0.542915,,
2007-12-27,,,,,-0.702398,,
2007-12-28,,,,,-0.510372,,
2007-12-31,,,,,0.627776,,
2008-01-02,,,,,-0.956313,,
2008-01-03,,,,,-0.105363,,
2008-01-04,,,,,-0.131854,,
2008-01-07,,,,,0.500129,,
2008-01-08,,,,,-0.078798,,
2008-01-09,,,,,0.406474,,
2008-01-10,,,,,-0.643255,,
2008-01-11,,,,,0.065832,,
2008-01-14,,,,,-0.488162,,
2008-01-15,,,,,-0.052918,,
2008-01-16,,,,,0.908920,,
2008-01-17,,,,,-0.118092,,
2008-01-18,,,,,0.275318,,
2008-01-22,,,,,-0.039284,,
2008-01-23,,,,,0.065472,,
2008-01-24,,,,,-0.933664,,
2008-01-25,,,,,0.369246,,
2008-01-28,,,,,-0.514681,,
2008-01-29,,,,,-0.052939,,
2008-01-30,,,,,-0.677431,,
2008-01-31,,,,,0.199722,,
2008-02-01,,,,,0.358491,,
2008-02-04,,,,,-0.106079,,
2008-02-05,,,,,0.990172,,
2008-02-06,,,,,0.026266,,
2008-02-07,,,,,1.045219,,
2008-02-08,,,,,-0.351545,,
2008-02-11,,,,,-0.117450,,
2008-02-12,,,,,-0.340095,,
2008-02-13,,,,,0.104770,,
2008-02-14,,,,,-0.327762,,
2008-02-15,,,,,-0.065687,,
2008-02-19,,,,,-0.131490,,
2008-02-20,,,,,0.157774,,
2008-02-21,,,,,-0.685483,,
2008-02-22,,,,,-0.105877,,
2008-02-25,,,,,0.013243,,
2008-02-26,,,,,-1.024691,,
2008-02-27,,,,,-0.738411,,
2008-02-28,,,,,-0.662475,,
2008-02-29,,,,,-0.013568,,
2008-03-03,,,,,-0.013570,,
2008-03-04,,,,,-0.054279,,
2008-03-05,,,,,-0.244666,,
2008-03-06,,,,,-0.655386,,
2008-03-07,,,,,0.041086,,
2008-03-10,,,,,-0.054788,,
2008-03-11,,,,,0.396529,,
2008-03-12,,,,,-1.208138,,
2008-03-13,,,,,-0.456846,,
2008-03-14,,,,,-0.570510,,
2008-03-17,,,,,-0.279493,,
2008-03-18,,,,,0.153815,,
2008-03-19,,,,,0.793267,,
2008-03-20,,,,,0.842024,,
2008-03-24,,,,,0.274533,,
2008-03-25,,,,,-0.922678,,
2008-03-26,,,,,-1.071012,,
2008-03-27,,,,,0.209544,,
2008-03-28,,,,,0.027900,,
2008-03-31,,,,,0.167275,,
2008-04-01,,,,,1.052926,,
2008-04-02,,,,,-0.414302,,
2008-04-03,,,,,-0.055372,,
2008-04-04,,,,,-0.277321,,
2008-04-07,,,,,0.249619,,
2008-04-08,,,,,0.041551,,
2008-04-09,,,,,-0.555327,,
2008-04-10,,,,,0.402920,,
2008-04-11,,,,,-0.430773,,
2008-04-14,,,,,0.097431,,
2008-04-15,,,,,0.194580,,
2008-04-16,,,,,-0.850584,,
2008-04-17,,,,,0.377380,,
2008-04-18,,,,,0.459326,,
2008-04-21,,,,,-0.501184,,
2008-04-22,,,,,-0.447616,,
2008-04-23,,,,,0.684596,,
2008-04-24,,,,,0.997516,,
2008-04-25,,,,,0.344045,,
2008-04-28,,,,,0.000000,,
2008-04-29,,,,,0.137284,,
2008-04-30,,,,,-0.522693,,
2008-05-01,,,,,1.056320,,
2008-05-02,,,,,0.299770,,
2008-05-05,,,,,-0.422658,,
2008-05-06,,,,,-0.259939,,
2008-05-07,,,,,0.696204,,
2008-05-08,,,,,-0.040818,,
2008-05-09,,,,,-0.586912,,
2008-05-12,,,,,-0.136995,,
2008-05-13,,,,,0.437697,,
2008-05-14,,,,,0.177276,,
2008-05-15,,,,,-0.068149,,
2008-05-16,,,,,-0.697728,,
2008-05-19,,,,,0.274205,,
2008-05-20,,,,,-0.880092,,
2008-05-21,,,,,-0.637386,,
2008-05-22,,,,,0.471499,,
2008-05-23,,,,,-0.541029,,
2008-05-27,,,,,0.624001,,
2008-05-28,,,,,0.289885,,
2008-05-29,,,,,0.645731,,
2008-05-30,,,,,-0.191912,,
2008-06-02,,,,,0.068587,,
2008-06-03,,,,,0.424162,,
2008-06-04,,,,,0.245466,,
2008-06-05,,,,,-0.518910,,
2008-06-06,,,,,-0.893910,,
2008-06-09,,,,,0.633435,,
2008-06-10,,,,,1.160025,,
2008-06-11,,,,,-0.667075,,
2008-06-12,,,,,0.883941,,
2008-06-13,,,,,0.391867,,
2008-06-16,,,,,-0.730920,,
2008-06-17,,,,,-0.135942,,
2008-06-18,,,,,-0.095271,,
2008-06-19,,,,,0.054453,,
2008-06-20,,,,,-0.614300,,
2008-06-23,,,,,0.546227,,
2008-06-24,,,,,-0.259088,,
2008-06-25,,,,,-0.424162,,
2008-06-26,,,,,-0.605148,,
2008-06-27,,,,,-0.179492,,
2008-06-30,,,,,0.138100,,
2008-07-01,,,,,-0.124278,,
2008-07-02,,,,,-0.470921,,
2008-07-03,,,,,0.980873,,
2008-07-07,,,,,-0.096279,,
2008-07-08,,,,,0.466783,,
2008-07-09,,,,,-0.590702,,
2008-07-10,,,,,-0.124084,,
2008-07-11,,,,,-0.539458,,
2008-07-14,,,,,-0.249965,,
2008-07-15,,,,,-0.069539,,
2008-07-16,,,,,0.264010,,
2008-07-17,,,,,0.249480,,
2008-07-18,,,,,-0.069232,,
2008-07-21,,,,,-0.277437,,
2008-07-22,,,,,0.636943,,
2008-07-23,,,,,0.495665,,
2008-07-24,,,,,0.164680,,
2008-07-25,,,,,-0.096027,,
2008-07-28,,,,,-0.288639,,
2008-07-29,,,,,0.904358,,
2008-07-30,,,,,0.013643,,
2008-07-31,,,,,-0.122821,,
2008-08-01,,,,,0.259114,,
2008-08-04,,,,,0.054468,,
2008-08-05,,,,,0.570109,,
2008-08-06,,,,,0.486095,,
2008-08-07,,,,,0.416702,,
2008-08-08,,,,,1.728760,,
2008-08-11,,,,,0.368469,,
2008-08-12,,,,,0.026274,,
2008-08-13,,,,,0.078757,,
2008-08-14,,,,,0.601780,,
2008-08-15,,,,,0.662988,,
2008-08-18,,,,,-0.077767,,
2008-08-19,,,,,-0.363740,,
2008-08-20,,,,,0.156051,,
2008-08-21,,,,,-0.992437,,
2008-08-22,,,,,0.797339,,
2008-08-25,,,,,-0.026038,,
2008-08-26,,,,,0.597248,,
2008-08-27,,,,,-0.259232,,
2008-08-28,,,,,0.129700,,
2008-08-29,,,,,0.297671,,
2008-09-02,,,,,0.874943,,
2008-09-03,,,,,0.038422,,
2008-09-04,,,,,0.663697,,
2008-09-05,,,,,0.406245,,
2008-09-08,,,,,0.832702,,
2008-09-09,,,,,-0.428099,,
2008-09-10,,,,,0.754244,,
2008-09-11,,,,,0.375005,,
2008-09-12,,,,,-1.483186,,
2008-09-15,,,,,-0.076003,,
2008-09-16,,,,,0.202552,,
2008-09-17,,,,,-1.234350,,
2008-09-18,,,,,-0.102487,,
2008-09-19,,,,,-0.436734,,
2008-09-22,,,,,-1.989272,,
2008-09-23,,,,,0.419341,,
2008-09-24,,,,,0.417592,,
2008-09-25,,,,,0.260108,,
2008-09-26,,,,,-0.051970,,
2008-09-29,,,,,0.673496,,
2008-09-30,,,,,2.523708,,
2008-10-01,,,,,0.012588,,
2008-10-02,,,,,1.225785,,
2008-10-03,,,,,-0.161747,,
2008-10-06,,,,,1.691505,,
2008-10-07,,,,,-0.873045,,
2008-10-08,,,,,-0.074125,,
2008-10-09,,,,,0.308509,,
2008-10-10,,,,,2.241804,,
2008-10-13,,,,,-1.358588,,
2008-10-14,,,,,-0.637096,,
2008-10-15,,,,,0.844509,,
2008-10-16,,,,,0.498446,,
2008-10-17,,,,,-0.060648,,
2008-10-20,,,,,0.833784,,
2008-10-21,,,,,1.065304,,
2008-10-22,,,,,1.629707,,
2008-10-23,,,,,-0.011717,,
2008-10-24,,,,,1.257294,,
2008-10-27,,,,,0.565264,,
2008-10-28,,,,,0.114968,,
2008-10-29,,,,,-2.277843,,
2008-10-30,,,,,-0.601313,,
2008-10-31,,,,,1.257434,,
2008-11-03,,,,,0.837313,,
2008-11-04,,,,,-1.834913,,
2008-11-05,,,,,-0.200718,,
2008-11-06,,,,,1.501492,,
2008-11-07,,,,,0.023289,,
2008-11-10,,,,,0.000000,,
2008-11-11,,,,,1.341211,,
2008-11-12,,,,,0.458350,,
2008-11-13,,,,,-0.607764,,
2008-11-14,,,,,-0.669363,,
2008-11-17,,,,,0.519718,,
2008-11-18,,,,,0.643021,,
2008-11-19,,,,,-0.068703,,
2008-11-20,,,,,0.753088,,
2008-11-21,,,,,0.249774,,
2008-11-24,,,,,-2.421648,,
2008-11-25,,,,,-1.262586,,
2008-11-26,,,,,0.785143,,
2008-11-28,,,,,0.987288,,
2008-12-01,,,,,0.230898,,
2008-12-02,,,,,-0.023070,,
2008-12-03,,,,,0.379903,,
2008-12-04,,,,,-0.680232,,
2008-12-05,,,,,0.783596,,
2008-12-08,,,,,-1.806865,,
2008-12-09,,,,,0.326719,,
2008-12-10,,,,,-0.420259,,
2008-12-11,,,,,-1.949150,,
2008-12-12,,,,,-0.226910,,
2008-12-15,,,,,-1.651538,,
2008-12-16,,,,,-1.951577,,
2008-12-17,,,,,-2.218270,,
2008-12-18,,,,,0.707159,,
2008-12-19,,,,,2.276645,,
2008-12-22,,,,,-0.258645,,
2008-12-23,,,,,0.184811,,
2008-12-24,,,,,-0.036933,,
2008-12-26,,,,,-0.394819,,
2008-12-29,,,,,-0.259948,,
2008-12-30,,,,,0.272314,,
2008-12-31,,,,,0.505514,,
2009-01-02,,,,,0.649709,,
2009-01-05,,,,,0.972774,,
2009-01-06,,,,,0.253791,,
2009-01-07,,,,,-0.690367,,
2009-01-08,,,,,-0.903434,,
2009-01-09,,,,,1.364215,,
2009-01-12,,,,,0.434565,,
2009-01-13,,,,,1.494439,,
2009-01-14,,,,,0.177842,,
2009-01-15,,,,,0.023693,,
2009-01-16,,,,,-0.272758,,
2009-01-20,,,,,2.358851,,
2009-01-21,,,,,-0.465010,,
2009-01-22,,,,,-0.350185,,
2009-01-23,,,,,0.105188,,
2009-01-26,,,,,-1.033234,,
2009-01-27,,,,,-0.354698,,
2009-01-28,,,,,0.283854,,
2009-01-29,,,,,0.717862,,
2009-01-30,,,,,0.840735,,
2009-02-02,,,,,0.081362,,
2009-02-03,,,,,-1.192156,,
2009-02-04,,,,,0.761344,,
2009-02-05,,,,,0.419191,,
2009-02-06,,,,,-0.828428,,
2009-02-09,,,,,-0.658280,,
2009-02-10,,,,,1.195790,,
2009-02-11,,,,,-0.034966,,
2009-02-12,,,,,0.893645,,
2009-02-13,,,,,-0.591000,,
2009-02-17,,,,,1.774037,,
2009-02-18,,,,,0.489778,,
2009-02-19,,,,,-0.649760,,
2009-02-20,,,,,-1.092409,,
2009-02-23,,,,,0.863414,,
2009-02-24,,,,,-0.401998,,
2009-02-25,,,,,1.167067,,
2009-02-26,,,,,-0.204966,,
2009-02-27,,,,,0.318652,,
2009-03-02,,,,,1.051154,,
2009-03-03,,,,,-0.033734,,
2009-03-04,,,,,-0.371855,,
2009-03-05,,,,,0.596545,,
2009-03-06,,,,,-0.675601,,
2009-03-09,,,,,0.563318,,
2009-03-10,,,,,-0.089920,,
2009-03-11,,,,,-1.199106,,
2009-03-12,,,,,-0.239274,,
2009-03-13,,,,,-0.262727,,
2009-03-16,,,,,-0.550527,,
2009-03-17,,,,,-0.023001,,
2009-03-18,,,,,-2.716895,,
2009-03-19,,,,,-1.752863,,
2009-03-20,,,,,0.850456,,
2009-03-23,,,,,-0.490222,,
2009-03-24,,,,,0.514080,,
2009-03-25,,,,,-0.059645,,
2009-03-26,,,,,0.428623,,
2009-03-27,,,,,1.110601,,
2009-03-30,,,,,0.889001,,
2009-03-31,,,,,-0.513723,,
2009-04-01,,,,,0.081905,,
2009-04-02,,,,,-1.235677,,
2009-04-03,,,,,-0.332107,,
2009-04-06,,,,,0.474105,,
2009-04-07,,,,,0.847763,,
2009-04-08,,,,,0.082039,,
2009-04-09,,,,,0.502484,,
2009-04-13,,,,,-1.349550,,
2009-04-14,,,,,0.000000,,
2009-04-15,,,,,0.518506,,
2009-04-16,,,,,0.176151,,
2009-04-17,,,,,0.876123,,
2009-04-20,,,,,0.764685,,
2009-04-21,,,,,-0.069273,,
2009-04-22,,,,,-0.451468,,
2009-04-23,,,,,-0.780395,,
2009-04-24,,,,,-0.951658,,
2009-04-27,,,,,1.161914,,
2009-04-28,,,,,-0.632090,,
2009-04-29,,,,,-0.813543,,
2009-04-30,,,,,0.165602,,
2009-05-01,,,,,-0.070936,,
2009-05-04,,,,,-0.688351,,
2009-05-05,,,,,0.226019,,
2009-05-06,,,,,-0.428675,,
2009-05-07,,,,,0.166924,,
2009-05-08,,,,,-1.694043,,
2009-05-11,,,,,0.181588,,
2009-05-12,,,,,-0.448515,,
2009-05-13,,,,,0.230571,,
2009-05-14,,,,,-0.267024,,
2009-05-15,,,,,0.895345,,
2009-05-18,,,,,-0.422475,,
2009-05-19,,,,,-0.838140,,
2009-05-20,,,,,-1.214969,,
2009-05-21,,,,,-0.532344,,
2009-05-22,,,,,-0.747573,,
2009-05-26,,,,,0.212378,,
2009-05-27,,,,,0.249290,,
2009-05-28,,,,,0.124407,,
2009-05-29,,,,,0.000000,,
2009-06-01,,,,,-1.578983,,
2009-06-02,,,,,-0.977346,,
2009-06-03,,,,,1.393307,,
2009-06-04,,,,,-0.113267,,
2009-06-05,,,,,1.574238,,
2009-06-08,,,,,0.297074,,
2009-06-09,,,,,-1.393928,,
2009-06-10,,,,,0.674498,,
2009-06-11,,,,,-1.151882,,
2009-06-12,,,,,0.915074,,
2009-06-15,,,,,1.240095,,
2009-06-16,,,,,-0.531357,,
2009-06-17,,,,,-0.671312,,
2009-06-18,,,,,0.547337,,
2009-06-19,,,,,-0.435133,,
2009-06-22,,,,,0.645801,,
2009-06-23,,,,,-1.170482,,
2009-06-24,,,,,0.897764,,
2009-06-25,,,,,-0.198802,,
2009-06-26,,,,,-0.648873,,
2009-06-29,,,,,-0.050089,,
2009-06-30,,,,,0.362570,,
2009-07-01,,,,,-0.625941,,
2009-07-02,,,,,0.650904,,
2009-07-06,,,,,0.373593,,
2009-07-07,,,,,0.211096,,
2009-07-08,,,,,0.185878,,
2009-07-09,,,,,-1.133046,,
2009-07-10,,,,,0.462243,,
2009-07-13,,,,,-0.124727,,
2009-07-14,,,,,0.062383,,
2009-07-15,,,,,-1.078380,,
2009-07-16,,,,,-0.126150,,
2009-07-17,,,,,0.163962,,
2009-07-20,,,,,-0.556041,,
2009-07-21,,,,,0.025337,,
2009-07-22,,,,,-0.279118,,
2009-07-23,,,,,0.114284,,
2009-07-24,,,,,-0.063476,,
2009-07-27,,,,,-0.152501,,
2009-07-28,,,,,0.279402,,
2009-07-29,,,,,0.984358,,
2009-07-30,,,,,-0.427884,,
2009-07-31,,,,,-1.192609,,
2009-08-03,,,,,-0.910320,,
2009-08-04,,,,,0.167297,,
2009-08-05,,,,,-0.321979,,
2009-08-06,,,,,0.706993,,
2009-08-07,,,,,1.146219,,
2009-08-10,,,,,0.366557,,
2009-08-11,,,,,-0.100987,,
2009-08-12,,,,,-0.493764,,
2009-08-13,,,,,-0.381490,,
2009-08-14,,,,,0.508326,,
2009-08-17,,,,,0.505757,,
2009-08-18,,,,,-0.442393,,
2009-08-19,,,,,-0.597170,,
2009-08-20,,,,,-0.114764,,
2009-08-21,,,,,-0.434723,,
2009-08-24,,,,,0.294282,,
2009-08-25,,,,,-0.038335,,
2009-08-26,,,,,0.535382,,
2009-08-27,,,,,-0.829777,,
2009-08-28,,,,,0.460419,,
2009-08-31,,,,,-0.255532,,
2009-09-01,,,,,0.751936,,
2009-09-02,,,,,-0.483652,,
2009-09-03,,,,,0.102017,,
2009-09-04,,,,,-0.408685,,
2009-09-08,,,,,-1.054942,,
2009-09-09,,,,,-0.297914,,
2009-09-10,,,,,-0.350850,,
2009-09-11,,,,,-0.273739,,
2009-09-14,,,,,0.117404,,
2009-09-15,,,,,-0.208818,,
2009-09-16,,,,,-0.392726,,
2009-09-17,,,,,-0.065599,,
2009-09-18,,,,,0.314504,,
2009-09-21,,,,,0.456889,,
2009-09-22,,,,,-0.863309,,
2009-09-23,,,,,-0.092002,,
2009-09-24,,,,,1.111484,,
2009-09-25,,,,,-0.117109,,
2009-09-28,,,,,0.311979,,
2009-09-29,,,,,0.090809,,
2009-09-30,,,,,-0.611306,,
2009-10-01,,,,,0.702031,,
2009-10-02,,,,,-0.246452,,
2009-10-05,,,,,-0.468630,,
2009-10-06,,,,,-0.392213,,
2009-10-07,,,,,0.196299,,
2009-10-08,,,,,-0.682145,,
2009-10-09,,,,,0.603675,,
2009-10-12,,,,,-0.393292,,
2009-10-13,,,,,-0.197218,,
2009-10-14,,,,,-0.567546,,
2009-10-15,,,,,-0.092697,,
2009-10-16,,,,,0.158850,,
2009-10-19,,,,,-0.119113,,
2009-10-20,,,,,0.079425,,
2009-10-21,,,,,-0.797133,,
2009-10-22,,,,,0.159929,,
2009-10-23,,,,,0.504790,,
2009-10-26,,,,,0.778724,,
2009-10-27,,,,,0.105126,,
2009-10-28,,,,,0.380155,,
2009-10-29,,,,,-0.669516,,
2009-10-30,,,,,0.499285,,
2009-11-02,,,,,-0.013110,,
2009-11-03,,,,,0.130990,,
2009-11-04,,,,,-0.986655,,
2009-11-05,,,,,0.132117,,
2009-11-06,,,,,0.105571,,
2009-11-09,,,,,-1.047409,,
2009-11-10,,,,,-0.013332,,
2009-11-11,,,,,0.186452,,
2009-11-12,,,,,0.583703,,
2009-11-13,,,,,-0.357777,,
2009-11-16,,,,,-0.559104,,
2009-11-17,,,,,0.612191,,
2009-11-18,,,,,-0.252412,,
2009-11-19,,,,,0.146210,,
2009-11-20,,,,,0.490233,,
2009-11-23,,,,,-0.756233,,
2009-11-24,,,,,-0.026633,,
2009-11-25,,,,,-1.071395,,
2009-11-27,,,,,0.978105,,
2009-11-30,,,,,-0.160132,,
2009-12-01,,,,,-0.696862,,
2009-12-02,,,,,0.416020,,
2009-12-03,,,,,-0.053585,,
2009-12-04,,,,,1.700595,,
2009-12-07,,,,,-0.184608,,
2009-12-08,,,,,0.710157,,
2009-12-09,,,,,-0.354443,,
2009-12-10,,,,,0.000000,,
2009-12-11,,,,,0.694582,,
2009-12-14,,,,,-0.287735,,
2009-12-15,,,,,0.795779,,
2009-12-16,,,,,0.051963,,
2009-12-17,,,,,0.892115,,
2009-12-18,,,,,0.167189,,
2009-12-21,,,,,0.282306,,
2009-12-22,,,,,0.268730,,
2009-12-23,,,,,-0.448285,,
2009-12-24,,,,,-0.077059,,
2009-12-28,,,,,-0.270147,,
2009-12-29,,,,,0.257307,,
2009-12-30,,,,,0.102738,,
2009-12-31,,,,,-0.064201,,
2010-01-04,,,,,-0.424741,,
2010-01-05,,,,,0.116022,,
2010-01-06,,,,,-0.167629,,
2010-01-07,,,,,0.540550,,
2010-01-08,,,,,-0.566359,,
2010-01-11,,,,,-0.608536,,
2010-01-12,,,,,-0.064960,,
2010-01-13,,,,,-0.130038,,
2010-01-14,,,,,-0.156264,,
2010-01-15,,,,,0.765985,,
2010-01-19,,,,,0.232528,,
2010-01-20,,,,,1.078034,,
2010-01-21,,,,,-0.025528,,
2010-01-22,,,,,-0.051087,,
2010-01-25,,,,,-0.115034,,
2010-01-26,,,,,0.306472,,
2010-01-27,,,,,0.318249,,
2010-01-28,,,,,0.279226,,
2010-01-29,,,,,0.707248,,
2010-02-01,,,,,-0.277254,,
2010-02-02,,,,,-0.290674,,
2010-02-03,,,,,0.454605,,
2010-02-04,,,,,0.690561,,
2010-02-05,,,,,0.648548,,
2010-02-08,,,,,-0.174193,,
2010-02-09,,,,,-0.549454,,
2010-02-10,,,,,0.212644,,
2010-02-11,,,,,-0.049995,,
2010-02-12,,,,,0.411705,,
2010-02-16,,,,,-0.774911,,
2010-02-17,,,,,0.849580,,
2010-02-18,,,,,0.024885,,
2010-02-19,,,,,0.298059,,
2010-02-22,,,,,-0.161337,,
2010-02-23,,,,,0.421414,,
2010-02-24,,,,,0.000000,,
2010-02-25,,,,,-0.074235,,
2010-02-26,,,,,-0.533666,,
2010-03-01,,,,,0.372629,,
2010-03-02,,,,,-0.173728,,
2010-03-03,,,,,-0.672892,,
2010-03-04,,,,,0.722558,,
2010-03-05,,,,,-0.161498,,
2010-03-08,,,,,0.000000,,
2010-03-09,,,,,0.198728,,
2010-03-10,,,,,-0.173869,,
2010-03-11,,,,,-0.161718,,
2010-03-12,,,,,-0.611926,,
2010-03-15,,,,,0.524736,,
2010-03-16,,,,,-0.625002,,
2010-03-17,,,,,-0.138028,,
2010-03-18,,,,,0.725641,,
2010-03-19,,,,,0.621352,,
2010-03-22,,,,,-0.086756,,
2010-03-23,,,,,0.309502,,
2010-03-24,,,,,1.155222,,
2010-03-25,,,,,0.341556,,
2010-03-26,,,,,-0.537245,,
2010-03-29,,,,,-0.392541,,
2010-03-30,,,,,0.135110,,
2010-03-31,,,,,-0.492189,,
2010-04-01,,,,,-0.358358,,
2010-04-05,,,,,0.383020,,
2010-04-06,,,,,0.369280,,
2010-04-07,,,,,0.061417,,
2010-04-08,,,,,0.110446,,
2010-04-09,,,,,-0.541144,,
2010-04-12,,,,,-0.655738,,
2010-04-13,,,,,-0.062080,,
2010-04-14,,,,,-0.398258,,
2010-04-15,,,,,0.360990,,
2010-04-16,,,,,0.421572,,
2010-04-19,,,,,0.222470,,
2010-04-20,,,,,0.061713,,
2010-04-21,,,,,0.135628,,
2010-04-22,,,,,0.503898,,
2010-04-23,,,,,-0.270074,,
2010-04-26,,,,,0.159682,,
2010-04-27,,,,,0.818924,,
2010-04-28,,,,,0.279578,,
2010-04-29,,,,,-0.462341,,
2010-04-30,,,,,-0.158659,,
2010-05-03,,,,,0.487382,,
2010-05-04,,,,,1.244210,,
2010-05-05,,,,,0.932017,,
2010-05-06,,,,,0.958754,,
2010-05-07,,,,,-0.519668,,
2010-05-10,,,,,-0.343981,,
2010-05-11,,,,,0.367666,,
2010-05-12,,,,,0.425282,,
2010-05-13,,,,,0.446951,,
2010-05-14,,,,,1.039060,,
2010-05-17,,,,,0.127678,,
2010-05-18,,,,,1.095939,,
2010-05-19,,,,,-0.887364,,
2010-05-20,,,,,-0.953716,,
2010-05-21,,,,,-0.233997,,
2010-05-24,,,,,0.979138,,
2010-05-25,,,,,0.659000,,
2010-05-26,,,,,0.391034,,
2010-05-27,,,,,-1.084838,,
2010-05-28,,,,,0.347508,,
2010-06-01,,,,,0.184838,,
2010-06-02,,,,,0.172983,,
2010-06-03,,,,,0.402459,,
2010-06-04,,,,,1.243107,,
2010-06-07,,,,,0.192492,,
2010-06-08,,,,,-0.011316,,
2010-06-09,,,,,-0.555900,,
2010-06-10,,,,,-0.833962,,
2010-06-11,,,,,0.389288,,
2010-06-14,,,,,-1.149306,,
2010-06-15,,,,,-0.614529,,
2010-06-16,,,,,0.116237,,
2010-06-17,,,,,-0.454096,,
2010-06-18,,,,,0.011663,,
2010-06-21,,,,,0.268022,,
2010-06-22,,,,,0.209255,,
2010-06-23,,,,,-0.430612,,
2010-06-24,,,,,-0.011658,,
2010-06-25,,,,,-0.491120,,
2010-06-28,,,,,0.397759,,
2010-06-29,,,,,0.442681,,
2010-06-30,,,,,-0.011627,,
2010-07-01,,,,,-1.522808,,
2010-07-02,,,,,-0.342892,,
2010-07-06,,,,,-0.415404,,
2010-07-07,,,,,-0.309711,,
2010-07-08,,,,,0.000000,,
2010-07-09,,,,,0.154971,,
2010-07-12,,,,,0.297354,,
2010-07-13,,,,,-0.667302,,
2010-07-14,,,,,-0.251391,,
2010-07-15,,,,,-1.048268,,
2010-07-16,,,,,-0.084823,,
2010-07-19,,,,,0.024247,,
2010-07-20,,,,,0.290449,,
2010-07-21,,,,,0.770437,,
2010-07-22,,,,,-0.951873,,
2010-07-23,,,,,-0.169634,,
2010-07-26,,,,,-0.449716,,
2010-07-27,,,,,0.109581,,
2010-07-28,,,,,0.000000,,
2010-07-29,,,,,-0.659264,,
2010-07-30,,,,,-0.122562,,
2010-08-02,,,,,-0.738555,,
2010-08-03,,,,,-0.420954,,
2010-08-04,,,,,0.359157,,
2010-08-05,,,,,-0.086574,,
2010-08-06,,,,,-0.508586,,
2010-08-09,,,,,0.372387,,
2010-08-10,,,,,0.111453,,
2010-08-11,,,,,1.827260,,
2010-08-12,,,,,0.424421,,
2010-08-13,,,,,0.374417,,
2010-08-16,,,,,-0.507613,,
2010-08-17,,,,,-0.364162,,
2010-08-18,,,,,-0.012164,,
2010-08-19,,,,,0.279342,,
2010-08-20,,,,,0.737120,,
2010-08-23,,,,,0.072217,,
2010-08-24,,,,,0.036085,,
2010-08-25,,,,,0.132204,,
2010-08-26,,,,,-0.397139,,
2010-08-27,,,,,-0.012062,,
2010-08-30,,,,,0.289025,,
2010-08-31,,,,,0.048080,,
2010-09-01,,,,,-0.820666,,
2010-09-02,,,,,-0.072734,,
2010-09-03,,,,,0.773136,,
2010-09-07,,,,,-0.337510,,
2010-09-08,,,,,-0.278102,,
2010-09-09,,,,,0.096820,,
2010-09-10,,,,,0.036281,,
2010-09-13,,,,,-0.959843,,
2010-09-14,,,,,-1.018479,,
2010-09-15,,,,,0.504394,,
2010-09-16,,,,,-0.307258,,
2010-09-17,,,,,0.196759,,
2010-09-20,,,,,-0.073745,,
2010-09-21,,,,,-1.112626,,
2010-09-22,,,,,-0.761219,,
2010-09-23,,,,,0.225225,,
2010-09-24,,,,,-0.777925,,
2010-09-27,,,,,-0.063004,,
2010-09-28,,,,,-0.416791,,
2010-09-29,,,,,-0.405834,,
2010-09-30,,,,,0.038116,,
2010-10-01,,,,,-0.803531,,
2010-10-04,,,,,0.459948,,
2010-10-05,,,,,-0.896289,,
2010-10-06,,,,,-0.464099,,
2010-10-07,,,,,0.000000,,
2010-10-08,,,,,-0.090491,,
2010-10-11,,,,,0.155081,,
2010-10-12,,,,,-0.103360,,
2010-10-13,,,,,-0.375576,,
2010-10-14,,,,,-0.546447,,
2010-10-15,,,,,0.507515,,
2010-10-18,,,,,-0.142886,,
2010-10-19,,,,,1.611794,,
2010-10-20,,,,,-1.300311,,
2010-10-21,,,,,0.323436,,
2010-10-22,,,,,0.064566,,
2010-10-25,,,,,-0.478752,,
2010-10-26,,,,,0.788068,,
2010-10-27,,,,,0.564615,,
2010-10-28,,,,,-1.080679,,
2010-10-29,,,,,-0.051754,,
2010-11-01,,,,,0.038825,,
2010-11-02,,,,,-0.753155,,
2010-11-03,,,,,-0.313314,,
2010-11-04,,,,,-0.787620,,
2010-11-05,,,,,0.879106,,
2010-11-08,,,,,0.625078,,
2010-11-09,,,,,0.530853,,
2010-11-10,,,,,0.245044,,
2010-11-11,,,,,0.757147,,
2010-11-12,,,,,-0.179141,,
2010-11-15,,,,,0.561936,,
2010-11-16,,,,,0.874921,,
2010-11-17,,,,,-0.164252,,
2010-11-18,,,,,-0.583387,,
2010-11-19,,,,,-0.152753,,
2010-11-22,,,,,0.229037,,
2010-11-23,,,,,1.262962,,
2010-11-24,,,,,0.238174,,
2010-11-26,,,,,0.611620,,
2010-11-29,,,,,0.595529,,
2010-11-30,,,,,0.444337,,
2010-12-01,,,,,-0.605274,,
2010-12-02,,,,,-0.509281,,
2010-12-03,,,,,-1.152325,,
2010-12-06,,,,,0.239073,,
2010-12-07,,,,,0.363798,,
2010-12-08,,,,,0.175152,,
2010-12-09,,,,,0.087462,,
2010-12-10,,,,,0.000000,,
2010-12-13,,,,,-0.991537,,
2010-12-14,,,,,0.113462,,
2010-12-15,,,,,1.115089,,
2010-12-16,,,,,-0.099728,,
2010-12-17,,,,,0.236690,,
2010-12-20,,,,,0.322974,,
2010-12-21,,,,,0.111564,,
2010-12-22,,,,,0.012390,,
2010-12-23,,,,,-0.285311,,
2010-12-27,,,,,-0.161617,,
2010-12-28,,,,,-0.012446,,
2010-12-29,,,,,-0.699301,,
2010-12-30,,,,,-0.351502,,
2010-12-31,,,,,-0.618101,,
2011-01-03,,,,,0.126452,,
2011-01-04,,,,,0.391001,,
2011-01-05,,,,,1.026934,,
2011-01-06,,,,,0.658182,,
2011-01-07,,,,,0.271942,,
2011-01-10,,,,,-0.160609,,
2011-01-11,,,,,-0.037098,,
2011-01-12,,,,,-1.019401,,
2011-01-13,,,,,-1.055150,,
2011-01-14,,,,,-0.037888,,
2011-01-18,,,,,-0.252979,,
2011-01-19,,,,,-0.406092,,
2011-01-20,,,,,0.228631,,
2011-01-21,,,,,-0.776927,,
2011-01-24,,,,,-0.204782,,
2011-01-25,,,,,-0.064086,,
2011-01-26,,,,,-0.128285,,
2011-01-27,,,,,-0.218466,,
2011-01-28,,,,,0.513275,,
2011-01-31,,,,,-0.500417,,
2011-02-01,,,,,-0.865580,,
2011-02-02,,,,,0.116714,,
2011-02-03,,,,,0.761731,,
2011-02-04,,,,,0.372298,,
2011-02-07,,,,,-0.012817,,
2011-02-08,,,,,-0.038453,,
2011-02-09,,,,,-0.462608,,
2011-02-10,,,,,0.782608,,
2011-02-11,,,,,0.268010,,
2011-02-14,,,,,0.191000,,
2011-02-15,,,,,-0.050898,,
2011-02-16,,,,,-0.446457,,
2011-02-17,,,,,-0.281656,,
2011-02-18,,,,,-0.436845,,
2011-02-22,,,,,0.141534,,
2011-02-23,,,,,-0.463969,,
2011-02-24,,,,,-0.453171,,
2011-02-25,,,,,0.285086,,
2011-02-28,,,,,-0.505936,,
2011-03-01,,,,,0.207878,,
2011-03-02,,,,,-0.494413,,
2011-03-03,,,,,-0.248116,,
2011-03-04,,,,,-0.104659,,
2011-03-07,,,,,0.130802,,
2011-03-08,,,,,0.391394,,
2011-03-09,,,,,-0.104224,,
2011-03-10,,,,,0.727273,,
2011-03-11,,,,,-0.649100,,
2011-03-14,,,,,-0.561617,,
2011-03-15,,,,,-0.026193,,
2011-03-16,,,,,0.457485,,
2011-03-17,,,,,-0.838139,,
2011-03-18,,,,,-0.421719,,
2011-03-21,,,,,-0.423504,,
2011-03-22,,,,,0.039777,,
2011-03-23,,,,,0.476130,,
2011-03-24,,,,,-0.171670,,
2011-03-25,,,,,0.737424,,
2011-03-28,,,,,-0.118154,,
2011-03-29,,,,,0.157505,,
2011-03-30,,,,,-0.170633,,
2011-03-31,,,,,-0.342153,,
2011-04-01,,,,,-0.039553,,
2011-04-04,,,,,0.105446,,
2011-04-05,,,,,-0.039538,,
2011-04-06,,,,,-0.488798,,
2011-04-07,,,,,0.105882,,
2011-04-08,,,,,-0.690293,,
2011-04-11,,,,,-0.013324,,
2011-04-12,,,,,-0.280168,,
2011-04-13,,,,,0.173537,,
2011-04-14,,,,,-0.400913,,
2011-04-15,,,,,0.200658,,
2011-04-18,,,,,0.891376,,
2011-04-19,,,,,-0.624464,,
2011-04-20,,,,,-0.883535,,
2011-04-21,,,,,-0.498758,,
2011-04-25,,,,,-0.013517,,
2011-04-26,,,,,-0.202939,,
2011-04-27,,,,,-0.434310,,
2011-04-28,,,,,-0.545547,,
2011-04-29,,,,,-0.260189,,
2011-05-02,,,,,0.027416,,
2011-05-03,,,,,0.260117,,
2011-05-04,,,,,-0.150510,,
2011-05-05,,,,,1.575910,,
2011-05-06,,,,,0.872305,,
2011-05-09,,,,,-0.133705,,
2011-05-10,,,,,-0.174084,,
2011-05-11,,,,,0.960393,,
2011-05-12,,,,,-0.119551,,
2011-05-13,,,,,0.688750,,
2011-05-16,,,,,-0.383524,,
2011-05-17,,,,,-0.092794,,
2011-05-18,,,,,0.092794,,
2011-05-19,,,,,-0.464836,,
2011-05-20,,,,,0.411820,,
2011-05-23,,,,,0.884316,,
2011-05-24,,,,,-0.289513,,
2011-05-25,,,,,0.065876,,
2011-05-26,,,,,-0.501713,,
2011-05-27,,,,,-0.797354,,
2011-05-31,,,,,-0.414464,,
2011-06-01,,,,,0.053578,,
2011-06-02,,,,,-0.469765,,
2011-06-03,,,,,-0.742699,,
2011-06-06,,,,,0.230147,,
2011-06-07,,,,,-0.583171,,
2011-06-08,,,,,0.556126,,
2011-06-09,,,,,0.351070,,
2011-06-10,,,,,0.805480,,
2011-06-13,,,,,-0.375083,,
2011-06-14,,,,,-0.241871,,
2011-06-15,,,,,1.694159,,
2011-06-16,,,,,0.198219,,
2011-06-17,,,,,-1.008370,,
2011-06-20,,,,,0.053328,,
2011-06-21,,,,,-0.655211,,
2011-06-22,,,,,0.321455,,
2011-06-23,,,,,0.891969,,
2011-06-24,,,,,0.291161,,
2011-06-27,,,,,-0.370713,,
2011-06-28,,,,,-0.438686,,
2011-06-29,,,,,-0.494153,,
2011-06-30,,,,,-0.523525,,
2011-07-01,,,,,0.067265,,
2011-07-05,,,,,0.456260,,
2011-07-06,,,,,0.574063,,
2011-07-07,,,,,-0.213225,,
2011-07-08,,,,,0.293061,,
2011-07-11,,,,,1.071649,,
2011-07-12,,,,,-0.237154,,
2011-07-13,,,,,-0.794600,,
2011-07-14,,,,,0.053172,,
2011-07-15,,,,,-0.159600,,
2011-07-18,,,,,0.464785,,
2011-07-19,,,,,-0.345059,,
2011-07-20,,,,,-0.573297,,
2011-07-21,,,,,-1.034891,,
2011-07-22,,,,,0.242882,,
2011-07-25,,,,,-0.188856,,
2011-07-26,,,,,-0.799838,,
2011-07-27,,,,,0.840334,,
2011-07-28,,,,,0.175315,,
2011-07-29,,,,,-0.432081,,
2011-08-01,,,,,0.485962,,
2011-08-02,,,,,0.336090,,
2011-08-03,,,,,-0.632787,,
2011-08-04,,,,,1.448137,,
2011-08-05,,,,,-0.694639,,
2011-08-08,,,,,0.254372,,
2011-08-09,,,,,-0.240964,,
2011-08-10,,,,,0.040198,,
2011-08-11,,,,,0.053578,,
2011-08-12,,,,,-0.093776,,
2011-08-15,,,,,-1.037402,,
2011-08-16,,,,,0.229971,,
2011-08-17,,,,,-0.460461,,
2011-08-18,,,,,0.770743,,
2011-08-19,,,,,-0.337314,,
2011-08-22,,,,,0.108067,,
2011-08-23,,,,,-0.270376,,
2011-08-24,,,,,0.189341,,
2011-08-25,,,,,0.364148,,
2011-08-26,,,,,-0.634753,,
2011-08-29,,,,,-0.122005,,
2011-08-30,,,,,0.297983,,
2011-08-31,,,,,0.256629,,
2011-09-01,,,,,0.471041,,
2011-09-02,,,,,0.361854,,
2011-09-06,,,,,1.553092,,
2011-09-07,,,,,-0.607743,,
2011-09-08,,,,,1.028353,,
2011-09-09,,,,,1.238371,,
2011-09-12,,,,,0.491081,,
2011-09-13,,,,,-0.854480,,
2011-09-14,,,,,-0.104074,,
2011-09-15,,,,,-0.770898,,
2011-09-16,,,,,0.444974,,
2011-09-19,,,,,1.052159,,
2011-09-20,,,,,-0.466262,,
2011-09-21,,,,,0.401629,,
2011-09-22,,,,,1.335752,,
2011-09-23,,,,,-0.102111,,
2011-09-26,,,,,0.076596,,
2011-09-27,,,,,-1.090662,,
2011-09-28,,,,,0.437689,,
2011-09-29,,,,,0.089876,,
2011-09-30,,,,,0.805277,,
2011-10-03,,,,,1.139245,,
2011-10-04,,,,,0.188621,,
2011-10-05,,,,,-0.870605,,
2011-10-06,,,,,-0.482731,,
2011-10-07,,,,,0.241656,,
2011-10-10,,,,,-1.432986,,
2011-10-11,,,,,-0.025771,,
2011-10-12,,,,,-0.763417,,
2011-10-13,,,,,0.000000,,
2011-10-14,,,,,-0.481734,,
2011-10-17,,,,,0.676376,,
2011-10-18,,,,,-0.012967,,
2011-10-19,,,,,-0.025928,,
2011-10-20,,,,,-0.181724,,
2011-10-21,,,,,-0.874277,,
2011-10-24,,,,,-0.367655,,
2011-10-25,,,,,0.302099,,
2011-10-26,,,,,-0.065599,,
2011-10-27,,,,,-1.760811,,
2011-10-28,,,,,0.293402,,
2011-10-31,,,,,1.428032,,
2011-11-01,,,,,1.420872,,
2011-11-02,,,,,-0.324107,,
2011-11-03,,,,,-0.442484,,
2011-11-04,,,,,0.312549,,
2011-11-07,,,,,0.064983,,
2011-11-08,,,,,-0.377532,,
2011-11-09,,,,,1.630052,,
2011-11-10,,,,,-0.372824,,
2011-11-11,,,,,-0.905682,,
2011-11-14,,,,,0.802588,,
2011-11-15,,,,,0.411734,,
2011-11-16,,,,,0.358892,,
2011-11-17,,,,,0.166183,,
2011-11-18,,,,,-0.345473,,
2011-11-21,,,,,0.358248,,
2011-11-22,,,,,-0.089440,,
2011-11-23,,,,,0.979461,,
2011-11-25,,,,,0.769187,,
2011-11-28,,,,,-0.402770,,
2011-11-29,,,,,-0.366418,,
2011-11-30,,,,,-0.775150,,
2011-12-01,,,,,-0.089336,,
2011-12-02,,,,,0.395027,,
2011-12-05,,,,,-0.025434,,
2011-12-06,,,,,-0.127290,,
2011-12-07,,,,,-0.038218,,
2011-12-08,,,,,0.419601,,
2011-12-09,,,,,-0.228660,,
2011-12-12,,,,,1.188387,,
2011-12-13,,,,,0.850962,,
2011-12-14,,,,,0.348301,,
2011-12-15,,,,,-0.360765,,
2011-12-16,,,,,0.012464,,
2011-12-19,,,,,0.000000,,
2011-12-20,,,,,-0.462129,,
2011-12-21,,,,,0.175109,,
2011-12-22,,,,,-0.125046,,
2011-12-23,,,,,0.112554,,
2011-12-27,,,,,-0.275346,,
2011-12-28,,,,,0.873473,,
2011-12-29,,,,,-0.012418,,
2011-12-30,,,,,-0.385939,,
2012-01-03,,,,,-0.700963,,
2012-01-04,,,,,0.601123,,
2012-01-05,,,,,1.055721,,
2012-01-06,,,,,0.369955,,
2012-01-09,,,,,-0.234143,,
2012-01-10,,,,,-0.308928,,
2012-01-11,,,,,0.678381,,
2012-01-12,,,,,-0.715524,,
2012-01-13,,,,,0.813818,,
2012-01-17,,,,,-0.307484,,
2012-01-18,,,,,-0.717029,,
2012-01-19,,,,,-0.485044,,
2012-01-20,,,,,0.012469,,
2012-01-23,,,,,-0.662874,,
2012-01-24,,,,,0.213098,,
2012-01-25,,,,,-0.363798,,
2012-01-26,,,,,-0.201278,,
2012-01-27,,,,,-0.644310,,
2012-01-30,,,,,0.328992,,
2012-01-31,,,,,0.151471,,
2012-02-01,,,,,-0.455122,,
2012-02-02,,,,,0.063339,,
2012-02-03,,,,,-0.037995,,
2012-02-06,,,,,0.189830,,
2012-02-07,,,,,-0.659645,,
2012-02-08,,,,,0.089052,,
2012-02-09,,,,,-0.101782,,
2012-02-10,,,,,0.697666,,
2012-02-13,,,,,-0.215121,,
2012-02-14,,,,,0.807473,,
2012-02-15,,,,,0.113025,,
2012-02-16,,,,,-0.415071,,
2012-02-17,,,,,-0.012597,,
2012-02-21,,,,,-0.366233,,
2012-02-22,,,,,0.214847,,
2012-02-23,,,,,-0.506267,,
2012-02-24,,,,,-0.585392,,
2012-02-27,,,,,0.267670,,
2012-02-28,,,,,-0.369829,,
2012-02-29,,,,,0.585997,,
2012-03-01,,,,,0.063483,,
2012-03-02,,,,,0.783925,,
2012-03-05,,,,,-0.100809,,
2012-03-06,,,,,0.678481,,
2012-03-07,,,,,-0.188008,,
2012-03-08,,,,,-0.692386,,
2012-03-09,,,,,1.105535,,
2012-03-12,,,,,-0.212617,,
2012-03-13,,,,,0.399849,,
2012-03-14,,,,,0.460338,,
2012-03-15,,,,,-0.510232,,
2012-03-16,,,,,-0.462707,,
2012-03-19,,,,,-0.414498,,
2012-03-20,,,,,0.176055,,
2012-03-21,,,,,0.050246,,
2012-03-22,,,,,0.138045,,
2012-03-23,,,,,-0.502895,,
2012-03-26,,,,,-0.518098,,
2012-03-27,,,,,0.139268,,
2012-03-28,,,,,0.151711,,
2012-03-29,,,,,0.025257,,
2012-03-30,,,,,-0.316236,,
2012-04-02,,,,,-0.139461,,
2012-04-03,,,,,0.833868,,
2012-04-04,,,,,0.351670,,
2012-04-05,,,,,0.387910,,
2012-04-09,,,,,-0.425529,,
2012-04-10,,,,,0.200471,,
2012-04-11,,,,,-0.137784,,
2012-04-12,,,,,-0.628696,,
2012-04-13,,,,,0.753959,,
2012-04-16,,,,,-0.413968,,
2012-04-17,,,,,-0.100619,,
2012-04-18,,,,,0.075469,,
2012-04-19,,,,,0.037713,,
2012-04-20,,,,,-0.478769,,
2012-04-23,,,,,0.302646,,
2012-04-24,,,,,-0.252140,,
2012-04-25,,,,,-0.265435,,
2012-04-26,,,,,-0.126644,,
2012-04-27,,,,,-0.266490,,
2012-04-30,,,,,0.114298,,
2012-05-01,,,,,0.088804,,
2012-05-02,,,,,0.341789,,
2012-05-03,,,,,0.113677,,
2012-05-04,,,,,0.315080,,
2012-05-07,,,,,0.163446,,
2012-05-08,,,,,0.163190,,
2012-05-09,,,,,0.438020,,
2012-05-10,,,,,0.037454,,
2012-05-11,,,,,0.211981,,
2012-05-14,,,,,0.397811,,
2012-05-15,,,,,0.766291,,
2012-05-16,,,,,0.184516,,
2012-05-17,,,,,0.012281,,
2012-05-18,,,,,-0.110649,,
2012-05-21,,,,,-0.258667,,
2012-05-22,,,,,0.725037,,
2012-05-23,,,,,0.512944,,
2012-05-24,,,,,0.243345,,
2012-05-25,,,,,0.133586,,
2012-05-29,,,,,0.048532,,
2012-05-30,,,,,0.689033,,
2012-05-31,,,,,0.036132,,
2012-06-01,,,,,-0.180802,,
2012-06-04,,,,,-0.411021,,
2012-06-05,,,,,0.302389,,
2012-06-06,,,,,-0.581401,,
2012-06-07,,,,,-0.328524,,
2012-06-08,,,,,0.559067,,
2012-06-11,,,,,0.000000,,
2012-06-12,,,,,-0.121269,,
2012-06-13,,,,,-0.437798,,
2012-06-14,,,,,-0.182984,,
2012-06-15,,,,,-0.379236,,
2012-06-18,,,,,0.428064,,
2012-06-19,,,,,-0.698060,,
2012-06-20,,,,,0.147360,,
2012-06-21,,,,,1.013380,,
2012-06-22,,,,,-0.121550,,
2012-06-25,,,,,0.291472,,
2012-06-26,,,,,-0.109199,,
2012-06-27,,,,,0.230395,,
2012-06-28,,,,,0.133148,,
2012-06-29,,,,,-1.241491,,
2012-07-02,,,,,0.269082,,
2012-07-03,,,,,-0.109996,,
2012-07-05,,,,,1.251610,,
2012-07-06,,,,,0.577970,,
2012-07-09,,,,,-0.156199,,
2012-07-10,,,,,0.240208,,
2012-07-11,,,,,0.251601,,
2012-07-12,,,,,0.095685,,
2012-07-13,,,,,-0.419287,,
2012-07-16,,,,,-0.252428,,
2012-07-17,,,,,-0.072233,,
2012-07-18,,,,,-0.096400,,
2012-07-19,,,,,-0.060289,,
2012-07-20,,,,,0.685221,,
2012-07-23,,,,,0.287113,,
2012-07-24,,,,,0.357743,,
2012-07-25,,,,,-0.584977,,
2012-07-26,,,,,-0.853729,,
2012-07-27,,,,,-0.120830,,
2012-07-30,,,,,0.096679,,
2012-07-31,,,,,-0.181348,,
2012-08-01,,,,,0.506940,,
2012-08-02,,,,,0.324544,,
2012-08-03,,,,,-1.146600,,
2012-08-06,,,,,-0.133617,,
2012-08-07,,,,,-0.072955,,
2012-08-08,,,,,0.218712,,
2012-08-09,,,,,0.302975,,
2012-08-10,,,,,-0.108961,,
2012-08-13,,,,,-0.133343,,
2012-08-14,,,,,0.048510,,
2012-08-15,,,,,0.205897,,
2012-08-16,,,,,-0.351495,,
2012-08-17,,,,,0.290976,,
2012-08-20,,,,,-0.169634,,
2012-08-21,,,,,-0.669218,,
2012-08-22,,,,,-0.514084,,
2012-08-23,,,,,-0.159652,,
2012-08-24,,,,,0.282289,,
2012-08-27,,,,,0.085768,,
2012-08-28,,,,,-0.355764,,
2012-08-29,,,,,0.220967,,
2012-08-30,,,,,0.159281,,
2012-08-31,,,,,-0.527835,,
2012-09-04,,,,,0.086117,,
2012-09-05,,,,,-0.098428,,
2012-09-06,,,,,-0.197137,,
2012-09-07,,,,,-1.028958,,
2012-09-10,,,,,0.136979,,
2012-09-11,,,,,-0.624144,,
2012-09-12,,,,,-0.150380,,
2012-09-13,,,,,-0.603770,,
2012-09-14,,,,,-0.518632,,
2012-09-17,,,,,0.202716,,
2012-09-18,,,,,0.303296,,
2012-09-19,,,,,-0.240038,,
2012-09-20,,,,,0.441732,,
2012-09-21,,,,,-0.100796,,
2012-09-24,,,,,0.239213,,
2012-09-25,,,,,0.037727,,
2012-09-26,,,,,0.426488,,
2012-09-27,,,,,-0.426488,,
2012-09-28,,,,,0.489059,,
2012-10-01,,,,,-0.150228,,
2012-10-02,,,,,-0.100278,,
2012-10-03,,,,,0.288026,,
2012-10-04,,,,,-0.778316,,
2012-10-05,,,,,-0.012606,,
2012-10-08,,,,,0.251769,,
2012-10-09,,,,,0.514135,,
2012-10-10,,,,,-0.037529,,
2012-10-11,,,,,-0.175328,,
2012-10-12,,,,,-0.112870,,
2012-10-15,,,,,0.062718,,
2012-10-16,,,,,-0.465082,,
2012-10-17,,,,,-0.441955,,
2012-10-18,,,,,0.441955,,
2012-10-19,,,,,0.339597,,
2012-10-22,,,,,0.012559,,
2012-10-23,,,,,0.413458,,
2012-10-24,,,,,-0.012506,,
2012-10-25,,,,,0.087495,,
2012-10-26,,,,,0.037473,,
2012-10-31,,,,,-0.187514,,
2012-11-01,,,,,0.162537,,
2012-11-02,,,,,0.672305,,
2012-11-05,,,,,0.198344,,
2012-11-06,,,,,-0.173524,,
2012-11-07,,,,,0.185909,,
2012-11-08,,,,,0.037139,,
2012-11-09,,,,,0.296624,,
2012-11-12,,,,,0.012343,,
2012-11-13,,,,,0.049347,,
2012-11-14,,,,,-0.024675,,
2012-11-15,,,,,0.024675,,
2012-11-16,,,,,0.221757,,
2012-11-19,,,,,-0.481095,,
2012-11-20,,,,,0.111223,,
2012-11-21,,,,,-0.037061,,
2012-11-23,,,,,-0.918574,,
2012-11-26,,,,,0.074792,,
2012-11-27,,,,,0.186744,,
2012-11-28,,,,,-0.074662,,
2012-11-29,,,,,-0.174410,,
2012-11-30,,,,,-0.062357,,
2012-12-03,,,,,-0.337443,,
2012-12-04,,,,,-0.300900,,
2012-12-05,,,,,0.163099,,
2012-12-06,,,,,0.612393,,
2012-12-07,,,,,0.199149,,
2012-12-10,,,,,-0.111970,,
2012-12-11,,,,,-0.336685,,
2012-12-12,,,,,-0.212565,,
2012-12-13,,,,,0.050058,,
2012-12-14,,,,,-0.413718,,
2012-12-17,,,,,-0.037693,,
2012-12-18,,,,,-0.264266,,
2012-12-19,,,,,-0.138706,,
2012-12-20,,,,,0.012620,,
2012-12-21,,,,,0.453174,,
2012-12-24,,,,,0.025111,,
2012-12-26,,,,,-0.025111,,
2012-12-27,,,,,0.000000,,
2012-12-28,,,,,0.075326,,
2012-12-31,,,,,0.112884,,
2013-01-02,,,,,0.100239,,
2013-01-03,,,,,0.723739,,
2013-01-04,,,,,0.086994,,
2013-01-07,,,,,-0.298579,,
2013-01-08,,,,,0.112068,,
2013-01-09,,,,,0.261016,,
2013-01-10,,,,,-1.023091,,
2013-01-11,,,,,-0.225989,,
2013-01-14,,,,,-0.088023,,
2013-01-15,,,,,0.364163,,
2013-01-16,,,,,0.025071,,
2013-01-17,,,,,-0.188148,,
2013-01-18,,,,,0.500942,,
2013-01-22,,,,,-0.225113,,
2013-01-23,,,,,0.062576,,
2013-01-24,,,,,0.037529,,
2013-01-25,,,,,-0.250466,,
2013-01-28,,,,,0.037609,,
2013-01-29,,,,,-0.276141,,
2013-01-30,,,,,-0.352555,,
2013-01-31,,,,,-0.088334,,
2013-02-01,,,,,-0.101051,,
2013-02-04,,,,,0.529376,,
2013-02-05,,,,,-0.075459,,
2013-02-06,,,,,0.288931,,
2013-02-07,,,,,0.587834,,
2013-02-08,,,,,0.074792,,
2013-02-11,,,,,0.074736,,
2013-02-12,,,,,-0.249342,,
2013-02-13,,,,,-0.024975,,
2013-02-14,,,,,0.460920,,
2013-02-15,,,,,0.149035,,
2013-02-19,,,,,-0.136605,,
2013-02-20,,,,,0.767514,,
2013-02-21,,,,,0.455249,,
2013-02-22,,,,,0.024554,,
2013-02-25,,,,,0.232908,,
2013-02-26,,,,,0.244595,,
2013-02-27,,,,,-0.330342,,
2013-02-28,,,,,0.464611,,
2013-03-01,,,,,0.401723,,
2013-03-04,,,,,-0.109399,,
2013-03-05,,,,,-0.158244,,
2013-03-06,,,,,0.449716,,
2013-03-07,,,,,-0.461891,,
2013-03-08,,,,,0.752516,,
2013-03-11,,,,,-0.157315,,
2013-03-12,,,,,0.012113,,
2013-03-13,,,,,0.374687,,
2013-03-14,,,,,-0.338366,,
2013-03-15,,,,,-0.424576,,
2013-03-18,,,,,0.521371,,
2013-03-19,,,,,0.362139,,
2013-03-20,,,,,-0.253362,,
2013-03-21,,,,,0.024162,,
2013-03-22,,,,,-0.326625,,
2013-03-25,,,,,0.411130,,
2013-03-26,,,,,0.012059,,
2013-03-27,,,,,0.397378,,
2013-03-28,,,,,-0.264743,,
2013-04-01,,,,,-0.313777,,
2013-04-02,,,,,0.253515,,
2013-04-03,,,,,-0.265606,,
2013-04-04,,,,,-0.048369,,
2013-04-05,,,,,-0.217944,,
2013-04-08,,,,,0.302572,,
2013-04-09,,,,,-0.533143,,
2013-04-10,,,,,0.266927,,
2013-04-11,,,,,-0.339846,,
2013-04-12,,,,,0.072919,,
2013-04-15,,,,,0.133552,,
2013-04-16,,,,,-0.816229,,
2013-04-17,,,,,1.107005,,
2013-04-18,,,,,-0.133165,,
2013-04-19,,,,,0.193629,,
2013-04-22,,,,,-0.036277,,
2013-04-23,,,,,0.422424,,
2013-04-24,,,,,-0.120510,,
2013-04-25,,,,,-0.229374,,
2013-04-26,,,,,-0.314726,,
2013-04-29,,,,,-0.400901,,
2013-04-30,,,,,-0.512570,,
2013-05-01,,,,,-0.110184,,
2013-05-02,,,,,0.695761,,
2013-05-03,,,,,-0.133894,,
2013-05-06,,,,,0.267610,,
2013-05-07,,,,,-0.024295,,
2013-05-08,,,,,-0.487213,,
2013-05-09,,,,,1.080828,,
2013-05-10,,,,,0.421863,,
2013-05-13,,,,,0.144234,,
2013-05-14,,,,,0.371634,,
2013-05-15,,,,,0.310636,,
2013-05-16,,,,,-0.071605,,
2013-05-17,,,,,0.606966,,
2013-05-20,,,,,-0.559227,,
2013-05-21,,,,,0.059645,,
2013-05-22,,,,,0.463982,,
2013-05-23,,,,,-0.535553,,
2013-05-24,,,,,-0.119410,,
2013-05-28,,,,,0.524312,,
2013-05-29,,,,,-0.596020,,
2013-05-30,,,,,-0.756076,,
2013-05-31,,,,,0.444733,,
2013-06-03,,,,,-0.843070,,
2013-06-04,,,,,0.108791,,
2013-06-05,,,,,-0.241922,,
2013-06-06,,,,,-1.279807,,
2013-06-07,,,,,0.208327,,
2013-06-10,,,,,-0.048978,,
2013-06-11,,,,,-0.725225,,
2013-06-12,,,,,-0.123440,,
2013-06-13,,,,,-0.420840,,
2013-06-14,,,,,0.061994,,
2013-06-17,,,,,-0.124036,,
2013-06-18,,,,,0.062042,,
2013-06-19,,,,,0.999696,,
2013-06-20,,,,,0.502232,,
2013-06-21,,,,,0.584802,,
2013-06-24,,,,,0.133536,,
2013-06-25,,,,,0.181810,,
2013-06-26,,,,,0.447044,,
2013-06-27,,,,,-0.048225,,
2013-06-28,,,,,0.313095,,
2013-07-01,,,,,-0.228703,,
2013-07-02,,,,,0.672592,,
2013-07-03,,,,,-0.371768,,
2013-07-05,,,,,1.419642,,
2013-07-08,,,,,-0.260943,,
2013-07-09,,,,,0.450297,,
2013-07-10,,,,,-0.640497,,
2013-07-11,,,,,-1.546887,,
2013-07-12,,,,,0.289608,,
2013-07-15,,,,,0.060234,,
2013-07-16,,,,,-0.737298,,
2013-07-17,,,,,0.339105,,
2013-07-18,,,,,0.132908,,
2013-07-19,,,,,-0.290203,,
2013-07-22,,,,,-0.436895,,
2013-07-23,,,,,-0.255738,,
2013-07-24,,,,,0.352993,,
2013-07-25,,,,,-0.401781,,
2013-07-26,,,,,-0.427897,,
2013-07-29,,,,,0.048997,,
2013-07-30,,,,,0.207961,,
2013-07-31,,,,,-0.465465,,
2013-08-01,,,,,1.086767,,
2013-08-02,,,,,-0.523584,,
2013-08-05,,,,,-0.036641,,
2013-08-06,,,,,-0.342549,,
2013-08-07,,,,,-0.380622,,
2013-08-08,,,,,-0.345039,,
2013-08-09,,,,,0.148014,,
2013-08-12,,,,,0.246221,,
2013-08-13,,,,,0.490619,,
2013-08-14,,,,,-0.036720,,
2013-08-15,,,,,-0.700120,,
2013-08-16,,,,,0.160115,,
2013-08-19,,,,,-0.036924,,
2013-08-20,,,,,-0.394720,,
2013-08-21,,,,,0.505451,,
2013-08-22,,,,,0.208830,,
2013-08-23,,,,,-0.184244,,
2013-08-26,,,,,0.036884,,
2013-08-27,,,,,-0.246100,,
2013-08-28,,,,,0.307522,,
2013-08-29,,,,,0.648835,,
2013-08-30,,,,,0.170689,,
2013-09-03,,,,,0.328374,,
2013-09-04,,,,,-0.230965,,
2013-09-05,,,,,0.558253,,
2013-09-06,,,,,-0.582591,,
2013-09-09,,,,,-0.439187,,
2013-09-10,,,,,0.036671,,
2013-09-11,,,,,-0.367336,,
2013-09-12,,,,,-0.036806,,
2013-09-13,,,,,-0.049099,,
2013-09-16,,,,,-0.245848,,
2013-09-17,,,,,-0.098513,,
2013-09-18,,,,,-1.152358,,
2013-09-19,,,,,0.149443,,
2013-09-20,,,,,0.099504,,
2013-09-23,,,,,0.012425,,
2013-09-24,,,,,0.136639,,
2013-09-25,,,,,-0.285905,,
2013-09-26,,,,,0.236239,,
2013-09-27,,,,,-0.310965,,
2013-09-30,,,,,-0.062304,,
2013-10-01,,,,,-0.149704,,
2013-10-02,,,,,-0.275036,,
2013-10-03,,,,,-0.137801,,
2013-10-04,,,,,0.437809,,
2013-10-07,,,,,-0.224917,,
2013-10-08,,,,,0.149995,,
2013-10-09,,,,,0.386468,,
2013-10-10,,,,,0.062187,,
2013-10-11,,,,,-0.074632,,
2013-10-14,,,,,-0.124516,,
2013-10-15,,,,,0.273735,,
2013-10-16,,,,,0.024844,,
2013-10-17,,,,,-1.061512,,
2013-10-18,,,,,-0.012559,,
2013-10-21,,,,,0.050215,,
2013-10-22,,,,,-0.553742,,
2013-10-23,,,,,0.025242,,
2013-10-24,,,,,-0.088356,,
2013-10-25,,,,,-0.012631,,
2013-10-28,,,,,0.088367,,
2013-10-29,,,,,0.478346,,
2013-10-30,,,,,0.150587,,
2013-10-31,,,,,0.562674,,
2013-11-01,,,,,0.658681,,
2013-11-04,,,,,-0.223214,,
2013-11-05,,,,,0.198432,,
2013-11-06,,,,,-0.285373,,
2013-11-07,,,,,0.421572,,
2013-11-08,,,,,0.481392,,
2013-11-11,,,,,-0.147878,,
2013-11-12,,,,,0.123251,,
2013-11-13,,,,,-0.320753,,
2013-11-14,,,,,0.061766,,
2013-11-15,,,,,-0.173040,,
2013-11-18,,,,,-0.012363,,
2013-11-19,,,,,-0.160967,,
2013-11-20,,,,,0.506773,,
2013-11-21,,,,,-0.073999,,
2013-11-22,,,,,-0.420381,,
2013-11-25,,,,,0.259852,,
2013-11-26,,,,,-0.383826,,
2013-11-27,,,,,0.161137,,
2013-11-29,,,,,-0.074338,,
2013-12-02,,,,,0.284676,,
2013-12-03,,,,,-0.359068,,
2013-12-04,,,,,0.012396,,
2013-12-05,,,,,-0.447484,,
2013-12-06,,,,,0.000000,,
2013-12-09,,,,,-0.174564,,
2013-12-10,,,,,-0.199870,,
2013-12-11,,,,,-0.100090,,
2013-12-12,,,,,0.387280,,
2013-12-13,,,,,0.012471,,
2013-12-16,,,,,-0.174693,,
2013-12-17,,,,,-0.012492,,
2013-12-18,,,,,0.062437,,
2013-12-19,,,,,0.647005,,
2013-12-20,,,,,-0.062025,,
2013-12-23,,,,,-0.161467,,
2013-12-24,,,,,0.099394,,
2013-12-26,,,,,-0.062103,,
2013-12-27,,,,,-0.111897,,
2013-12-30,,,,,-0.486314,,
2013-12-31,,,,,0.049989,,
2014-01-02,,,,,0.734423,,
2014-01-03,,,,,0.198246,,
2014-01-06,,,,,-0.173438,,
2014-01-07,,,,,0.222938,,
2014-01-08,,,,,0.259466,,
2014-01-09,,,,,-0.037024,,
2014-01-10,,,,,-0.432979,,
2014-01-13,,,,,-0.186141,,
2014-01-14,,,,,0.124130,,
2014-01-15,,,,,0.482643,,
2014-01-16,,,,,-0.123531,,
2014-01-17,,,,,0.444007,,
2014-01-21,,,,,-0.197098,,
2014-01-22,,,,,0.086276,,
2014-01-23,,,,,-0.903411,,
2014-01-24,,,,,0.024856,,
2014-01-27,,,,,0.049703,,
2014-01-28,,,,,0.086919,,
2014-01-29,,,,,-0.074495,,
2014-01-30,,,,,0.717817,,
2014-01-31,,,,,0.221731,,
2014-02-03,,,,,-0.320428,,
2014-02-04,,,,,0.135695,,
2014-02-05,,,,,-0.111013,,
2014-02-06,,,,,-0.172925,,
2014-02-07,,,,,-0.247552,,
2014-02-10,,,,,-0.024794,,
2014-02-11,,,,,-0.049598,,
2014-02-12,,,,,0.061996,,
2014-02-13,,,,,-0.484562,,
2014-02-14,,,,,-0.199481,,
2014-02-18,,,,,-0.149863,,
2014-02-19,,,,,0.199770,,
2014-02-20,,,,,0.149574,,
2014-02-21,,,,,-0.062297,,
2014-02-24,,,,,-0.037394,,
2014-02-25,,,,,-0.074828,,
2014-02-26,,,,,0.323869,,
2014-02-27,,,,,-0.149350,,
2014-02-28,,,,,-0.637226,,
2014-03-03,,,,,0.362842,,
2014-03-04,,,,,0.112344,,
2014-03-05,,,,,-0.062398,,
2014-03-06,,,,,-0.538209,,
2014-03-07,,,,,0.050189,,
2014-03-10,,,,,0.037623,,
2014-03-11,,,,,0.025071,,
2014-03-12,,,,,-0.200773,,
2014-03-13,,,,,0.012563,,
2014-03-14,,,,,-0.226331,,
2014-03-17,,,,,-0.062964,,
2014-03-18,,,,,0.025195,,
2014-03-19,,,,,0.727725,,
2014-03-20,,,,,0.274658,,
2014-03-21,,,,,-0.124748,,
2014-03-24,,,,,-0.224945,,
2014-03-25,,,,,0.012513,,
2014-03-26,,,,,0.050026,,
2014-03-27,,,,,0.162406,,
2014-03-28,,,,,0.087340,,
2014-03-31,,,,,-0.099828,,
2014-04-01,,,,,-0.024967,,
2014-04-02,,,,,0.174671,,
2014-04-03,,,,,0.311158,,
2014-04-04,,,,,-0.062158,,
2014-04-07,,,,,-0.249000,,
2014-04-08,,,,,-0.587613,,
2014-04-09,,,,,-0.339129,,
2014-04-10,,,,,-0.125905,,
2014-04-11,,,,,0.088145,,
2014-04-14,,,,,0.351811,,
2014-04-15,,,,,0.087758,,
2014-04-16,,,,,0.025056,,
2014-04-17,,,,,0.012530,,
2014-04-21,,,,,0.150200,,
2014-04-22,,,,,-0.050035,,
2014-04-23,,,,,-0.062594,,
2014-04-24,,,,,-0.075157,,
2014-04-25,,,,,-0.037609,,
2014-04-28,,,,,-0.112884,,
2014-04-29,,,,,0.163017,,
2014-04-30,,,,,-0.401758,,
2014-05-01,,,,,0.050309,,
2014-05-02,,,,,-0.012577,,
2014-05-05,,,,,-0.037732,,
2014-05-06,,,,,-0.441278,,
2014-05-07,,,,,0.101038,,
2014-05-08,,,,,0.264733,,
2014-05-09,,,,,0.589975,,
2014-05-12,,,,,0.000000,,
2014-05-13,,,,,0.299921,,
2014-05-14,,,,,-0.087384,,
2014-05-15,,,,,-0.087462,,
2014-05-16,,,,,0.049989,,
2014-05-19,,,,,-0.062492,,
2014-05-20,,,,,0.062492,,
2014-05-21,,,,,0.074931,,
2014-05-22,,,,,0.187093,,
2014-05-23,,,,,0.174302,,
2014-05-27,,,,,-0.049771,,
2014-05-28,,,,,0.273430,,
2014-05-29,,,,,-0.099344,,
2014-05-30,,,,,-0.149192,,
2014-06-02,,,,,0.335378,,
2014-06-03,,,,,-0.111665,,
2014-06-04,,,,,0.148859,,
2014-06-05,,,,,-0.372572,,
2014-06-06,,,,,0.049759,,
2014-06-09,,,,,0.298023,,
2014-06-10,,,,,0.210563,,
2014-06-11,,,,,-0.037125,,
2014-06-12,,,,,-0.260270,,
2014-06-13,,,,,0.000000,,
2014-06-16,,,,,-0.136605,,
2014-06-17,,,,,0.198629,,
2014-06-18,,,,,-0.062025,,
2014-06-19,,,,,-0.323185,,
2014-06-20,,,,,0.062235,,
2014-06-23,,,,,-0.136962,,
2014-06-24,,,,,0.087179,,
2014-06-25,,,,,-0.137030,,
2014-06-26,,,,,0.012467,,
2014-06-27,,,,,-0.237102,,
2014-06-30,,,,,-0.325369,,
2014-07-01,,,,,0.050127,,
2014-07-02,,,,,0.175240,,
2014-07-03,,,,,0.312169,,
2014-07-07,,,,,0.012469,,
2014-07-08,,,,,-0.049877,,
2014-07-09,,,,,-0.237251,,
2014-07-10,,,,,0.174868,,
2014-07-11,,,,,0.074857,,
2014-07-14,,,,,0.000000,,
2014-07-15,,,,,0.249093,,
2014-07-16,,,,,0.211245,,
2014-07-17,,,,,-0.049666,,
2014-07-18,,,,,0.000000,,
2014-07-21,,,,,0.049666,,
2014-07-22,,,,,0.272717,,
2014-07-23,,,,,0.037130,,
2014-07-24,,,,,0.074227,,
2014-07-25,,,,,0.197648,,
2014-07-28,,,,,0.000000,,
2014-07-29,,,,,0.221894,,
2014-07-30,,,,,0.258254,,
2014-07-31,,,,,0.049117,,
2014-08-01,,,,,-0.196604,,
2014-08-04,,,,,0.036892,,
2014-08-05,,,,,0.233338,,
2014-08-06,,,,,-0.098177,,
2014-08-07,,,,,0.098177,,
2014-08-08,,,,,-0.159595,,
2014-08-11,,,,,0.098246,,
2014-08-12,,,,,0.036815,,
2014-08-13,,,,,0.122622,,
2014-08-14,,,,,-0.012258,,
2014-08-15,,,,,-0.208574,,
2014-08-18,,,,,0.196324,,
2014-08-19,,,,,0.367057,,
2014-08-20,,,,,0.450867,,
2014-08-21,,,,,-0.121652,,
2014-08-22,,,,,0.231010,,
2014-08-25,,,,,0.254724,,
2014-08-26,,,,,0.121064,,
2014-08-27,,,,,-0.266540,,
2014-08-28,,,,,0.060643,,
2014-08-29,,,,,0.326814,,
2014-09-02,,,,,0.289608,,
2014-09-03,,,,,-0.144694,,
2014-09-04,,,,,1.139849,,
2014-09-05,,,,,-0.071605,,
2014-09-08,,,,,0.559560,,
2014-09-09,,,,,0.059339,,
2014-09-10,,,,,-0.035601,,
2014-09-11,,,,,0.059333,,
2014-09-12,,,,,-0.071206,,
2014-09-15,,,,,0.023744,,
2014-09-16,,,,,-0.225750,,
2014-09-17,,,,,0.746578,,
2014-09-18,,,,,-0.449648,,
2014-09-19,,,,,0.567649,,
2014-09-22,,,,,-0.153425,,
2014-09-23,,,,,-0.011804,,
2014-09-24,,,,,0.459607,,
2014-09-25,,,,,0.176204,,
2014-09-26,,,,,0.515105,,
2014-09-29,,,,,-0.058404,,
2014-09-30,,,,,0.408099,,
2014-10-01,,,,,0.034901,,
2014-10-02,,,,,-0.431315,,
2014-10-03,,,,,1.265330,,
2014-10-06,,,,,-1.136907,,
2014-10-07,,,,,-0.046681,,
2014-10-08,,,,,-0.432819,,
2014-10-09,,,,,0.257574,,
2014-10-10,,,,,0.455005,,
2014-10-13,,,,,-0.560296,,
2014-10-14,,,,,0.455475,,
2014-10-15,,,,,-0.783765,,
2014-10-16,,,,,-0.176317,,
2014-10-17,,,,,0.223282,,0.000000
2014-10-20,,,,,-0.282127,,-0.173544
2014-10-21,,,,,0.422884,,0.186396
2014-10-22,,,,,0.502778,,-0.221057
2014-10-23,,,,,0.116561,,-0.115503
2014-10-24,,,,,-0.128219,,0.253823
2014-10-27,,,,,-0.268648,,0.744288
2014-10-28,,,,,-0.105314,,-0.206451
2014-10-29,,,,,0.630246,,-0.269683
2014-10-30,,,,,0.232429,,-0.530062
2014-10-31,,,,,0.843784,,-0.685504
2014-11-03,,,,,0.493716,,0.508867
2014-11-04,,,,,-0.378674,,-0.339569
2014-11-05,,,,,0.527463,,0.362983
2014-11-06,,,,,0.649760,,0.408154
2014-11-07,,,,,-0.421296,,-0.060778
2014-11-10,,,,,0.193786,,-1.472927
2014-11-11,,,,,-0.319379,,-1.863971
2014-11-12,,,,,0.330768,,0.254519
2014-11-13,,,,,-0.170952,,-0.456434
2014-11-14,,,,,-0.159816,,-0.169847
2014-11-17,,,,,0.455946,,1.086951
2014-11-18,,,,,-0.398836,,0.971534
2014-11-19,,,,,0.079895,,0.457435
2014-11-20,,,,,-0.068484,,-0.081967
2014-11-21,,,,,0.818654,,-0.641240
2014-11-24,,,,,-0.181340,,-0.958374
2014-11-25,,,,,-0.261264,,-0.237672
2014-11-26,,,,,-0.353213,,-0.766590
2014-11-27,,,,,,,-0.522177
2014-11-28,,,,,,,-1.779793
2014-12-01,,,,,-0.465095,,-0.802787
2014-12-02,,,,,0.792762,,-2.120299
2014-12-03,,,,,0.349076,,0.080245
2014-12-04,,,,,-0.292696,,-2.647130
2014-12-05,,,,,0.707754,,-2.396550
2014-12-08,,,,,-0.325168,,-2.098340
2014-12-09,,,,,-0.393855,,2.136341
2014-12-10,,,,,-0.474690,,-0.541152
2014-12-11,,,,,0.440861,,1.433108
2014-12-12,,,,,-0.338948,,0.250153
2014-12-15,,,,,0.113107,,-2.289500
2014-12-16,,,,,-0.373750,,-2.053198
2014-12-17,,,,,1.128298,,-1.754792
2014-12-18,,,,,0.123340,,0.250829
2014-12-19,,,,,0.402595,,-1.846122
2014-12-22,,,,,0.189551,,-3.246059
2014-12-23,,,,,0.322528,,1.452145
2014-12-24,,,,,-0.099980,,2.821097
2014-12-25,,,,,,,-1.935296
2014-12-26,,,,,,,-1.966008
2014-12-29,,,,,0.177564,,-1.155895
2014-12-30,,,,,-0.222005,,-0.996750
2014-12-31,,,,,0.310662,,-1.237404
2015-01-02,,,,,0.893312,,
2015-01-04,,,,,,,
2015-01-05,,,-0.004250,,,,-2.406896
2015-01-06,,,0.034436,,0.131237,,0.747427
2015-01-07,,,-0.034870,,0.425323,,-0.341732
2015-01-08,,,-0.010840,,0.521008,,1.742754
2015-01-09,,,0.013615,,-0.466607,,-0.187724
2015-01-12,,,-0.022547,,0.043498,,0.535020
2015-01-13,,,-0.280369,,0.358126,,0.659173
2015-01-14,,,-0.237327,,-0.162622,,-0.032824
2015-01-15,,,0.020360,,0.205944,,-2.256637
2015-01-16,,,-0.255059,,0.183912,,-0.183450
2015-01-19,,,-0.111642,,,,4.793111
2015-01-20,,,-0.045206,,,,0.535661
2015-01-21,,,-0.044241,,-0.161335,,-2.508400
2015-01-22,,,-0.092971,,1.432103,,0.367872
2015-01-23,,,-0.027111,,0.803219,,-0.577586
2015-01-26,,,-0.130562,,-0.210745,,0.698036
2015-01-27,,,0.005911,,-0.826195,,0.677819
2015-01-28,,,0.161973,,0.477484,,1.003563
2015-01-29,,,0.121330,,0.327607,,0.917281
2015-01-30,,,0.042711,,0.021103,,0.534777
2015-02-02,,,-0.131340,,-0.316961,,1.864957
2015-02-03,,,-0.099271,,-0.956947,,-0.996943
2015-02-04,,,-0.011062,,0.415801,,0.793722
2015-02-05,,,-0.264697,,0.752560,,0.803209
2015-02-06,,,0.130934,,0.000000,,0.554868
2015-02-09,,,-0.068398,,-0.264341,,-0.877307
2015-02-10,,,-0.012750,,0.327684,,-0.513748
2015-02-11,,,-0.202325,,0.242420,,0.093408
2015-02-12,,,-0.077505,,-0.951987,,0.062733
2015-02-13,,,-0.097905,,0.116842,,-0.004069
2015-02-15,,,-0.053603,,,,
2015-02-16,,,-0.115969,,,,0.403288
2015-02-17,,,0.007914,,,,-0.275366
2015-02-18,,,,,0.148729,,
2015-02-19,,,,,0.212094,,
2015-02-20,,,,,-0.159027,,
2015-02-23,,,,,0.338947,,
2015-02-24,,,,,-0.084631,,
2015-02-25,,,-0.018891,,-0.296767,,0.469129
2015-02-26,,,0.072436,,1.139856,,-1.339184
2015-02-27,,,0.103084,,-0.041987,,0.330767
2015-02-28,,,-0.049511,,,,
2015-03-02,,,0.169085,,,,0.128380
2015-03-03,,,0.087596,,-0.083842,,1.637425
2015-03-04,,,0.002221,,0.616677,,0.304258
2015-03-05,,,0.281757,,0.426303,,0.980963
2015-03-06,,,0.171547,,1.278374,,-0.487361
2015-03-09,,,0.166856,,-0.030743,,-0.774518
2015-03-10,,,0.060869,,1.049912,,1.229704
2015-03-11,,,-0.367917,,1.189410,,-0.177409
2015-03-12,,,-0.056193,,-0.653434,,-1.648202
2015-03-13,,,0.225905,,1.183090,,0.440366
2015-03-16,,,0.227707,,-0.730263,,0.002556
2015-03-17,,,0.063765,,-0.010043,,-0.247432
2015-03-18,,,0.052006,,-1.049765,,-0.683678
2015-03-19,,,0.037127,,0.556536,,0.425773
2015-03-20,,,-0.122440,,-1.208069,,-0.210177
2015-03-23,,,0.025388,,-0.902853,,-0.575511
2015-03-24,,,0.056480,,0.164765,,0.582800
2015-03-25,,,0.045052,,-0.216304,,1.506609
2015-03-26,,,0.320945,,0.473202,,-1.132687
2015-03-27,,,0.106894,,-0.154061,,-0.510431
2015-03-30,,,0.173470,,0.706719,,-1.847162
2015-03-31,,,0.275850,,0.387082,,0.998538
2015-04-01,,,-0.242646,,-0.172983,,0.060414
2015-04-02,,,-0.280975,,-0.766757,,1.020279
2015-04-03,,,0.128311,,,,0.465657
2015-04-06,,,,,,,
2015-04-07,,,0.124055,,0.738693,,-0.879289
2015-04-08,,,0.484784,,0.245021,,-1.342401
2015-04-09,,,0.033454,,1.105324,,0.340059
2015-04-10,,,-0.057318,,0.231675,,-0.294344
2015-04-13,,,-0.073907,,0.100562,,-0.508348
2015-04-14,,,-0.200815,,-0.736443,,-0.013364
2015-04-15,,,-0.154206,,-0.436350,,-1.103813
2015-04-16,,,-0.126433,,-0.929768,,-1.487996
2015-04-17,,,-0.001472,,0.102595,,-1.284046
2015-04-20,,,-0.642245,,0.429761,,0.916696
2015-04-21,,,-0.209819,,0.040834,,0.558765
2015-04-22,,,0.042771,,0.040810,,-0.166804
2015-04-23,,,0.083705,,-0.757810,,0.689578
2015-04-24,,,0.228955,,-0.370753,,0.545348
2015-04-27,,,-0.120310,,-0.154888,,-1.989267
2015-04-28,,,-0.108301,,-0.705179,,-1.817270
2015-04-29,,,0.017970,,-1.014593,,1.307998
2015-04-30,,,-0.180503,,-0.548183,,1.491811
2015-05-01,,,,,0.737239,,
2015-05-04,,,0.078914,,0.188699,,-0.239059
2015-05-05,,,0.081212,,-0.367249,,1.619275
2015-05-06,,,0.237999,,-1.056757,,0.759598
2015-05-07,,,-0.022318,,0.519213,,1.029737
2015-05-08,,,-0.295690,,0.179503,,0.522182
2015-05-11,,,-0.001890,,0.231824,,0.055656
2015-05-12,,,-0.047922,,-0.506494,,0.347864
2015-05-13,,,-0.155375,,-0.967317,,0.760771
2015-05-14,,,-0.209729,,-0.278107,,0.406280
2015-05-15,,,-0.037891,,-0.235927,,1.265884
2015-05-18,,,0.051836,,1.121031,,1.843380
2015-05-19,,,0.099642,,1.140089,,-1.105143
2015-05-20,,,0.015417,,0.188758,,0.693819
2015-05-21,,,-0.024496,,-0.199250,,0.944150
2015-05-22,,,-0.081323,,0.784236,,-1.403560
2015-05-25,,,-0.075357,,,,-1.506074
2015-05-26,,,0.214589,,,,0.491113
2015-05-27,,,-0.021934,,0.071917,,0.580614
2015-05-28,,,0.261031,,-0.411652,,2.179078
2015-05-29,,,0.032902,,-0.061891,,0.684263
2015-06-01,,,0.213828,,0.494077,,-1.298508
2015-06-02,,,-0.146873,,-1.604343,,0.774167
2015-06-03,,,-0.055527,,-0.386802,,0.410384
2015-06-04,,,-0.100231,,-0.010477,,-1.023062
2015-06-05,,,-0.060331,,0.886483,,-0.200190
2015-06-08,,,-0.042287,,-1.054229,,-3.762025
2015-06-09,,,-0.063954,,-0.136510,,0.464806
2015-06-10,,,0.119025,,-0.547885,,1.411584
2015-06-11,,,0.152418,,0.348048,,0.962401
2015-06-12,,,-0.005843,,-0.010531,,0.211427
2015-06-15,,,0.209372,,-0.168619,,-2.207931
2015-06-16,,,-0.198545,,0.200202,,0.333880
2015-06-17,,,-0.031878,,-0.739567,,-0.193126
2015-06-18,,,-0.193458,,-0.276099,,1.833847
2015-06-19,,,-0.014833,,0.053149,,1.352023
2015-06-22,,,,,0.254757,,
2015-06-23,,,0.093922,,1.159370,,-1.959043
2015-06-24,,,0.039053,,-0.178298,,-0.835632
2015-06-25,,,-0.010044,,-0.073510,,0.555539
2015-06-26,,,0.013392,,0.293716,,1.665493
2015-06-29,,,-0.006009,,-0.714814,,-1.429897
2015-06-30,,,-0.017167,,0.735758,,-2.306626
2015-07-01,,,0.046187,,0.855063,,1.238966
2015-07-02,,,0.029887,,-0.207876,,-1.565301
2015-07-03,,,-0.127388,,,,0.978375
2015-07-06,,,-0.427586,,,,-4.669748
2015-07-07,,,-0.202497,,0.590155,,-2.639586
2015-07-08,,,0.079055,,-0.600542,,2.930081
2015-07-09,,,-0.039493,,0.331778,,-2.375433
2015-07-10,,,0.260189,,-0.602163,,-1.313580
2015-07-13,,,0.001368,,0.860602,,1.385219
2015-07-14,,,0.101460,,-0.227392,,2.905863
2015-07-15,,,0.017291,,0.505753,,-0.477872
2015-07-16,,,-0.068804,,0.544184,,0.368486
2015-07-17,,,-0.087476,,0.204580,,0.328524
2015-07-20,,,0.004616,,0.173565,,0.954323
2015-07-21,,,0.071398,,-0.716626,,0.820021
2015-07-22,,,-0.004533,,0.277019,,0.850450
2015-07-23,,,-0.104894,,-0.493011,,-0.095521
2015-07-24,,,-0.139432,,0.123477,,0.885791
2015-07-27,,,-0.007252,,-0.763912,,3.140707
2015-07-28,,,-0.061325,,0.279399,,-1.217823
2015-07-29,,,-0.064440,,0.216780,,0.109367
2015-07-30,,,0.041762,,0.596275,,0.476393
2015-07-31,,,0.210098,,-0.194937,,-0.972998
2015-08-03,,,0.047166,,0.123160,,-2.218110
2015-08-04,,,0.000684,,0.450315,,0.577810
2015-08-05,,,0.040178,,0.030628,,1.168699
2015-08-06,,,-0.065387,,-0.132792,,0.613837
2015-08-07,,,-0.070212,,-0.276375,,0.274120
2015-08-10,,,0.061582,,-0.410841,,-0.793278
2015-08-11,,,0.221187,,0.133707,,0.584774
2015-08-12,,,0.104091,,-1.064333,,0.191129
2015-08-13,,,-0.089448,,0.197182,,0.295091
2015-08-14,,,-0.049830,,0.124343,,0.363436
2015-08-17,,,0.037755,,0.258545,,0.770171
2015-08-18,,,0.006422,,0.154808,,0.609202
2015-08-19,,,0.033832,,-0.527326,,0.457962
2015-08-20,,,0.025531,,-0.738778,,0.647723
2015-08-21,,,-0.065100,,-0.965479,,0.577832
2015-08-24,,,-0.087219,,-1.615857,,3.459232
2015-08-25,,,-0.085262,,1.298997,,1.989078
2015-08-26,,,-0.089802,,0.601171,,-1.803880
2015-08-27,,,-0.255634,,0.534848,,-2.116522
2015-08-28,,,-0.087194,,0.521595,,-0.705057
2015-08-31,,,-0.259599,,-0.166619,,-1.170432
2015-09-01,,,-0.062037,,-0.522467,,-3.436944
2015-09-02,,,0.012218,,0.397329,,-2.434714
2015-09-03,,,,,0.603416,,
2015-09-04,,,,,-0.186878,,
2015-09-06,,,0.060517,,,,
2015-09-07,,,0.149114,,,,3.728772
2015-09-08,,,0.013946,,,,0.573397
2015-09-09,,,-0.013521,,0.135500,,0.340923
2015-09-10,,,0.003826,,-0.574507,,0.162750
2015-09-11,,,-0.034857,,-0.283239,,0.684324
2015-09-14,,,-0.023458,,0.063010,,-1.668974
2015-09-15,,,-0.098361,,0.377241,,-0.026542
2015-09-16,,,0.042628,,-0.198925,,-0.144555
2015-09-17,,,0.003482,,-0.915935,,0.992955
2015-09-18,,,-0.048403,,0.327330,,0.569984
2015-09-21,,,0.092496,,1.079956,,0.645615
2015-09-22,,,0.079739,,0.405891,,-0.407718
2015-09-23,,,0.051720,,-0.218351,,1.171550
2015-09-24,,,-0.023822,,-0.083309,,0.258305
2015-09-25,,,-0.005019,,0.291271,,-0.782652
2015-09-28,,,-0.114854,,-0.249608,,1.051931
2015-09-29,,,-0.053853,,-0.145894,,0.699588
2015-09-30,,,-0.079029,,0.478568,,-0.334147
2015-10-01,,,,,-0.166195,,
2015-10-02,,,,,-0.374961,,
2015-10-05,,,,,0.291757,,
2015-10-06,,,,,-0.678608,,
2015-10-07,,,,,0.041895,,
2015-10-08,,,-0.020363,,-0.188660,,-0.177135
2015-10-09,,,-0.364804,,-0.536478,,-0.168874
2015-10-10,,,-0.040987,,,,
2015-10-12,,,0.107700,,,,-0.379833
2015-10-13,,,-0.103814,,-0.084382,,0.750067
2015-10-14,,,-0.372351,,-0.879758,,0.072829
2015-10-15,,,0.105871,,0.467343,,0.027707
2015-10-16,,,0.252454,,0.179978,,-0.258173
2015-10-19,,,-0.107320,,0.443270,,0.080281
2015-10-20,,,-0.261443,,-0.115906,,0.190483
2015-10-21,,,-0.005976,,0.210643,,-1.361252
2015-10-22,,,-0.022470,,1.348046,,0.981251
2015-10-23,,,0.012118,,0.754881,,0.396827
2015-10-26,,,-0.174308,,-0.216572,,-0.202854
2015-10-27,,,-0.243422,,0.051611,,0.262784
2015-10-28,,,0.038224,,0.893729,,0.066778
2015-10-29,,,0.206962,,-0.512664,,-0.140487
2015-10-30,,,0.084049,,-0.339806,,-1.069987
2015-11-02,,,-0.031022,,-0.020628,,0.697903
2015-11-03,,,0.159753,,0.237008,,0.227875
2015-11-04,,,0.262350,,0.809797,,-0.842326
2015-11-05,,,-0.006584,,-0.010205,,-1.439322
2015-11-06,,,-0.046498,,1.237968,,-0.259882
2015-11-09,,,0.533958,,-0.181691,,-0.379032
2015-11-10,,,-0.074275,,0.312703,,0.536294
2015-11-11,,,-0.246256,,-0.282400,,0.825017
2015-11-12,,,0.011922,,-0.364262,,0.778821
2015-11-13,,,-0.061793,,0.344056,,-0.074728
2015-11-16,,,0.032371,,0.453565,,0.731839
2015-11-17,,,-0.016567,,0.190883,,-0.348940
2015-11-18,,,0.094792,,0.020077,,-0.197016
2015-11-19,,,0.044002,,-0.664525,,0.538427
2015-11-20,,,-0.056183,,0.584210,,0.753461
2015-11-23,,,-0.001946,,0.230730,,0.010594
2015-11-24,,,-0.129759,,-0.270912,,0.481586
2015-11-25,,,-0.094487,,0.270912,,0.362104
2015-11-26,,,-0.059568,,,,0.037160
2015-11-27,,,-0.000675,,,,0.833632
2015-11-30,,,-0.118860,,0.149859,,-0.025649
2015-12-01,,,0.008257,,-0.370051,,-0.316019
2015-12-02,,,0.006151,,0.190195,,-2.865117
2015-12-03,,,-0.110488,,-2.398774,,0.231444
2015-12-04,,,-0.058142,,0.745010,,1.332708
2015-12-07,,,0.024986,,0.314711,,0.587619
2015-12-08,,,-0.101924,,-0.192769,,0.391097
2015-12-09,,,-0.038573,,-1.143923,,-0.296069
2015-12-10,,,0.003697,,0.604236,,0.360839
2015-12-11,,,-0.071227,,-0.378500,,-0.025479
2015-12-14,,,0.202727,,0.030740,,-1.792303
2015-12-15,,,-0.055429,,0.633240,,1.033491
2015-12-16,,,-0.103459,,-0.356977,,0.420842
2015-12-17,,,-0.093114,,1.420328,,0.044664
2015-12-18,,,-0.223572,,-0.575846,,-0.334708
2015-12-21,,,-0.311679,,-0.243455,,-1.075816
2015-12-22,,,-0.141056,,-0.223692,,0.314664
2015-12-23,,,-0.043336,,0.101738,,-0.543323
2015-12-24,,,-0.231531,,-0.366741,,0.575978
2015-12-25,,,0.027602,,,,0.502500
2015-12-28,,,-0.069324,,,,0.889952
2015-12-29,,,0.046377,,0.183655,,-0.009169
2015-12-30,,,0.014300,,0.173142,,0.665845
2015-12-31,,,-0.011806,,0.365668,,-0.358835
2016-01-04,,,0.179648,,0.243044,,0.675162
2016-01-05,,,0.170794,,0.534625,,-0.951878
2016-01-06,,,-0.090393,,-0.221575,,-0.165107
2016-01-07,,,-0.157409,,-0.972651,,0.748942
2016-01-08,,,-0.114943,,0.325270,,-1.229911
2016-01-11,,,-0.097872,,0.192631,,0.155329
2016-01-12,,,-0.208469,,0.242790,,-0.353655
2016-01-13,,,-0.381467,,-0.040425,,-0.360389
2016-01-14,,,0.137547,,0.161596,,0.502434
2016-01-15,,,-0.028599,,-0.131277,,0.781133
2016-01-18,,,0.158720,,0.161555,,0.829705
2016-01-19,,,0.157314,,-0.131245,,-0.492914
2016-01-20,,,0.117049,,0.100967,,0.430318
2016-01-21,,,-0.093169,,-0.030278,,-0.136584
2016-01-22,,,-0.095650,,0.513521,,-0.132775
2016-01-25,,,0.397457,,-0.211129,,0.197244
2016-01-26,,,0.029532,,0.000000,,0.908940
2016-01-27,,,0.203717,,-0.464037,,-0.140723
2016-01-28,,,-0.038010,,-0.395117,,-0.399312
2016-01-29,,,-0.209211,,1.110449,,-0.264586
2016-02-01,,,-0.060775,,-0.614272,,0.394450
2016-02-02,,,0.198507,,-0.131396,,0.300086
2016-02-03,,,0.064979,,-1.610967,,0.620456
2016-02-04,,,-0.188988,,-0.846413,,0.147911
2016-02-05,,,-0.003410,,0.578811,,-0.042329
2016-02-06,,,0.008151,,,,
2016-02-08,,,,,,,
2016-02-09,,,,,-0.519104,,
2016-02-10,,,,,-0.187540,,
2016-02-11,,,,,-0.344739,,
2016-02-12,,,,,0.438557,,
2016-02-14,,,-0.217279,,,,
2016-02-15,,,0.106462,,,,0.593215
2016-02-16,,,0.030997,,,,-0.281314
2016-02-17,,,-0.027673,,-0.082621,,0.113228
2016-02-18,,,-0.019774,,0.165166,,0.107551
2016-02-19,,,-0.050496,,-0.361663,,0.445628
2016-02-22,,,0.019265,,0.804210,,-0.756986
2016-02-23,,,-0.009384,,0.102644,,0.356224
2016-02-24,,,0.063712,,-0.020523,,-0.425332
2016-02-25,,,0.097682,,-0.174581,,0.649182
2016-02-26,,,-0.057042,,0.880072,,-0.900241
2016-02-29,,,-0.038480,,0.061109,,-1.732563
2016-03-01,,,-0.116930,,0.142449,,-0.231509
2016-03-02,,,-0.022158,,-0.142449,,-0.668019
2016-03-03,,,0.015518,,-0.653796,,-0.182806
2016-03-04,,,-0.037589,,-0.236011,,-2.666181
2016-03-07,,,0.179773,,-0.277760,,0.885613
2016-03-08,,,0.016707,,0.144121,,0.246768
2016-03-09,,,-0.169182,,-0.041158,,-0.290001
2016-03-10,,,-0.137576,,-1.138491,,0.667748
2016-03-11,,,-0.018064,,0.104035,,-0.364338
2016-03-14,,,-0.031563,,0.466835,,0.666185
2016-03-15,,,-0.067400,,0.010343,,-0.501624
2016-03-16,,,-0.181191,,-0.768753,,-0.894244
2016-03-17,,,-0.041386,,-1.185429,,0.853410
2016-03-18,,,-0.026508,,0.242420,,0.666048
2016-03-21,,,-0.022291,,0.315328,,-0.241815
2016-03-22,,,0.004293,,0.377083,,0.574208
2016-03-23,,,-0.043413,,0.417320,,0.278718
2016-03-24,,,-0.028712,,0.093653,,0.292984
2016-03-25,,,-0.095316,,,,0.058773
2016-03-28,,,0.027365,,,,0.466522
2016-03-29,,,-0.023492,,-0.816329,,-0.166599
2016-03-30,,,-0.069289,,-0.336851,,0.108497
2016-03-31,,,-0.042160,,-0.263950,,-0.222621
2016-04-01,,,0.018031,,0.031718,,-0.493615
2016-04-04,,,,,-0.116323,,
2016-04-05,,,0.076935,,0.126885,,0.523159
2016-04-06,,,0.037913,,-0.211570,,0.374493
2016-04-07,,,0.127361,,0.052938,,0.160662
2016-04-08,,,0.027490,,-0.254350,,0.228381
2016-04-11,,,0.034848,,-0.308200,,0.023963
2016-04-12,,,-0.000248,,0.010646,,-0.256299
2016-04-13,,,0.166312,,0.826713,,-0.274799
2016-04-14,,,0.067447,,0.168745,,0.164982
2016-04-15,,,-0.038984,,-0.210976,,-0.078093
2016-04-18,,,-0.052947,,-0.221998,,0.143783
2016-04-19,,,0.021672,,-0.541196,,-0.116243
2016-04-20,,,0.193187,,0.541196,,-0.908233
2016-04-21,,,0.059033,,0.116347,,-0.160896
2016-04-22,,,0.264831,,0.548183,,-0.120871
2016-04-25,,,0.353368,,-0.294806,,-0.020501
2016-04-26,,,-0.074993,,-0.285092,,-0.113841
2016-04-27,,,-0.081853,,-0.190518,,-0.203019
2016-04-28,,,-0.080703,,-0.669678,,-0.292222
2016-04-29,,,0.008242,,-0.727899,,-0.917332
2016-05-02,,,,,-0.484633,,
2016-05-03,,,-0.015735,,0.334111,,0.132708
2016-05-04,,,0.073283,,0.257896,,0.198978
2016-05-05,,,0.023579,,0.641850,,0.193286
2016-05-06,,,0.004416,,0.117227,,0.212482
2016-05-09,,,-0.104857,,0.276540,,-0.290796
2016-05-10,,,0.010323,,0.148587,,-0.113740
2016-05-11,,,-0.005994,,-0.499710,,-0.704296
2016-05-12,,,-0.052265,,0.340497,,-0.115037
2016-05-13,,,0.002080,,0.498016,,0.117263
2016-05-16,,,0.106392,,-0.042289,,0.181665
2016-05-17,,,0.031990,,-0.021147,,0.114830
2016-05-18,,,0.101785,,0.558984,,-0.823392
2016-05-19,,,0.048887,,0.220622,,0.345357
2016-05-20,,,0.017942,,0.020983,,0.159248
2016-05-23,,,0.048419,,-0.083967,,0.428320
2016-05-24,,,-0.058099,,0.356391,,0.012378
2016-05-25,,,0.016608,,-0.230465,,-0.010845
2016-05-26,,,0.021537,,-0.188957,,0.023185
2016-05-27,,,0.030226,,0.367087,,-0.012340
2016-05-30,,,0.059978,,,,-0.370088
2016-05-31,,,0.027913,,,,-0.333592
2016-06-01,,,0.039459,,-0.449439,,0.457693
2016-06-02,,,0.058799,,0.104700,,0.364146
2016-06-03,,,0.028199,,-1.614043,,-0.258733
2016-06-06,,,-0.063667,,-0.138346,,0.167888
2016-06-07,,,0.006356,,-0.074575,,0.092108
2016-06-08,,,0.023673,,-0.256116,,0.197110
2016-06-09,,,,,0.543453,,
2016-06-10,,,,,0.529943,,
2016-06-12,,,0.008450,,,,
2016-06-13,,,-0.030116,,,,0.138654
2016-06-14,,,-0.137330,,0.591652,,-0.174860
2016-06-15,,,-0.048935,,-0.337659,,0.753988
2016-06-16,,,-0.086538,,-0.042289,,0.434793
2016-06-17,,,-0.019767,,-0.381398,,0.046441
2016-06-20,,,0.014262,,-0.638910,,0.132205
2016-06-21,,,0.013180,,0.437027,,-0.372446
2016-06-22,,,-0.071216,,-0.319587,,0.209582
2016-06-23,,,0.019759,,-0.202939,,0.160654
2016-06-24,,,0.042615,,2.032029,,0.547345
2016-06-27,,,-0.107379,,1.135492,,0.212161
2016-06-28,,,-0.002333,,-0.300847,,0.137662
2016-06-29,,,0.025666,,-0.499952,,-0.317056
2016-06-30,,,-0.039247,,0.385600,,0.061977
2016-07-01,,,-0.129963,,-0.510974,,-0.136823
2016-07-04,,,0.009569,,,,-0.275350
2016-07-05,,,0.044444,,,,-0.024370
2016-07-06,,,-0.037121,,-0.114446,,0.024211
2016-07-07,,,-0.098646,,0.280684,,0.073035
2016-07-08,,,-0.033248,,-0.031147,,0.569659
2016-07-11,,,-0.043871,,0.279978,,-0.679276
2016-07-12,,,0.040546,,-0.134706,,-1.031689
2016-07-13,,,0.078481,,-0.228383,,0.111314
2016-07-14,,,-0.011809,,-0.145605,,0.305238
2016-07-15,,,-0.013138,,0.519050,,-0.402956
2016-07-18,,,-0.026438,,-0.020715,,-0.092613
2016-07-19,,,-0.029173,,0.506178,,0.458029
2016-07-20,,,-0.206545,,0.154434,,0.258928
2016-07-21,,,-0.246415,,-0.205970,,-0.228674
2016-07-22,,,0.062395,,0.483367,,0.082191
2016-07-25,,,0.078919,,-0.184843,,-0.266110
2016-07-26,,,-0.039094,,-0.133707,,-0.197791
2016-07-27,,,-0.072765,,-0.113280,,-1.104030
2016-07-28,,,-0.042690,,-0.319939,,-0.136329
2016-07-29,,,-0.074003,,-1.258662,,-0.390715
2016-08-01,,,-0.011240,,0.188245,,-0.512773
2016-08-02,,,-0.016776,,-0.681453,,0.182863
2016-08-03,0.000000,,-0.024043,,0.524605,,0.043043
2016-08-04,-0.580789,,-0.018668,,0.209078,,0.223363
2016-08-05,-0.577147,,-0.094940,,0.448034,,-0.212866
2016-08-08,0.208912,,-0.073414,,0.218080,,-0.112906
2016-08-09,-0.523345,,-0.193422,,-0.228479,,-0.180204
2016-08-10,0.731694,,-0.112438,,-0.552572,,0.033149
2016-08-11,0.415017,,-0.049886,,0.219309,,-0.617892
2016-08-12,-1.543592,,-0.145653,,-0.146153,,-0.980424
2016-08-15,0.324137,,-0.161907,,-0.094073,,-1.047976
2016-08-16,0.660256,,0.028264,,-0.882262,,0.698156
2016-08-17,-0.611753,,0.103784,,-0.073875,,0.293621
2016-08-18,0.547585,,0.016898,,-0.592968,,0.265600
2016-08-19,-0.016050,,0.128630,,0.371016,,-0.072446
2016-08-22,-0.806792,,-0.024721,,0.010575,,-0.263823
2016-08-23,-0.848107,,0.193660,,0.021162,,-0.387261
2016-08-24,-1.273222,,0.110643,,0.264089,,0.292415
2016-08-25,-0.033352,,-0.019190,,-0.021106,,-0.054464
2016-08-26,-0.108494,,-0.060759,,0.840609,,-0.372814
2016-08-29,0.000000,,0.052112,,0.010465,,-0.536878
2016-08-30,-0.192326,,0.183307,,0.490531,,0.019391
2016-08-31,0.150557,,-0.054104,,-0.031245,,-0.620758
2016-09-01,0.116897,,0.033647,,-0.386076,,0.157672
2016-09-02,-0.449286,,-0.028122,,0.240166,,-0.384314
2016-09-05,0.047342,,0.045527,,,,0.112925
2016-09-06,-0.127265,,0.014273,,,,0.393166
2016-09-07,0.210467,,0.041840,,0.147538,,-0.045233
2016-09-08,0.424164,,-0.039447,,0.073688,,0.174163
2016-09-09,-0.370241,,-0.058399,,0.325679,,0.044237
2016-09-12,-0.197636,,0.087529,,-0.252046,,-0.197204
2016-09-13,-0.597029,,-0.062540,,0.555760,,0.385138
2016-09-14,1.657339,,-0.038429,,-0.314197,,0.328027
2016-09-15,0.331249,,,,-0.041969,,
2016-09-16,-0.297312,,,,0.856850,,
2016-09-18,,,-0.011707,,,,
2016-09-19,0.004045,,-0.017558,,,,0.035358
2016-09-20,0.310046,,-0.044006,,0.187638,,0.190992
2016-09-21,-0.149848,,-0.007415,,-0.375619,,-0.026409
2016-09-22,1.362177,,-0.049253,,-0.219776,,-0.301393
2016-09-23,0.430763,,-0.128537,,0.031431,,0.045432
2016-09-26,-0.124470,,-0.051056,,-0.178212,,0.153502
2016-09-27,-0.839808,,0.008549,,0.136308,,0.115523
2016-09-28,0.602343,,0.010851,,-0.010480,,0.158835
2016-09-29,-0.403618,,-0.010851,,0.115202,,-0.145516
2016-09-30,1.222871,,-0.031067,,-0.083772,,0.052750
2016-10-03,-0.721488,,,,0.303333,,
2016-10-04,-0.683844,,,,0.385681,,
2016-10-05,0.029291,,,,0.010397,,
2016-10-06,-0.589776,,,,0.549830,,
2016-10-07,0.439274,,,,-0.144950,,
2016-10-08,,,-0.039601,,,,
2016-10-09,,,-0.108535,,,,
2016-10-10,1.007211,,-0.048811,,,,0.079508
2016-10-11,-0.126591,,0.005905,,,,-0.022010
2016-10-12,-0.357326,,0.052999,,0.275979,,0.168905
2016-10-13,-1.477635,,-0.011898,,-0.460387,,0.063967
2016-10-14,-0.649275,,-0.088004,,0.511405,,-0.136078
2016-10-17,-0.024764,,-0.067530,,-0.132712,,0.155809
2016-10-18,-0.089748,,-0.022527,,0.010218,,-0.423027
2016-10-19,-0.105267,,-0.130066,,-0.030647,,-0.082488
2016-10-20,-0.426282,,-0.132266,,0.458737,,0.095245
2016-10-21,-0.492198,,-0.138863,,0.385745,,-0.513945
2016-10-24,0.233140,,0.049531,,-0.030399,,-0.614514
2016-10-25,1.822942,,0.052577,,0.050664,,0.101117
2016-10-26,0.036721,,0.192992,,-0.091213,,-0.021437
2016-10-27,0.531717,,0.015138,,0.263267,,-0.159937
2016-10-28,0.872806,,0.001064,,-0.547559,,-0.426324
2016-10-31,0.171443,,0.092023,,0.101625,,-0.134411
2016-11-01,0.872956,,0.049076,,-0.764725,,-0.023897
2016-11-02,-0.422143,,0.016637,,-0.307530,,0.278398
2016-11-03,0.766304,,-0.031469,,-0.246709,,-0.371718
2016-11-04,0.460783,,0.015241,,-0.092678,,0.106639
2016-11-07,1.750527,,0.168138,,0.728768,,-0.059281
2016-11-08,2.371273,,0.103402,,0.081785,,-0.094657
2016-11-09,2.317390,,-0.002958,,0.651865,,0.085258
2016-11-10,2.654395,,0.120534,,0.293985,,-0.166123
2016-11-11,-0.831019,,0.093254,,,,-0.251399
2016-11-14,0.122075,,0.327944,,,,-0.153649
2016-11-15,-0.488038,,0.160818,,0.079881,,0.303719
2016-11-16,-1.108444,,0.073922,,0.219344,,0.066768
2016-11-17,0.352221,,0.225332,,0.476896,,-0.296643
2016-11-18,-0.614456,,-0.048127,,0.316675,,0.306414
2016-11-21,1.885272,,0.026550,,-0.158208,,-0.417508
2016-11-22,0.629268,,-0.051434,,-0.009899,,-0.207182
2016-11-23,2.033542,,-0.121594,,0.651079,,-0.353896
2016-11-24,1.234594,,-0.040747,,,,-0.392569
2016-11-25,0.712483,,0.045303,,,,-0.509040
2016-11-28,-0.455866,,-0.101262,,-0.157771,,-0.375885
2016-11-29,-1.879908,,0.286995,,-0.395533,,-0.949106
2016-11-30,0.546329,,0.224667,,0.563159,,0.666970
2016-12-01,0.013029,,0.378771,,-0.454231,,-0.284654
2016-12-02,-0.183734,,0.061639,,-0.267583,,-0.258511
2016-12-05,1.902572,,0.121134,,-0.627147,,0.750906
2016-12-06,-0.719048,,0.544612,,0.348900,,0.301144
2016-12-07,-0.699114,,-0.117426,,-0.259063,,0.231659
2016-12-08,-0.485888,,-0.077256,,0.834577,,-0.181792
2016-12-09,0.517218,,0.008982,,0.493487,,-0.791853
2016-12-12,-0.930732,,0.328530,,-0.602383,,-0.637694
2016-12-13,-0.573939,,0.317952,,0.069310,,0.096496
2016-12-14,0.183010,,0.213067,,0.955532,,0.105890
2016-12-15,-0.351272,,0.970745,,1.101749,,1.443226
2016-12-16,-1.164935,,-0.019150,,-0.174689,,0.332090
2016-12-19,-1.952181,,0.370317,,0.184387,,0.150326
2016-12-20,0.084296,,0.140297,,0.145330,,0.392878
2016-12-21,-0.184750,,-0.280055,,-0.261746,,-0.380180
2016-12-22,0.334877,,-0.454959,,0.067924,,-0.044424
2016-12-23,-0.968480,,-0.258357,,-0.077626,,-0.004294
2016-12-26,-0.139002,,-0.229346,,,,-0.035172
2016-12-27,0.041205,,0.017232,,,,0.464965
2016-12-28,0.977910,,-0.108603,,0.232698,,0.013389
2016-12-29,-0.398943,,-0.386617,,-0.563274,,-0.066148
2016-12-30,0.007588,,-0.279298,,-0.282831,,-0.265633
2016-12-31,,,-0.004380,,,,
2017-01-03,-0.320203,,0.301926,,,,-0.260815
2017-01-04,2.421397,,0.200606,,-0.495365,,-0.013526
2017-01-05,-0.659849,,0.172257,,-1.155629,,-0.121967
2017-01-06,0.079592,,-0.056209,,0.687157,,-0.141834
2017-01-09,0.129043,,-0.087938,,-0.284106,,-0.109754
2017-01-10,2.084356,,-0.064337,,0.078456,,-0.063217
2017-01-11,0.356988,,0.189320,,-0.225726,,-0.044775
2017-01-12,1.917373,,-0.077804,,-0.423376,,-0.116709
2017-01-13,0.615228,,0.004406,,-0.167874,,-0.919422
2017-01-16,-1.054634,,0.063564,,,,-1.840011
2017-01-17,-0.950693,,0.172165,,,,0.401914
2017-01-18,-0.144215,,0.000340,,0.596243,,-0.484086
2017-01-19,-0.139761,,0.026500,,0.217738,,0.003037
2017-01-20,0.109357,,-0.068869,,-0.406166,,0.274812
2017-01-22,,,0.006876,,,,
2017-01-23,0.714825,,-0.024277,,,,0.213256
2017-01-24,2.030481,,0.173974,,0.189511,,-0.412645
2017-01-25,0.037999,,0.254200,,-0.319392,,-0.104524
2017-01-26,-1.262555,,0.038535,,0.349282,,-0.109454
2017-01-27,0.739950,,,,0.149323,,
2017-01-30,-0.666283,,,,-0.099521,,
2017-01-31,1.243584,,,,-0.920281,,
2017-02-01,0.073167,,,,0.130552,,
2017-02-02,-0.616280,,,,0.210536,,
2017-02-03,-1.897390,,0.308733,,0.020033,,0.333188
2017-02-04,,,0.000599,,,,
2017-02-06,1.079119,,0.323248,,,,0.297332
2017-02-07,-0.377280,,0.077433,,0.349701,,0.142905
2017-02-08,0.679786,,-0.013310,,0.019943,,0.007405
2017-02-09,-0.004169,,-0.162073,,0.368291,,0.041929
2017-02-10,3.285681,,0.059342,,0.148921,,-0.460357
2017-02-13,0.487967,,0.002145,,0.158600,,-0.006144
2017-02-14,-0.683122,,-0.011666,,0.286832,,-0.084372
2017-02-15,0.064606,,0.030282,,-0.069160,,-0.346563
2017-02-16,-0.894516,,-0.103333,,-0.734055,,0.029934
2017-02-17,-0.187665,,-0.167335,,0.506476,,0.166060
2017-02-20,1.042082,,-0.195583,,,,-0.500656
2017-02-21,-0.262142,,0.108087,,,,0.156686
2017-02-22,-0.304123,,-0.108856,,-0.039468,,-0.110659
2017-02-23,-2.318931,,-0.094064,,-0.276706,,0.256602
2017-02-24,0.697454,,0.071607,,0.039570,,-0.049315
2017-02-27,0.365280,,-0.030561,,0.039562,,-0.053994
2017-02-28,0.499269,,0.038501,,-0.009883,,-0.844899
2017-03-01,0.386976,,0.067563,,0.650565,,-0.068924
2017-03-02,-0.980763,,0.009228,,0.411804,,0.145327
2017-03-03,0.170879,,0.004956,,-0.647883,,0.370502
2017-03-06,-1.120456,,0.089597,,0.098433,,0.358438
2017-03-07,-1.121303,,0.032080,,0.167116,,-0.026058
2017-03-08,-0.586451,,0.131848,,0.255054,,-0.115413
2017-03-09,-0.631457,,0.034446,,-0.215773,,0.272641
2017-03-10,0.514624,,0.019799,,-0.590842,,0.048669
2017-03-13,0.880016,,-0.071464,,0.128310,,-0.198757
2017-03-14,0.437399,,-0.038281,,0.315147,,-0.120591
2017-03-15,0.637743,,0.014557,,-0.948435,,-0.105312
2017-03-16,0.528771,,-0.158731,,-0.467640,,0.167844
2017-03-17,0.438605,,0.048833,,0.029921,,0.226422
2017-03-20,-0.576109,,0.084124,,0.109612,,0.312991
2017-03-21,-1.745781,,0.114276,,-0.599349,,-0.387357
2017-03-22,0.659714,,-0.014484,,-0.130330,,0.251028
2017-03-23,0.366150,,0.040373,,0.080227,,-0.233859
2017-03-24,-0.440508,,-0.197339,,-0.130403,,-0.272740
2017-03-27,-0.145815,,-0.095275,,-0.462776,,0.293435
2017-03-28,1.254939,,-0.004189,,0.543043,,0.132457
2017-03-29,0.118638,,0.024451,,0.290422,,-0.094396
2017-03-30,0.004106,,0.005045,,0.409166,,-0.330563
2017-03-31,-0.658077,,-0.005729,,-0.059779,,-0.020490
2017-04-01,,,-0.040519,,,,
2017-04-03,-1.346389,,,,,,
2017-04-04,0.116045,,,,0.000000,,
2017-04-05,1.804208,,0.056253,,0.019888,,0.019797
2017-04-06,-0.668799,,0.025743,,0.109328,,-0.047977
2017-04-07,-0.383716,,-0.009751,,0.505329,,-0.061266
2017-04-10,-1.337032,,0.038410,,-0.158262,,-0.342585
2017-04-11,0.043187,,-0.006075,,-0.307340,,-0.122889
2017-04-12,-2.055684,,0.070523,,0.069482,,-0.381305
2017-04-13,0.887289,,-0.047335,,-0.218537,,-0.083817
2017-04-14,-0.116699,,0.171898,,,,-0.103235
2017-04-17,0.051450,,0.285952,,,,-0.721029
2017-04-18,-0.952867,,0.116211,,-0.800808,,-0.087210
2017-04-19,-0.126475,,0.018679,,0.240914,,0.049404
2017-04-20,0.687670,,0.099908,,0.040097,,-0.483484
2017-04-21,0.004044,,0.211514,,0.200244,,-0.846757
2017-04-24,0.176309,,0.205991,,-0.894171,,-0.922017
2017-04-25,0.761349,,-0.096609,,-0.272847,,0.051095
2017-04-26,0.296685,,0.040725,,0.141570,,-0.545840
2017-04-27,-0.172156,,-0.029919,,0.121191,,0.331509
2017-04-28,0.478859,,0.013921,,-0.030282,,0.967241
2017-05-01,-0.008067,,,,0.090818,,
2017-05-02,0.996207,,0.142516,,-0.161514,,0.604484
2017-05-03,-2.748034,,0.188776,,0.232097,,0.181162
2017-05-04,-0.921368,,0.146986,,-0.454612,,-0.005007
2017-05-05,0.186855,,0.034064,,-0.111443,,-0.184520
2017-05-08,-1.357433,,0.212206,,0.505562,,-0.512941
2017-05-09,0.030200,,0.171206,,0.442784,,0.410518
2017-05-10,-0.345405,,0.287980,,0.080299,,-0.555663
2017-05-11,0.337409,,-0.158247,,-0.050173,,-0.751888
2017-05-12,0.314051,,0.129989,,-0.372106,,-0.735902
2017-05-15,0.646933,,-0.055968,,-0.343153,,-0.056743
2017-05-16,0.414172,,0.038912,,-0.812108,,0.547277
2017-05-17,0.006314,,0.218186,,-0.705780,,0.000000
2017-05-18,-0.297832,,-0.027956,,0.471070,,0.346321
2017-05-19,1.588640,,0.053992,,-0.748601,,-0.068661
2017-05-22,0.382829,,0.167683,,-0.175139,,-0.948768
2017-05-23,0.398930,,-0.035210,,0.380791,,-1.654226
2017-05-24,-0.250145,,-0.102573,,-0.113058,,0.203791
2017-05-25,0.313477,,-0.123842,,0.010285,,-0.774352
2017-05-26,-0.676403,,0.036795,,0.154125,,-0.031819
2017-05-27,,,-0.044152,,,,
2017-05-29,-0.116186,,,,,,
2017-05-30,-0.038038,,,,,,
2017-05-31,0.609092,,-0.206660,,-0.370753,,-0.328206
2017-06-01,0.241861,,0.011800,,0.288481,,-1.302749
2017-06-02,-0.198645,,0.018533,,-0.495046,,0.634735
2017-06-05,-0.458564,,-0.063803,,0.082681,,0.949915
2017-06-06,-0.019932,,0.072547,,-0.165430,,-0.118859
2017-06-07,0.042017,,0.048627,,0.113761,,0.179293
2017-06-08,1.806756,,0.047425,,0.175554,,-0.326116
2017-06-09,1.069010,,-0.085297,,0.360471,,-0.209236
2017-06-12,-0.905678,,-0.315011,,-0.133736,,-2.025666
2017-06-13,-0.687249,,-0.064399,,-0.164842,,0.439054
2017-06-14,-1.009107,,-0.114666,,-0.041255,,0.740386
2017-06-15,0.029086,,-0.017663,,0.504192,,0.714940
2017-06-16,-0.018969,,0.226457,,-0.277503,,0.174010
2017-06-19,0.789616,,-0.302467,,0.380087,,-0.201696
2017-06-20,-0.595221,,-0.057273,,0.225319,,0.110213
2017-06-21,0.879848,,0.195595,,-0.194565,,-0.533901
2017-06-22,0.281631,,0.152462,,-0.020499,,-0.821592
2017-06-23,0.373337,,-0.039488,,-0.246354,,-0.378668
2017-06-26,0.058645,,-0.132385,,0.133515,,-0.068938
2017-06-27,0.626569,,-0.112216,,-0.990208,,-0.050874
2017-06-28,0.491209,,0.038000,,-0.436317,,0.133165
2017-06-29,0.405762,,0.029314,,-0.438237,,-0.230167
2017-06-30,0.535820,,0.118301,,0.031373,,0.082752
2017-07-03,-0.740685,,0.129168,,0.562905,,0.541317
2017-07-04,-0.320107,,0.026080,,,,0.281681
2017-07-05,-0.584018,,-0.119792,,,,-0.171853
2017-07-06,-0.218230,,-0.089532,,-0.489305,,-0.034248
2017-07-07,-0.174979,,0.027078,,0.198094,,0.151248
2017-07-10,0.010045,,0.030134,,0.041655,,-0.233964
2017-07-11,0.639814,,-0.010626,,-0.323276,,-0.665368
2017-07-12,0.270732,,-0.003832,,0.052214,,0.071593
2017-07-13,-0.319735,,-0.037094,,-0.062655,,-0.528044
2017-07-14,0.917018,,-0.030118,,-0.649763,,-0.364495
2017-07-17,1.040513,,0.002785,,0.021022,,-1.927851
2017-07-18,-0.159588,,0.106501,,-0.495278,,0.298537
2017-07-19,-0.482555,,-0.030577,,0.147787,,-0.294412
2017-07-20,0.092752,,-0.013674,,-0.560647,,-0.149561
2017-07-21,0.181497,,0.111014,,-0.350667,,0.277749
2017-07-24,0.202713,,0.115764,,0.042572,,0.033406
2017-07-25,2.452687,,0.070204,,0.074456,,-0.025720
2017-07-26,0.668607,,0.155952,,-0.404864,,-0.092583
2017-07-27,0.329024,,-0.045482,,0.202638,,0.472182
2017-07-28,0.278540,,0.010669,,-0.641301,,-0.119553
2017-07-31,0.381964,,0.079616,,-0.429832,,0.068254
2017-08-01,-0.339791,,0.063651,,0.182902,,-0.613893
2017-08-02,0.330837,,-0.033538,,-0.215213,,-0.342470
2017-08-03,-0.244975,,-0.018647,,-0.021551,,0.668354
2017-08-04,0.169350,,-0.032733,,0.783479,,0.049869
2017-08-07,0.552097,,0.166575,,-0.117667,,0.059468
2017-08-08,0.698324,,0.007977,,0.224514,,-0.029160
2017-08-09,-0.263542,,0.017796,,-0.128235,,0.512061
2017-08-10,-0.743163,,-0.045054,,-0.128392,,-0.174529
2017-08-11,0.369664,,-0.123314,,-0.353947,,0.444222
2017-08-14,-0.303634,,-0.041917,,0.418163,,0.200784
2017-08-15,0.068622,,-0.025456,,0.416422,,-0.337102
2017-08-16,1.777021,,0.063434,,-0.384328,,0.272265
2017-08-17,-0.872232,,0.081430,,0.138961,,0.015016
2017-08-18,-0.143361,,0.133320,,-0.203158,,-0.507544
2017-08-21,1.091517,,0.111368,,-0.353833,,-0.196817
2017-08-22,0.145888,,0.019144,,0.482192,,-0.553974
2017-08-23,0.118035,,-0.017037,,-0.428497,,-0.604455
2017-08-24,1.287017,,0.082752,,0.139459,,-0.101715
2017-08-25,-0.004036,,0.058108,,-0.580585,,-1.257098
2017-08-28,-0.042861,,0.119927,,-0.573128,,-0.128681
2017-08-29,1.091768,,-0.063985,,0.151711,,-0.298733
2017-08-30,-0.440611,,-0.007654,,0.572262,,0.323240
2017-08-31,0.614430,,-0.034481,,-0.226353,,1.021628
2017-09-01,0.384411,,0.006069,,0.150960,,0.634499
2017-09-04,1.006932,,0.054369,,,,-0.047306
2017-09-05,-0.744760,,0.074916,,,,-0.310855
2017-09-06,0.693372,,-0.023775,,-0.021665,,0.391007
2017-09-07,-0.006926,,-0.141389,,-0.826903,,0.193837
2017-09-08,-2.619851,,-0.076111,,-0.218743,,0.182542
2017-09-11,1.037609,,0.043673,,0.578635,,0.405064
2017-09-12,-0.944157,,0.007207,,0.054419,,-0.318216
2017-09-13,-1.422766,,0.075006,,0.661492,,0.134522
2017-09-14,-0.702032,,-0.098296,,-0.433270,,0.221992
2017-09-15,-0.235934,,0.075428,,-0.271754,,-0.022282
2017-09-18,0.418982,,0.079534,,0.195737,,0.186110
2017-09-19,-0.037375,,-0.012497,,-0.282857,,-0.115266
2017-09-20,0.024204,,0.034239,,0.781340,,0.194205
2017-09-21,-0.950233,,0.056798,,-0.270607,,-0.596579
2017-09-22,0.319884,,-0.125001,,-0.097602,,-0.226749
2017-09-25,-0.256896,,-0.137672,,0.519430,,-0.547871
2017-09-26,-0.588374,,0.016781,,0.344790,,0.036782
2017-09-27,0.258095,,0.039988,,0.418613,,0.439964
2017-09-28,1.203516,,-0.038055,,-0.289627,,-0.210251
2017-09-29,-0.432724,,-0.019681,,-0.010736,,0.236574
2017-09-30,,,0.012300,,,,
2017-10-02,-0.089042,,,,,,
2017-10-03,0.247858,,,,0.010690,,
2017-10-04,-0.095226,,,,-0.117629,,
2017-10-05,2.036903,,,,0.533562,,
2017-10-06,-0.844979,,,,-0.170426,,
2017-10-09,0.091890,,0.112264,,-0.063992,,-0.106611
2017-10-10,0.925704,,0.024016,,-0.481204,,0.113923
2017-10-11,0.764844,,-0.000616,,-0.354365,,-0.360874
2017-10-12,0.603913,,0.115851,,0.171973,,-0.143838
2017-10-13,-0.155262,,-0.030384,,-0.032229,,0.170059
2017-10-16,2.313293,,0.186855,,0.203899,,-0.748508
2017-10-17,-0.919012,,0.156805,,0.224875,,-0.000612
2017-10-18,-0.776926,,-0.015639,,-0.139146,,-0.971550
2017-10-19,-0.210415,,-0.089631,,-0.096452,,-0.540859
2017-10-20,0.205253,,-0.016769,,0.459968,,0.554254
2017-10-23,0.510631,,0.006972,,0.255814,,0.228810
2017-10-24,0.866238,,0.006973,,0.021285,,-0.691675
2017-10-25,-0.394856,,0.180311,,-0.266425,,0.055778
2017-10-26,-0.334866,,0.008135,,0.955829,,0.050815
2017-10-27,-1.579959,,0.142210,,0.327122,,-0.477964
2017-10-30,0.104575,,0.420822,,-0.454042,,-0.587341
2017-10-31,0.118023,,-0.041611,,0.063484,,0.596921
2017-11-01,0.617560,,-0.189963,,0.285153,,0.039238
2017-11-02,-0.003977,,0.045704,,-0.137194,,-0.601353
2017-11-03,-0.500620,,0.031961,,0.263672,,-0.201561
2017-11-06,0.997592,,-0.018645,,-0.231995,,0.195450
2017-11-07,-1.646413,,0.084019,,0.200393,,-0.329568
2017-11-08,0.432511,,0.002843,,-0.042155,,0.189327
2017-11-09,-0.365831,,-0.008174,,-0.454283,,0.024320
2017-11-10,-0.301922,,0.065502,,-0.052961,,-0.047962
2017-11-13,1.080635,,0.180285,,0.105886,,-0.247658
2017-11-14,-1.170304,,0.045523,,-0.700933,,0.087494
2017-11-15,-0.178792,,-0.059594,,-0.021322,,0.079637
2017-11-16,0.008883,,-0.124775,,0.127839,,-0.216008
2017-11-17,0.584248,,-0.057173,,-0.287858,,-1.827382
2017-11-20,0.257349,,0.002667,,0.447426,,-0.271181
2017-11-21,0.843771,,0.046680,,-0.138281,,-0.723395
2017-11-22,-0.054154,,0.160568,,-0.780039,,-0.509152
2017-11-23,0.257442,,-0.013094,,,,0.741723
2017-11-24,0.586525,,-0.126483,,,,0.041947
2017-11-27,-1.012756,,-0.000712,,0.150813,,0.069675
2017-11-28,-1.245130,,0.040571,,0.386765,,0.652479
2017-11-29,-0.733155,,-0.109219,,0.000000,,0.115405
2017-11-30,0.308651,,-0.081836,,-0.268428,,0.294150
2017-12-01,0.595312,,-0.040937,,-0.118337,,0.499059
2017-12-04,0.122260,,-0.026898,,0.311677,,-0.569093
2017-12-05,-3.056925,,-0.023341,,0.203672,,-1.535845
2017-12-06,0.086584,,-0.025553,,0.246007,,0.897666
2017-12-07,0.001727,,0.048983,,0.202766,,0.635956
2017-12-08,0.136317,,0.068990,,0.106552,,0.141509
2017-12-11,0.986803,,0.153778,,-0.031953,,-1.760430
2017-12-12,0.335110,,0.056949,,0.244715,,0.530131
2017-12-13,0.652259,,0.011661,,-0.714553,,-0.220013
2017-12-14,0.390643,,-0.039249,,0.064196,,0.409155
2017-12-15,1.202584,,-0.088322,,0.469537,,0.469974
2017-12-18,0.479808,,-0.043287,,-0.245167,,-0.488805
2017-12-19,0.085956,,0.016619,,-0.245762,,-0.552360
2017-12-20,0.918257,,0.021067,,-0.128469,,-0.391852
2017-12-21,0.469251,,0.005423,,-0.075014,,-0.242064
2017-12-22,0.857898,,-0.041776,,0.075014,,0.070760
2017-12-25,-0.156380,,0.004710,,,,-0.439065
2017-12-26,0.173745,,0.057428,,,,-0.209428
2017-12-27,0.907011,,0.039401,,-0.246930,,0.607950
2017-12-28,0.154799,,-0.024994,,-0.463289,,-0.413212
2017-12-29,-0.180844,,-0.042769,,-0.519701,,0.068937
2017-12-30,,,-0.004800,,,,
2017-12-31,,,-0.001156,,,,
2018-01-02,-0.451272,,0.001867,,,,-0.473920
2018-01-03,-0.342971,,0.017603,,0.336945,,0.033155
2018-01-04,0.209503,,0.047934,,-0.336945,,-0.146584
2018-01-05,-0.677162,,-0.093445,,0.108813,,-0.144599
2018-01-08,0.054550,,-0.088208,,0.412422,,-0.200028
2018-01-09,-0.209668,,-0.046959,,0.216377,,-0.272621
2018-01-10,0.333109,,0.069870,,-0.216377,,-0.683243
2018-01-11,-0.103722,,0.064320,,-0.521235,,0.084663
2018-01-12,-0.263764,,-0.047000,,-0.962700,,-0.463326
2018-01-15,1.020513,,0.099268,,,,-1.101635
2018-01-16,-0.831287,,-0.019470,,,,-0.156787
2018-01-17,-0.302385,,0.026406,,0.165812,,-0.270799
2018-01-18,-0.045618,,0.051232,,-0.044190,,-0.841728
2018-01-19,-0.087547,,-0.018770,,0.077318,,-0.456906
2018-01-22,0.150516,,-0.038686,,-0.187874,,-0.090342
2018-01-23,-1.974798,,-0.040271,,-0.310214,,-1.172643
2018-01-24,2.614780,,-0.003911,,-1.014902,,0.242826
2018-01-25,-0.475129,,-0.000533,,0.201568,,0.325893
2018-01-26,-0.154451,,-0.028436,,-0.358623,,-0.341965
2018-01-29,-0.000603,,-0.006664,,0.269086,,0.364166
2018-01-30,-0.393698,,0.007730,,-0.134449,,0.789407
2018-01-31,-0.137201,,-0.055605,,-0.067300,,-1.183324
2018-02-01,0.063512,,-0.031520,,-0.517435,,-1.477731
2018-02-02,-0.518234,,-0.006835,,0.595942,,-0.564797
2018-02-05,-0.093220,,0.032139,,0.391616,,-0.715434
2018-02-06,-0.782060,,-0.131864,,0.044650,,-0.024840
2018-02-07,-2.403387,,-0.078273,,0.745075,,1.887349
2018-02-08,-0.146721,,0.039262,,-0.033242,,1.440638
2018-02-09,-1.233813,,-0.039882,,0.232467,,1.436959
2018-02-11,,,-0.009924,,,,
2018-02-12,1.163186,,-0.001418,,,,0.589155
2018-02-13,1.776135,,-0.025159,,-0.566954,,-0.580540
2018-02-14,0.773580,,-0.012489,,-0.648693,,-0.181799
2018-02-15,0.408946,,,,-0.596487,,
2018-02-16,0.015490,,,,0.574037,,
2018-02-19,-0.554957,,,,,,
2018-02-20,-0.761277,,,,,,
2018-02-21,0.391513,,,,0.400447,,
2018-02-22,0.369730,,0.011603,,-0.367016,,-0.804423
2018-02-23,-0.404675,,-0.039940,,0.144739,,-0.256498
2018-02-24,,,-0.025231,,,,
2018-02-26,-0.140400,,-0.184568,,,,0.103380
2018-02-27,-0.729873,,-0.103322,,0.599404,,0.866498
2018-02-28,-0.557576,,-0.070763,,0.276289,,0.853044
2018-03-01,-0.641346,,0.015525,,-0.320567,,0.218218
2018-03-02,0.570244,,0.040411,,-0.421612,,0.295873
2018-03-05,0.195750,,0.065592,,0.155538,,0.212973
2018-03-06,0.887426,,-0.008301,,-0.511964,,-0.243611
2018-03-07,0.109804,,-0.047495,,0.022309,,0.057949
2018-03-08,-0.721878,,-0.022768,,0.534051,,-0.147341
2018-03-09,1.505784,,-0.030967,,-0.033302,,0.267855
2018-03-12,0.294969,,-0.023814,,-0.211116,,0.494043
2018-03-13,0.072162,,0.035459,,-0.267318,,0.229622
2018-03-14,0.147238,,0.007587,,0.044595,,-0.108728
2018-03-15,-0.681181,,-0.021967,,0.489327,,-0.271217
2018-03-16,-0.430909,,-0.071248,,0.099799,,0.307855
2018-03-19,-0.669343,,0.017455,,-0.366404,,-0.189005
2018-03-20,-0.914584,,-0.077641,,0.521442,,-0.361603
2018-03-21,0.668441,,-0.074852,,-0.655016,,0.545312
2018-03-22,-1.037840,,-0.115866,,0.089069,,0.394530
2018-03-23,-1.046815,,-0.257994,,-0.468488,,-0.283920
2018-03-26,-0.595683,,0.052897,,-0.459465,,1.253830
2018-03-27,0.447151,,0.074524,,0.381171,,0.715024
2018-03-28,0.322752,,0.006762,,0.769100,,0.822673
2018-03-29,0.766738,,0.031795,,0.099888,,-0.776576
2018-03-30,-0.124968,,0.001054,,,,0.899076
2018-04-02,0.025889,,-0.026263,,,,-0.030199
2018-04-03,0.734532,,-0.013173,,0.166429,,-0.032135
2018-04-04,-1.566249,,-0.054165,,-0.066539,,-0.132283
2018-04-05,1.338348,,,,0.354375,,
2018-04-06,-0.835725,,,,-0.387660,,
2018-04-08,,,-0.071853,,,,
2018-04-09,1.044217,,-0.194857,,,,0.012150
2018-04-10,1.472362,,0.005077,,-0.278660,,-1.289816
2018-04-11,-0.660211,,-0.044283,,-0.022322,,-0.378472
2018-04-12,-0.978607,,-0.051434,,0.200758,,0.526917
2018-04-13,0.051288,,-0.081821,,0.055698,,0.477199
2018-04-16,0.492074,,-0.150878,,-0.412881,,1.235934
2018-04-17,0.077048,,-0.076400,,0.100583,,-0.149367
2018-04-18,1.841044,,-0.910287,,0.111651,,0.052023
2018-04-19,-0.905824,,0.122924,,0.356426,,-0.464937
2018-04-20,0.248797,,-0.025513,,0.421612,,-0.072796
2018-04-23,-0.126917,,0.278145,,0.684105,,-0.682181
2018-04-24,0.755411,,-0.072642,,-0.187117,,-0.540599
2018-04-25,-0.400955,,0.101262,,0.439707,,0.662037
2018-04-26,-0.029373,,0.063428,,0.426860,,0.400530
2018-04-27,-2.205788,,0.074586,,-0.021843,,-0.631852
2018-04-28,,,-0.034999,,,,
2018-04-30,0.178196,,,,,,
2018-05-01,-0.640287,,,,0.662004,,
2018-05-02,0.761269,,0.143199,,0.064884,,0.283929
2018-05-03,0.714152,,-0.027474,,-0.108153,,-0.008698
2018-05-04,0.200020,,-0.064221,,0.172987,,0.236652
2018-05-07,0.072355,,0.057006,,0.194259,,-0.248945
2018-05-08,-0.282293,,0.146924,,0.398131,,-0.476439
2018-05-09,-0.009719,,0.076200,,-0.085950,,0.049366
2018-05-10,0.997576,,-0.039196,,-0.420054,,-0.076672
2018-05-11,0.095758,,-0.050845,,-0.118798,,-0.262937
2018-05-14,-0.494114,,0.044226,,0.054011,,-0.701848
2018-05-15,-0.606727,,0.093392,,0.678120,,0.194493
2018-05-16,0.592385,,0.006537,,0.182196,,0.364420
2018-05-17,0.107164,,0.063826,,0.085628,,0.149740
2018-05-18,-0.426658,,-0.062518,,0.181709,,-0.741111
2018-05-21,0.906650,,-0.053506,,0.042709,,0.281463
2018-05-22,0.883890,,-0.108928,,-0.074749,,0.434367
2018-05-23,-1.880289,,-0.086727,,0.426395,,0.534124
2018-05-24,0.925670,,-0.001565,,-0.244958,,0.331668
2018-05-25,-0.264319,,-0.154215,,0.436244,,-0.179585
2018-05-28,0.152645,,-0.003299,,,,-0.351516
2018-05-29,-0.401854,,0.016322,,,,0.122610
2018-05-30,0.267891,,-0.024048,,-0.719656,,0.180951
2018-05-31,0.088675,,0.080327,,-0.170090,,-0.575627
2018-06-01,0.656177,,0.079435,,0.212567,,-0.059181
2018-06-04,1.014280,,0.170469,,-0.180655,,-0.581329
2018-06-05,1.096896,,0.054883,,-0.138362,,0.345346
2018-06-06,0.959269,,0.066859,,-0.245263,,0.191828
2018-06-07,0.067095,,0.022064,,-0.277988,,-0.336136
2018-06-08,0.529035,,-0.070186,,0.160472,,0.543123
2018-06-11,-0.712406,,0.019699,,0.032062,,-0.429967
2018-06-12,-0.047726,,0.127966,,0.234818,,-0.407430
2018-06-13,0.239361,,-0.075561,,-0.095999,,-0.117203
2018-06-14,-0.758395,,-0.095285,,1.124798,,-0.078633
2018-06-15,-1.568057,,-0.107120,,0.021106,,-0.681718
2018-06-18,-0.491951,,,,-0.042209,,
2018-06-19,-1.545484,,-0.184187,,0.358193,,-0.836189
2018-06-20,0.252588,,0.111794,,-0.031552,,0.533746
2018-06-21,-0.074326,,-0.061476,,-0.200069,,-0.169425
2018-06-22,0.004509,,-0.038153,,-0.369614,,0.420121
2018-06-25,-0.853487,,0.033981,,-0.254235,,0.714268
2018-06-26,0.356727,,-0.027290,,0.423372,,0.941525
2018-06-27,-0.202732,,-0.045177,,0.642210,,0.709638
2018-06-28,-0.377069,,-0.193077,,0.104886,,0.175172
2018-06-29,-0.286340,,-0.371825,,-0.799922,,-0.198103
2018-07-02,-0.405721,,-0.047579,,0.253305,,1.519318
2018-07-03,-0.993057,,-0.003367,,-0.295585,,0.322470
2018-07-04,-1.435796,,0.032723,,,,-0.285654
2018-07-05,-0.964255,,-0.066040,,,,-0.767569
2018-07-06,-0.462086,,0.105944,,-0.456210,,-0.179577
2018-07-09,1.432802,,0.073112,,0.042527,,-1.013783
2018-07-10,-0.840780,,0.027236,,0.031882,,0.094331
2018-07-11,-2.672699,,-0.062416,,0.646086,,0.181547
2018-07-12,1.196926,,-0.008037,,0.094969,,-0.264624
2018-07-13,0.133103,,-0.153701,,-0.063302,,0.363830
2018-07-16,-0.414040,,-0.051756,,-0.253617,,0.654164
2018-07-17,-0.506229,,0.010522,,0.485539,,0.699731
2018-07-18,1.095070,,-0.062854,,0.115760,,0.026756
2018-07-19,-1.739858,,-0.121286,,0.094608,,-0.239053
2018-07-20,1.195659,,0.164133,,-0.748829,,-1.167876
2018-07-23,-0.355752,,0.065211,,0.222069,,-0.459084
2018-07-24,2.203389,,0.164337,,-0.063395,,-0.326611
2018-07-25,0.856850,,0.017719,,-0.264592,,0.134394
2018-07-26,-0.076752,,-0.043039,,0.412458,,0.342350
2018-07-27,-0.276560,,-0.127627,,-0.073906,,0.006801
2018-07-30,-0.350544,,-0.052540,,-0.338552,,-0.589262
2018-07-31,1.718907,,-0.173988,,0.137672,,-0.218636
2018-08-01,-2.472168,,-0.092085,,0.137491,,0.684026
2018-08-02,0.465423,,-0.013160,,0.579584,,0.418991
2018-08-03,0.620592,,-0.087090,,-0.031526,,0.052087
2018-08-06,-0.911950,,-0.028269,,0.230973,,-0.243878
2018-08-07,0.229053,,0.020793,,-0.146920,,-0.866817
2018-08-08,-0.043255,,0.180097,,-0.126107,,0.244167
2018-08-09,0.580979,,0.279905,,0.419730,,-0.446343
2018-08-10,-0.702953,,0.047835,,0.896494,,0.267889
2018-08-13,-0.325080,,0.238828,,0.031126,,0.566382
2018-08-14,-0.832203,,-0.068802,,0.352117,,-0.055176
2018-08-15,-2.805817,,0.047074,,-0.031025,,0.517763
2018-08-16,0.932628,,0.122375,,-0.051715,,-0.206421
2018-08-17,0.626132,,0.479684,,-0.570693,,0.120367
2018-08-20,0.644931,,-0.013235,,-0.208329,,-0.908047
2018-08-21,0.592895,,0.119525,,-0.669599,,-0.785092
2018-08-22,-0.927672,,-0.110034,,-0.115540,,0.193039
2018-08-23,-0.622355,,-0.106608,,0.492742,,0.050274
2018-08-24,1.454073,,0.016006,,-0.492742,,-0.518821
2018-08-27,0.162533,,0.024884,,-0.389621,,-0.326110
2018-08-28,0.773549,,-0.024623,,-0.063322,,0.233049
2018-08-29,-0.677514,,0.025319,,-0.126773,,0.307533
2018-08-30,0.131777,,-0.116795,,0.126773,,0.076756
2018-08-31,-0.683690,,-0.050832,,0.442430,,-0.184785
2018-09-03,-0.435782,,0.110909,,,,0.137160
2018-09-04,-1.183444,,0.093185,,,,-0.324834
2018-09-05,0.255063,,0.003569,,-0.304383,,0.668611
2018-09-06,0.494178,,0.024900,,-0.115698,,0.288815
2018-09-07,-0.748032,,0.055481,,0.367673,,-0.144726
2018-09-10,0.009267,,0.217343,,-0.230948,,0.007170
2018-09-11,0.116298,,0.099235,,-0.094636,,0.099718
2018-09-12,1.733895,,-0.038884,,-0.273881,,0.300413
2018-09-13,0.128420,,-0.046117,,-0.274640,,-0.536827
2018-09-14,-0.875726,,-0.085017,,0.464334,,-0.417657
2018-09-17,0.665988,,-0.048324,,-0.496070,,-0.013679
2018-09-18,1.770853,,0.006977,,0.116323,,-0.437789
2018-09-19,-0.212036,,0.100957,,-0.074008,,-0.411838
2018-09-20,0.567671,,0.062353,,-0.679191,,-0.160734
2018-09-21,2.868936,,-0.080771,,0.329556,,-1.508968
2018-09-24,-0.332737,,,,0.042446,,
2018-09-25,-0.662383,,-0.042063,,-0.138017,,0.450849
2018-09-26,-0.018728,,-0.091046,,0.063727,,-0.473416
2018-09-27,-1.401985,,-0.113778,,0.856285,,-0.366475
2018-09-28,1.281070,,-0.047007,,0.199802,,-0.432434
2018-09-29,,,-0.031239,,,,
2018-09-30,,,-0.011223,,,,
2018-10-01,-0.277416,,,,,,
2018-10-02,0.271688,,,,0.220113,,
2018-10-03,0.728777,,,,0.261411,,
2018-10-04,-1.083671,,,,-0.010445,,
2018-10-05,-0.305347,,,,-0.135859,,
2018-10-08,0.132226,,0.014268,,0.156742,,1.426478
2018-10-09,1.170439,,-0.004611,,-0.094016,,-0.057234
2018-10-10,-0.862480,,-0.034968,,-0.177832,,-0.057182
2018-10-11,0.713383,,-0.186811,,-0.514361,,0.196571
2018-10-12,0.183328,,-0.014409,,0.210265,,-1.266823
2018-10-15,-0.600700,,0.030383,,-0.157655,,0.406974
2018-10-16,0.153824,,-0.028994,,-0.021036,,-0.598860
2018-10-17,-0.409697,,-0.005555,,0.556051,,-0.090868
2018-10-18,-1.585844,,-0.127156,,0.334239,,0.459865
2018-10-19,1.059049,,-0.060312,,-0.198323,,-0.973956
2018-10-22,-0.414080,,0.080424,,0.312960,,-0.690830
2018-10-23,-0.526640,,-0.029300,,-0.052095,,1.043595
2018-10-24,0.387758,,-0.123866,,0.488593,,-0.336656
2018-10-25,0.251261,,-0.077620,,0.258920,,-0.548696
2018-10-26,-0.007890,,-0.024476,,-0.331537,,0.102624
2018-10-29,-0.267475,,-0.115813,,0.228051,,1.042405
2018-10-30,-1.549519,,-0.069855,,0.444239,,-0.397154
2018-10-31,-0.342182,,-0.014241,,0.123617,,0.389672
2018-11-01,1.652374,,-0.042539,,-0.878965,,0.067717
2018-11-02,1.786174,,0.174760,,0.269684,,-0.676163
2018-11-05,-1.233098,,-0.025490,,-0.197007,,0.862210
2018-11-06,0.141758,,-0.077986,,-0.031139,,0.294115
2018-11-07,0.281398,,-0.173890,,-0.332779,,0.315007
2018-11-08,-0.000310,,-0.032657,,0.664453,,-0.080119
2018-11-09,-0.328231,,-0.023258,,0.279003,,1.039950
2018-11-12,0.040128,,-0.024286,,0.647981,,0.483026
2018-11-13,0.431607,,-0.076695,,-0.246354,,0.236502
2018-11-14,1.009089,,-0.325837,,-0.515199,,0.719534
2018-11-15,1.031024,,-0.185680,,0.134204,,-0.075868
2018-11-16,0.778096,,-0.296868,,-0.475698,,0.213334
2018-11-19,-0.344356,,0.013657,,-0.290667,,-0.542796
2018-11-20,-1.635810,,0.143343,,0.642485,,0.351985
2018-11-21,1.063965,,-0.067682,,-0.103347,,0.148089
2018-11-22,0.113415,,0.064177,,,,0.217842
2018-11-23,-1.578782,,0.083809,,,,-0.305697
2018-11-26,-0.272039,,0.061105,,0.154649,,-0.037039
2018-11-27,-0.402054,,-0.026877,,0.308582,,0.358434
2018-11-28,1.574716,,-0.083068,,-0.597449,,-0.205868
2018-11-29,-0.694669,,-0.127419,,-0.010334,,-0.167898
2018-11-30,-0.244529,,-0.028265,,0.505024,,-0.335951
2018-12-03,0.693919,,-0.004781,,-0.236731,,-0.480774
2018-12-04,-0.871779,,-0.256567,,-0.072161,,0.222600
2018-12-05,0.141688,,-0.119064,,,,0.148549
2018-12-06,-0.501806,,-0.139819,,,,0.511265
2018-12-07,0.247615,,-0.089993,,-0.310362,,0.121526
2018-12-10,-0.559888,,-0.100594,,0.732981,,0.183779
2018-12-11,0.164812,,-0.072033,,0.174706,,0.085511
2018-12-12,-0.241795,,-0.001779,,-0.360025,,-0.285770
2018-12-13,0.032840,,0.333816,,0.020605,,-0.499947
2018-12-14,-0.401263,,0.049735,,0.390750,,0.014900
2018-12-17,-0.480935,,0.130278,,-0.349547,,1.869567
2018-12-18,-2.742430,,-0.019412,,0.041187,,0.385127
2018-12-19,1.649056,,-0.053789,,-0.102995,,0.190880
2018-12-20,-0.634455,,-0.171473,,-0.786267,,0.685951
2018-12-21,-0.415049,,-0.024035,,0.703791,,0.380737
2018-12-24,0.214858,,0.060652,,-0.423747,,0.228602
2018-12-25,-0.013407,,-0.027782,,,,0.103968
2018-12-26,0.047597,,-0.075151,,,,0.039178
2018-12-27,-0.077257,,-0.152252,,-0.589058,,-0.276555
2018-12-28,0.806175,,-0.252676,,-0.093331,,-0.302957
2018-12-29,,,-0.039304,,,,
2018-12-30,,,0.006930,,,,
2018-12-31,-1.084022,,0.000254,,,,
2019-01-01,-0.078604,,,,,,
2019-01-02,-0.379232,,-0.288033,,,,0.780470
2019-01-03,-1.148683,,-0.052235,,-0.528145,,-0.351534
2019-01-04,2.313712,,0.056533,,-0.124671,,-0.314830
2019-01-07,-0.353618,,0.048892,,-0.500265,,0.437444
2019-01-08,0.828847,,-0.206783,,0.198323,,0.113701
2019-01-09,-0.118568,,0.075588,,-0.711599,,-0.567229
2019-01-10,-0.616036,,0.053401,,0.335500,,0.156086
2019-01-11,0.256980,,0.007499,,0.135973,,-0.139661
2019-01-14,-0.246873,,0.093906,,-0.083658,,0.319504
2019-01-15,-0.135922,,0.047914,,0.396748,,-0.604202
2019-01-16,1.206403,,-0.317006,,0.093732,,-0.079564
2019-01-17,0.109749,,-0.038010,,0.010412,,-0.065914
2019-01-18,1.028338,,0.107593,,0.280647,,-0.883371
2019-01-21,-0.693220,,0.048493,,,,-0.161088
2019-01-22,-0.417038,,0.005221,,,,0.402292
2019-01-23,0.316937,,0.011285,,-0.187091,,0.055034
2019-01-24,-0.365981,,0.079959,,0.498128,,-0.084071
2019-01-25,2.340875,,0.049406,,-0.842041,,-0.743446
2019-01-28,-1.391698,,0.084114,,-0.041768,,-0.533949
2019-01-29,0.801204,,-0.133183,,0.073080,,-0.834611
2019-01-30,0.558344,,-0.076422,,-0.502202,,-0.266484
2019-01-31,0.667807,,-0.048587,,0.251421,,-1.293390
2019-02-01,-0.316375,,-0.007492,,0.000000,,0.344062
2019-02-02,,,-0.041996,,,,
2019-02-03,,,-0.028605,,,,
2019-02-04,0.152362,,,,,,
2019-02-05,0.341940,,,,0.260485,,
2019-02-06,0.570809,,,,0.332433,,
2019-02-07,-0.023373,,,,0.093302,,
2019-02-08,-0.576434,,,,0.134607,,
2019-02-11,-0.771984,,-0.031960,,0.433660,,0.246232
2019-02-12,-0.300716,,-0.018583,,-0.361252,,0.166453
2019-02-13,0.134673,,-0.028078,,0.433346,,-0.718543
2019-02-14,-0.201863,,0.035981,,-0.154545,,0.272686
2019-02-15,1.329034,,0.022453,,-0.061893,,1.091180
2019-02-18,0.258960,,0.135665,,,,-0.571479
2019-02-19,0.901203,,0.007580,,,,0.159063
2019-02-20,1.214196,,-0.004885,,-0.072550,,-0.223796
2019-02-21,-0.723707,,0.029481,,0.165756,,0.000173
2019-02-22,1.243677,,-0.035292,,-0.103562,,-0.393600
2019-02-25,-0.110185,,0.279813,,-0.103668,,-1.804130
2019-02-26,-0.099919,,0.143161,,-0.426178,,0.785648
2019-02-27,0.502686,,-0.103292,,0.156130,,-0.307249
2019-02-28,-0.729062,,0.051717,,0.010402,,1.402253
2019-03-01,-0.465564,,0.067814,,0.384032,,-1.028845
2019-03-04,-0.416588,,0.058719,,0.155273,,0.165671
2019-03-05,1.070682,,0.072389,,0.175681,,0.783363
2019-03-06,-0.305330,,0.001694,,0.020654,,-0.138938
2019-03-07,-0.142192,,-0.147603,,0.822452,,1.143391
2019-03-08,-0.481258,,-0.099914,,-0.307624,,1.127148
2019-03-11,0.153723,,-0.021204,,-0.154172,,0.604801
2019-03-12,0.239869,,0.027203,,-0.288421,,0.339683
2019-03-13,0.170439,,0.002957,,-0.403121,,-0.044111
2019-03-14,-1.424800,,0.049527,,0.248265,,-0.565279
2019-03-15,0.744552,,-0.027809,,-0.196497,,-0.032836
2019-03-18,0.253768,,0.004226,,-0.082851,,-0.771745
2019-03-19,-0.045558,,-0.011325,,-0.145153,,0.252068
2019-03-20,0.207864,,0.036429,,-0.645360,,0.045893
2019-03-21,-0.787757,,-0.060849,,0.769793,,0.504976
2019-03-22,-1.092239,,-0.123781,,0.155322,,0.283160
2019-03-25,0.002684,,-0.112587,,-0.082809,,1.474611
2019-03-26,-0.619582,,-0.057299,,0.175881,,-0.284344
2019-03-27,0.009092,,0.033027,,0.031005,,-0.251300
2019-03-28,0.082589,,-0.050969,,0.443368,,-0.535838
2019-03-29,1.316192,,-0.062054,,0.082273,,-0.937204
2019-04-01,-0.044845,,0.300946,,-0.030843,,0.429869
2019-04-02,-0.754490,,0.109814,,0.113048,,0.245237
2019-04-03,0.211230,,0.370962,,-0.277712,,-0.451620
2019-04-04,-0.689799,,0.127075,,0.226340,,-0.614450
2019-04-05,-0.532107,,,,0.092449,,
2019-04-08,1.648182,,-0.004162,,-0.359989,,-0.093197
2019-04-09,-0.335225,,0.234701,,-0.041225,,0.064442
2019-04-10,-0.522304,,0.035423,,-0.061874,,-0.177423
2019-04-11,-0.842065,,-0.009794,,0.236958,,0.322708
2019-04-12,1.350455,,0.151697,,-0.216327,,0.005982
2019-04-15,-0.643446,,0.344900,,-0.030941,,0.120495
2019-04-16,-0.409063,,0.163081,,0.103102,,-1.032275
2019-04-17,0.645778,,0.022204,,-0.030919,,0.050785
2019-04-18,-1.145914,,-0.171078,,0.473056,,0.094160
2019-04-19,0.011537,,0.088972,,,,-0.173545
2019-04-22,-0.066410,,0.156385,,,,0.912512
2019-04-23,-0.340644,,0.010726,,0.297666,,-0.453161
2019-04-24,0.486336,,0.163609,,0.541728,,0.363278
2019-04-25,-1.328484,,-0.084973,,0.101884,,-0.339166
2019-04-26,0.963923,,-0.082670,,-0.193665,,0.608294
2019-04-28,,,-0.012270,,,,
2019-04-29,-0.575608,,0.048575,,,,-1.541024
2019-04-30,-0.373187,,-0.102614,,-0.389064,,1.020961
2019-05-01,-2.473359,,,,0.215196,,
2019-05-02,-0.969214,,,,0.143208,,
2019-05-03,0.807445,,,,-0.317384,,
2019-05-05,,,-0.025123,,,,
2019-05-06,0.000000,,-0.173970,,,,0.614045
2019-05-07,-0.889374,,0.050935,,0.112734,,0.118551
2019-05-08,-0.734427,,-0.070104,,-0.010237,,0.751494
2019-05-09,0.181292,,-0.143734,,-0.256424,,0.648733
2019-05-10,0.308534,,-0.011961,,-0.041090,,-0.486534
2019-05-13,-1.539210,,-0.124399,,-0.010277,,0.718941
2019-05-14,0.395548,,0.080752,,0.215549,,0.056574
2019-05-15,0.342289,,-0.001281,,0.041006,,-0.434070
2019-05-16,0.070079,,-0.084591,,0.276338,,-0.016841
2019-05-17,-0.115529,,0.076137,,0.163403,,0.148675
2019-05-20,-0.513592,,0.011357,,-0.071454,,0.067159
2019-05-21,0.150729,,0.080733,,0.132658,,0.058791
2019-05-22,-1.065100,,0.077548,,0.050979,,0.052718
2019-05-23,0.138117,,-0.081565,,-0.265363,,0.085802
2019-05-24,0.706145,,-0.023158,,-0.245572,,-0.577031
2019-05-27,0.171059,,0.200137,,,,0.402347
2019-05-28,0.222092,,-0.120473,,,,-0.566637
2019-05-29,-1.136393,,-0.156193,,0.183580,,0.248167
2019-05-30,-0.474860,,-0.054286,,0.000000,,0.020371
2019-05-31,-0.456430,,0.021164,,-0.398182,,0.190215
2019-06-03,0.559709,,-0.147120,,-0.625997,,-0.512946
2019-06-04,0.737326,,-0.188679,,-0.072086,,-0.226931
2019-06-05,-0.571779,,-0.058932,,0.308582,,-0.039763
2019-06-06,0.070498,,-0.043687,,-0.349799,,-0.406520
2019-06-07,0.053309,,,,-0.433793,,
2019-06-10,0.429806,,0.078549,,0.155144,,-0.183572
2019-06-11,0.228569,,0.203034,,-0.072370,,-0.131003
2019-06-12,-0.354730,,-0.006647,,0.320097,,0.279862
2019-06-13,-0.152005,,-0.088239,,0.010311,,0.249252
2019-06-14,-0.857901,,-0.142245,,0.575598,,-0.345310
2019-06-17,1.093350,,-0.043008,,-0.010252,,-1.254298
2019-06-18,1.546224,,0.034337,,0.081968,,-0.161794
2019-06-19,-0.996109,,0.069219,,-0.533988,,-0.107865
2019-06-20,1.269057,,-0.063779,,-0.505814,,-1.094723
2019-06-21,0.074091,,0.021765,,-0.425197,,0.460760
2019-06-24,0.035492,,0.100981,,-0.249738,,-0.140199
2019-06-25,0.403405,,-0.036253,,0.187364,,0.273886
2019-06-26,-0.454362,,0.045190,,0.051978,,0.135083
2019-06-27,0.055052,,0.038824,,-0.020787,,-0.186640
2019-06-28,0.086704,,-0.097201,,-0.062401,,-0.316149
2019-07-01,-0.880660,,-0.010889,,0.735868,,-0.382654
2019-07-02,-0.433895,,-0.316533,,-0.113647,,0.095499
2019-07-03,0.666629,,-0.101195,,0.041337,,0.167338
2019-07-04,-0.443318,,-0.049712,,,,0.024969
2019-07-05,-0.112373,,0.068689,,,,-0.070024
2019-07-08,-0.206095,,0.075858,,0.133584,,0.292445
2019-07-09,-0.872368,,-0.018991,,0.112897,,0.287770
2019-07-10,1.391954,,0.017041,,-0.400843,,-0.009821
2019-07-11,-0.145924,,-0.044758,,-0.051501,,-0.068523
2019-07-12,0.225943,,-0.053887,,-0.247607,,-0.296813
2019-07-15,0.614298,,0.099323,,0.123879,,0.183628
2019-07-16,-0.426456,,0.020267,,0.483716,,0.339589
2019-07-17,0.375740,,0.030789,,-0.184977,,0.052636
2019-07-18,-0.288145,,-0.055804,,-0.443277,,-0.123656
2019-07-19,1.073526,,0.046388,,0.371250,,-0.356766
2019-07-22,-0.687155,,-0.073177,,0.113163,,-0.520606
2019-07-23,-0.367571,,-0.033984,,0.461607,,0.239663
2019-07-24,0.260518,,0.095371,,0.020471,,-0.033170
2019-07-25,-0.176732,,-0.036718,,0.092045,,-0.267414
2019-07-26,-0.290350,,0.014499,,0.194048,,-0.073170
2019-07-29,0.768625,,0.079740,,0.030603,,0.135704
2019-07-30,-1.404830,,-0.013238,,0.010201,,-0.203661
2019-07-31,-0.175495,,-0.118892,,0.478196,,0.104653
2019-08-01,-0.824039,,-0.037622,,-0.132038,,0.305137
2019-08-02,-2.029124,,-0.287885,,-0.295182,,0.400031
2019-08-05,-0.241380,,-0.240382,,-0.613497,,0.754205
2019-08-06,0.795821,,0.047794,,0.133241,,-0.262323
2019-08-07,0.539616,,-0.083941,,-0.092223,,0.209778
2019-08-08,0.620736,,-0.024175,,0.081986,,-0.450311
2019-08-09,0.000692,,-0.141309,,-0.133263,,0.056862
2019-08-12,-0.506922,,0.077910,,-0.112897,,-0.349848
2019-08-13,1.366833,,-0.170801,,0.440598,,0.435778
2019-08-14,-1.018296,,-0.098261,,0.183861,,0.006420
2019-08-15,-0.422297,,-0.031809,,0.152961,,0.021939
2019-08-16,0.395728,,0.051286,,0.000000,,0.381871
2019-08-19,-0.138239,,-0.046586,,0.213750,,-0.079739
2019-08-20,-0.424748,,0.063715,,-0.162813,,0.155075
2019-08-21,0.292077,,0.144454,,0.111966,,0.145988
2019-08-22,-0.482234,,0.021110,,-0.132341,,-0.060510
2019-08-23,-0.896939,,0.033230,,-0.541341,,-0.161520
2019-08-26,0.038854,,-0.087972,,0.449626,,0.848801
2019-08-27,0.693472,,0.056340,,-0.081601,,-0.214357
2019-08-28,0.360688,,0.008412,,0.214055,,0.105614
2019-08-29,0.422584,,-0.106776,,0.305005,,0.782149
2019-08-30,-0.471558,,0.167614,,0.415334,,-0.606213
2019-09-02,-0.291423,,0.087998,,,,0.503508
2019-09-03,0.230441,,-0.000674,,,,0.151248
2019-09-04,2.090974,,-0.090523,,-0.506587,,-0.332918
2019-09-05,0.945208,,-0.245725,,-0.040631,,-0.337283
2019-09-06,-0.234628,,-0.035342,,-0.020330,,-0.152286
2019-09-09,0.135342,,0.056335,,-0.111863,,0.509674
2019-09-10,-0.285233,,0.078973,,0.050865,,0.297014
2019-09-11,-0.176389,,0.026899,,0.324906,,-0.095840
2019-09-12,0.999928,,0.170049,,-0.345252,,-0.378666
2019-09-13,1.320987,,,,-0.050868,,
2019-09-16,-1.645923,,0.026615,,0.396121,,0.346156
2019-09-17,-1.066818,,0.054599,,-0.396121,,0.113454
2019-09-18,-0.185641,,0.159165,,0.345419,,-0.144513
2019-09-19,-0.210236,,-0.059157,,-0.335248,,0.201417
2019-09-20,-0.328087,,-0.008521,,0.243932,,-0.099774
2019-09-23,0.534218,,0.008352,,0.091316,,0.321238
2019-09-24,-0.200122,,0.078406,,-0.264042,,0.046877
2019-09-25,0.074911,,0.007346,,0.709300,,-0.202906
2019-09-26,-0.864212,,0.097826,,0.171499,,-0.820114
2019-09-27,0.650581,,0.063918,,-0.100845,,0.185197
2019-09-29,,,-0.034162,,,,
2019-09-30,-0.534309,,0.031540,,,,0.169720
2019-10-01,-0.428315,,,,-0.251877,,
2019-10-02,0.107841,,,,-0.090827,,
2019-10-03,-0.766119,,,,-0.181910,,
2019-10-04,0.303161,,,,-0.050592,,
2019-10-07,0.367618,,,,0.182002,,
2019-10-08,-0.551875,,-0.131507,,0.151417,,-0.293552
2019-10-09,0.073052,,-0.014948,,-0.020171,,0.177626
2019-10-10,1.258090,,0.082624,,-0.414502,,0.149610
2019-10-11,-0.013692,,0.105619,,-0.416219,,-0.608041
2019-10-12,,,0.112930,,,,
2019-10-14,0.219984,,-0.033283,,,,-0.144831
2019-10-15,-0.483240,,0.050055,,-0.162647,,-0.314589
2019-10-16,-0.548011,,-0.029647,,-0.285277,,0.142262
2019-10-17,0.350976,,-0.045300,,-0.408958,,-0.067867
2019-10-18,0.896378,,0.133418,,-0.338655,,0.330224
2019-10-21,0.296402,,0.186915,,0.051388,,-0.597251
2019-10-22,0.042621,,0.018940,,0.205273,,0.164429
2019-10-23,0.740973,,-0.027517,,-0.061536,,0.079445
2019-10-24,0.246273,,-0.004585,,0.164014,,-0.208304
2019-10-25,0.406467,,0.073478,,0.204651,,0.117217
2019-10-28,0.275354,,0.266416,,-0.071578,,0.255584
2019-10-29,0.208321,,0.031360,,-0.071630,,0.188088
2019-10-30,-0.258645,,0.133986,,-0.040954,,0.047903
2019-10-31,-0.848447,,-0.124099,,-0.307697,,0.212373
2019-11-01,0.801914,,-0.098146,,-0.113058,,-0.381117
2019-11-04,0.262971,,0.106500,,0.277283,,-0.149002
2019-11-05,0.770794,,-0.224625,,0.480845,,-0.264746
2019-11-06,-1.016753,,-0.010716,,-0.030629,,-0.135199
2019-11-07,1.256888,,0.068910,,0.193791,,0.232955
2019-11-08,-0.852657,,0.022044,,0.213750,,0.296543
2019-11-11,-0.660289,,-0.081174,,-0.152634,,0.106171
2019-11-12,-0.548056,,-0.016499,,0.111955,,-0.013445
2019-11-13,-0.325308,,-0.056960,,0.061018,,0.138488
2019-11-14,-0.614047,,0.078392,,-0.213707,,0.253951
2019-11-15,0.613221,,-0.094794,,-0.163136,,-0.085108
2019-11-18,-0.053584,,-0.223749,,-0.214515,,-0.182517
2019-11-19,0.671560,,-0.169515,,0.071556,,0.210976
2019-11-20,-0.404090,,-0.003640,,0.071504,,0.387297
2019-11-21,-0.125573,,-0.078938,,0.061247,,0.140335
2019-11-22,0.394468,,-0.013108,,0.285335,,-0.042968
2019-11-25,0.144088,,0.130565,,0.050870,,-0.773679
2019-11-26,0.951386,,-0.055276,,-0.071221,,-0.164021
2019-11-27,0.192774,,0.005924,,0.162721,,0.202746
2019-11-28,-0.581324,,-0.017179,,,,0.210307
2019-11-29,-0.011895,,-0.042722,,,,0.416734
2019-12-02,-0.810049,,0.156681,,-0.418087,,-0.014290
2019-12-03,-0.553900,,-0.065631,,-0.122702,,0.042410
2019-12-04,0.649906,,-0.057466,,-0.092119,,0.206268
2019-12-05,0.402650,,0.006430,,-0.246076,,0.033928
2019-12-06,1.663521,,0.016247,,0.297261,,-0.023292
2019-12-09,0.624281,,0.043678,,-0.061429,,0.203089
2019-12-10,0.525103,,-0.034199,,-0.235832,,0.186483
2019-12-11,0.557436,,-0.039179,,-0.256977,,-0.319499
2019-12-12,0.396160,,-0.032651,,0.246709,,0.179726
2019-12-13,-0.157795,,0.051012,,-0.236423,,-0.737973
2019-12-16,0.790257,,0.017518,,-0.102963,,-0.593382
2019-12-17,-0.081953,,0.115845,,0.144121,,-0.358265
2019-12-18,-0.214376,,0.015761,,0.205534,,0.104536
2019-12-19,0.530137,,-0.023133,,0.010259,,0.172060
2019-12-20,-0.558886,,-0.200428,,0.297239,,-0.270665
2019-12-23,0.208911,,-0.120250,,-0.051180,,0.051066
2019-12-24,-0.100404,,-0.114707,,-0.010242,,0.263557
2019-12-25,0.104355,,-0.082383,,,,0.249760
2019-12-26,0.029132,,-0.170537,,,,-0.241199
2019-12-27,0.393321,,0.025162,,-0.688911,,-0.285820
2019-12-30,-0.086987,,0.014898,,-0.185893,,-0.541585
2019-12-31,-0.800699,,-0.053354,,-0.362450,,0.121547
2020-01-02,0.512291,,0.095200,,0.476092,,-0.107412
2020-01-03,-0.788750,,0.030827,-0.410767,-0.010328,,0.211320
2020-01-06,0.035731,,-0.069136,-0.225853,-0.175699,,0.523094
2020-01-07,0.310279,,0.018100,0.194879,0.320171,,0.199898
2020-01-08,0.005442,,-0.061360,-0.103088,0.329422,,0.269076
2020-01-09,-0.490426,,-0.061154,-0.057757,0.154038,,0.170295
2020-01-10,0.385995,,-0.144115,0.334613,-0.092394,,-0.065275
2020-01-13,1.172154,,-0.000588,-0.261500,-0.010275,,-0.018239
2020-01-14,0.000908,,0.071905,-0.272975,0.020547,,0.105543
2020-01-15,-0.339942,,-0.013696,-0.098621,-0.143885,,0.413062
2020-01-16,-0.674994,,0.004537,0.041785,0.092518,,0.368837
2020-01-17,0.054388,,-0.049058,0.068831,0.297544,,-0.121391
2020-01-19,,,-0.028550,0.340371,,,
2020-01-20,-0.167873,,-0.102126,0.009254,,,0.113505
2020-01-21,-1.504328,,-0.249379,0.236773,,,0.632818
2020-01-22,-0.267390,,-0.015058,0.026212,0.000000,,-0.050718
2020-01-23,-0.884265,,-0.234201,0.218326,0.163921,,0.350841
2020-01-24,-1.361908,,,,0.163645,,
2020-01-27,-2.628261,,,,0.112355,,
2020-01-28,-0.576021,,,,0.061229,,
2020-01-29,-1.008789,,,,-0.030610,,
2020-01-30,-1.287773,,,,-0.122531,,
2020-01-31,-0.397601,,,,-0.491657,,
2020-02-03,0.106664,,-0.966408,0.660261,0.420108,,1.793407
2020-02-04,1.169558,,0.107838,-0.212149,0.163461,,-1.219146
2020-02-05,0.966061,,0.001407,-0.112538,0.315954,,0.204086
2020-02-06,0.604879,,-0.045664,0.155501,0.233779,,0.089938
2020-02-07,-1.256454,,-0.178898,0.744983,0.182574,,0.497888
2020-02-10,0.179391,,-0.115349,0.496293,0.151893,,0.276262
2020-02-11,0.907875,,0.147552,-0.062544,-0.111365,,-0.704709
2020-02-12,0.597446,,0.030644,-0.406342,0.333723,,0.355382
2020-02-13,0.573260,,-0.020403,0.113646,0.020187,,0.049532
2020-02-14,-0.484279,,0.149192,-0.118464,0.050460,,-0.220956
2020-02-17,0.764788,,0.173938,-0.730614,,,-0.082129
2020-02-18,-0.595277,,-0.079928,-0.163574,,,1.137560
2020-02-19,0.636429,,0.031550,-0.007703,0.140660,,-0.312924
2020-02-20,-0.803901,,0.113114,-0.526519,0.270723,,-0.600918
2020-02-21,0.745478,,-0.195155,0.029591,-0.612668,,0.352766
2020-02-24,-0.960340,,-0.148182,0.578701,0.030218,,1.097054
2020-02-25,-0.141043,,0.037604,-0.011914,-0.322809,,0.523538
2020-02-26,-0.226884,,-0.061398,0.085931,0.030307,,-0.627814
2020-02-27,0.077769,,-0.127304,0.395436,-0.567260,,0.040024
2020-02-28,-0.936246,,-0.182170,0.798215,-0.315415,,0.113854
2020-03-02,1.851812,,0.027593,-0.265769,-0.787764,,-0.321942
2020-03-03,0.659800,,0.043917,-0.166553,-0.215926,,0.287073
2020-03-04,0.313771,,-0.239619,0.621076,0.195377,,-0.158345
2020-03-05,-0.510197,,-0.002795,0.091058,-0.535638,,-0.768283
2020-03-06,-0.715794,,-0.289468,0.734612,-0.902639,,0.624416
2020-03-09,-1.413333,,-0.774948,1.357755,-1.100346,,0.561206
2020-03-10,0.437673,,0.425110,-0.999497,1.578625,,-0.286945
2020-03-11,-1.304243,,-0.008659,0.180379,0.103668,,0.114481
2020-03-12,-1.254106,,0.080082,-0.106171,0.989800,,0.245899
2020-03-13,0.094748,,0.310227,-0.121335,1.304676,,0.477073
2020-03-16,-2.874267,,-0.044436,0.467618,-0.670602,,0.356713
2020-03-17,-2.191607,,0.237657,0.260080,1.507598,,0.198878
2020-03-18,-6.286293,,0.072410,-0.113802,1.574210,,0.626424
2020-03-19,1.175676,,0.089085,0.223210,1.569273,,1.499379
2020-03-20,-1.965205,,-0.165932,0.539811,0.058369,,-0.695630
2020-03-23,-1.535318,,-0.210759,0.548805,-0.321467,,0.405549
2020-03-24,4.211354,,-0.065239,0.683966,-0.734469,,-0.973897
2020-03-25,0.406462,,-0.055780,0.353895,-0.680505,,-0.578956
2020-03-26,-1.345151,,-0.209162,1.254719,-1.626219,,0.283850
2020-03-27,0.126457,,0.061059,-0.154574,-1.061737,,-0.279073
2020-03-30,-0.561078,,-0.012019,0.390918,0.820047,,-0.299700
2020-03-31,1.929767,,-0.159458,0.989879,-0.131158,,0.477542
2020-04-01,-1.890508,,-0.180634,1.002757,0.623991,,0.008448
2020-04-02,0.799945,,0.109728,-0.177391,0.510386,,-0.109626
2020-04-03,-0.783849,,0.084130,0.239308,0.398488,,0.170571
2020-04-06,1.443559,,,,0.109306,,
2020-04-07,2.135411,,-0.644631,4.673698,-0.707631,,-0.042091
2020-04-08,-0.244278,,-0.282595,1.243030,0.139930,,0.544261
2020-04-09,0.025985,,0.167241,-0.354601,-0.601090,,0.197816
2020-04-10,0.216462,,0.162815,-0.556977,,,-0.486085
2020-04-13,0.204405,,0.040664,-0.442224,,,-0.016450
2020-04-14,2.434580,,-0.057623,0.195197,-0.464084,,-0.109927
2020-04-15,-0.549425,,-0.055805,0.417663,0.574743,,0.199720
2020-04-16,0.673324,,-0.087215,0.171059,0.571459,,0.341353
2020-04-17,1.949151,,0.083728,-0.199685,-0.250238,,-0.427951
2020-04-20,-0.944248,,0.220476,-0.106065,0.180234,,0.596058
2020-04-21,-1.515302,,-0.070433,0.241698,0.299674,,0.681595
2020-04-22,0.930777,,-0.178987,0.763498,0.129576,,-0.260864
2020-04-23,-0.164199,,-0.260604,0.246792,0.039838,,0.089779
2020-04-24,0.890036,,-0.099480,-0.298969,-0.049801,,-0.400893
2020-04-26,,,0.030133,-0.192348,,,
2020-04-27,0.031137,,0.089886,-0.123328,,,-0.343801
2020-04-28,0.764234,,-0.053844,-0.012464,-0.170075,,-0.378989
2020-04-29,0.736931,,-0.134081,0.267660,-0.300846,,0.100752
2020-04-30,-1.038458,,0.126645,-0.149818,-0.553909,,-0.400079
2020-05-01,-1.399611,,,,-0.222418,,
2020-05-04,0.327435,,,,0.685901,,
2020-05-05,0.478189,,,,0.230931,,
2020-05-06,0.416213,,0.282216,-1.052524,0.380378,,0.613869
2020-05-07,1.014452,,0.282609,-1.391617,-0.200017,,0.254170
2020-05-08,-0.069301,,0.010404,0.173526,-0.160301,,-0.156848
2020-05-09,,,0.097754,-0.266973,,,
2020-05-11,0.025818,,0.281106,-1.596302,,,-0.116846
2020-05-12,-0.675009,,-0.004243,0.428986,-0.309735,,0.309285
2020-05-13,-0.548896,,0.129814,0.086582,0.309735,,0.243827
2020-05-14,0.182003,,-0.000490,0.722514,0.229189,,0.282205
2020-05-15,-0.333478,,-0.050802,1.204845,-0.069696,,0.313382
2020-05-18,2.244982,,0.288823,-1.036817,-0.729752,,-0.275599
2020-05-19,0.147164,,0.063322,-0.409482,-0.301442,,0.002676
2020-05-20,1.581013,,-0.079699,-0.307702,-0.251902,,-0.193510
2020-05-21,-0.725422,,0.011300,-0.249347,0.251902,,-0.156894
2020-05-22,-1.278419,,-0.289706,1.107363,0.491893,,0.683924
2020-05-25,0.218885,,0.363514,-1.307151,,,-0.081238
2020-05-26,0.791987,,0.316573,-1.999790,,,0.347022
2020-05-27,-0.861205,,0.184891,-1.086409,0.151532,,-0.017851
2020-05-28,0.817244,,-0.073685,0.613009,-0.688821,,-0.296400
2020-05-29,0.029511,,-0.057922,-0.069696,-0.040668,,0.377508
2020-06-01,1.475899,,0.094634,-0.068449,-0.519952,,-0.349960
2020-06-02,0.331341,,0.480556,-3.297226,-0.163687,,-0.267388
2020-06-03,0.057108,,0.240773,0.689089,-0.400102,,-0.102489
2020-06-04,0.615636,,0.236949,-1.319157,-0.618685,,0.258389
2020-06-05,1.860785,,0.176041,0.632824,0.268570,,-0.270910
2020-06-08,0.687852,,-0.138795,1.009515,-0.330646,,-0.375753
2020-06-09,0.959133,,-0.005654,0.443684,-0.310981,,-0.153099
2020-06-10,2.079875,,0.031102,-0.117640,-0.374455,,0.308212
2020-06-11,-1.724109,,-0.242657,0.339606,0.799220,,0.490441
2020-06-12,0.447643,,-0.129602,0.275974,0.608089,,0.032060
2020-06-15,-0.209268,,0.067060,-0.043701,-0.659796,,0.320273
2020-06-16,0.167337,,0.384328,-1.456194,0.289196,,-0.100210
2020-06-17,0.334228,,0.202561,-0.729275,0.206063,,0.142074
2020-06-18,0.593780,,-0.113705,-0.046572,0.267236,,-0.492844
2020-06-19,-0.154421,,0.118376,-0.371549,0.205091,,-0.480855
2020-06-22,1.083332,,0.191866,-1.576624,-0.595915,,0.246825
2020-06-23,0.100217,,0.038952,0.275649,-0.361327,,-0.026584
2020-06-24,-0.499819,,-0.258841,1.430485,0.474619,,-0.314027
2020-06-25,0.701124,,,,0.287798,,
2020-06-26,-0.093365,,,,0.071821,,
2020-06-28,,,-0.103516,0.275601,,,
2020-06-29,0.665667,,0.038077,-0.102263,,,0.377392
2020-06-30,0.499291,,-0.151471,0.754937,-0.153903,,0.229749
2020-07-01,-0.045214,,0.084742,-0.339172,-0.195285,,-1.044250
2020-07-02,0.346877,,-0.017487,0.087099,0.123384,,-1.047972
2020-07-03,-1.072893,,0.195613,-0.240633,,,-1.053634
2020-07-06,1.733828,,0.653869,-2.505429,,,-2.471038
2020-07-07,0.427114,,0.160016,-0.282394,0.092937,,0.276508
2020-07-08,0.526473,,0.234856,-0.645619,-0.465571,,-0.120066
2020-07-09,0.850155,,0.203809,-0.984012,0.279601,,0.397210
2020-07-10,1.625624,,-0.173960,0.941471,-0.051715,,1.496810
2020-07-13,1.582367,,0.182070,-1.530029,-0.196782,,0.182812
2020-07-14,-0.422734,,-0.207367,0.861586,-0.207552,,0.276388
2020-07-15,-1.635669,,-0.195915,1.463419,-0.187169,,-0.020438
2020-07-16,0.316961,,-0.157985,0.301956,0.280618,,0.784232
2020-07-17,0.406254,,-0.004285,0.118029,-0.426436,,-0.130754
2020-07-20,0.319994,,-0.062148,0.679772,-0.114721,,-0.585819
2020-07-21,1.171903,,-0.233883,1.485284,-0.743653,,0.196499
2020-07-22,-0.921395,,-0.130917,-0.126485,-0.157822,,0.153248
2020-07-23,-0.041535,,0.070208,-0.532333,-0.295264,,0.194404
2020-07-24,-1.359981,,-0.262255,0.051693,-0.264369,,0.805711
2020-07-27,0.350705,,0.037745,-0.362749,-0.818679,,-0.298282
2020-07-28,0.604225,,0.246110,-0.869916,0.096040,,-0.056727
2020-07-29,-0.127613,,0.101698,-0.361782,-0.534703,,-0.340367
2020-07-30,-0.647938,,0.029171,-0.126003,-0.257682,,0.275511
2020-07-31,-1.487674,,0.180918,-0.752960,0.503997,,-0.029419
2020-08-03,1.012140,,0.003108,-0.003636,0.010698,,0.174059
2020-08-04,-1.319300,,0.004788,0.089603,-0.128428,,-0.497433
2020-08-05,0.469921,,0.157449,-0.124510,-0.590727,,0.310495
2020-08-06,-0.235206,,0.172192,0.112399,-0.043100,,0.006001
2020-08-07,-3.105825,,0.108772,-0.299764,0.698065,,0.133340
2020-08-10,2.310351,,-0.178695,0.292274,0.149717,,-0.384432
2020-08-11,0.043136,,-0.030229,-0.160858,0.053411,,-0.215072
2020-08-12,0.576969,,0.076895,-0.179448,-0.203127,,-0.329344
2020-08-13,-1.639282,,-0.055087,-0.237089,-0.107084,,0.301835
2020-08-14,1.505814,,-0.122952,0.001376,-0.257453,,-0.661641
2020-08-17,1.128268,,-0.047340,-0.138635,-0.268890,,-0.888471
2020-08-18,1.234335,,0.121715,-0.333214,-0.626624,,0.308638
2020-08-19,1.512789,,0.157685,-0.345536,0.669696,,0.232233
2020-08-20,-0.850032,,0.135055,-0.859922,-0.107710,,0.014103
2020-08-21,-1.372325,,-0.137753,-0.010792,0.494517,,-0.074905
2020-08-24,0.767720,,0.088298,-0.553451,0.053608,,0.007649
2020-08-25,0.522909,,0.244978,-1.083667,-0.300565,,-0.373979
2020-08-26,0.731101,,0.043737,0.285479,-0.010746,,-0.495331
2020-08-27,-0.205548,,0.063651,0.214218,0.000000,,-0.208521
2020-08-28,0.584305,,0.096316,-0.114495,-0.690475,,-0.110480
2020-08-31,-0.148161,,-0.231442,0.789689,-0.249313,,-2.182026
2020-09-01,-0.243505,,0.134957,-0.244548,0.216823,,-0.158754
2020-09-02,-0.246305,,0.238969,-0.367146,0.550789,,0.086076
2020-09-03,-1.031509,,0.050851,-0.154856,-0.118541,,-0.073713
2020-09-04,2.142523,,0.096595,-0.091908,-0.021565,,0.425224
2020-09-07,0.299710,,0.167500,-0.512281,,,0.430363
2020-09-08,-1.115584,,-0.080680,-0.002309,,,-0.386873
2020-09-09,0.803689,,-0.228835,0.963117,-0.235623,,0.093408
2020-09-10,-1.431185,,-0.013834,0.474822,0.085738,,-1.088924
2020-09-11,0.739012,,0.143015,-0.555173,-0.010708,,0.109075
2020-09-14,0.630655,,0.092423,-0.452573,-0.278972,,0.261628
2020-09-15,-0.505940,,-0.189516,0.855768,-0.021488,,-0.170394
2020-09-16,0.365693,,0.051125,0.388311,0.171799,,-0.044604
2020-09-17,0.313553,,0.036534,-0.302661,-0.257813,,0.408189
2020-09-18,0.625721,,-0.006713,0.281088,-0.043035,,-0.856550
2020-09-21,-1.935119,,-0.105056,0.286839,0.654264,,0.581244
2020-09-22,1.072957,,-0.085102,0.232448,0.479921,,0.195419
2020-09-23,-1.906562,,0.011874,-0.155518,0.424675,,0.144922
2020-09-24,0.004343,,-0.017981,-0.101661,-0.042387,,0.074797
2020-09-25,-0.187683,,0.181225,-0.796111,0.243481,,-0.299627
2020-09-27,,,0.011045,0.027175,,,
2020-09-28,0.270120,,-0.057932,-0.078261,,,-0.659979
2020-09-29,0.027428,,0.093626,-0.274479,-0.393307,,0.315724
2020-09-30,0.869413,,0.132177,-0.098319,0.000000,,0.080008
2020-10-01,-4.369449,,,,-0.191898,,
2020-10-02,2.594794,,,,0.138627,,
2020-10-05,-0.359104,,,,-0.352276,,
2020-10-06,0.199090,,,,0.341625,,
2020-10-07,1.565763,,,,-0.213384,,
2020-10-08,0.216082,,,,-0.021359,,
2020-10-09,1.264130,,0.290996,-1.074548,-0.589280,,0.038158
2020-10-10,,,0.009475,0.255640,,,
2020-10-12,-0.364478,,-0.043102,-0.149291,,,-0.649439
2020-10-13,-0.395217,,0.026712,0.157992,0.493033,,-0.011425
2020-10-14,0.248664,,0.095813,-0.025425,-0.160507,,0.045465
2020-10-15,0.586891,,0.051873,-0.092580,0.512716,,-0.308271
2020-10-16,-0.681063,,0.010258,-0.034432,-0.191960,,-0.220889
2020-10-19,0.207973,,-0.087930,0.320574,-0.267223,,-0.092563
2020-10-20,1.571773,,-0.030488,0.090178,-0.386059,,0.179311
2020-10-21,1.380588,,-0.071018,0.278858,-0.495476,,-0.682048
2020-10-22,-0.859100,,-0.164206,0.333922,0.366454,,-0.073297
2020-10-23,-0.140532,,0.092727,-0.006258,-0.193840,,0.053645
2020-10-26,-0.860700,,0.017055,-0.229736,0.301374,,0.192002
2020-10-27,0.113578,,-0.153729,0.470473,-0.118287,,0.046720
2020-10-28,-0.414850,,0.075812,0.226152,0.504430,,-0.711293
2020-10-29,0.046168,,-0.003920,0.314735,0.587070,,0.132768
2020-10-30,-0.452822,,-0.037230,0.092860,0.085109,,-0.720666
2020-11-02,0.653647,,-0.052542,0.241227,0.010635,,-0.657277
2020-11-03,0.135384,,-0.034218,0.343633,-0.533050,,-0.071602
2020-11-04,0.703402,,-0.054963,0.200809,-0.149764,,-0.363486
2020-11-05,0.451175,,0.087564,-0.186158,-0.946554,,-0.163620
2020-11-06,0.725485,,0.113292,-0.505096,-0.324742,,-0.353867
2020-11-09,-0.325412,,0.124940,-0.154488,0.540659,,-0.271077
2020-11-10,-0.079614,,-0.028584,-0.038052,0.021562,,-0.119614
2020-11-11,-0.740468,,0.019282,0.347670,0.312182,,-0.147995
2020-11-12,0.508926,,0.086902,0.267603,-0.086024,,0.161543
2020-11-13,0.963231,,0.088089,0.286130,-0.215375,,0.743982
2020-11-16,1.096251,,0.001539,0.668159,-0.205042,,-0.314062
2020-11-17,-0.089494,,0.048564,0.554429,-0.162173,,-0.290687
2020-11-18,-0.094093,,0.168961,0.209401,-0.108258,,-0.137254
2020-11-19,0.140163,,0.145737,0.077692,-0.032500,,-0.174197
2020-11-20,1.855015,,-0.060807,0.750450,0.108293,,0.136863
2020-11-23,-0.526247,,-0.178348,0.685006,0.129803,,-0.606253
2020-11-24,1.235411,,0.055475,0.057085,-0.303128,,0.389000
2020-11-25,0.316167,,-0.077297,0.620547,-0.260564,,0.020942
2020-11-26,1.107095,,0.018741,0.123375,,,-0.396578
2020-11-27,0.955518,,0.040660,0.299884,,,-0.972151
2020-11-30,0.839795,,-0.291275,0.884824,0.087120,,0.202876
2020-12-01,1.388012,,0.072248,-0.385854,-0.611428,,-0.712583
2020-12-02,-0.308201,,0.117707,-0.130925,-0.208294,,0.243006
2020-12-03,-0.097906,,-0.027879,0.033327,-0.450976,,0.030138
2020-12-04,0.595303,,-0.100506,0.330205,-0.011027,,0.242704
2020-12-07,-0.354364,,0.013412,-0.087303,0.099183,,0.604625
2020-12-08,-0.164952,,-0.129091,0.681581,0.198063,,0.270297
2020-12-09,-0.156426,,0.001450,0.127689,0.131819,,0.034195
2020-12-10,1.607317,,-0.051011,0.235429,-0.329883,,0.161114
2020-12-11,-0.944166,,0.152341,-0.189046,0.209058,,-0.063212
2020-12-14,0.239624,,-0.017251,-0.008137,-0.297214,,-2.554209
2020-12-15,0.394933,,-0.065306,0.507934,-0.264928,,0.199956
2020-12-16,-0.249163,,-0.051788,0.279320,-0.022114,,-0.309659
2020-12-17,1.242709,,0.032162,0.100540,-0.698951,,-0.440007
2020-12-18,0.589913,,-0.025850,-0.078179,0.222417,,0.059759
2020-12-21,-1.089127,,-0.110148,0.686858,0.022219,,0.167229
2020-12-22,-1.188630,,-0.198080,0.504897,0.675193,,0.322722
2020-12-23,1.112570,,-0.041405,0.372821,-0.265103,,-0.223727
2020-12-24,-0.238435,,0.106055,-0.129423,-0.088527,,-0.441416
2020-12-25,0.099763,,-0.162057,0.119472,,,-0.134560
2020-12-28,-0.324145,,-0.117594,0.308120,,,-0.487961
2020-12-29,0.116939,,-0.063452,0.444953,-0.365949,,-0.023978
2020-12-30,-0.121875,,-0.186560,0.410376,-0.423075,,-0.440669
2020-12-31,-0.846981,,0.038774,0.087551,0.345275,,-0.431904
2021-01-03,,,,,,,
2021-01-04,,,,,,-5.537226,
2021-01-05,,,-0.206352,0.281859,-0.448724,14.467960,-1.153158
2021-01-06,,,-0.081863,-0.021269,-0.065626,3.244435,-1.067031
2021-01-07,,,-0.068943,0.286252,0.457813,1.467320,-1.634694
2021-01-08,,,0.090017,-0.746016,0.264714,7.322338,0.362129
2021-01-09,,,,,,-0.048249,
2021-01-10,,,,,,0.156147,
2021-01-11,,,0.084761,-0.451565,,-3.100949,-0.104226
2021-01-12,,,-0.083237,0.132297,-0.564817,4.655962,-1.405690
2021-01-13,,,-0.185193,1.099052,0.310490,-3.460968,0.049061
2021-01-14,,,-0.063512,0.184104,-0.077532,2.302775,1.207487
2021-01-15,,,0.250229,-1.445046,0.596555,-6.324412,0.053336
2021-01-16,,,,,,-0.246198,
2021-01-17,,,,,,0.455354,
2021-01-18,,,0.125011,-0.919570,,-0.911585,-0.044422
2021-01-19,,,-0.026946,0.276982,-0.312701,4.236112,1.341323
2021-01-20,,,-0.077071,0.886092,-0.031059,-1.335004,-0.331586
2021-01-21,,,-0.134942,0.877840,-0.416741,2.445788,-0.614442
2021-01-22,,,-0.036010,0.159280,0.141213,-3.850278,-0.472764
2021-01-23,,,,,,0.202683,
2021-01-24,,,,,,-0.007231,
2021-01-25,,,0.041168,-0.329651,,3.456726,-0.951101
2021-01-26,,,0.180086,-0.951998,-0.181790,-0.269835,0.548142
2021-01-27,,,0.015248,0.057567,0.447841,-3.725036,-0.168092
2021-01-28,,,0.173225,-0.732516,-0.056533,-1.290593,1.151483
2021-01-29,,,-0.057266,0.719771,-0.002540,0.226847,-0.133040
2021-01-30,,,,,,0.232437,
2021-01-31,,,,,,-0.029329,
2021-02-01,,,-0.074355,1.149703,,4.696724,-0.591647
2021-02-02,,,0.023903,-0.298374,0.017466,6.237797,-0.658652
2021-02-03,,,0.167224,-1.529159,0.076638,3.110979,-0.397475
2021-02-04,,,0.089879,-1.036637,0.480007,1.680681,0.035311
2021-02-05,,,-0.015382,0.219843,-0.612678,1.955500,-0.961623
2021-02-06,,,,,,-0.975683,
2021-02-07,,,,,,-0.422862,
2021-02-08,,,0.032126,0.015923,,3.898067,-0.745554
2021-02-09,,,-0.068405,0.485280,-0.582335,2.321344,-0.398923
2021-02-10,,,0.052935,0.246777,-0.012495,-1.634707,-1.116044
2021-02-11,,,,,-0.027539,-0.571670,
2021-02-12,,,,,0.044789,6.916860,
2021-02-13,,,,,,0.377307,
2021-02-14,,,,,,0.070472,
2021-02-15,,,,,,1.941652,
2021-02-16,,,,,0.258948,1.268959,
2021-02-17,,,,,0.348074,4.004003,
2021-02-18,,,0.219858,-1.669267,-0.395768,-4.633948,1.461759
2021-02-19,,,-0.141125,1.308442,-0.238481,-2.304682,0.903125
2021-02-20,,,,,,0.003698,
2021-02-21,,,,,,0.262168,
2021-02-22,,,0.050537,0.172411,,6.947743,2.487836
2021-02-23,,,-0.009871,0.244315,0.033740,-2.123887,0.000766
2021-02-24,,,-0.027906,0.359337,-0.081927,7.100208,1.530384
2021-02-25,,,0.045182,-0.077270,0.190172,-0.785621,-0.699339
2021-02-26,,,0.055505,0.004888,0.800425,-4.773432,1.068569
2021-02-27,,,,,,-0.114254,
2021-02-28,,,,,,0.138473,
2021-03-01,,,-0.154861,0.175457,,-4.003128,-0.082453
2021-03-02,,,-0.015473,-0.255007,-0.278026,-2.180609,0.472990
2021-03-03,,,0.017769,-0.319969,0.249016,4.251342,-0.579159
2021-03-04,,,0.037588,-0.283994,0.682569,9.825727,1.634288
2021-03-05,,,-0.090544,0.185702,0.417078,6.827746,0.286454
2021-03-06,,,,,,0.000000,
2021-03-07,,,,,,0.000000,
2021-03-08,,,-0.039593,0.097509,,-3.899730,1.690573
2021-03-09,,,0.023788,-0.262650,-0.474897,-2.127672,0.367216
2021-03-10,,,-0.019795,-0.004117,-0.204407,2.514338,-1.034258
2021-03-11,,,0.001274,-0.113043,-0.398038,3.630186,-1.613023
2021-03-12,,,0.036960,-0.047932,0.273535,-1.274447,-0.253035
2021-03-13,,,,,,0.000000,
2021-03-14,,,,,,0.000000,
2021-03-15,,,0.050407,-0.581555,,-2.047468,1.522728
2021-03-16,,,-0.031964,0.203832,0.078398,-0.700350,-0.235981
2021-03-17,,,-0.053704,0.219200,0.107262,-2.043206,-0.077781
2021-03-18,,,-0.021066,0.191997,-0.158322,-15.692422,-0.481111
2021-03-19,,,-0.083285,0.459299,0.131681,5.629549,1.552009
2021-03-20,,,,,,0.000000,
2021-03-21,,,,,,0.000000,
2021-03-22,,,-0.044713,0.099726,,-0.504277,0.321739
2021-03-23,,,-0.051137,-0.171290,0.596888,-12.655104,0.030920
2021-03-24,,,-0.096689,0.856060,0.255108,12.420477,0.455446
2021-03-25,,,-0.018124,0.152578,0.319184,-7.527559,-0.127714
2021-03-26,,,0.035150,-0.442294,-0.171758,8.089326,-0.946743
2021-03-27,,,,,,0.000000,
2021-03-28,,,,,,0.000000,
2021-03-29,,,0.016521,-0.330558,,2.845011,0.506454
2021-03-30,,,0.011015,0.159684,0.376541,-3.543551,-1.010937
2021-03-31,,,-0.075219,0.284195,-0.109508,-3.257558,0.559723
2021-04-01,,,0.027015,-0.001250,-0.309114,4.901128,-0.520075
2021-04-02,,,0.001694,0.424301,0.109094,0.177197,-0.559897
2021-04-03,,,,,,0.000000,
2021-04-04,,,,,,0.000000,
2021-04-05,,,,,,-7.192378,
2021-04-06,,,0.040663,-0.307209,-0.326265,0.873739,0.548074
2021-04-07,,,0.046699,-0.366054,0.141411,0.421075,0.569548
2021-04-08,,,0.017719,0.362532,-0.385507,1.281760,-0.298306
2021-04-09,,,-0.058910,0.473730,0.121688,-1.453252,0.864135
2021-04-10,,,,,,0.000000,
2021-04-11,,,,,,0.000000,
2021-04-12,,,-0.080384,0.330940,,0.782478,0.287284
2021-04-13,,,-0.179507,1.246054,-0.284968,2.872668,0.001094
2021-04-14,1.334561,-0.667163,-0.028985,-0.275653,-0.211123,7.140270,-0.160867
2021-04-15,1.717477,0.530871,-0.016644,-0.244039,0.031419,1.648557,0.343277
2021-04-16,-1.002103,0.202885,-0.068489,-0.032291,-0.156318,-0.350981,0.247459
2021-04-17,,,,,,0.000000,
2021-04-18,,,,,,0.000000,
2021-04-19,0.637210,,-0.054015,-0.059665,,1.280954,-1.215966
2021-04-20,-0.278814,-2.963525,-0.065538,0.204351,0.104337,-2.489523,0.417393
2021-04-21,1.248698,0.566189,-0.050327,0.346573,-0.086885,-3.715894,-0.371245
2021-04-22,-0.088392,-0.224473,0.024022,-0.262439,0.177968,1.071034,-0.352899
2021-04-23,1.035377,-1.901005,0.042327,0.073738,-0.491910,0.975844,-0.826595
2021-04-24,,,,,,0.000000,
2021-04-25,,,,,,0.000000,
2021-04-26,1.912270,,0.186636,-1.518783,,-0.643987,0.572222
2021-04-27,0.940778,-2.327627,0.023069,-0.144445,0.037861,1.241325,-0.160230
2021-04-28,-0.320419,1.554318,-0.034897,0.406889,-0.295898,1.193194,-0.250494
2021-04-29,-0.142882,0.908863,-0.057853,0.443172,0.054176,4.057254,-0.018029
2021-04-30,-0.466696,-1.500835,-0.097219,0.283632,0.706775,-5.134295,0.256444
2021-05-01,,,,,,0.000000,
2021-05-02,,,,,,0.000000,
2021-05-03,,,,,,3.461904,
2021-05-04,,,,,0.343808,4.681357,
2021-05-05,,,,,-0.017639,-2.489607,
2021-05-06,2.498549,,-0.057005,-0.052369,-0.434286,-1.018487,-0.161526
2021-05-07,2.175496,1.005817,-0.015005,0.019703,-0.697917,-0.327260,0.734924
2021-05-08,,,,,,0.000000,
2021-05-09,,,,,,0.000000,
2021-05-10,0.079150,,-0.050814,0.127593,,0.157201,0.176350
2021-05-11,1.007931,-1.889243,-0.062660,0.279312,-0.146824,1.119539,-0.550771
2021-05-12,-0.658026,0.091716,-0.031231,-0.332856,0.691346,1.287485,0.070348
2021-05-13,-0.831411,-0.747041,0.048408,-0.751752,-0.073042,-5.359503,0.333631
2021-05-14,-0.579926,-0.788768,-0.026522,0.033414,-0.472366,4.715423,-1.033766
2021-05-15,,,,,,0.000000,
2021-05-16,,,,,,0.000000,
2021-05-17,1.039790,,0.058021,-0.530639,,2.380888,-0.962869
2021-05-18,0.219765,1.518717,-0.023499,-0.150887,-0.468083,-2.758656,0.132681
2021-05-19,,0.866051,-0.098147,0.701926,0.430943,-5.378423,0.054824
2021-05-20,-2.996669,0.498159,-0.107044,0.614196,-0.469705,-4.745377,-0.493331
2021-05-21,-1.109278,0.446010,-0.129258,0.643473,0.314789,4.985621,0.752115
2021-05-22,,,,,,0.000000,
2021-05-23,,,,,,0.000000,
2021-05-24,0.639055,,0.019475,-0.934816,,4.605272,-0.123165
2021-05-25,-0.310163,0.582452,0.006045,-0.067011,-0.186959,0.313722,-1.648385
2021-05-26,0.001029,0.292977,-0.072595,0.127621,0.432993,0.633028,0.281878
2021-05-27,2.370402,1.064913,0.064284,-0.380760,-0.062313,1.527522,0.098279
2021-05-28,0.078944,-0.896157,0.065417,-0.302181,0.059093,-0.603748,0.106181
2021-05-29,,,,,,0.000000,
2021-05-30,,,,,,0.000000,
2021-05-31,,,-0.055007,0.197814,,1.233925,0.264036
2021-06-01,-0.071366,0.623546,-0.043313,0.377340,0.094227,2.801363,0.103008
2021-06-02,-1.052297,0.855734,0.086980,-0.553882,-0.036590,1.210598,0.201508
2021-06-03,-2.056721,-1.400072,-0.026455,0.166800,0.661334,1.057150,0.445543
2021-06-04,0.911407,1.781829,0.185582,-0.348455,-0.393835,1.478788,-0.293684
2021-06-05,,,,,,0.000000,
2021-06-06,,,,,,0.000000,
2021-06-07,0.363736,,0.141098,-0.913943,,-0.828321,0.541634
2021-06-08,0.433230,-0.284042,0.010868,0.153935,0.147477,1.227756,0.508885
2021-06-09,-0.177521,-0.932574,0.011712,0.021974,0.019973,0.051845,-0.203504
2021-06-10,-0.659678,0.367299,-0.037323,0.467748,-0.095350,1.039867,-0.064181
2021-06-11,0.784562,-2.637401,0.155280,-0.395431,0.512640,0.689495,0.042860
2021-06-12,,,,,,0.000000,
2021-06-13,,,,,,0.000000,
2021-06-14,,,,,,0.935066,
2021-06-15,-3.317995,,0.005906,-0.452861,0.015799,2.725467,0.458662
2021-06-16,0.664419,1.415401,0.044557,0.167573,0.967335,-0.721606,0.369245
2021-06-17,-3.836536,-0.622133,0.122550,-0.104741,0.553922,-2.178827,0.183190
2021-06-18,-0.342034,-0.606787,-0.081182,0.346639,0.447373,0.804230,0.317263
2021-06-19,,,,,,0.000000,
2021-06-20,,,,,,0.000000,
2021-06-21,-0.014014,,-0.163937,0.803896,,4.119348,0.684562
2021-06-22,1.107628,1.035536,-0.029334,0.124685,-0.148278,-0.465305,-0.293276
2021-06-23,1.846937,1.049824,-0.043900,0.508844,0.102979,0.187044,0.173185
2021-06-24,-0.324790,0.021200,-0.023164,0.078614,0.001634,0.361862,-0.755241
2021-06-25,-0.373802,-0.039111,-0.010780,0.052894,-0.010456,1.010397,-0.835436
2021-06-26,,,,,,0.000000,
2021-06-27,,,,,,0.000000,
2021-06-28,-0.610905,,0.075653,-0.522030,,-3.251706,0.003033
2021-06-29,-0.359830,0.217840,-0.035812,0.152511,0.233294,1.616929,0.406861
2021-06-30,0.358989,1.160577,-0.044473,0.677365,0.295997,-0.139068,-0.215940
2021-07-01,,2.056376,0.028720,-0.466986,0.182798,2.313824,-4.538429
2021-07-02,0.186757,0.280406,-0.007497,0.030539,-0.314859,0.715834,1.801048
2021-07-03,,,,,,0.000000,
2021-07-04,,,,,,0.000000,
2021-07-05,1.271483,,-0.073083,0.171528,,2.596097,0.608184
2021-07-06,-1.696321,0.019391,0.019023,-0.447722,0.306176,-5.046488,-0.004080
2021-07-07,1.130822,0.352358,-0.163937,0.414522,0.195509,-3.866336,-0.464573
2021-07-08,-0.743314,1.675772,-0.432815,1.415705,-0.372671,2.844879,0.604749
2021-07-09,1.218892,-0.500957,0.123004,-0.887570,-0.297598,3.189445,0.778157
2021-07-10,,,,,,0.000000,
2021-07-11,,,,,,0.000000,
2021-07-12,-0.162039,,-0.333074,0.713591,,-0.801634,-0.358369
2021-07-13,-0.496214,-0.645506,-0.106580,-0.098378,0.591590,2.655796,0.250657
2021-07-14,-0.378249,0.388123,-0.021519,0.164308,-0.450644,-4.175569,0.371947
2021-07-15,0.933234,0.682375,0.141712,-1.150937,0.233569,-3.152570,-0.965357
2021-07-16,0.246776,-0.637643,-0.052519,0.143600,0.138370,0.181252,1.062233
2021-07-17,,,,,,0.000000,
2021-07-18,,,,,,0.000000,
2021-07-19,-2.055344,,-0.017111,-0.143019,,-11.540533,-0.535690
2021-07-20,1.296003,1.026368,-0.127278,0.360580,0.147253,-0.126631,0.213854
2021-07-21,0.063921,-0.070442,-0.070408,0.396401,-0.192937,9.564964,0.038671
2021-07-22,0.894180,0.597449,0.025825,-0.251203,0.051070,3.513363,0.350100
2021-07-23,1.214684,0.477949,-0.083531,0.708546,0.076125,1.253874,0.684250
2021-07-24,,,,,,0.000000,
2021-07-25,,,,,,0.000000,
2021-07-26,1.874061,,-0.226506,0.694361,,1.581264,1.654824
2021-07-27,-0.600649,0.222218,0.157851,-0.827622,-0.153844,-2.583525,1.450418
2021-07-28,-0.684130,,0.120530,-0.910077,-0.219724,0.506603,-1.219385
2021-07-29,1.475066,,-0.140411,0.766336,-0.411956,2.078051,-0.161396
2021-07-30,-1.069316,0.457592,-0.255927,1.101913,0.212487,0.919660,1.013038
2021-07-31,,,,,,0.000000,
2021-08-01,,,,,,0.000000,
2021-08-02,-0.778264,,-0.203460,0.568777,,-4.532999,-0.902443
2021-08-03,-0.356750,0.952408,0.079346,-0.890516,-0.023676,-2.199750,-0.712857
2021-08-04,-1.038071,-0.004277,0.035966,-0.524474,0.226210,-5.558683,0.117843
2021-08-05,0.170230,0.524538,-0.176559,0.688252,-0.002926,2.094277,0.122792
2021-08-06,0.158423,-0.343636,0.050319,-0.307429,0.550973,-2.161039,0.715025
2021-08-07,,,,,,0.000000,
2021-08-08,,,,,,0.000000,
2021-08-09,-0.804345,,0.271314,-1.417035,,-3.264943,-0.469365
2021-08-10,1.314717,1.201954,0.075067,-0.159328,0.092776,4.623508,-0.512185
2021-08-11,0.133974,0.242656,0.059745,-0.237376,-0.156361,1.948993,0.537278
2021-08-12,-0.169123,-1.045397,-0.104343,0.589017,0.115627,-1.299331,0.892783
2021-08-13,0.342284,-2.910114,0.106338,-0.289001,-0.541534,-2.104581,0.400884
2021-08-14,,,,,,0.000000,
2021-08-15,,,,,,0.000000,
2021-08-16,-0.513294,,0.064855,-0.467214,,-1.816354,-0.214380
2021-08-17,-1.657585,0.057563,-0.046401,-0.079779,0.566208,-1.801823,0.465522
2021-08-18,-1.375223,-4.599218,-0.188790,0.978562,0.013634,-4.552920,-0.510976
2021-08-19,-1.505352,-1.278687,-0.078799,0.613980,0.430174,-3.280330,0.535901
2021-08-20,1.338949,1.401094,0.029605,0.003890,-0.108547,-5.092213,1.362732
2021-08-21,,,,,,0.000000,
2021-08-22,,,,,,0.000000,
2021-08-23,1.668031,,0.081894,-0.540693,,11.184202,-0.119740
2021-08-24,1.640830,-0.527659,-0.036350,0.062743,-0.111367,6.649195,-0.513685
2021-08-25,0.293324,-1.701178,-0.037415,0.591850,-0.066772,1.931046,0.109346
2021-08-26,-0.336100,0.644409,0.169933,-0.734766,0.254465,-3.835264,1.042361
2021-08-27,0.945123,1.597886,-0.054739,0.469864,-0.385230,2.977918,-0.088361
2021-08-28,,,,,,0.000000,
2021-08-29,,,,,,0.000000,
2021-08-30,,,-0.082758,0.164489,,1.185215,0.456956
2021-08-31,0.933121,-0.424054,-0.029368,0.286305,-0.050390,-1.150923,0.442689
2021-09-01,-1.889183,-1.535950,-0.130143,0.603843,-0.163429,-1.253526,-1.353263
2021-09-02,0.598886,0.225870,0.010604,-0.030841,-0.309659,4.225630,0.974128
2021-09-03,0.749602,0.628442,0.027012,-0.076527,-0.090697,-0.846505,0.092841
2021-09-04,,,,,,0.000000,
2021-09-05,,,,,,0.000000,
2021-09-06,-0.302992,,0.009862,-0.057843,,-0.877728,-0.963733
2021-09-07,-0.922061,-0.563859,0.118671,-0.296629,0.341844,-1.207221,0.188786
2021-09-08,-1.032553,1.003099,0.059679,-0.360818,0.190440,2.866061,0.783206
2021-09-09,1.055563,1.767353,0.024579,-0.012215,-0.222756,-3.341018,0.205589
2021-09-10,1.885938,0.729270,-0.015280,0.121779,0.140859,4.099707,-0.465756
2021-09-11,,,,,,0.000000,
2021-09-12,,,,,,0.000000,
2021-09-13,-1.082185,,0.071269,-0.371843,,1.724570,0.485295
2021-09-14,-0.739528,-1.579302,0.053278,-0.634044,0.052677,0.708089,0.423173
2021-09-15,1.394634,0.272079,0.019955,0.469896,-0.188384,3.838760,1.046335
2021-09-16,-2.255015,-1.141554,-0.016630,-0.390499,0.408078,0.590479,-0.172150
2021-09-17,-0.783666,-2.024360,-0.056354,0.845539,0.417572,-0.484732,-0.896471
2021-09-18,,,,,,0.000000,
2021-09-19,,,,,,0.000000,
2021-09-20,,,,,,-3.185810,
2021-09-21,,,,,-0.034966,1.221228,
2021-09-22,,,-0.095430,0.567787,0.277567,2.660202,0.875995
2021-09-23,0.404636,2.479919,-0.039590,0.052402,-0.404771,1.238516,-0.120829
2021-09-24,0.677505,1.221021,0.034361,-0.059706,0.184901,1.767839,-0.732700
2021-09-25,,,,,,0.000000,
2021-09-26,,,,,,0.000000,
2021-09-27,-0.177205,,0.034372,0.122443,,3.232222,-1.918154
2021-09-28,-0.873726,-0.935032,0.035464,-0.222425,0.319326,-2.851827,0.014914
2021-09-29,-0.733809,0.238520,-0.058214,0.547325,0.689879,1.300187,-0.853760
2021-09-30,-1.677384,0.971283,0.006227,0.347023,-0.112917,1.090702,0.381143
2021-10-01,,,,,-0.200809,1.989890,
2021-10-02,,,,,,0.000000,
2021-10-03,,,,,,0.000000,
2021-10-04,,,,,,3.999634,
2021-10-05,,,,,0.171993,2.625959,
2021-10-06,,,,,0.259931,-3.490429,
2021-10-07,,,,,-0.001698,3.341851,
2021-10-08,3.530854,,0.144153,-0.938926,-0.127439,0.081131,-0.753683
2021-10-09,,,,,,0.000000,
2021-10-10,,,,,,0.000000,
2021-10-11,1.499705,,0.262418,-0.601702,,1.641311,-0.113659
2021-10-12,-0.926460,1.197537,0.071135,0.117381,0.161684,-0.708576,-0.321185
2021-10-13,,1.059512,0.039467,-0.401014,-0.525290,-0.042165,-0.707648
2021-10-14,,1.264978,0.008680,0.129281,-0.044786,1.585202,0.480825
2021-10-15,5.799751,0.213326,0.086589,-0.325888,-0.017664,1.701443,-0.526844
2021-10-16,,,,,,0.000000,
2021-10-17,,,,,,0.000000,
2021-10-18,-0.080462,,0.444477,-2.094986,,-1.321930,1.154836
2021-10-19,-0.521731,-0.341445,-0.171277,0.021072,-0.191117,2.137786,-0.209215
2021-10-20,0.867313,1.329876,-0.093772,0.494329,-0.179838,1.425974,0.349542
2021-10-21,-3.329796,1.033202,-0.123444,0.634591,0.154776,-2.234075,-0.471340
2021-10-22,-0.447784,0.107358,0.027502,0.084010,-0.154349,2.012734,-0.695912
2021-10-23,,,,,,0.000000,
2021-10-24,,,,,,0.000000,
2021-10-25,0.602948,,0.026590,-0.363990,,-1.173840,0.208818
2021-10-26,-0.910380,0.824238,-0.035201,0.075802,0.127584,0.625603,0.348512
2021-10-27,-1.135973,0.346977,-0.026079,-0.067744,-0.100307,-3.835760,0.459187
2021-10-28,0.712846,-0.019375,-0.067925,-0.052773,-0.538710,0.700590,-0.262656
2021-10-29,-0.262078,1.166815,-0.028977,-0.289891,0.832212,-0.518111,-0.044393
2021-10-30,,,,,,0.000000,
2021-10-31,,,,,,0.000000,
2021-11-01,-0.346170,,-0.161017,0.260165,,2.058973,0.862793
2021-11-02,-0.518669,1.000960,-0.126046,0.531407,0.250348,-0.903296,0.184672
2021-11-03,-0.285365,-1.314111,0.010824,-0.069351,-0.255248,-5.410185,0.587197
2021-11-04,0.037171,1.411828,-0.055106,0.003996,0.489918,-0.900151,-0.243298
2021-11-05,0.597357,0.327079,-0.209659,0.729485,-0.110314,3.246177,-0.092540
2021-11-06,,,,,,0.000000,
2021-11-07,,,,,,0.000000,
2021-11-08,1.734406,,0.016693,-0.154742,,2.377966,0.046624
2021-11-09,-1.042427,-0.298323,0.038796,-0.432924,-0.082225,2.857312,0.537502
2021-11-10,-0.932142,1.272934,0.011633,0.185584,0.982473,-5.094381,0.389196
2021-11-11,1.152998,-0.647026,0.118073,-0.463819,0.264035,-0.259374,-0.739474
2021-11-12,0.783895,0.481677,-0.008652,0.319987,-0.035844,-1.267207,0.679597
2021-11-13,,,,,,0.000000,
2021-11-14,,,,,,0.000000,
2021-11-15,-0.186086,,-0.068693,0.172915,,0.322742,-0.003166
2021-11-16,-1.000169,0.327685,-0.015877,0.357081,0.404732,0.232291,-0.463596
2021-11-17,-1.194252,1.765000,0.013633,-0.250844,-0.117364,-4.204966,0.487978
2021-11-18,1.071424,-0.753838,-0.050947,0.157548,-0.269363,1.582306,0.666023
2021-11-19,1.074698,-0.398418,0.037813,-0.085681,0.548829,-5.337900,-0.272984
2021-11-20,,,,,,0.000000,
2021-11-21,,,,,,0.000000,
2021-11-22,-0.164942,,-0.069466,0.274151,,1.826398,0.131763
2021-11-23,0.746542,-0.042157,0.018608,-0.083199,-0.010570,5.613633,0.089206
2021-11-24,1.266554,-1.538070,-0.123629,0.507542,0.361650,-2.162070,-0.042915
2021-11-25,-0.434940,-1.791071,-0.013690,0.220996,-0.058875,-0.231130,0.162538
2021-11-26,-2.190918,0.997222,-0.148895,0.511701,-0.748772,-21.438483,0.443985
2021-11-27,,,,,,0.000000,
2021-11-28,,,,,,0.000000,
2021-11-29,1.549808,,0.025104,-0.318315,,3.779754,0.138781
2021-11-30,-1.125619,1.417567,0.035472,-0.203904,-0.286356,-8.142560,0.436067
2021-12-01,-0.143548,-0.065026,0.049499,-0.056401,0.149736,-3.497346,0.065696
2021-12-02,0.713158,-2.415397,0.085458,-0.451563,0.087321,4.062397,-0.568110
2021-12-03,-0.459420,0.888197,0.073070,-0.494831,0.048779,-0.890051,-0.223784
2021-12-04,,,,,,0.000000,
2021-12-05,,,,,,0.000000,
2021-12-06,1.317702,,-0.267940,1.026620,,8.960028,-0.149389
2021-12-07,-0.373342,0.101215,0.076908,-0.326834,0.027936,4.195900,-0.685769
2021-12-08,0.909995,0.141152,0.076054,-0.609408,-0.358048,1.415059,-0.378704
2021-12-09,-1.226937,-0.917438,0.021159,0.040750,0.273593,-4.600519,-0.960913
2021-12-10,-1.770262,0.887392,-0.059401,0.528863,-0.180681,3.358098,0.340345
2021-12-11,,,,,,0.000000,
2021-12-12,,,,,,0.000000,
2021-12-13,0.262140,,0.048115,-0.134742,,-2.371701,-0.087079
2021-12-14,-0.517901,0.326570,-0.048696,0.891687,0.215537,-2.439435,0.344292
2021-12-15,-0.898952,-0.591271,0.000332,0.532237,-0.226746,2.812898,0.513752
2021-12-16,1.672676,0.831392,0.033678,0.277867,-0.366138,0.827103,-0.029832
2021-12-17,-0.111796,0.385349,-0.041059,0.199247,0.711702,-4.335083,0.546091
2021-12-18,,,,,,0.000000,
2021-12-19,,,,,,0.000000,
2021-12-20,-0.344354,,0.018827,-0.874823,,-2.356080,0.279260
2021-12-21,1.236163,-0.451974,0.016010,-0.096421,-0.062496,4.912297,0.035859
2021-12-22,0.443183,1.591483,-0.064025,0.737625,0.000000,3.854847,0.340183
2021-12-23,-0.001409,-0.435631,-0.106065,0.744523,-0.410876,2.121312,-0.363832
2021-12-24,-0.195441,-1.066276,-0.003147,0.189725,0.075445,-2.038222,-0.288661
2021-12-25,,,,,,0.000000,
2021-12-26,,,,,,0.000000,
2021-12-27,,,-0.063252,0.477259,,6.814691,-0.034223
2021-12-28,,0.436673,-0.071979,0.180835,0.101850,0.528967,-0.184984
2021-12-29,0.874598,-2.731498,-0.079035,0.337410,-0.275308,0.661318,0.963855
2021-12-30,-0.166183,-0.363315,-0.116041,0.409102,0.066918,0.089922,-0.223583
2021-12-31,1.088396,1.301992,0.026005,0.034562,0.000000,-2.761656,0.150567
2022-01-01,,,,,,0.000000,
2022-01-02,,,,,,0.000000,
2022-01-03,,,,,,2.032753,
2022-01-04,0.262168,,0.042695,-0.812801,0.052367,2.836567,-6.500940
2022-01-05,-0.830934,1.962832,0.030319,-0.216295,-0.098835,-0.020776,-0.039831
2022-01-06,-1.189728,1.206202,0.100358,-0.653151,0.060497,3.539946,0.946988
2022-01-07,0.781822,0.541205,0.018777,0.095311,-0.513414,0.192009,-0.514284
2022-01-08,,,,,,0.000000,
2022-01-09,,,,,,0.000000,
2022-01-10,-1.096850,,-0.062024,0.422430,,-1.676819,-0.011807
2022-01-11,1.369886,-0.905973,-0.070082,0.318945,-0.373065,5.641018,0.331301
2022-01-12,1.662560,-0.256014,-0.071436,0.041586,-0.626779,2.117564,-0.318247
2022-01-13,-0.244972,-0.497116,-0.018491,-0.212239,-0.122393,-1.092934,0.506210
2022-01-14,-1.580824,0.356501,-0.011390,0.032673,0.292987,4.496835,0.553178
2022-01-15,,,,,,0.000000,
2022-01-16,,,,,,0.000000,
2022-01-17,0.252446,,-0.026901,-0.078746,,0.038930,-0.020143
2022-01-18,-0.774248,-2.777954,-0.258578,1.853973,0.493014,3.809540,-0.716504
2022-01-19,0.944090,-3.104408,-0.161252,0.347261,-0.128465,-1.620455,-0.303351
2022-01-20,1.594912,0.642110,-0.006162,-0.257890,0.196341,-0.371915,-1.283773
2022-01-21,-0.887461,0.493788,-0.125131,0.704620,-0.170405,0.722687,-0.012257
2022-01-22,,,,,,0.000000,
2022-01-23,,,,,,0.000000,
2022-01-24,-2.215521,,-0.198131,1.176596,,-1.514986,-0.116643
2022-01-25,1.032507,-2.526081,0.073075,-0.647638,0.105996,1.287215,-0.102916
2022-01-26,0.693357,1.910977,0.140976,-1.155914,0.510272,0.711882,-0.277156
2022-01-27,-1.097133,-0.566520,0.081856,-0.361972,0.764210,0.629690,0.304816
2022-01-28,-1.674524,-0.759863,-0.124850,0.454626,-0.015737,0.145707,0.778810
2022-01-29,,,,,,0.000000,
2022-01-30,,,,,,0.000000,
2022-01-31,,,,,,0.702541,
2022-02-01,,,,,-0.398051,-0.093981,
2022-02-02,,,,,-0.276529,0.014515,
2022-02-03,,,,,-0.675491,2.944037,
2022-02-04,,,,,0.133432,2.420257,
2022-02-05,,,,,,0.000000,
2022-02-06,,,,,,0.000000,
2022-02-07,2.886277,,0.041764,-0.661519,,0.850158,-0.575910
2022-02-08,-0.405497,0.353512,-0.009848,0.320828,0.206783,-2.797855,0.950711
2022-02-09,1.926004,-0.877539,0.076919,-0.415462,-0.053042,0.839879,0.043064
2022-02-10,0.569229,0.103805,-0.008622,0.196457,0.126648,-0.672335,0.124629
2022-02-11,-2.727190,1.275519,0.350590,-1.630197,0.366177,6.019849,-0.136189
2022-02-12,,,,,,0.000000,
2022-02-13,,,,,,0.000000,
2022-02-14,-0.075774,,0.068089,-0.190980,,1.315385,0.390839
2022-02-15,0.808572,-0.822949,-0.011131,0.274580,-0.304371,-3.798092,-0.584410
2022-02-16,-0.171495,3.020138,-0.020446,0.306666,-0.166516,-2.540635,-0.158248
2022-02-17,-0.214552,-1.113581,-0.068644,0.696761,-0.005218,1.589154,-0.229103
2022-02-18,0.399437,-1.608377,0.060895,-0.343889,0.292616,1.329378,0.061377
2022-02-19,,,,,,0.000000,
2022-02-20,,,,,,0.000000,
2022-02-21,-0.256563,,0.253786,-1.407268,,5.963794,0.616631
2022-02-22,-0.099860,0.450198,0.050091,-0.776044,-0.049632,-1.443966,0.320029
2022-02-23,-0.683695,0.149785,-0.068269,0.453039,0.124604,-2.865626,-0.131647
2022-02-24,0.002322,0.823599,-0.046505,0.325038,0.917361,2.035498,0.465455
2022-02-25,0.228159,-0.441037,-0.051684,-0.071250,-0.565501,-2.100447,-0.341800
2022-02-26,,,,,,0.000000,
2022-02-27,,,,,,0.000000,
2022-02-28,0.198502,,-0.045387,0.541936,,5.610385,0.072516
2022-03-01,1.614477,1.471754,0.110533,-0.480992,0.719283,13.682417,-0.444020
2022-03-02,1.951400,-0.169140,0.092879,-0.889935,-0.051859,8.753051,0.789899
2022-03-03,1.174831,-3.259943,0.114400,-0.829774,0.382201,-5.220185,0.323109
2022-03-04,1.585133,0.911581,-0.030122,0.212536,0.799646,9.501921,0.389233
2022-03-05,,,,,,0.000000,
2022-03-06,,,,,,0.000000,
2022-03-07,-1.889308,,-0.015389,0.482703,,7.159323,1.376119
2022-03-08,-0.019732,3.263564,-0.028868,1.252608,-0.132064,5.339953,-0.015514
2022-03-09,-2.729333,-0.617951,0.104428,-0.150708,-1.186077,-19.282464,-0.090063
2022-03-10,1.130609,0.836977,0.034116,0.435749,0.565872,-4.365136,-0.277436
2022-03-11,-0.460314,-0.435257,-0.215677,1.933221,0.617582,3.698945,0.088939
2022-03-12,,,,,,0.000000,
2022-03-13,,,,,,0.000000,
2022-03-14,-1.659304,,-0.179252,0.756636,,-8.042916,1.023839
2022-03-15,0.599598,-0.560193,0.298243,-1.977753,-0.128918,-10.326705,0.716438
2022-03-16,1.798419,-1.600964,-0.023743,0.541186,-0.624321,-1.000442,-1.651649
2022-03-17,0.723766,-0.176139,-0.005128,0.448254,-0.364576,12.942061,-0.554819
2022-03-18,0.500215,0.964524,-0.045400,0.579352,0.214731,-2.209159,-0.750620
2022-03-19,,,,,,0.000000,
2022-03-20,,,,,,0.000000,
2022-03-21,-0.666392,,0.066660,-0.453949,,9.220150,0.577597
2022-03-22,-0.051444,2.064950,0.118626,-0.817152,-0.054537,-1.970390,-0.127260
2022-03-23,1.269186,0.611535,-0.005467,0.112082,0.211482,8.323762,0.062001
2022-03-24,-0.620575,-0.693242,-0.069384,0.280645,0.144249,-3.496605,-0.201396
2022-03-25,0.066339,0.029113,-0.048160,0.375984,0.021154,2.683450,0.905896
2022-03-26,,,,,,0.000000,
2022-03-27,,,,,,0.000000,
2022-03-28,0.770711,,-0.035567,-0.052808,,-13.019674,0.473460
2022-03-29,0.194349,0.860189,0.008022,-0.336281,-0.735208,2.648596,0.282448
2022-03-30,-0.092684,4.147710,-0.079119,0.511791,-0.607374,3.193703,-1.315799
2022-03-31,-0.160218,3.009260,0.031408,-0.148828,0.542431,-7.353828,0.397647
2022-04-01,-0.985068,-3.393661,-0.074538,0.371142,0.212357,-1.303784,-0.666861
2022-04-02,,,,,,0.000000,
2022-04-03,,,,,,0.000000,
2022-04-04,,,,,,4.404802,
2022-04-05,,,,,0.481708,-3.116534,
2022-04-06,0.422979,,-0.107989,0.301730,0.156074,-5.706457,0.410487
2022-04-07,0.149552,2.067271,-0.114220,0.273513,0.125867,-0.350335,-0.013101
2022-04-08,0.705023,1.240463,0.007253,-0.578154,0.071939,1.437288,-0.783544
2022-04-09,,,,,,0.000000,
2022-04-10,,,,,,0.000000,
2022-04-11,-1.053175,,0.058294,-1.050321,,-4.410168,0.900205
2022-04-12,1.022865,-0.216553,0.019054,-0.374237,0.358637,8.174162,-0.596617
2022-04-13,0.104846,1.298250,-0.020456,0.137572,-0.497565,5.403547,0.164506
2022-04-14,0.470491,-1.676174,-0.050709,0.623933,0.465767,3.619892,-0.370395
2022-04-15,,,-0.016568,0.113849,0.214416,-0.076435,-0.512047
2022-04-16,,,,,,0.000000,
2022-04-17,,,,,,0.000000,
2022-04-18,,,0.186359,-1.124611,,1.711804,0.905560
2022-04-19,0.899114,-0.378704,-0.029887,-0.159104,0.196854,-6.617809,0.683389
2022-04-20,-1.113890,4.552843,0.028896,-0.296184,-0.678228,-0.709206,0.519671
2022-04-21,-0.196966,-0.209765,-0.064386,0.210798,0.322101,2.261087,-0.160959
2022-04-22,-2.618063,2.635012,0.019724,-0.132010,0.491697,-4.049823,-0.652100
2022-04-23,,,,,,0.000000,
2022-04-24,,,,,,0.000000,
2022-04-25,-1.790046,,-0.071945,0.360845,,-4.698584,0.109771
2022-04-26,-0.778641,1.857203,-0.000990,-0.162268,-0.004128,3.687135,-0.158048
2022-04-27,0.218403,-0.563328,0.055934,-0.764879,1.199392,-0.024261,-0.451601
2022-04-28,-0.440478,1.797071,0.092054,-0.879196,0.680906,3.282303,-0.397353
2022-04-29,-0.443044,-3.706920,-0.055242,0.258580,-0.438016,-1.574550,-0.142519
2022-04-30,,,,,,0.000000,
2022-05-01,,,,,,0.000000,
2022-05-02,,,,,,2.006961,
2022-05-03,,,,,-0.112609,-2.283764,
2022-05-04,,,,,-0.945549,5.855998,
2022-05-05,-2.610683,,-0.016096,0.005927,1.028038,1.026789,2.857077
2022-05-06,-0.349215,0.438492,0.008832,-0.340990,0.087052,2.757950,1.087110
2022-05-07,,,,,,0.000000,
2022-05-08,,,,,,0.000000,
2022-05-09,,,-0.054960,-0.023364,,-10.043344,1.016624
2022-05-10,-1.646952,-0.510763,-0.059383,0.641854,0.193976,-4.761929,-0.154777
2022-05-11,0.012608,-1.319875,0.045771,-0.747925,0.088676,8.315876,-0.913284
2022-05-12,-2.514031,1.361728,-0.064403,0.003212,0.702774,0.056708,0.567759
2022-05-13,1.212396,0.744403,0.005276,-0.318289,-0.289382,4.286667,-0.198408
2022-05-14,,,,,,0.000000,
2022-05-15,,,,,,0.000000,
2022-05-16,1.287395,,0.021025,-0.910991,,3.410490,0.584175
2022-05-17,-0.357524,,-0.050534,0.369149,-0.892353,-1.754065,-0.850511
2022-05-18,-0.647728,1.586874,-0.072665,0.266942,0.605537,-4.674073,0.161197
2022-05-19,2.317057,2.549222,-0.032937,0.087214,-0.997117,3.042313,0.194656
2022-05-20,-0.047168,0.548640,0.046774,-0.765227,0.135971,1.780942,-0.773288
2022-05-21,,,,,,0.000000,
2022-05-22,,,,,,0.000000,
2022-05-23,0.361495,,-0.080276,0.455732,,0.653163,0.904902
2022-05-24,0.113561,-2.561169,-0.021232,-0.210391,-0.301699,0.537087,0.054257
2022-05-25,-0.070441,0.721920,-0.052648,-0.267369,0.350180,-2.983922,0.431322
2022-05-26,0.365571,-0.864247,-0.234276,0.913063,-0.363446,3.804217,0.195068
2022-05-27,0.656257,-0.201175,-0.015834,-0.164818,-0.110915,1.130156,-0.384295
2022-05-28,,,,,,0.000000,
2022-05-29,,,,,,0.000000,
2022-05-30,1.258364,,0.102679,-0.728224,,2.690069,-0.325108
2022-05-31,-0.660657,0.033472,0.154257,-0.648544,0.120444,-1.758813,-0.461644
2022-06-01,1.126111,0.421227,0.038581,0.070640,0.783029,-0.468380,0.314637
2022-06-02,,-0.393448,0.028472,-0.177541,-0.771434,2.806998,0.063376
2022-06-03,,,,,0.383133,3.255123,
2022-06-04,,,,,,0.000000,
2022-06-05,,,,,,0.000000,
2022-06-06,1.315601,,0.076323,-0.446091,,-1.235276,-0.152291
2022-06-07,-0.383381,2.525499,-0.009224,0.461794,-0.061543,1.145131,-0.660941
2022-06-08,0.211915,2.154000,-0.007906,0.480268,0.220697,3.207028,-0.484680
2022-06-09,-0.234728,-2.880791,-0.038286,-0.005086,0.744676,-1.095243,-0.005282
2022-06-10,-1.754355,-1.156598,-0.014405,-0.046079,0.833368,-1.075674,-0.247317
2022-06-11,,,,,,0.000000,
2022-06-12,,,,,,0.000000,
2022-06-13,-0.577721,,0.038609,-0.385858,,0.588785,0.962928
2022-06-14,-1.292058,1.815828,0.029564,-0.370040,0.240142,-1.350272,-0.431991
2022-06-15,0.066840,0.032762,0.020758,-0.120643,-0.581223,-2.339083,-0.984451
2022-06-16,-0.603547,0.415526,-0.031711,0.364432,-0.993578,0.077411,0.528059
2022-06-17,-1.218064,-1.304392,-0.027255,0.004266,0.801536,-6.384147,-0.631264
2022-06-18,,,,,,0.000000,
2022-06-19,,,,,,0.000000,
2022-06-20,0.002797,,0.061356,-0.715265,,0.807392,-0.034873
2022-06-21,-0.131576,-1.245615,0.013676,-0.233969,-0.076677,0.725164,-0.320402
2022-06-22,-1.238717,0.863308,-0.017054,0.306513,-0.199482,-6.226118,0.324472
2022-06-23,-3.315563,1.480334,-0.005272,-0.023045,0.186170,-4.857201,-0.437287
2022-06-24,0.682777,-0.776354,0.064685,-0.414469,-0.268725,3.756588,-0.398716
2022-06-25,,,,,,0.000000,
2022-06-26,,,,,,0.000000,
2022-06-27,-0.496108,,0.178782,-0.958884,,2.758893,-0.393170
2022-06-28,-0.282191,0.478820,0.042701,-0.023843,0.521164,3.358295,-0.228057
2022-06-29,0.207488,1.406704,-0.010904,0.018240,0.584698,-2.112865,0.207285
2022-06-30,-1.347664,0.456128,-0.066473,0.719228,-0.388145,-3.948188,-0.614217
2022-07-01,,-0.059754,-0.018571,0.215132,0.391094,3.092483,1.487184
2022-07-02,,,,,,0.000000,
2022-07-03,,,,,,0.000000,
2022-07-04,-2.759494,,0.131064,-0.879174,,2.914860,0.033060
2022-07-05,-3.572173,1.657433,0.034136,-0.740723,1.270321,-11.697032,-0.134646
2022-07-06,0.106322,1.302088,-0.044218,0.373239,0.526115,-7.118206,0.431341
2022-07-07,2.644105,1.546431,0.001901,-0.190846,-0.010553,6.101327,0.088881
2022-07-08,-0.829378,-0.194571,0.042813,0.000080,-0.164979,4.112647,-0.024522
2022-07-09,,,,,,0.000000,
2022-07-10,,,,,,0.000000,
2022-07-11,-1.840344,,-0.064048,0.253372,,-0.924748,0.676084
2022-07-12,-3.358301,0.316828,-0.106600,0.454087,-0.057492,-10.294923,0.045830
2022-07-13,1.586247,-0.916333,-0.049174,-0.085341,-0.103514,0.837372,0.116061
2022-07-14,-3.389117,-1.062712,-0.088634,0.186849,0.547068,-0.029686,0.389616
2022-07-15,0.428788,-1.067674,-0.054296,0.014869,-0.605857,1.892551,0.516978
2022-07-16,,,,,,0.000000,
2022-07-17,,,,,,0.000000,
2022-07-18,2.449964,,-0.031378,-0.106688,,6.260693,0.379663
2022-07-19,-0.856153,-1.062004,0.001153,-0.422706,-0.701412,2.209794,0.749226
2022-07-20,0.270874,0.969679,-0.090702,0.048018,0.304665,-1.058530,0.237823
2022-07-21,-0.473813,-1.192768,-0.066616,0.395747,-0.437450,-3.668996,0.536197
2022-07-22,1.178514,-1.911415,0.060611,-0.658786,-0.014546,-7.360721,-0.313037
2022-07-23,,,,,,0.000000,
2022-07-24,,,,,,0.000000,
2022-07-25,0.678625,,-0.032489,-0.322641,,1.802876,-0.100198
2022-07-26,0.961427,0.683053,-0.071522,0.319072,0.639330,-0.317154,-0.064888
2022-07-27,1.064550,-0.184094,-0.023336,0.341114,-0.701009,3.825332,0.593722
2022-07-28,1.025304,-2.275692,0.068545,-0.747560,-0.301432,0.160182,0.353102
2022-07-29,1.356306,-0.543766,-0.155843,0.742799,-0.310847,2.322082,0.581405
2022-07-30,,,,,,0.000000,
2022-07-31,,,,,,0.000000,
2022-08-01,-1.111015,,-0.157240,0.501799,,-5.921077,-0.016198
2022-08-02,-0.303549,0.617574,-0.046296,0.168730,0.886101,-0.051006,0.602060
2022-08-03,-0.269871,-2.916889,-0.040134,0.623517,0.069291,-4.369742,0.500198
2022-08-04,0.580925,-1.922900,-0.083983,0.652736,-0.617596,-5.432742,-0.810153
2022-08-05,1.144164,0.138988,0.090698,-0.746867,0.778181,1.712168,-0.216269
2022-08-06,,,,,,0.000000,
2022-08-07,,,,,,0.000000,
2022-08-08,0.649985,,0.044806,-0.742552,,2.892780,0.547980
2022-08-09,0.596891,-0.750603,0.053187,-0.485987,-0.067233,-0.071245,-0.315290
2022-08-10,1.245446,-2.004920,-0.012951,-0.072190,-1.028873,0.908750,0.967364
2022-08-11,0.851006,-0.072074,0.013197,-0.427365,-0.111159,3.609641,-0.778297
2022-08-12,-0.320273,0.212148,-0.011804,0.477106,0.543399,-2.174915,-0.135473
2022-08-13,,,,,,0.000000,
2022-08-14,,,,,,0.000000,
2022-08-15,-0.794725,,-0.422048,2.054660,,-6.850899,0.193497
2022-08-16,-0.199498,0.617440,-0.142407,0.473264,-0.051931,-1.500083,0.344506
2022-08-17,-1.143832,0.916685,0.005298,-0.727248,0.176530,0.366295,-0.557621
2022-08-18,1.054278,0.132078,-0.171183,0.826961,0.811247,5.708616,1.091514
2022-08-19,0.914269,-1.256952,-0.069627,-0.147818,0.550210,-0.642086,-0.200901
2022-08-20,,,,,,0.000000,
2022-08-21,,,,,,0.000000,
2022-08-22,-0.525416,,-0.027642,-0.295272,,0.866786,-0.160218
2022-08-23,0.441881,1.363197,0.079451,-0.825426,-0.398507,5.201630,0.418861
2022-08-24,-1.155431,-0.418845,0.008868,0.106975,0.097797,2.299373,-0.080289
2022-08-25,1.161351,2.005647,0.164240,-0.031964,-0.202975,-4.065255,-0.493440
2022-08-26,-0.144752,0.229398,0.025511,0.033684,0.396813,-0.203209,0.118464
2022-08-27,,,,,,0.000000,
2022-08-28,,,,,,0.000000,
2022-08-29,,,-0.108032,0.510119,,6.015012,0.451327
2022-08-30,-2.630060,-1.347507,-0.075943,0.833102,0.039797,-6.654130,0.110947
2022-08-31,-0.588926,0.797960,-0.000976,0.188382,-0.133606,-5.478767,-1.166933
2022-09-01,-2.095717,-1.537592,-0.085885,0.413109,0.902525,-4.590285,4.160780
2022-09-02,0.413971,-1.545205,-0.039014,0.219214,-0.048158,1.667528,0.682600
2022-09-03,,,,,,0.000000,
2022-09-04,,,,,,0.000000,
2022-09-05,0.993861,,-0.050371,0.061155,,3.245818,0.167660
2022-09-06,-0.239675,0.804888,-0.031347,0.041261,0.381083,-3.882803,0.050621
2022-09-07,-0.661195,0.217872,0.010962,-0.235277,-0.596122,-9.282044,0.291890
2022-09-08,2.360909,-0.649831,0.032325,-0.295522,0.063584,1.351336,-0.029338
2022-09-09,0.303568,0.340046,0.052652,-0.114468,-0.628769,6.587305,-0.813923
2022-09-10,,,,,,0.000000,
2022-09-11,,,,,,0.000000,
2022-09-12,,,,,,3.039265,
2022-09-13,-0.313659,,0.048370,-0.717226,1.476658,-1.107449,-0.373495
2022-09-14,-0.563311,-2.304297,0.067026,-0.172518,-0.248400,1.660963,0.330550
2022-09-15,-0.770619,-1.743637,-0.016028,0.165659,0.036019,-6.394250,-0.398763
2022-09-16,0.928728,-1.795326,0.076422,-0.642421,-0.023616,1.190855,0.673944
2022-09-17,,,,,,0.000000,
2022-09-18,,,,,,0.000000,
2022-09-19,-0.731242,,0.004804,0.250305,,0.348352,-0.421883
2022-09-20,-0.358312,-1.082257,-0.055352,0.653773,0.549335,-1.527173,0.375676
2022-09-21,-0.996130,1.328537,-0.056053,0.505281,1.060163,-3.349552,0.673974
2022-09-22,0.402195,1.057437,-0.003009,0.282582,-0.075630,0.535239,0.541707
2022-09-23,-2.411081,1.406895,0.084292,-0.264747,1.554498,-6.720726,-0.466931
2022-09-24,,,,,,0.000000,
2022-09-25,,,,,,0.000000,
2022-09-26,-1.491459,,0.181763,-1.197024,,-5.434594,-0.335016
2022-09-27,-0.273763,0.002329,0.005545,0.194309,0.039426,3.385016,-0.168669
2022-09-28,2.010265,1.917048,0.150573,0.115124,-1.271101,6.519926,-0.014855
2022-09-29,0.368014,-2.631924,0.070018,-0.166148,-0.665638,-0.648730,0.012510
2022-09-30,-0.233925,-2.172562,0.151561,-0.217582,0.161698,-3.230685,-0.094117
2022-10-01,,,,,,0.000000,
2022-10-02,,,,,,0.000000,
2022-10-03,,,,,,5.723772,
2022-10-04,,,,,-1.315867,5.467942,
2022-10-05,,,,,0.920961,3.283141,
2022-10-06,,,,,0.950511,1.855038,
2022-10-07,,,,,0.439967,5.638771,
2022-10-08,,,,,,0.000000,
2022-10-09,,,,,,0.000000,
2022-10-10,0.799368,,-0.137175,0.838875,,-3.777271,0.811041
2022-10-11,0.196964,0.710922,-0.040618,0.294070,0.120997,-3.556450,0.122666
2022-10-12,-0.786310,0.509669,0.006945,-0.324433,-0.024099,-2.258502,0.116208
2022-10-13,0.683314,-0.964300,-0.068372,0.517671,-0.714761,3.658580,0.921997
2022-10-14,-1.121667,-3.501435,-0.140844,0.399420,0.752452,-5.253396,-0.681625
2022-10-15,,,,,,0.000000,
2022-10-16,,,,,,0.000000,
2022-10-17,0.235059,,-0.011823,-0.101512,,0.913651,0.335408
2022-10-18,-1.223352,1.618056,-0.001386,-0.241849,-0.056041,-2.298262,0.308795
2022-10-19,-0.543297,-0.210690,-0.008316,0.258631,0.781193,3.186475,0.784118
2022-10-20,1.825727,-1.935839,0.064997,-0.281603,-0.072297,0.166788,0.284985
2022-10-21,1.020926,0.493487,0.024640,-0.190048,-0.869517,1.425743,0.292446
2022-10-22,,,,,,0.000000,
2022-10-23,,,,,,0.000000,
2022-10-24,-0.447384,,-0.037365,-0.144378,,-0.305487,1.612598
2022-10-25,-0.523745,0.272431,0.030919,0.043058,-1.015056,-0.593841,-0.069563
2022-10-26,2.722357,-0.238143,-0.042012,0.502870,-1.069303,1.885587,0.224503
2022-10-27,-0.226468,-0.494851,-0.093587,0.621222,0.809128,0.993453,0.536588
2022-10-28,-1.768127,0.004119,-0.096430,0.105617,0.078548,-0.898595,0.254948
2022-10-29,,,,,,0.000000,
2022-10-30,,,,,,0.000000,
2022-10-31,-1.043779,,-0.121139,0.343654,,-2.299397,0.849873
2022-11-01,2.218932,-0.823099,0.088663,-0.578893,-0.038268,3.194155,0.754360
2022-11-02,-0.213202,2.200709,0.085810,-0.485947,0.499285,1.091663,-0.357729
2022-11-03,-0.457066,0.875474,-0.010343,0.042376,0.768450,-1.697482,0.731005
2022-11-04,6.112556,0.755634,0.081147,-0.224263,-1.966653,6.535633,-1.440145
2022-11-05,,,,,,0.000000,
2022-11-06,,,,,,0.000000,
2022-11-07,-2.065354,,0.006195,-0.095793,,-1.084619,-0.197444
2022-11-08,1.198820,4.046841,0.013369,-0.327604,-0.503137,-4.410894,0.393159
2022-11-09,0.530587,-1.897736,0.022584,0.139084,0.721254,-4.333919,0.655723
2022-11-10,1.270765,-0.201857,0.031724,0.046308,-2.329885,1.584150,0.183390
2022-11-11,3.264583,1.649307,0.186226,-0.435955,-1.377948,3.902225,-1.618380
2022-11-12,,,,,,0.000000,
2022-11-13,,,,,,0.000000,
2022-11-14,-1.566940,,0.673415,-2.167901,,-5.289363,-0.189625
2022-11-15,-0.253371,0.179757,-0.019496,1.917117,-0.314530,2.100342,-0.445265
2022-11-16,-0.817713,-0.359657,0.133918,0.024150,-0.253223,-2.024892,0.310699
2022-11-17,-1.466865,1.408714,-0.119028,4.152005,0.361551,-4.503040,0.488066
2022-11-18,-0.696401,0.101905,0.001316,1.012438,0.270915,-4.134844,0.075563
2022-11-19,,,,,,0.000000,
2022-11-20,,,,,,0.000000,
2022-11-21,-1.351778,,-0.065135,1.129606,,0.146332,0.689151
2022-11-22,1.573760,-1.631159,0.032562,0.225185,-0.608306,-0.196317,-0.493796
2022-11-23,0.434761,0.238010,-0.148253,0.938367,-0.961039,-5.945018,-0.172427
2022-11-24,0.207367,-0.612259,-0.102432,-0.135500,-0.266031,1.195038,0.400967
2022-11-25,-0.459823,0.922567,0.191325,-0.655035,0.198835,-2.322261,-0.589328
2022-11-26,,,,,,0.000000,
2022-11-27,,,,,,0.000000,
2022-11-28,0.480504,,0.153818,-0.489186,,-1.355828,0.609012
2022-11-29,1.184728,-0.468580,0.242558,-0.860478,0.128719,3.330221,-1.352950
2022-11-30,2.195334,0.333405,0.036893,0.707997,-0.785853,3.249713,-0.078276
2022-12-01,0.170912,0.560490,-0.070142,1.098100,-1.208387,1.332015,-0.482298
2022-12-02,1.112766,-1.513015,-0.013198,0.919381,-0.185265,-3.355421,0.485636
2022-12-03,,,,,,0.000000,
2022-12-04,,,,,,0.000000,
2022-12-05,-1.282373,,0.062127,0.232604,,-4.675938,-0.918331
2022-12-06,0.245908,-2.316944,0.143543,0.800983,0.277087,-6.708194,-0.491781
2022-12-07,0.923171,-1.507241,-0.047843,2.400023,-0.347121,-5.054346,0.016849
2022-12-08,0.179809,-1.461341,-0.040884,1.333857,-0.364452,-1.977425,-0.227929
2022-12-09,-0.367689,1.301575,0.075421,0.449260,0.104986,0.701062,-0.582476
2022-12-10,,,,,,0.000000,
2022-12-11,,,,,,0.000000,
2022-12-12,-2.025411,,0.010082,0.718404,,2.816358,0.629277
2022-12-13,0.621155,-1.876702,0.101294,0.960472,-0.952801,5.032136,-0.074644
2022-12-14,0.515175,0.781216,-0.185559,2.089068,-0.372946,4.916883,-0.384451
2022-12-15,-2.027391,0.624083,0.023455,0.615267,0.938469,-2.716517,0.230331
2022-12-16,0.049856,-1.252560,0.014951,-0.645202,0.230029,-4.600702,-0.337988
2022-12-17,,,,,,0.000000,
2022-12-18,,,,,,0.000000,
2022-12-19,0.137662,,-0.151886,0.912397,,1.651560,0.120056
2022-12-20,0.911880,-0.633950,-0.011630,-0.318291,-0.683075,-0.856020,0.881396
2022-12-21,0.387296,-0.792039,-0.023502,-0.327570,0.281713,6.104752,-0.350312
2022-12-22,-1.179406,-1.666502,-0.064294,0.989783,0.116181,-0.735695,-0.689395
2022-12-23,0.758675,-0.787539,-0.086567,0.963272,-0.055102,4.266127,-0.003523
2022-12-24,,,,,,0.000000,
2022-12-25,,,,,,0.000000,
2022-12-26,,,0.034997,-0.553894,,0.281645,0.390520
2022-12-27,,,0.078767,-1.097484,0.031866,1.220885,-0.562650
2022-12-28,-0.117963,0.488928,-0.020604,-0.024133,0.314090,-2.678831,0.026218
2022-12-29,0.260136,0.656479,-0.101145,0.789910,-0.531790,-0.127814,0.155691
2022-12-30,-1.545698,0.796665,-0.046009,0.427754,-0.467744,4.312365,-0.091561
2022-12-31,,,,,,0.000000,
2023-01-01,,,,,,0.000000,
2023-01-02,,,,,,-0.058291,
2023-01-03,-0.217590,,-0.043027,-0.644033,0.869405,-6.828172,0.571664
2023-01-04,-0.622017,-1.497045,-0.079259,-0.334142,-0.390062,-9.078742,-0.046733
2023-01-05,2.317712,-1.432953,0.025892,-0.855478,0.817523,1.619525,-0.965606
2023-01-06,1.440200,-1.801103,0.068996,-1.076070,-1.161271,-0.609646,-0.302149
2023-01-07,,,,,,0.000000,
2023-01-08,,,,,,0.000000,
2023-01-09,1.739820,,0.027480,-0.484847,,2.755091,-0.358410
2023-01-10,1.482361,-1.473438,0.128037,-0.830597,0.097153,-0.331755,-0.135251
2023-01-11,1.880222,-0.512078,0.015656,0.298265,-0.040961,7.190697,-0.154153
2023-01-12,-0.204780,0.305022,-0.020517,0.500555,-0.966424,1.790210,-0.149810
2023-01-13,1.211390,0.896673,0.067498,-0.567522,-0.084140,3.231078,-0.676005
2023-01-14,,,,,,0.000000,
2023-01-15,,,,,,0.000000,
2023-01-16,-1.395417,,0.139179,-0.922716,,-2.658163,-0.673029
2023-01-17,1.786414,-1.010745,-0.060084,0.434856,0.024810,4.917643,0.088588
2023-01-18,-0.222611,-1.054574,0.037053,0.404891,0.015430,-3.727978,0.264223
2023-01-19,0.288789,-0.084029,0.005365,-0.387626,-0.326688,3.281244,-0.019346
2023-01-20,0.348045,0.364566,0.025840,0.197693,-0.073113,2.311471,-0.035120
2023-01-21,,,,,,0.000000,
2023-01-22,,,,,,0.000000,
2023-01-23,,,,,,0.765943,
2023-01-24,,,,,-0.121310,-2.947366,
2023-01-25,,,,,-0.260770,-0.562526,
2023-01-26,,,,,0.171042,2.386888,
2023-01-27,,,,,0.103368,-2.272516,
2023-01-28,,,,,,0.000000,
2023-01-29,,,,,,0.000000,
2023-01-30,-0.658239,,-0.013705,-0.748618,,-2.915477,-0.050491
2023-01-31,1.304614,-1.135473,-0.024433,0.362071,-0.124013,1.599497,0.806673
2023-02-01,-1.859183,1.107313,0.034257,-0.010274,-0.933794,-4.748780,-0.040207
2023-02-02,-0.258735,-0.520485,-0.011723,0.011747,0.584617,-1.844218,0.315535
2023-02-03,-0.886338,-0.789892,-0.017830,0.207866,1.219198,-4.504313,0.593273
2023-02-04,,,,,,0.000000,
2023-02-05,,,,,,0.000000,
2023-02-06,0.451373,,0.029635,-0.581106,,3.019551,0.719539
2023-02-07,0.094562,1.956790,-0.010072,-0.524749,-0.277516,5.094183,0.113080
2023-02-08,-0.446663,-1.812099,-0.005366,-0.327564,0.128901,1.738500,0.007173
2023-02-09,-0.062412,-2.757311,-0.009328,-0.116885,-0.250024,-1.722320,-0.220350
2023-02-10,-1.034735,0.855287,-0.002311,-0.133550,0.343043,4.641464,0.279961
2023-02-11,,,,,,0.000000,
2023-02-12,,,,,,0.000000,
2023-02-13,0.637281,,-0.005035,-0.547537,,-1.377278,-0.116411
2023-02-14,0.469060,1.022036,-0.005942,-0.399510,-0.011039,-0.979614,0.070310
2023-02-15,-1.232938,0.597621,0.003219,-0.376881,0.581011,0.295224,0.349942
2023-02-16,1.577605,0.823090,-0.017083,-0.529266,0.156431,-1.037625,-0.254807
2023-02-17,0.009408,1.919253,0.007344,-0.491610,-0.137947,-3.323160,0.587615
2023-02-18,,,,,,0.000000,
2023-02-19,,,,,,0.000000,
2023-02-20,0.183166,,0.075291,-1.328206,,1.414172,-0.946147
2023-02-21,0.381785,0.035078,0.060555,-0.333666,0.301786,-2.101716,0.023786
2023-02-22,-0.664519,2.133119,-0.027184,0.349315,0.310254,-4.326173,0.627808
2023-02-23,-2.068563,-1.696191,0.013715,-0.467983,0.078799,3.461984,-0.170025
2023-02-24,-1.595463,0.840684,-0.000826,-0.336044,0.620665,1.176351,0.682146
2023-02-25,,,,,,0.000000,
2023-02-26,,,,,,0.000000,
2023-02-27,1.146941,,0.011734,-0.578658,,-1.541294,-0.003380
2023-02-28,1.533273,-1.108737,0.001735,-0.056637,0.319216,2.114580,-0.044915
2023-03-01,1.142179,0.610632,-0.014213,-0.216507,-0.573715,2.582330,-0.542592
2023-03-02,-1.728268,-1.222681,0.024295,-0.390692,0.566761,-0.165330,0.091233
2023-03-03,-0.116107,0.079660,0.017522,-0.471535,-0.430246,3.222418,-0.205585
2023-03-04,,,,,,0.000000,
2023-03-05,,,,,,0.000000,
2023-03-06,0.476190,,-0.118298,0.573618,,0.460969,0.408270
2023-03-07,-1.521873,1.018587,-0.034505,0.198697,1.295123,-5.982437,0.207473
2023-03-08,0.493027,0.932054,0.001816,-0.366150,0.060761,-0.986353,0.545417
2023-03-09,-0.417617,0.437883,-0.026243,-0.260502,-0.426291,-1.954285,0.227738
2023-03-10,-0.659975,0.079868,-0.056835,-0.065983,-0.565050,1.986345,0.437505
2023-03-11,,,,,,0.000000,
2023-03-12,,,,,,0.000000,
2023-03-13,1.258291,,0.002556,-0.416206,,-3.563875,-0.362231
2023-03-14,-1.229567,-0.459872,-0.024490,-0.295575,0.050750,-6.627503,0.077161
2023-03-15,-2.255064,-0.540550,0.008410,-0.480769,1.039898,-7.499630,0.143039
2023-03-16,0.159915,0.537832,-0.083080,0.052948,-0.294166,-0.037980,-0.097635
2023-03-17,0.606161,0.732142,-0.050161,-0.284372,-0.560222,-4.138857,0.094189
2023-03-18,,,,,,0.000000,
2023-03-19,,,,,,0.000000,
2023-03-20,0.777265,,-0.073836,0.470315,,2.657228,0.288127
2023-03-21,0.640576,0.181463,0.014812,-0.309607,-0.076991,2.984680,-0.435097
2023-03-22,1.033290,-0.103171,0.035805,-0.744966,-0.640393,1.549330,-0.056922
2023-03-23,0.579993,-0.295770,0.010374,0.058777,0.044841,-0.652598,-0.322327
2023-03-24,-0.281050,0.701673,0.047683,-0.472868,0.485338,-0.999997,0.208405
2023-03-25,,,,,,0.000000,
2023-03-26,,,,,,0.000000,
2023-03-27,0.499035,,-0.050318,-0.013546,,7.057779,0.367697
2023-03-28,-0.208624,-0.146435,0.007987,-0.039694,-0.411563,1.417697,-0.196635
2023-03-29,0.195805,1.366380,-0.002388,0.175414,0.224894,-1.916505,-0.097768
2023-03-30,0.042585,-0.206749,-0.011115,0.112080,-0.462821,2.214662,-0.451089
2023-03-31,-0.119701,0.428884,0.013420,-0.297268,0.408643,2.871705,0.478914
2023-04-01,,,,,,0.000000,
2023-04-02,,,,,,0.000000,
2023-04-03,-0.788961,,0.027340,-0.187649,,9.507757,0.118479
2023-04-04,-1.203036,0.031974,0.013838,-0.355650,-0.477893,0.731520,-0.311669
2023-04-05,,,,,0.311685,-0.601352,
2023-04-06,1.268898,,0.008732,-0.428117,0.020902,0.283830,0.244616
2023-04-07,,,-0.034511,-0.301065,0.184391,-0.288463,-0.092255
2023-04-08,,,,,,0.000000,
2023-04-09,,,,,,0.000000,
2023-04-10,,,-0.031371,0.089067,,-1.483099,-0.424985
2023-04-11,0.187836,-0.899419,-0.101868,0.224544,-0.392372,2.403233,0.035125
2023-04-12,0.460737,0.045120,-0.086317,0.040063,-0.610368,2.953677,0.412635
2023-04-13,0.957481,-1.067630,0.027696,-0.428365,-0.508433,-1.632807,0.044386
2023-04-14,-0.252707,-0.811389,0.005096,-0.303113,0.555501,0.444961,-0.044386
2023-04-15,,,,,,0.000000,
2023-04-16,,,,,,0.000000,
2023-04-17,-0.622070,,0.056815,-0.823582,,-3.221422,-0.471738
2023-04-18,0.053387,,-0.023026,-0.094331,-0.360379,0.057560,-0.346061
2023-04-19,-0.111842,0.261996,-0.054830,0.366996,0.209341,-3.883465,0.238528
2023-04-20,-0.901423,-0.717595,-0.013559,-0.345379,-0.159126,-4.050396,0.310691
2023-04-21,-0.838836,0.367279,-0.038941,-0.151775,-0.066631,1.732161,0.006123
2023-04-22,,,,,,0.000000,
2023-04-23,,,,,,0.000000,
2023-04-24,-0.407747,,-0.067905,0.016214,,1.249816,0.697025
2023-04-25,-2.080803,-0.301676,-0.013461,0.170967,0.498552,-3.501523,0.367098
2023-04-26,0.124485,0.378016,-0.032659,0.344594,-0.395784,-5.841627,0.283118
2023-04-27,0.508110,0.281042,-0.119221,0.710795,0.035382,1.043279,-0.622285
2023-04-28,0.281395,1.859744,-0.017289,-0.240755,0.180462,4.181212,0.897933
2023-04-29,,,,,,0.000000,
2023-04-30,,,,,,0.000000,
2023-05-01,,,,,,-1.846598,
2023-05-02,,,,,-0.144275,-9.150047,
2023-05-03,,,,,-0.669896,-7.812442,
2023-05-04,-0.527887,,-0.105882,-0.034413,0.158752,1.479820,2.986540
2023-05-05,0.434063,-0.549328,-0.130785,0.352486,-0.141374,6.842907,-0.271857
2023-05-06,,,,,,0.000000,
2023-05-07,,,,,,0.000000,
2023-05-08,,,0.049464,-0.853884,,2.981102,-0.385540
2023-05-09,0.358361,-0.085715,-0.008914,0.163298,0.260139,1.503303,0.047792
2023-05-10,-1.218798,2.101242,-0.100774,0.411726,-0.214090,-1.818909,0.449555
2023-05-11,-3.014272,0.395792,-0.128496,0.964551,0.630320,-2.627682,-0.060586
2023-05-12,0.742692,-0.426389,0.026274,-0.362054,0.610502,-2.750210,0.383898
2023-05-13,,,,,,0.000000,
2023-05-14,,,,,,0.000000,
2023-05-15,0.528788,,0.042852,-0.356530,,3.454752,-0.757727
2023-05-16,-2.082921,1.015762,0.025067,-0.371075,0.163088,-1.477307,-0.114034
2023-05-17,1.771261,1.022470,0.032425,-0.123998,0.270867,4.593246,0.503384
2023-05-18,-1.480377,-0.493016,0.038319,-0.402808,0.648823,-1.601378,0.390205
2023-05-19,1.004840,-0.728186,-0.048366,0.521250,-0.349029,-0.686822,0.248614
2023-05-20,,,,,,0.000000,
2023-05-21,,,,,,0.000000,
2023-05-22,-0.906089,,-0.045567,0.547023,,1.569467,-0.496366
2023-05-23,-0.479951,-0.493162,-0.105916,0.877508,0.274500,3.200106,0.427097
2023-05-24,-1.434654,-0.276138,-0.004893,-0.315161,0.366660,1.428920,0.681175
2023-05-25,0.992048,0.464933,0.032463,-0.303438,0.304319,-4.597330,0.055145
2023-05-26,,0.514286,0.059570,-0.173594,-0.012953,2.403727,0.446125
2023-05-27,,,,,,0.000000,
2023-05-28,,,,,,0.000000,
2023-05-29,,,-0.008815,0.104526,,-0.307082,0.235826
2023-05-30,1.524342,-1.678328,-0.037456,0.563105,-0.231641,-7.412777,0.320796
2023-05-31,0.139807,0.148183,-0.037035,0.156427,0.164594,-4.053866,0.740953
2023-06-01,1.447215,0.787185,-0.076392,0.806700,-0.644265,5.278177,-0.106586
2023-06-02,0.249011,-4.337682,0.055922,-0.286950,0.476404,4.842452,-0.799623
2023-06-03,,,,,,0.000000,
2023-06-04,,,,,,0.000000,
2023-06-05,0.749267,,0.008889,0.108541,,0.097807,0.432575
2023-06-06,-0.035435,1.127829,-0.052993,0.666265,0.133838,-0.747959,-0.314287
2023-06-07,-0.266557,0.446113,-0.051580,0.228367,-0.025639,1.497668,0.376059
2023-06-08,0.378543,-0.060535,0.015724,-0.546195,-0.774862,-2.432431,-0.757374
2023-06-09,-0.660905,-0.974169,-0.080304,0.323246,0.227962,-1.072118,0.093820
2023-06-10,,,,,,0.000000,
2023-06-11,,,,,,0.000000,
2023-06-12,-0.228788,,-0.038989,0.234169,,-7.169940,0.010687
2023-06-13,1.313606,0.643146,-0.170021,0.384761,-0.327669,5.066990,-0.180980
2023-06-14,0.915496,0.209162,-0.087703,0.551166,-0.266211,-1.089020,0.175754
2023-06-15,0.401802,1.111069,0.168327,-1.106439,-0.850482,4.612308,-1.024577
2023-06-16,0.576452,0.017992,0.160304,-0.640919,0.170012,1.530145,-0.236832
2023-06-17,,,,,,0.000000,
2023-06-18,,,,,,0.000000,
2023-06-19,-0.269349,,0.133484,-0.344327,,-0.589105,0.738869
2023-06-20,0.573620,-0.280900,-0.060082,0.462799,0.041456,-1.696473,0.034065
2023-06-21,0.263283,-0.199617,-0.065991,0.755206,-0.443250,3.539937,0.059855
2023-06-22,,,,,0.308089,-6.234677,
2023-06-23,,,,,0.468428,0.606056,
2023-06-24,,,,,,0.000000,
2023-06-25,,,,,,0.000000,
2023-06-26,-1.579123,,-0.045842,0.265149,,-0.269901,0.233817
2023-06-27,-0.325775,-1.838200,0.039979,-0.268446,-0.187711,-3.404165,-0.072843
2023-06-28,-0.505546,0.012303,-0.034443,0.735759,0.477261,2.256531,-0.150955
2023-06-29,-0.725449,-0.033263,-0.034187,0.215001,0.368646,1.356208,0.496578
2023-06-30,1.443445,-2.503987,-0.117692,0.621547,0.000000,1.617525,0.095734
2023-07-01,,,,,,0.000000,
2023-07-02,,,,,,0.000000,
2023-07-03,0.559860,,0.003414,-0.264545,,-0.521391,-3.787912
2023-07-04,-0.243684,1.007622,0.000163,0.197063,0.127331,2.602331,0.123504
2023-07-05,-1.081102,1.464234,-0.020727,-0.091756,0.248759,0.903827,0.200347
2023-07-06,-0.291528,0.227508,-0.035916,0.079531,-0.240612,0.640723,0.314476
2023-07-07,0.938738,-0.229015,-0.019984,-0.064107,-0.864112,3.711657,-0.007991
2023-07-08,,,,,,0.000000,
2023-07-09,,,,,,0.000000,
2023-07-10,-0.120307,,-0.009991,-0.291292,,-1.130552,-0.307328
2023-07-11,-0.865624,-1.891719,-0.053997,-0.071387,-0.296459,3.308183,-0.167242
2023-07-12,1.805391,-0.448474,-0.007793,-0.416700,-1.044383,1.829209,-0.116102
2023-07-13,1.714049,-2.434425,-0.011688,-0.396747,-0.836434,2.664522,-0.631551
2023-07-14,-0.349867,0.940797,0.030764,-0.189833,0.206689,-4.015569,0.000000
2023-07-15,,,,,,0.000000,
2023-07-16,,,,,,0.000000,
2023-07-17,,,-0.048943,0.111787,,-2.101591,0.345400
2023-07-18,-1.709932,0.803676,-0.083950,0.024015,0.046537,2.532764,0.267667
2023-07-19,-0.431183,0.308847,-0.025212,0.070267,0.343998,-0.687534,0.033097
2023-07-20,0.164442,-0.051788,-0.015724,-0.098687,0.535313,0.115981,-0.011423
2023-07-21,0.158722,-0.014429,-0.092753,0.101430,0.255853,2.469609,0.033273
2023-07-22,,,,,,0.000000,
2023-07-23,,,,,,0.000000,
2023-07-24,1.057970,,-0.102778,-0.116021,,3.753626,0.289559
2023-07-25,1.334088,-1.442106,0.342004,-1.120050,-0.121387,-0.026081,-1.301626
2023-07-26,-0.375996,-1.741828,-0.071479,0.336606,-0.237178,-0.205140,-0.078948
2023-07-27,-0.990697,-0.245257,-0.095496,0.655718,0.722335,1.450246,-0.203804
2023-07-28,1.296298,0.310784,0.046764,-0.183158,-0.046198,1.491868,-1.078785
2023-07-29,,,,,,0.000000,
2023-07-30,,,,,,0.000000,
2023-07-31,1.618785,,0.074040,-0.473219,,1.754218,-0.002828
2023-08-01,-1.728259,0.007246,-0.032121,0.614924,0.327403,0.772140,0.274747
2023-08-02,-1.246147,0.417672,-0.045892,0.094487,0.412308,-3.961642,0.402609
2023-08-03,1.519454,-0.085866,-0.059887,0.627065,-0.152013,3.499009,-0.525656
2023-08-04,-0.875485,0.589338,-0.007048,-0.360743,-0.464784,1.704889,-0.040885
2023-08-05,,,,,,0.000000,
2023-08-06,,,,,,0.000000,
2023-08-07,-0.640773,,-0.014823,-0.111520,,-0.689063,0.284724
2023-08-08,-1.066856,-0.473990,-0.010772,-0.208146,0.453156,0.641535,-0.019007
2023-08-09,0.254993,0.644753,-0.002916,-0.102077,-0.032677,2.413006,-0.107493
2023-08-10,-0.550195,-0.463553,0.023893,-0.478675,0.132493,-2.233999,-0.063063
2023-08-11,-0.133289,0.587102,-0.020573,-0.212491,0.231515,0.911661,0.784238
2023-08-12,,,,,,0.000000,
2023-08-13,,,,,,0.000000,
2023-08-14,-0.096460,,-0.099242,0.140560,,-0.888837,0.626383
2023-08-15,-1.009214,-0.873589,-0.183572,0.178488,0.041963,-2.033168,-0.141082
2023-08-16,-0.053293,1.279658,-0.065797,0.373388,0.230630,-3.341921,-0.009331
2023-08-17,0.225475,-0.432161,0.011703,-0.149477,-0.021366,0.805017,0.140517
2023-08-18,0.361475,-0.270241,-0.042770,0.012916,0.019820,1.912226,0.026482
2023-08-19,,,,,,0.000000,
2023-08-20,,,,,,0.000000,
2023-08-21,0.048151,,-0.183864,0.132627,,-0.406692,0.588589
2023-08-22,0.697251,1.011389,0.017960,-0.546967,0.256796,-1.281659,-0.196839
2023-08-23,0.094052,-1.313531,-0.011518,-0.399262,-0.216257,-1.657414,0.369163
2023-08-24,-1.205316,-0.366230,-0.009020,0.014814,0.588535,0.305637,-0.465584
2023-08-25,0.190269,1.099512,0.055179,-0.664226,0.199250,2.020282,-0.336698
2023-08-26,,,,,,0.000000,
2023-08-27,,,,,,0.000000,
2023-08-28,,,0.115531,-1.183165,,-0.900348,-0.469416
2023-08-29,0.575269,-0.264280,0.051964,0.103618,-0.521697,2.039024,0.475247
2023-08-30,-0.000813,0.157744,-0.017835,0.575967,-0.292498,0.554557,0.204002
2023-08-31,-0.130063,0.061102,-0.037436,0.771777,0.446823,2.792945,0.112957
2023-09-01,,1.342640,0.129471,-0.807580,0.622984,3.857608,0.674274
2023-09-02,,,,,,0.000000,
2023-09-03,,,,,,0.000000,
2023-09-04,0.151511,,0.243899,-0.829655,,0.061295,-0.346038
2023-09-05,-0.041119,-0.230700,0.033931,0.394760,0.647628,1.808093,0.270467
2023-09-06,-1.230399,-0.225326,0.143544,-0.343437,0.038448,1.009519,0.350203
2023-09-07,-0.081295,0.913950,0.082118,0.611856,0.212104,-1.418833,0.384622
2023-09-08,,0.145508,0.010391,1.335970,0.005045,1.106496,0.395279
2023-09-09,,,,,,0.000000,
2023-09-10,,,,,,0.000000,
2023-09-11,1.114998,,0.034997,1.007898,,0.343216,-0.016870
2023-09-12,-0.190730,0.620600,-0.048230,0.936277,0.029362,2.235225,0.076582
2023-09-13,-0.058025,-0.562792,-0.044880,-0.025268,0.195084,0.371326,-0.059713
2023-09-14,0.423799,-0.669655,-0.094806,-0.437726,0.542455,3.308404,-0.081927
2023-09-15,-0.088993,0.718083,0.115580,-0.385483,-0.008354,0.102749,0.480305
2023-09-16,,,,,,0.000000,
2023-09-17,,,,,,0.000000,
2023-09-18,-0.516546,,0.103365,-1.120203,,-1.365928,-0.311057
2023-09-19,-0.620910,-0.173277,0.025025,0.059866,0.067260,-0.200094,-0.179060
2023-09-20,0.122980,-1.077871,0.028526,-0.205973,0.197332,-1.586866,-0.005698
2023-09-21,-0.850549,-0.501298,-0.049083,0.279348,0.022018,0.268253,0.435073
2023-09-22,0.096727,0.630939,0.069894,-0.249046,0.216787,0.187301,-0.574281
2023-09-23,,,,,,0.000000,
2023-09-24,,,,,,0.000000,
2023-09-25,-0.420436,,0.108676,-0.747912,,-0.738789,0.246852
2023-09-26,0.031662,-0.341639,0.059513,-0.285657,0.216945,0.819993,0.229272
2023-09-27,0.073562,0.341897,0.005212,0.202819,0.494637,3.103282,0.077772
2023-09-28,1.006324,,-0.097275,0.705731,-0.536085,-2.039367,0.477500
2023-09-29,,,,,0.053973,-1.799446,
2023-09-30,,,,,,0.000000,
2023-10-01,,,,,,0.000000,
2023-10-02,,,,,,-2.701522,
2023-10-03,,,,,0.039700,1.104339,
2023-10-04,,,,,-0.256788,-8.661834,
2023-10-05,,,,,-0.432679,-3.613852,
2023-10-06,,,,,-0.217656,0.432790,
2023-10-07,,,,,,0.000000,
2023-10-08,,,,,,0.000000,
2023-10-09,-2.025818,,-0.047748,-0.737154,,6.924989,0.040108
2023-10-10,-0.633623,0.746194,0.072241,-0.764938,-0.283131,-0.924214,0.356351
2023-10-11,0.473734,0.696938,0.128666,-0.791941,-0.055796,-3.908168,-0.075488
2023-10-12,-0.644382,0.152272,0.026487,-0.081045,0.816513,1.215808,-0.334422
2023-10-13,0.048053,-0.518297,-0.104846,0.741280,0.090314,7.943911,0.528801
2023-10-14,,,,,,0.000000,
2023-10-15,,,,,,0.000000,
2023-10-16,0.238942,,-0.018888,-0.101193,,-1.061110,0.369245
2023-10-17,0.137859,-0.194182,0.056350,-0.783270,-0.007063,1.257671,-0.321941
2023-10-18,0.561265,0.812541,0.035113,-0.268958,0.357310,0.882956,-0.160725
2023-10-19,0.190881,-0.032210,0.110551,-0.670757,-0.317483,2.650387,1.004084
2023-10-20,-0.757354,1.064158,-0.019575,0.136011,-0.070720,-0.947833,0.017890
2023-10-21,,,,,,0.000000,
2023-10-22,,,,,,0.000000,
2023-10-23,,,-0.077448,0.924061,,-3.211206,-0.338337
2023-10-24,1.362736,1.418077,0.073371,-0.225611,0.633044,-4.151975,0.339257
2023-10-25,-1.138796,-0.009677,-0.054218,1.377963,0.272147,1.808105,0.041362
2023-10-26,0.156422,0.454242,-0.016626,0.439244,0.060794,-3.018343,-0.060154
2023-10-27,1.199560,-0.210760,0.035783,-0.413933,-0.040994,3.184473,-0.246234
2023-10-28,,,,,,0.000000,
2023-10-29,,,,,,0.000000,
2023-10-30,0.479585,,-0.022661,0.170525,,-4.531438,-0.048686
2023-10-31,-0.157612,0.896740,-0.080088,0.454372,0.550411,-1.633583,0.161498
2023-11-01,-0.302194,0.011706,-0.020439,-0.467195,-0.058768,-1.246474,-0.454954
2023-11-02,1.180866,-0.230695,-0.122468,0.199947,-0.488817,3.798109,-0.052533
2023-11-03,-0.358458,0.399234,0.023017,-0.641273,-1.028258,-3.143692,-0.094355
2023-11-04,,,,,,0.000000,
2023-11-05,,,,,,0.000000,
2023-11-06,0.830821,,-0.012526,-0.494890,,0.061215,-0.152423
2023-11-07,-0.651634,-2.536015,0.006914,-0.481675,0.215848,-7.151598,0.345622
2023-11-08,-0.610460,-0.951538,-0.011468,-0.496059,0.019238,-3.429840,0.353727
2023-11-09,0.107746,-1.625609,-0.038461,0.018904,0.366986,0.317179,-0.135617
2023-11-10,-0.742098,0.334851,-0.035765,-0.471438,-0.103811,3.780344,0.274746
2023-11-11,,,,,,0.000000,
2023-11-12,,,,,,0.000000,
2023-11-13,1.589751,,-0.050536,-0.086754,,1.911840,0.541846
2023-11-14,0.419060,-0.701794,0.035665,-0.563061,-1.519766,-0.620391,0.120116
2023-11-15,0.786091,0.429752,0.019016,-0.045418,0.310826,-2.480281,-0.264117
2023-11-16,-0.241768,-0.289296,-0.058986,0.097310,-0.023757,-7.141280,0.208147
2023-11-17,1.024094,1.121652,-0.039792,-0.327336,-0.532092,6.365029,0.368749
2023-11-18,,,,,,0.000000,
2023-11-19,,,,,,0.000000,
2023-11-20,1.403002,,0.016808,-0.555553,,2.631267,0.172722
2023-11-21,0.118209,-0.591674,0.024121,-0.572432,0.115887,0.826400,-0.401898
2023-11-22,-0.806644,-0.781065,0.070772,-0.420515,0.254383,-1.324136,0.226452
2023-11-23,0.295390,0.498828,0.133311,-0.723489,-0.108075,-1.082283,0.016813
2023-11-24,0.651309,-1.371394,0.005860,0.170290,-0.313712,-1.946185,-0.023433
2023-11-25,,,,,,0.000000,
2023-11-26,,,,,,0.000000,
2023-11-27,-0.646656,,0.074994,-0.424176,,-0.244889,0.391443
2023-11-28,0.740453,-0.445021,-0.058957,0.219149,-0.471384,2.782941,0.041236
2023-11-29,0.071574,-0.454995,-0.024827,0.032120,0.127339,2.157469,0.374387
2023-11-30,0.492568,-0.922303,-0.067692,0.443725,0.624711,-4.908481,-0.303124
2023-12-01,1.424537,1.266415,0.014234,-0.321087,-0.301111,-1.598445,0.585301
2023-12-02,,,,,,0.000000,
2023-12-03,,,,,,0.000000,
2023-12-04,-1.762062,,0.026685,-0.431179,,-2.813061,0.354284
2023-12-05,-1.394546,0.128984,0.008381,-0.244531,0.300603,-2.549582,0.452994
2023-12-06,-0.770776,-1.565600,0.016439,0.079389,0.221501,-6.031654,0.069326
2023-12-07,0.773008,-0.665074,-0.017171,0.223008,-0.511201,0.637974,0.128526
2023-12-08,0.707983,0.541181,-0.036204,0.730106,0.338367,2.445488,-0.230096
2023-12-09,,,,,,0.000000,
2023-12-10,,,,,,0.000000,
2023-12-11,-0.658034,,-0.085862,0.524299,,0.726376,0.139014
2023-12-12,-0.217126,0.854672,-0.001463,0.343142,-0.258594,-6.611662,-0.070346
2023-12-13,-0.056427,0.066092,-0.109090,0.892070,-0.837211,2.998709,0.824367
2023-12-14,1.826641,-0.779945,-0.019807,-0.231349,-0.971710,4.616106,0.159547
2023-12-15,0.131245,-2.624406,-0.135945,0.009160,0.628030,0.835469,-0.096872
2023-12-16,,,,,,0.000000,
2023-12-17,,,,,,0.000000,
2023-12-18,-0.346291,,-0.077137,-0.075134,,2.696304,-0.246421
2023-12-19,1.067764,1.154330,0.009072,-0.772760,-0.370335,2.924555,-0.107000
2023-12-20,-0.227038,0.178630,-0.012393,-0.366155,0.296651,-0.272773,0.102788
2023-12-21,0.134214,-0.034079,-0.138482,-0.216036,-0.666102,0.168974,-0.489049
2023-12-22,-0.717543,0.122073,-0.079878,0.351291,-0.042959,-0.161317,-0.618959
2023-12-23,,,,,,0.000000,
2023-12-24,,,,,,0.000000,
2023-12-25,,,-0.142538,0.074330,,-0.038838,-0.137314
2023-12-26,,,-0.019286,1.056770,-0.239415,3.477771,-0.112718
2023-12-27,1.247902,-0.336933,-0.057754,0.154428,-0.509578,-2.739009,0.098695
2023-12-28,-0.471718,0.995743,-0.004354,-0.042891,0.294779,-3.630681,-0.961985
2023-12-29,-0.268401,-0.252274,0.012822,-1.370081,0.134242,-0.827992,0.118814
2023-12-30,,,,,,0.000000,
2023-12-31,,,,,,0.000000,
2024-01-01,,,,,,0.067567,
2024-01-02,0.210109,,0.047592,-1.425071,0.907811,-2.184658,-0.735770
2024-01-03,-0.317179,-1.043942,0.046000,-0.491064,0.217962,4.978970,0.049488
2024-01-04,-0.251192,-1.184134,-0.099641,0.177497,-0.042754,-1.366784,0.439261
2024-01-05,-0.304406,-0.738161,-0.115572,-0.030154,0.013863,2.370867,-0.399643
2024-01-06,,,,,,0.000000,
2024-01-07,,,,,,0.000000,
2024-01-08,0.457444,,-0.006685,-0.585984,,-5.664581,-0.011589
2024-01-09,-1.054147,-0.113345,-0.152511,-0.313089,0.216989,2.491193,-0.043243
2024-01-10,0.452957,0.684008,0.038448,-0.565204,-0.155810,-1.639595,0.010625
2024-01-11,0.057227,0.311652,0.010298,-0.443631,-0.041923,3.413693,0.219656
2024-01-12,-0.763420,-1.776685,0.075418,-0.395873,0.127277,-0.189754,0.039110
2024-01-13,,,,,,0.000000,
2024-01-14,,,,,,0.000000,
2024-01-15,0.220493,,-0.001610,-0.148259,,0.583324,-0.042679
2024-01-16,0.141045,0.876918,0.012320,-0.351537,0.723366,-1.450622,-0.474527
2024-01-17,-0.437543,-0.032700,-0.069552,0.166172,0.035606,0.524187,0.479001
2024-01-18,0.048344,1.014793,-0.043928,0.275622,0.030951,1.692950,-0.944486
2024-01-19,0.818140,0.240346,-0.075019,0.156934,-0.167541,-0.587977,-0.346808
2024-01-20,,,,,,0.000000,
2024-01-21,,,,,,0.000000,
2024-01-22,-0.081407,,-0.172018,0.106293,,2.259976,-1.147084
2024-01-23,1.124102,0.591659,0.025760,-0.489875,0.195751,-0.380683,0.379320
2024-01-24,1.269803,0.650485,-0.013001,-0.150231,-0.281228,0.957716,-0.350314
2024-01-25,-0.032639,0.954128,-0.078693,1.067362,0.218243,3.141884,-0.061701
2024-01-26,0.210526,0.063781,-0.012348,-0.256077,-0.009181,2.289782,-0.498741
2024-01-27,,,,,,0.000000,
2024-01-28,,,,,,0.000000,
2024-01-29,-0.098623,,-0.046731,0.092044,,-1.730224,-0.353387
2024-01-30,0.633250,0.264947,-0.293514,0.830139,-0.068741,0.908441,0.115279
2024-01-31,0.188389,-0.369315,-0.184007,-0.266238,0.122366,-3.174793,-0.786520
2024-02-01,-0.889250,1.656412,0.011565,-0.792415,-0.445916,-3.750477,-0.293016
2024-02-02,-0.407084,0.373734,0.003430,-0.458933,0.871963,-2.384152,-0.465758
2024-02-03,,,,,,0.000000,
2024-02-04,,,,,,0.000000,
2024-02-05,-1.001596,,-0.146347,-0.124176,,0.884576,-2.341130
2024-02-06,0.373806,-1.211479,0.307368,-0.961820,-0.267744,1.355695,0.467051
2024-02-07,-0.815700,1.336179,-0.131742,-0.111888,-0.121502,1.294899,1.359949
2024-02-08,-0.665214,-0.267404,0.056349,0.343939,0.087036,4.641198,0.385067
2024-02-09,,,,,-0.064261,0.229994,
2024-02-10,,,,,,0.000000,
2024-02-11,,,,,,0.000000,
2024-02-12,,,,,,0.230776,
2024-02-13,,,,,0.688968,1.021221,
2024-02-14,,,,,-0.133022,-2.402851,
2024-02-15,,,,,-0.440212,3.098062,
2024-02-16,,,,,0.010933,1.334927,
2024-02-17,,,,,,0.000000,
2024-02-18,,,,,,0.000000,
2024-02-19,1.774095,,-0.036159,-0.474654,,-0.460205,-0.260395
2024-02-20,1.137606,-0.783181,-0.111110,0.404749,-0.184915,-1.441576,-0.017834
2024-02-21,-0.028926,-0.273871,-0.012196,0.415742,-0.071042,1.190237,-0.801065
2024-02-22,0.722720,0.260359,-0.064225,0.235897,-0.043669,-1.321339,0.035041
2024-02-23,-0.345591,0.496058,-0.112414,0.591735,0.031936,-3.178159,0.317213
2024-02-24,,,,,,0.000000,
2024-02-25,,,,,,0.000000,
2024-02-26,-0.867723,,-0.108154,-0.564984,,1.998757,0.741145
2024-02-27,0.565447,0.126637,-0.088742,-0.106998,0.032661,1.049874,0.194365
2024-02-28,0.219451,0.532800,-0.104134,-0.155851,0.120242,-0.741108,-0.577295
2024-02-29,0.024443,0.146931,-0.153226,0.220777,0.191664,0.380099,0.062060
2024-03-01,-0.126089,-0.634263,0.227982,-1.325079,-0.241322,2.624351,-0.043262
2024-03-02,,,,,,0.000000,
2024-03-03,,,,,,0.000000,
2024-03-04,-0.825621,,-0.086893,-0.047452,,-1.164591,0.226382
2024-03-05,-0.615970,0.448061,-0.025458,0.220788,-0.049418,-1.359752,-0.817560
2024-03-06,0.805604,-1.093917,-0.298671,2.270297,-0.401642,1.590797,0.295854
2024-03-07,1.462571,0.271380,0.027913,-0.517167,-0.544399,0.743493,-0.205613
2024-03-08,0.082398,-0.758267,0.053476,-0.711569,-0.062078,-2.442011,0.272553
2024-03-09,,,,,,0.000000,
2024-03-10,,,,,,0.000000,
2024-03-11,1.105041,,0.165988,-0.716172,,0.728960,-0.294736
2024-03-12,0.126657,-1.050300,0.353404,-1.094592,0.085141,-0.208676,-0.132048
2024-03-13,3.343887,0.174865,-0.007476,-0.365272,-0.116844,2.927679,0.679926
2024-03-14,-0.219233,1.030384,0.025454,0.328719,0.538659,2.181379,-0.105647
2024-03-15,1.335733,1.414033,-0.099710,0.212381,0.083067,0.425101,0.278843
2024-03-16,,,,,,0.000000,
2024-03-17,,,,,,0.000000,
2024-03-18,-0.426743,,-0.147078,1.034369,,2.878250,-0.024137
2024-03-19,-1.171188,0.645173,-0.128397,0.682782,0.218803,0.582734,0.241020
2024-03-20,0.091235,-0.091642,0.081429,-0.501198,-0.397556,-2.083170,0.101349
2024-03-21,-0.623524,-0.725181,-0.009597,-0.114864,0.583484,-2.024972,-0.028459
2024-03-22,-0.955584,-0.412839,0.052043,0.131730,0.408558,-0.116794,-0.124122
2024-03-23,,,,,,0.000000,
2024-03-24,,,,,,0.000000,
2024-03-25,-0.070184,,0.102260,-0.572836,,1.906978,-0.332924
2024-03-26,-0.065678,0.939078,0.019146,0.129760,0.077493,-1.368175,-0.410064
2024-03-27,-0.163881,-0.006648,-0.131483,0.918768,-0.019080,0.748707,-0.482654
2024-03-28,0.568632,0.013470,-0.019597,0.087690,0.240678,2.340726,0.240192
2024-03-29,,,-0.097529,-0.107723,-0.030615,0.091902,-1.014595
2024-03-30,,,,,,0.000000,
2024-03-31,,,,,,0.000000,
2024-04-01,,,0.123473,-0.673351,,1.351856,-0.183716
2024-04-02,0.866971,0.762244,-0.070756,0.413688,-0.177846,2.537494,-0.029471
2024-04-03,2.465416,-0.133217,-0.104377,-0.009362,-0.505988,0.514652,0.144902
2024-04-04,,,,,-0.019475,2.590258,
2024-04-05,,,,,0.069921,-0.285954,
2024-04-06,,,,,,0.000000,
2024-04-07,,,,,,0.000000,
2024-04-08,1.734833,,-0.041103,-0.157055,,-0.549157,0.019675
2024-04-09,-0.244177,0.237417,-0.062611,0.253120,-0.029483,-1.747866,0.223986
2024-04-10,-0.332950,0.169942,0.075756,-0.570341,1.037325,1.827579,0.036498
2024-04-11,-0.185529,0.037838,0.023364,0.354191,0.082098,-0.676929,0.113400
2024-04-12,0.552798,0.186735,-0.104975,0.410465,0.699365,-0.082899,0.361806
2024-04-13,,,,,,0.000000,
2024-04-14,,,,,,0.000000,
2024-04-15,1.014639,,-0.027769,-1.114592,,0.430326,-1.333308
2024-04-16,-1.322461,0.139786,-0.024203,-0.540120,0.151477,-0.529895,-0.692376
2024-04-17,0.999290,0.166875,-0.073679,-0.012620,-0.399888,-4.534306,0.485311
2024-04-18,1.628457,0.111668,-0.120600,0.278690,0.212060,-0.907519,-0.096630
2024-04-19,1.072694,0.087458,-0.093489,0.053145,-0.049557,0.855385,0.204625
2024-04-20,,,,,,0.000000,
2024-04-21,,,,,,0.000000,
2024-04-22,-0.122860,,-0.102540,-0.398725,,-0.556393,-0.300172
2024-04-23,-0.970071,-0.715850,-0.129110,0.000636,-0.406176,2.233538,-0.255995
2024-04-24,0.483161,-0.394387,0.291994,-0.681110,0.109874,-2.369635,0.537475
2024-04-25,0.789300,-0.216451,0.020991,0.699396,-0.227161,1.666275,-0.079534
2024-04-26,0.846844,0.042047,0.257298,-0.909101,0.485955,-0.035599,-0.369151
2024-04-27,,,,,,0.000000,
2024-04-28,,,,,,0.000000,
2024-04-29,1.762715,,0.346611,-1.889178,,-1.226760,0.115359
2024-04-30,-1.688424,0.272765,-0.264526,1.917323,0.646641,-2.405368,-0.000092
2024-05-01,,,,,-0.644086,-4.275630,
2024-05-02,,,,,-0.255308,0.251395,
2024-05-03,,,,,-0.284792,-1.620717,
2024-05-04,,,,,,0.000000,
2024-05-05,,,,,,0.000000,
2024-05-06,,,0.037305,0.603394,,1.919409,2.028101
2024-05-07,0.736905,0.506892,-0.129756,0.203731,0.281165,-0.832957,0.026484
2024-05-08,-0.703076,0.964897,0.007200,-0.957297,0.113136,1.637113,-0.016783
2024-05-09,0.354388,0.221210,0.106317,-0.727748,-0.269252,0.868575,0.065355
2024-05-10,0.611895,0.573784,0.047297,-0.040567,0.098313,-2.414599,-0.278335
2024-05-11,,,,,,0.000000,
2024-05-12,,,,,,0.000000,
2024-05-13,1.398830,,-0.137156,0.311020,,1.347157,-0.263333
2024-05-14,-0.966180,-0.067860,-0.071592,0.322511,-0.205980,-1.304539,0.269985
2024-05-15,,-0.422146,0.036462,-0.433744,-0.666413,0.146908,0.185805
2024-05-16,2.671778,-0.042371,0.091807,-0.304633,0.195109,1.038437,-0.351402
2024-05-17,2.747158,-0.121847,0.046727,0.215372,-0.011483,1.120239,-0.247193
2024-05-18,,,,,,0.000000,
2024-05-19,,,,,,0.000000,
2024-05-20,2.208344,,-0.047360,0.040586,,-0.741254,0.095364
2024-05-21,-0.854860,-1.211869,0.028350,-0.641333,0.031538,-2.130335,-0.128256
2024-05-22,-2.697126,-0.044515,-0.046639,0.108869,0.267865,-1.466374,-0.118039
2024-05-23,-0.664075,0.370823,-0.101596,0.182474,0.090779,0.090937,-0.095806
2024-05-24,-0.393451,-0.232262,-0.003796,-0.388900,-0.272013,0.475023,0.367765
2024-05-25,,,,,,0.000000,
2024-05-26,,,,,,0.000000,
2024-05-27,,,0.015027,-0.372610,,1.869311,-0.207434
2024-05-28,1.679031,-0.018913,-0.091785,0.230323,0.031929,2.807716,0.131816
2024-05-29,-0.227136,0.692203,-0.074410,0.167864,0.481614,-1.655005,-0.003199
2024-05-30,-2.669871,0.040425,0.028588,-0.298153,-0.362496,-2.437114,0.275316
2024-05-31,-0.445578,-0.386249,0.065579,-0.231796,-0.111854,-0.499997,0.307996
2024-06-01,,,,,,0.000000,
2024-06-02,,,,,,0.000000,
2024-06-03,0.736883,,-0.056574,0.488136,,-6.133401,-0.541140
2024-06-04,-2.738629,-0.916877,-0.024958,-0.053026,0.087411,-2.033661,-0.145261
2024-06-05,-0.308683,-0.264423,-0.072470,0.330788,0.157818,3.469247,-0.059296
2024-06-06,1.390831,0.187430,-0.027064,-0.141224,-0.191428,2.661790,-0.592105
2024-06-07,-3.464332,0.315043,-0.022640,-0.509379,0.787065,-1.067941,0.461781
2024-06-08,,,,,,0.000000,
2024-06-09,,,,,,0.000000,
2024-06-10,,,,,,5.430323,
2024-06-11,1.010079,,-0.043609,0.016185,0.138406,0.609757,0.830003
2024-06-12,0.875115,0.167247,-0.004573,-0.176865,-0.535770,0.626291,0.112605
2024-06-13,-1.806523,-0.289463,-0.036180,-0.150840,0.497385,-0.787052,0.139981
2024-06-14,0.070875,-0.283783,-0.109485,-0.333667,0.281367,1.654109,-0.305824
2024-06-15,,,,,,0.000000,
2024-06-16,,,,,,0.000000,
2024-06-17,-0.480172,,0.015431,-0.289256,,2.777035,0.077115
2024-06-18,-0.760829,0.581453,-0.094988,0.159140,-0.058976,1.792276,0.057234
2024-06-19,-0.422282,-0.826091,-0.061808,0.840687,-0.013871,-0.100795,-0.147072
2024-06-20,0.924297,-1.522058,-0.072532,0.566585,0.390393,-0.927134,-1.563296
2024-06-21,-1.726683,-0.577181,0.079529,-0.507822,0.152632,-0.952472,0.217135
2024-06-22,,,,,,0.000000,
2024-06-23,,,,,,0.000000,
2024-06-24,-0.725249,,-0.077172,0.394426,,1.287417,-0.790049
2024-06-25,-0.597830,0.846222,-0.095636,0.837758,0.132345,-2.501906,0.012889
2024-06-26,1.051411,0.433803,-0.042763,0.537007,0.403815,0.892077,0.517844
2024-06-27,-0.126957,1.128029,-0.121207,0.586791,-0.117084,1.632456,-0.375959
2024-06-28,0.520852,-0.543679,-0.051465,0.040324,-0.082824,-0.821888,0.142552
2024-06-29,,,,,,0.000000,
2024-06-30,,,,,,0.000000,
2024-07-01,,,0.257824,-0.497900,,2.962987,1.723171
2024-07-02,1.046442,-1.197712,-0.083662,0.091541,-0.113663,-0.161463,-0.257413
2024-07-03,1.513490,-2.071180,-0.069325,0.929607,-0.319649,0.799134,-0.181608
2024-07-04,0.349400,-0.341275,0.020149,-0.370812,-0.191634,0.809598,-0.462720
2024-07-05,0.574867,0.606167,0.153881,-0.927545,-0.269307,-1.165869,0.680080
2024-07-06,,,,,,0.000000,
2024-07-07,,,,,,0.000000,
2024-07-08,-0.165905,,0.166625,-1.294591,,-2.065592,-0.370423
2024-07-09,0.013252,-0.212495,-0.133558,0.931713,0.102404,-1.060793,0.069521
2024-07-10,-0.330165,2.346865,-0.007463,-0.054272,-0.119545,0.676553,0.050549
2024-07-11,-0.534526,0.886184,-0.030081,-0.077679,-0.528526,0.234681,0.200778
2024-07-12,0.631296,-0.331624,-0.082734,0.187839,-0.334791,0.053692,-0.171599
2024-07-13,,,,,,0.000000,
2024-07-14,,,,,,0.000000,
2024-07-15,-0.504768,,-0.056007,-0.047003,,-0.864106,-0.449803
2024-07-16,-1.073486,1.206712,-0.013487,-0.015373,-0.033574,-1.970151,-0.269046
2024-07-17,-0.159756,0.267267,-0.000706,-0.003963,-0.482991,2.579729,-0.342348
2024-07-18,-2.079592,0.011413,0.050821,-0.228226,0.450749,-0.312854,-0.203792
2024-07-19,-0.534208,0.443435,-0.026747,0.077698,0.163694,-4.077699,-0.217632
2024-07-20,,,,,,0.000000,
2024-07-21,,,,,,0.000000,
2024-07-22,0.167480,,-0.164012,1.310813,,0.163367,0.466655
2024-07-23,-0.614322,0.309562,-0.097981,0.741680,0.137784,-1.582860,0.305194
2024-07-24,-0.242425,-0.469117,-0.020883,-0.193929,-0.078451,-1.767282,-0.080943
2024-07-25,0.153348,-0.060087,-0.126378,-0.274953,0.047231,0.824350,0.450970
2024-07-26,-0.276142,0.899361,-0.075578,-0.332015,-0.078571,-3.248940,0.254745
2024-07-27,,,,,,0.000000,
2024-07-28,,,,,,0.000000,
2024-07-29,-0.024767,,-0.134541,-0.245322,,-1.324441,0.098977
2024-07-30,0.081104,0.907848,-0.089827,-0.316454,-0.100840,-1.088065,0.566937
2024-07-31,1.058830,-0.166035,-0.065391,0.823230,-0.394771,5.827916,0.100642
2024-08-01,-2.344565,0.069087,-0.119851,0.055929,0.271404,-3.065439,0.372891
2024-08-02,1.195568,1.147110,-0.088959,0.116805,-1.070205,-4.723061,0.212293
2024-08-03,,,,,,0.000000,
2024-08-04,,,,,,0.000000,
2024-08-05,-2.092602,,-0.087949,-0.285721,,-0.924580,-0.196422
2024-08-06,0.996042,-0.765372,0.104492,-0.380894,0.163116,-2.069466,0.622996
2024-08-07,-1.618054,-0.113480,-0.112949,0.370151,0.279217,4.786423,-0.047235
2024-08-08,0.407433,0.179893,0.234191,-0.271726,0.035756,1.231634,-0.049327
2024-08-09,-0.080051,0.318590,0.141557,-0.376344,-0.065029,1.017716,-0.168378
2024-08-10,,,,,,0.000000,
2024-08-11,,,,,,0.000000,
2024-08-12,1.232707,,0.422514,-0.358675,,4.860999,-0.109832
2024-08-13,-0.374396,-0.051903,-0.137314,1.135006,-0.502177,-2.908212,0.011062
2024-08-14,-0.440634,0.541262,-0.225529,0.675624,-0.008576,-1.620650,0.030107
2024-08-15,1.448716,0.829732,0.083802,-1.364976,0.434122,1.813713,-0.386460
2024-08-16,0.109270,0.059893,-0.017624,-0.497727,-0.630503,-2.659581,-0.435869
2024-08-17,,,,,,0.000000,
2024-08-18,,,,,,0.000000,
2024-08-19,0.890024,,-0.088929,0.015565,,-3.601137,-0.261018
2024-08-20,-0.612057,0.550703,-0.043773,0.396506,-0.482322,-1.118143,-0.257269
2024-08-21,0.976568,-0.516227,0.031465,0.237992,-0.189688,-2.107905,-0.065887
2024-08-22,-0.687188,-0.337054,-0.096077,0.993995,0.334796,2.407416,-0.282977
2024-08-23,1.511407,0.131883,-0.046993,1.070388,-0.823458,2.369054,-0.345024
2024-08-24,,,,,,0.000000,
2024-08-25,,,,,,0.000000,
2024-08-26,,,-0.020533,1.720016,,3.352681,0.264789
2024-08-27,0.932224,-0.259055,0.181442,0.572386,-0.321099,-2.311052,-0.088675
2024-08-28,-1.391537,-0.331771,-0.074921,0.252978,0.504123,-3.260562,0.430827
2024-08-29,0.224241,0.889368,0.000545,-0.016768,0.312681,2.496036,0.848873
2024-08-30,-0.612007,-1.020496,0.034261,-0.326272,0.347002,-3.087853,-0.255459
2024-08-31,,,,,,0.000000,
2024-09-01,,,,,,0.000000,
2024-09-02,0.048181,,-0.197460,0.976388,,0.461822,1.406705
2024-09-03,-1.990644,-0.490098,-0.080335,0.214556,0.104230,-7.428520,0.237163
2024-09-04,-0.052041,-0.234525,-0.097418,0.305315,-0.457847,-1.874520,0.290703
2024-09-05,0.810272,1.024271,-0.102827,-0.073026,-0.223775,0.341321,0.154992
2024-09-06,,-0.204137,0.001008,-0.234185,0.121636,-3.047344,-0.155246
2024-09-07,,,,,,0.000000,
2024-09-08,,,,,,0.000000,
2024-09-09,0.099149,,-0.106748,0.313596,,1.069255,0.541506
2024-09-10,-0.808128,1.208594,-0.124654,0.448293,0.025969,-5.243425,-0.002473
2024-09-11,0.856007,-0.176769,-0.115153,1.135230,0.069022,2.537703,0.187065
2024-09-12,1.168948,-0.844346,-0.059148,0.422121,-0.492061,3.722270,0.062162
2024-09-13,0.368919,0.458707,-0.130218,0.284004,-0.129477,-1.498392,-0.221171
2024-09-14,,,,,,0.000000,
2024-09-15,,,,,,0.000000,
2024-09-16,,,,,,1.968278,
2024-09-17,,,,,0.353132,1.929491,
2024-09-18,,,-0.234166,0.050746,-0.075856,-1.732029,-0.292278
2024-09-19,2.517010,-1.076030,0.020153,-0.048584,-0.301916,4.241650,0.128822
2024-09-20,-0.668992,-0.994173,-0.021538,0.288879,0.095148,-1.143760,-0.350284
2024-09-21,,,,,,0.000000,
2024-09-22,,,,,,0.000000,
2024-09-23,0.657530,,-0.075192,0.599915,,-0.703519,-0.271981
2024-09-24,2.053245,0.524825,0.238994,0.329191,-0.581846,1.662629,-1.409945
2024-09-25,0.141037,0.737571,-0.155803,1.274350,0.568867,-2.517127,-0.590018
2024-09-26,2.443496,0.678513,0.242586,0.697242,-0.364895,-5.885688,-1.165936
2024-09-27,-0.812739,-0.394534,0.827822,-1.990354,-0.137030,2.608283,-0.779193
2024-09-28,,,,,,0.000000,
2024-09-29,,,,,,0.000000,
2024-09-30,-0.758885,,0.182792,4.080800,,0.288516,-1.349751
2024-10-01,,,,,0.441559,5.471459,
2024-10-02,,,,,0.425155,0.657692,
2024-10-03,,,,,0.322981,6.867699,
2024-10-04,,,,,0.515214,0.686495,
2024-10-05,,,,,,0.000000,
2024-10-06,,,,,,0.000000,
2024-10-07,,,,,,5.003814,
2024-10-08,-0.580727,,0.213563,0.514897,-0.022835,-7.502831,-0.698120
2024-10-09,-0.304885,-0.466613,-0.126992,3.542323,0.427440,-1.274642,1.954265
2024-10-10,0.369406,0.248559,-0.358731,1.374337,-0.046561,5.063821,-1.298740
2024-10-11,,-2.614027,-0.055678,-0.633823,0.070464,-0.744492,0.128878
2024-10-12,,,,,,0.000000,
2024-10-13,,,,,,0.000000,
2024-10-14,-1.433308,,0.031369,-3.425468,,-7.038433,-0.091119
2024-10-15,-0.723366,0.099063,-0.010561,-1.471068,0.015406,-0.894538,1.055659
2024-10-16,0.382792,-1.058987,0.038366,-0.467190,0.300484,-0.498384,0.435225
2024-10-17,-0.404959,0.461679,-0.164932,-0.363913,0.244480,-0.052368,0.567905
2024-10-18,0.773611,-0.942892,0.032422,-0.221970,-0.302746,-2.741041,-0.753420
2024-10-19,,,,,,0.000000,
2024-10-20,,,,,,0.000000,
2024-10-21,-0.174398,,0.051679,-0.636337,,2.308381,0.488870
2024-10-22,0.636943,0.570904,0.153254,-0.256117,0.086512,3.336124,-0.133492
2024-10-23,-1.132440,-0.964756,0.131926,0.613003,0.333237,-0.884357,-0.237985
2024-10-24,0.264727,0.499378,0.002179,0.642282,-0.382347,-1.405983,0.450786
2024-10-25,0.015372,0.799413,0.048740,0.708809,0.278198,2.731739,0.293199
2024-10-26,,,,,,0.000000,
2024-10-27,,,,,,0.000000,
2024-10-28,-0.675422,,0.089132,1.140909,,-8.961130,0.458257
2024-10-29,-0.285422,-0.695788,-0.058599,0.574185,-0.045451,-1.469715,0.010037
2024-10-30,0.049785,0.401286,-0.039410,0.392974,-0.137533,3.700983,0.720931
2024-10-31,-0.265703,-1.563186,-0.078541,0.282876,-0.218830,3.012094,0.453461
2024-11-01,-0.418568,-0.903510,-0.138328,0.265726,0.411975,-2.485925,1.906371
2024-11-02,,,,,,0.000000,
2024-11-03,,,,,,0.000000,
2024-11-04,0.033141,,-0.065248,-0.076052,,4.647874,-0.272958
2024-11-05,-0.438683,-0.839988,-0.087009,-0.033780,-0.470222,0.784493,-0.341182
2024-11-06,-4.494581,3.253367,-0.024746,-0.236281,1.673478,-1.020274,0.508031
2024-11-07,2.562442,-0.169259,-0.047613,0.219492,-0.778930,1.077929,-1.345306
2024-11-08,-0.701432,1.603620,-0.056424,-0.241185,0.585980,-3.429553,0.768554
2024-11-09,,,,,,0.000000,
2024-11-10,,,,,,0.000000,
2024-11-11,-0.791782,,-0.037728,-0.322711,,-4.670725,0.667225
2024-11-12,-1.984121,-2.618398,-0.132128,0.056948,0.404274,0.004747,0.287800
2024-11-13,-0.930969,-0.281477,0.050447,-0.279235,0.517471,0.718344,-0.513859
2024-11-14,-0.477226,-0.836488,0.016486,-0.206200,0.360250,0.789922,-0.122107
2024-11-15,0.611695,0.116307,0.018734,-0.194154,-0.172323,-2.529964,0.208182
2024-11-16,,,,,,0.000000,
2024-11-17,,,,,,0.000000,
2024-11-18,0.832863,,0.193812,-0.412871,,4.642760,-0.477881
2024-11-19,0.022055,-0.062652,-0.074826,-0.209246,-0.036160,0.346701,0.462800
2024-11-20,-0.447343,-0.247891,0.032095,-0.137355,0.442620,-0.469923,0.442618
2024-11-21,-0.622050,-0.104242,-0.126304,0.109896,0.388938,2.676689,-0.054441
2024-11-22,-0.401106,-0.951623,-0.064949,-0.471762,0.398967,2.393457,0.564752
2024-11-23,,,,,,0.000000,
2024-11-24,,,,,,0.000000,
2024-11-25,0.334849,,-0.121193,-0.249137,,-5.529516,0.426083
2024-11-26,-1.171453,-2.327801,-0.028363,-0.382395,-0.009262,-0.404949,-0.280388
2024-11-27,0.797280,0.553791,0.008037,-0.471568,-0.777968,0.229691,-0.290399
2024-11-28,-0.626841,0.244647,-0.117085,0.095518,0.106773,0.768985,0.393766
2024-11-29,-0.290875,0.522799,-0.109315,0.251415,-0.371039,-1.340233,-0.163328
2024-11-30,,,,,,0.000000,
2024-12-01,,,,,,0.000000,
2024-12-02,-0.131360,,-0.281417,1.007861,,-0.518922,0.133509
2024-12-03,1.118672,1.117434,0.021146,-0.665212,-0.059133,3.817765,-0.176104
2024-12-04,-0.918428,0.432691,-0.185549,-0.294666,0.025199,-2.565301,-0.196220
2024-12-05,-0.354426,-0.427075,-0.001842,-0.542039,-0.607578,-0.723198,0.540990
2024-12-06,-0.657973,-0.405288,0.045605,-0.471834,0.234302,-2.494236,-0.347874
2024-12-07,,,,,,0.000000,
2024-12-08,,,,,,0.000000,
2024-12-09,1.746486,,-0.131692,0.165004,,1.898613,-0.183661
2024-12-10,0.129184,-1.652006,-0.478491,1.133007,0.238888,0.322641,-0.242333
2024-12-11,-0.452351,-0.454420,-0.081713,0.167867,0.229881,2.968988,0.510307
2024-12-12,-0.620296,-0.206314,-0.097876,1.101221,0.337994,-0.365313,-0.381962
2024-12-13,0.375651,-0.200553,-0.331182,1.434964,-0.069359,2.391333,0.848632
2024-12-14,,,,,,0.000000,
2024-12-15,,,,,,0.000000,
2024-12-16,0.646660,,-0.276488,0.316167,,-0.578421,-0.088800
2024-12-17,-0.618580,1.265126,0.087277,-0.286925,0.080165,-1.232561,-0.873328
2024-12-18,0.378505,0.787519,0.149958,0.513371,1.221895,-0.208330,-0.057206
2024-12-19,-1.502158,0.560303,0.007591,0.880497,0.141777,-0.550448,0.064393
2024-12-20,0.610357,0.503081,-0.338912,1.357301,-0.531685,0.137375,0.586624
2024-12-21,,,,,,0.000000,
2024-12-22,,,,,,0.000000,
2024-12-23,0.254194,,-0.025720,0.499498,,0.511432,-1.021927
2024-12-24,0.246343,-1.040027,0.200338,0.130354,0.027105,1.272868,-0.392328
2024-12-25,,,0.131885,-0.767773,-0.013228,0.203550,-0.427396
2024-12-26,,,-0.086325,0.079143,-0.002405,-1.083023,0.372902
2024-12-27,-0.202121,-0.947506,-0.206558,0.617548,-0.073851,1.595622,0.211348
2024-12-28,,,,,,0.000000,
2024-12-29,,,,,,0.000000,
2024-12-30,-0.727412,,0.047303,-0.418994,,1.171124,-0.441992
2024-12-31,-1.493703,-0.227114,-0.191271,-0.632211,0.412440,1.737000,-0.111162
2025-01-01,,,,,0.007006,0.386582,
2025-01-02,-0.235343,,-0.380092,-0.604297,0.690674,2.082765,-1.248158
2025-01-03,0.393172,1.566751,-0.117656,0.106380,-0.293268,1.134658,-0.236764
2025-01-04,,,,,,0.000000,
2025-01-05,,,,,,0.000000,
2025-01-06,0.149373,,-0.078085,-0.707106,,-1.088350,0.105854
2025-01-07,0.157219,-0.906188,0.161875,-0.985636,0.426376,1.927404,-0.029820
2025-01-08,0.325952,-0.902693,0.047040,-0.690558,0.268351,-2.080061,-0.058832
2025-01-09,0.392916,0.089796,0.218782,-0.694031,0.165649,1.234846,0.199104
2025-01-10,0.227693,0.369663,0.014336,-0.243424,0.438782,5.179533,-0.059060
2025-01-11,,,,,,0.000000,
2025-01-12,,,,,,0.000000,
2025-01-13,-0.199656,,0.127907,-0.392476,,2.064690,0.373275
2025-01-14,0.320175,-0.567748,-0.121342,1.493945,-0.400634,-1.588033,-0.132639
2025-01-15,0.565672,0.097973,-0.098279,0.566926,-0.068899,3.889806,0.184956
2025-01-16,0.735600,-1.848199,0.054068,-0.189739,-0.152168,-2.617461,0.117787
2025-01-17,-0.283000,0.273732,0.080289,0.480376,0.401062,-1.151177,0.102802
2025-01-18,,,,,,0.000000,
2025-01-19,,,,,,0.000000,
2025-01-20,0.828245,,0.114055,0.217676,,-1.374905,-0.211976
2025-01-21,0.341801,-0.212566,-0.123188,0.519607,-0.097017,-0.343327,0.093340
2025-01-22,-0.309998,-0.333638,-0.020605,0.181141,0.261676,-0.679142,0.307192
2025-01-23,-0.101503,0.220853,0.058504,-0.655151,-0.097320,-3.089805,-0.287795
2025-01-24,0.900203,0.942552,0.030058,-0.204957,-0.618476,1.175990,0.175462
2025-01-25,,,,,,0.000000,
2025-01-26,,,,,,0.000000,
2025-01-27,-1.632372,,-0.216322,0.596936,,-3.033022,-0.176813
2025-01-28,,,,,0.528078,0.334637,
2025-01-29,,,,,0.050497,-1.046173,
2025-01-30,,,,,0.180467,0.198944,
2025-01-31,,,,,0.337385,1.109393,
2025-02-01,,,,,,0.000000,
2025-02-02,,,,,,0.000000,
2025-02-03,,,,,,-2.315643,
2025-02-04,,,,,-0.396441,1.448005,
2025-02-05,1.601687,,-0.137683,0.183468,-0.352106,-2.822132,0.648637
2025-02-06,0.337431,0.561329,-0.158087,0.214536,0.079787,-0.857794,0.153601
2025-02-07,1.611787,0.057939,-0.002630,-0.156788,0.366443,0.726837,-0.210702
2025-02-08,,,,,,0.000000,
2025-02-09,,,,,,0.000000,
2025-02-10,0.381661,,0.192711,-1.083903,,3.101894,0.325302
2025-02-11,-0.404564,0.645770,-0.028306,-0.303768,-0.376590,1.496619,0.209199
2025-02-12,0.999859,-0.261062,-0.021600,-0.000983,0.078913,-3.450774,-0.041414
2025-02-13,-0.274495,-0.109766,0.038613,-0.576590,-0.887269,1.014509,-0.204650
2025-02-14,0.157936,-0.224373,0.157917,-0.699549,-0.235856,-1.711108,-0.208066
2025-02-15,,,,,,0.000000,
2025-02-16,,,,,,0.000000,
2025-02-17,-0.845470,,0.268716,-0.365506,,1.053127,0.089543
2025-02-18,1.251741,0.794799,0.168211,-0.378985,0.304699,0.876877,-0.204995
2025-02-19,-0.314289,0.534270,-0.093410,0.803360,0.133300,0.686198,0.397609
2025-02-20,0.757251,-0.289048,0.194942,-0.090974,-0.790725,0.699319,0.462817
2025-02-21,-0.276133,0.705730,0.268648,-0.739247,0.278211,-5.630042,-0.150600
2025-02-22,,,,,,0.000000,
2025-02-23,,,,,,0.000000,
2025-02-24,0.017506,,0.294146,-0.534005,,1.609832,0.161033
2025-02-25,-0.875235,0.182130,-0.085577,0.589689,-0.364401,-4.136953,0.403213
2025-02-26,0.104324,0.184330,-0.063507,0.499626,0.203590,-0.454109,0.004971
2025-02-27,-0.266212,-0.419076,0.163570,-0.503705,0.737098,2.416395,-0.366107
2025-02-28,0.068306,-0.392248,-0.109051,0.578140,0.258598,-0.692061,-0.060000
2025-03-01,,,,,,0.000000,
2025-03-02,,,,,,0.000000,
2025-03-03,0.231337,,-0.177991,1.726082,,-3.596435,0.127328
2025-03-04,0.069915,0.301243,0.013382,0.385619,-0.940538,-0.800361,0.632379
2025-03-05,1.899699,-0.494505,-0.034212,-0.146840,-1.158314,-4.012037,-0.106306
2025-03-06,0.843186,-0.576603,0.245444,-0.858705,-0.111544,0.447356,-0.178511
2025-03-07,-1.019748,-0.364683,0.425415,-0.308491,-0.298895,2.691971,0.060450
2025-03-08,,,,,,0.000000,
2025-03-09,,,,,,0.000000,
2025-03-10,-1.116420,,0.072496,0.207656,,-3.176016,0.259503
2025-03-11,1.253810,0.861796,0.466851,-0.682291,-0.520477,1.794871,0.004387
2025-03-12,1.067756,0.588895,-0.189475,1.183411,0.194905,2.406862,0.189684
2025-03-13,-0.846780,-1.027694,0.056997,0.064345,0.240185,-1.490417,-0.246845
2025-03-14,0.266059,-0.568870,-0.008452,0.034711,-0.096352,1.377566,-1.045636
2025-03-15,,,,,,0.000000,
2025-03-16,,,,,,0.000000,
2025-03-17,0.846488,,0.482506,-0.651356,,0.723291,0.297446
2025-03-18,0.059548,0.823213,-0.013741,-0.096613,-0.140236,-1.444809,-0.325263
2025-03-19,0.929804,0.680744,-0.040054,-0.246163,0.202403,0.250653,-0.361784
2025-03-20,-0.795682,0.464859,-0.319244,0.059111,0.341664,3.018995,0.953452
2025-03-21,-0.307254,0.586815,0.050623,-0.863387,0.324084,0.007589,0.374705
2025-03-22,,,,,,0.000000,
2025-03-23,,,,,,0.000000,
2025-03-24,0.721136,,-0.034239,-0.849333,,1.579642,-0.325499
2025-03-25,1.128745,-0.006330,-0.168943,-0.086799,-0.092942,0.169145,-0.068774
2025-03-26,-1.258231,-0.762777,-0.145579,-0.638194,0.334055,2.101716,0.362960
2025-03-27,-0.910579,-0.948438,0.002071,-0.025789,-0.286278,0.042980,-0.055383
2025-03-28,-0.548271,0.507603,0.043031,-0.216280,-0.217098,-1.541633,0.121020
2025-03-29,,,,,,0.000000,
2025-03-30,,,,,,0.000000,
2025-03-31,-0.406646,,0.005371,-0.161361,,4.409733,0.221317
2025-04-01,-0.193240,-0.841812,0.000767,-0.026820,0.032819,-0.405489,0.422531
2025-04-02,0.035378,0.045167,-0.205259,0.192859,-0.544047,-2.343226,0.161931
2025-04-03,-2.574218,-0.940757,-0.562870,1.233432,-1.668960,-7.692257,-0.070626
2025-04-04,,,,,0.950687,-8.798556,
2025-04-05,,,,,,0.000000,
2025-04-06,,,,,,0.000000,
2025-04-07,-5.749773,,-0.581750,0.456020,,-4.258828,0.506817
2025-04-08,-0.374063,0.825495,0.214450,-1.392939,-0.527956,-7.270504,-0.930597
2025-04-09,-0.356902,-0.950473,-0.086063,0.069144,0.014568,12.272665,0.795919
2025-04-10,3.452757,0.660108,0.026455,0.454560,-1.994687,-5.970635,-0.143537
2025-04-11,1.674279,0.235458,-0.027441,1.266718,-1.164301,3.129505,0.366003
2025-04-12,,,,,,0.000000,
2025-04-13,,,,,,0.000000,
2025-04-14,0.195130,,0.040178,-0.534775,,1.209907,0.250368
2025-04-15,-0.386061,-0.036935,-0.003639,-0.095830,0.475336,0.532405,-0.269274
2025-04-16,0.261214,0.125465,-0.042981,0.188828,-0.902863,2.632982,-0.696148
2025-04-17,-0.051733,-0.645320,0.103504,0.089376,0.158337,4.415655,-0.045447
2025-04-18,,,0.022231,-0.327426,-0.196725,0.245341,-0.031951
2025-04-19,,,,,,0.000000,
2025-04-20,,,,,,0.000000,
2025-04-21,,,0.099684,-0.239108,,-3.956018,0.807039
2025-04-22,1.670616,1.272330,-0.077600,0.183026,0.632352,3.530393,-0.128438
2025-04-23,0.202828,0.466112,0.111255,0.046710,0.939141,-3.605647,0.158511
2025-04-24,0.085725,0.404237,-0.017323,0.280133,-0.624106,-1.146841,-0.037592
2025-04-25,-0.032022,0.390556,-0.035700,0.150116,0.297277,0.180436,0.244293
2025-04-26,,,,,,0.000000,
2025-04-27,,,,,,0.000000,
2025-04-28,0.021793,,-0.098527,0.009611,,-3.070442,0.111431
2025-04-29,0.376227,-0.298605,-0.166471,0.463216,0.276867,-3.871970,0.308583
2025-04-30,-2.732176,-0.632528,-0.026810,0.392164,0.432789,-5.680694,0.270054
2025-05-01,,,,,0.546775,2.059609,
2025-05-02,,,,,-0.144035,-1.497854,
2025-05-03,,,,,,0.000000,
2025-05-04,,,,,,0.000000,
2025-05-05,,,,,,-3.288872,
2025-05-06,3.408558,,-0.005149,-0.083641,-0.528193,5.226824,1.560936
2025-05-07,-0.564907,0.126746,0.105760,0.362847,0.637862,-2.536796,-0.352879
2025-05-08,0.091529,-0.423816,-0.086374,0.300635,0.729958,5.646166,-0.170350
2025-05-09,0.022393,-2.238192,-0.013631,-0.086713,-0.209595,1.860099,-0.424278
2025-05-10,,,,,,0.000000,
2025-05-11,,,,,,0.000000,
2025-05-12,0.405836,,0.358967,-0.536113,,2.911161,-0.251169
2025-05-13,1.825276,-1.355178,-0.076498,-0.240222,-0.819840,3.623857,-0.116716
2025-05-14,-0.377698,2.626420,0.048232,-0.702574,0.081961,-1.660734,-0.731631
2025-05-15,-0.964522,-1.698515,0.046963,-0.844404,-0.243604,-2.670006,-0.104551
2025-05-16,-1.518980,0.117775,0.063945,-0.793030,0.161742,2.451398,0.395305
2025-05-17,,,,,,0.000000,
2025-05-18,,,,,,0.000000,
2025-05-19,0.849566,,-0.104906,0.301265,,0.427774,0.253014
2025-05-20,0.010541,-0.451833,0.001368,-0.065116,-0.350010,0.606555,-0.166330
2025-05-21,-0.404161,0.670655,0.050463,-0.453244,-0.421294,-2.017615,-0.349412
2025-05-22,-0.057278,1.368202,0.004485,-0.270477,0.338178,-1.271822,-0.331607
2025-05-23,0.425703,-0.282982,0.053381,-0.486902,-0.819549,2.338848,0.088377
2025-05-24,,,,,,0.000000,
2025-05-25,,,,,,0.000000,
2025-05-26,,,-0.029812,-0.116802,,-2.062120,0.578714
2025-05-27,-0.552522,-0.201877,0.065035,-0.471818,0.640507,-1.117290,0.215812
2025-05-28,-0.024823,-0.362766,0.044446,-0.325298,0.283792,1.615192,-0.065544
2025-05-29,0.094108,-0.251936,0.126749,-0.286720,-0.536483,-2.319021,0.343347
2025-05-30,-0.794513,-1.635543,-0.143418,0.549227,0.076458,-1.013070,-0.010992
2025-05-31,,,,,,0.000000,
2025-06-01,,,,,,0.000000,
2025-06-02,,,,,,6.636999,
2025-06-03,1.738406,,0.004719,-0.277141,0.594847,1.580878,0.013415
2025-06-04,0.180451,-1.244561,-0.043299,0.088265,-0.469785,-1.828117,0.088603
2025-06-05,0.121517,0.595190,-0.034078,0.393453,-0.069246,1.257341,0.129098
2025-06-06,-0.435784,-1.331675,-0.114245,0.554854,0.463457,3.145870,0.018431
2025-06-07,,,,,,0.000000,
2025-06-08,,,,,,0.000000,
2025-06-09,0.892915,,-0.049215,0.094734,,-0.231946,0.235037
2025-06-10,-0.347778,0.046842,-0.009719,-0.429782,0.033826,-1.150073,-0.017662
2025-06-11,-0.358851,0.953416,-0.078550,-0.102287,-0.411538,9.735554,-0.350852
2025-06-12,0.023717,0.673360,-0.009255,-0.156184,-0.793751,0.032854,0.113970
2025-06-13,-0.564081,-0.917437,0.009179,-0.298081,0.285189,10.330870,-0.007022
2025-06-14,,,,,,0.000000,
2025-06-15,,,,,,0.000000,
2025-06-16,0.345762,,-0.015399,-0.085166,,-4.842475,0.047768
2025-06-17,0.124000,0.511311,-0.085828,0.275139,0.685943,8.929567,0.078639
2025-06-18,-0.146792,0.468689,-0.048189,0.079110,0.061399,-1.151287,-0.126779
2025-06-19,-0.441821,0.256881,-0.061793,-0.043601,-0.115142,5.133532,0.003146
2025-06-20,0.392471,-1.202840,-0.038072,-0.173757,-0.013567,-5.201950,-0.373133
2025-06-21,,,,,,0.000000,
2025-06-22,,,,,,0.000000,
2025-06-23,0.179188,,0.008325,-0.044633,,-10.963117,0.148564
2025-06-24,-0.099537,0.472993,0.089041,-0.093097,-0.419663,-4.512786,-0.127706
2025-06-25,0.476649,-0.425423,0.075550,0.187010,-0.276390,-3.719993,-0.733891
2025-06-26,1.197218,-0.438233,-0.020769,0.341153,-0.409444,1.129460,0.054859
2025-06-27,0.149553,0.889632,-0.024856,0.244918,-0.038343,-1.192998,0.564794
2025-06-28,,,,,,0.000000,
2025-06-29,,,,,,0.000000,
2025-06-30,0.031367,,0.063668,-0.218315,,0.200749,0.177433
2025-07-01,,-0.695190,-0.069881,-0.275360,-0.131529,1.743719,-0.154831
2025-07-02,0.974577,2.211162,-0.097994,0.153467,0.138246,3.715839,-0.330434
2025-07-03,-0.214856,-0.814677,-0.012715,-0.274775,0.350392,-0.632706,-0.255949
2025-07-04,-0.969299,0.047523,-0.017254,-0.459869,-0.134462,-0.721941,-0.394038
2025-07-05,,,,,,0.000000,
2025-07-06,,,,,,0.000000,
2025-07-07,-0.573631,,-0.004162,-0.321236,,2.296264,0.299445
2025-07-08,-0.911174,0.093124,0.060779,-0.413289,-0.063165,1.722791,0.010895
2025-07-09,0.058210,-0.325186,0.003634,-0.235520,0.001026,0.800523,-0.017727
2025-07-10,0.194506,1.624371,0.100903,-0.099139,0.099752,-3.418134,-0.133651
2025-07-11,-0.240549,-0.147631,0.053751,-0.082697,0.289261,3.477925,0.148338
2025-07-12,,,,,,0.000000,
2025-07-13,,,,,,0.000000,
2025-07-14,0.049592,,0.075861,-0.093175,,-4.017172,0.023160
2025-07-15,1.489970,-0.680148,-0.141056,0.563491,0.531061,-0.866341,-0.066678
2025-07-16,-0.555173,2.301452,-0.000834,-0.125705,-0.350098,-0.676168,0.301448
2025-07-17,0.315919,-0.628076,0.001591,-0.222042,0.361554,0.703964,-0.012448
2025-07-18,0.958186,1.402916,0.036307,-0.351058,-0.184575,-0.183188,-0.283869
2025-07-19,,,,,,0.000000,
2025-07-20,,,,,,0.000000,
2025-07-21,0.745673,,0.137236,0.071129,,-0.057166,-0.021856
2025-07-22,0.060967,-3.427420,0.091140,-0.100449,-0.491012,-0.990009,-0.298050
2025-07-23,0.172849,-1.605181,0.124464,-0.365687,-0.154400,1.457030,-0.208048
2025-07-24,-0.641850,-0.673244,0.224685,-0.093308,0.291330,-0.219589,0.145622
2025-07-25,-0.793239,1.207629,0.026386,0.248243,0.186208,-2.001145,0.370761
2025-07-26,,,,,,0.000000,
2025-07-27,,,,,,0.000000,
2025-07-28,-0.263602,,-0.134146,0.604580,,4.092284,-0.113881
2025-07-29,0.091834,0.102424,0.250220,-0.059069,0.257095,4.109993,0.073112
2025-07-30,-0.594328,0.913225,-0.160835,-0.020815,1.050832,1.980471,-0.232680
2025-07-31,-1.037545,0.522560,-0.132791,0.558392,0.080493,-2.367708,0.781601
2025-08-01,0.213431,-0.079645,-0.011496,-0.408156,-1.367544,-4.210851,0.399702
2025-08-02,,,,,,0.000000,
2025-08-03,,,,,,0.000000,
2025-08-04,0.652445,,-0.051524,-0.019381,,-1.776755,0.107171
2025-08-05,-0.876498,0.905901,0.024351,-0.814607,0.013367,-1.472352,-0.315503
2025-08-06,-0.023916,-0.010172,-0.022753,-0.077633,-0.541075,-1.613348,0.146197
2025-08-07,-0.036981,-0.519523,-0.059711,0.268220,-0.138352,-1.137177,-0.075072
2025-08-08,0.281171,-0.015769,0.018936,0.385823,0.183138,-0.230417,-0.004308
2025-08-09,,,,,,0.000000,
2025-08-10,,,,,,0.000000,
2025-08-11,-0.385288,,0.197411,-0.130687,,0.339459,0.265008
2025-08-12,0.849428,-0.188504,0.142838,-0.211912,-0.438110,-1.321839,-0.283810
2025-08-13,-0.197602,-0.287666,0.004961,-0.006693,-0.288269,-0.680186,0.019025
2025-08-14,-0.141673,-0.567307,0.082154,0.394226,0.424201,3.044274,-0.553027
2025-08-15,-0.056550,0.201342,0.094377,-0.161869,-0.364600,-1.114062,0.316930
2025-08-16,,,,,,0.000000,
2025-08-17,,,,,,0.000000,
2025-08-18,-0.246585,,0.438589,-0.555968,,0.604678,0.098922
2025-08-19,-0.452765,-0.032923,-0.052051,0.506072,0.127779,-1.585940,0.268119
2025-08-20,-0.052710,-0.415713,0.051974,0.441878,-0.039080,2.440781,-0.441014
2025-08-21,0.056708,-0.204392,-0.096250,0.021186,0.418502,1.119691,-0.541847
2025-08-22,0.387320,-0.561587,0.034605,0.326558,-0.945332,-1.055571,-0.883611
2025-08-23,,,,,,0.000000,
2025-08-24,,,,,,0.000000,
2025-08-25,,,-0.131835,0.053098,,2.201985,-0.701315
2025-08-26,0.206091,0.863059,-0.110151,0.564181,-0.191901,-3.875893,0.312547
2025-08-27,-0.614941,1.334440,0.027794,-0.366641,-0.045716,1.257944,0.382060
2025-08-28,0.486115,0.219499,0.174907,-0.070464,-0.331225,1.066889,-0.567008
2025-08-29,0.666425,-0.863657,-0.013117,-0.044217,-0.020642,-0.957513,-0.446610
2025-08-30,,,,,,0.000000,
2025-08-31,,,,,,0.000000,
2025-09-01,0.427855,,-0.064640,0.244704,,1.598374,1.037163
2025-09-02,0.697289,-0.902455,-0.019621,0.638733,0.648389,2.452552,-0.516373
2025-09-03,-0.099235,-0.136259,-0.160124,0.595092,-0.169192,-3.614754,-0.085235
2025-09-04,-0.855688,-0.543156,-0.007804,0.069824,0.128600,-0.799629,0.518546
2025-09-05,0.016929,-0.435872,0.190386,-0.761569,-0.550074,-2.973162,-0.659095
2025-09-06,,,,,,0.000000,
2025-09-07,,,,,,0.000000,
2025-09-08,-0.115244,,0.208799,-0.645277,,0.926178,0.385203
2025-09-09,0.001811,-0.310242,0.119905,-0.290059,0.326922,0.957483,0.079741
2025-09-10,0.517953,-0.300631,0.225442,-0.492780,0.078115,1.785927,-0.237305
2025-09-11,0.305192,0.072625,-0.005319,-0.020430,-0.320822,-2.460562,-0.723045
2025-09-12,0.111654,0.529858,-0.090295,0.479521,0.090086,1.287981,0.416936
2025-09-13,,,,,,0.000000,
2025-09-14,,,,,,0.000000,
2025-09-15,0.949439,,-0.008856,0.481938,,1.776815,-0.183324
2025-09-16,-0.827119,0.200811,-0.084666,0.328304,-0.737315,2.137690,0.046470
2025-09-17,-0.938677,-0.383523,-0.126711,0.940332,0.404485,-1.469550,-0.050308
2025-09-18,-0.151847,0.516809,0.086943,0.048468,0.344128,-2.077942,0.319115
2025-09-19,0.266094,0.066756,0.189290,-0.118013,0.289507,-2.006512,-0.119217
2025-09-20,,,,,,0.000000,
2025-09-21,,,,,,0.000000,
2025-09-22,0.030954,,-0.027195,0.161450,,0.203775,-0.139758
2025-09-23,-0.294591,0.530262,0.142840,0.100642,-0.078028,2.767117,-0.335781
2025-09-24,1.954936,-0.580749,0.187860,0.163332,0.646437,2.835622,-0.020413
2025-09-25,0.241695,0.169052,0.006647,0.240965,0.607557,0.308090,-0.428017
2025-09-26,-0.684402,0.327695,-0.031607,0.623438,-0.274085,-0.041560,0.045469
2025-09-27,,,,,,0.000000,
2025-09-28,,,,,,0.000000,
2025-09-29,1.820044,,0.099027,0.511264,,-4.602122,-0.482627
2025-09-30,-1.148540,0.547791,-0.095782,0.376351,-0.112488,-1.596331,0.163016
2025-10-01,,,,,-0.083042,-1.511286,
2025-10-02,,,,,0.153757,-2.781763,
2025-10-03,,,,,-0.172482,0.123041,
2025-10-04,,,,,,0.000000,
2025-10-05,,,,,,0.000000,
2025-10-06,,,,,,3.373314,
2025-10-07,,,,,0.489909,0.544651,
2025-10-08,,,,,0.266518,0.862442,
2025-10-09,3.677937,,-0.046660,-0.088905,0.560295,-1.839270,-0.376275
2025-10-10,-2.693330,-0.910200,0.060955,-0.020073,-0.587309,-7.252333,0.690652
2025-10-11,,,,,,0.000000,
2025-10-12,,,,,,0.000000,
2025-10-13,3.294499,,-0.085898,-0.377410,,2.589254,0.414121
2025-10-14,-1.688430,-0.725674,-0.006640,-0.579578,-0.216031,-2.928679,-0.012475
2025-10-15,-0.212844,0.820470,0.005714,0.037868,-0.383793,0.582017,-0.497491
2025-10-16,0.034633,0.091978,-0.066304,-0.245900,-0.318041,-3.547981,-0.602618
2025-10-17,-0.208128,0.717893,-0.164913,-0.028123,0.206188,0.605222,0.265836
2025-10-18,,,,,,0.000000,
2025-10-19,,,,,,0.000000,
2025-10-20,0.558105,,0.103511,-0.484300,,-0.882328,0.018034
2025-10-21,-1.188919,0.220827,-0.058667,-0.440083,0.353555,1.634884,-0.533029
2025-10-22,0.402155,0.719469,-0.009017,-0.170136,-0.064787,6.363814,-0.031461
2025-10-23,0.951427,0.668014,0.057582,-0.388500,0.026587,3.867658,-0.226994
2025-10-24,0.704308,0.738394,0.079837,-0.422156,0.008389,-2.490492,-0.256416
2025-10-25,,,,,,0.000000,
2025-10-26,,,,,,0.000000,
2025-10-27,0.646872,,-0.033100,-0.039444,,0.649651,-0.354585
2025-10-28,0.105421,-0.876681,-0.224541,0.587592,-0.100434,-2.626989,0.263682
2025-10-29,,0.216524,-0.010159,-0.304872,0.432606,1.037466,-0.146613
2025-10-30,-0.857029,1.362403,-0.070857,0.133301,0.398702,-0.498559,0.199922
2025-10-31,-0.027999,-0.824623,-0.156691,0.164345,0.185873,1.407935,1.066286
2025-11-01,,,,,,0.000000,
2025-11-02,,,,,,0.000000,
2025-11-03,-0.754818,,0.002380,-0.310486,,1.588498,1.633637
2025-11-04,-1.155372,-0.323726,0.022962,-0.596143,0.332858,-0.882792,-0.087083
2025-11-05,0.588983,-2.366463,-0.024652,-0.008618,-0.049808,-1.170634,0.032128
2025-11-06,-0.347293,-0.545157,0.121782,-0.479102,-0.462834,-0.076868,-0.471591
2025-11-07,-0.120781,-0.364405,0.028758,-0.303541,-0.149665,0.472265,0.286971
2025-11-08,,,,,,0.000000,
2025-11-09,,,,,,0.000000,
2025-11-10,1.577539,,-0.009997,-0.018157,,1.021370,-0.036472
2025-11-11,-0.404172,0.825987,-0.018376,0.401204,-0.138124,3.329294,0.489598
2025-11-12,0.391600,-0.994965,-0.036512,0.246854,-0.002111,-5.571636,-0.352129
2025-11-13,-0.242003,0.158515,0.045277,0.199688,-0.303142,0.833533,-0.202455
2025-11-14,-0.164348,-0.561032,0.008919,0.231672,0.109342,2.928594,0.610127
2025-11-15,,,,,,0.000000,
2025-11-16,,,,,,0.000000,
2025-11-17,-0.380296,,-0.030061,0.237222,,-0.756238,0.624715
2025-11-18,-0.329689,-0.804383,-0.009609,-0.171157,0.061770,2.436704,-0.029888
2025-11-19,0.649623,0.100178,0.061433,-0.082543,0.532452,-3.060741,-0.512021
2025-11-20,-1.370798,1.732656,0.016537,0.202600,0.094238,-1.796199,0.044850
2025-11-21,0.580809,0.551586,0.053400,0.300807,-0.066476,-1.173990,0.086048
2025-11-22,,,,,,0.000000,
2025-11-23,,,,,,0.000000,
2025-11-24,0.251734,,0.018012,0.165234,,1.557794,0.483460
2025-11-25,0.544820,-0.075137,0.093111,0.060287,-0.390271,-1.359891,-0.151757
2025-11-26,0.887487,-0.708466,0.134159,-0.123865,-0.224473,1.560857,-0.487125
2025-11-27,-0.142156,0.475266,0.079732,0.386644,-0.035954,0.769470,-0.020285
2025-11-28,1.859512,-0.198112,-0.038137,0.038293,-0.114176,-1.304529,0.245365
2025-11-29,,,,,,0.000000,
2025-11-30,,,,,,0.000000,
2025-12-01,0.245293,,0.005558,0.344676,,2.992712,-0.358285
2025-12-02,-0.664134,-0.101793,0.102794,-0.003432,-0.087858,-1.644810,-0.145057
2025-12-03,2.220016,0.092856,0.121620,-0.025146,-0.459063,0.825509,0.130197
2025-12-04,-0.116688,-1.103116,0.246942,-0.126811,0.196336,1.405926,-0.255644
2025-12-05,1.555532,0.365641,-0.037065,0.053003,-0.077963,1.097319,-0.046172
2025-12-06,,,,,,0.000000,
2025-12-07,,,,,,0.000000,
2025-12-08,-0.068019,,0.053508,0.434933,,-3.006913,-0.106393
2025-12-09,-1.484082,-0.090826,-0.085134,0.368129,0.139254,-0.945475,-0.035317
2025-12-10,0.530109,1.210413,-0.051990,0.261269,-0.606831,0.922521,0.295368
2025-12-11,1.987954,-1.487686,-0.105293,0.415691,-0.300023,0.328393,0.098295
2025-12-12,-2.119293,-0.000214,0.127139,-0.078578,0.057333,-1.581783,-0.050919
2025-12-13,,,,,,0.000000,
2025-12-14,,,,,,0.000000,
2025-12-15,0.760381,,0.198000,-0.430672,,-0.314126,0.022620
2025-12-16,-0.685808,-0.341247,0.020963,-0.074403,-0.060865,-2.841908,0.151973
2025-12-17,0.977262,0.312362,-0.162464,0.387518,0.181468,5.633953,-0.415663
2025-12-18,0.615842,-0.191122,-0.010698,0.364563,0.042471,-1.785702,0.201599
2025-12-19,0.533726,-0.162297,-0.085307,0.179919,0.276334,3.048667,0.094590
2025-12-20,,,,,,0.000000,
2025-12-21,,,,,,0.000000,
2025-12-22,0.662173,,0.083292,-0.066510,,1.329917,-0.158236
2025-12-23,0.891776,0.132361,-0.107220,0.089293,-0.357854,2.276536,-0.154925
2025-12-24,0.205162,-1.007861,-0.047995,0.064244,0.045134,-2.709000,0.480998
2025-12-25,,,0.023685,-0.078705,-0.046564,-0.638274,0.174644
2025-12-26,,,-0.014475,-0.096022,0.128814,-3.700581,0.018997
2025-12-27,,,,,,0.000000,
2025-12-28,,,,,,0.000000,
2025-12-29,0.503589,,0.249073,-0.175193,,1.881689,0.077398
2025-12-30,3.111268,-0.692874,0.041055,-0.492820,0.224855,-2.053442,-0.067710
2025-12-31,-1.081926,0.601985,0.022436,-0.097221,0.052421,-0.244227,0.404732
2026-01-01,,,,,-0.020965,0.083045,
2026-01-02,,,,,0.213921,0.376441,
2026-01-03,,,,,,0.000000,
2026-01-04,,,,,,0.000000,
2026-01-05,3.063695,,0.084743,-0.059764,,2.264009,-3.603970
2026-01-06,1.329369,-0.402098,0.163398,-0.810394,0.274820,-3.351352,-0.410873
2026-01-07,-1.761196,0.135325,0.145190,-0.359655,0.144825,-0.499128,0.449994
2026-01-08,-0.851332,-0.077221,-0.078151,0.461558,0.122870,5.638777,0.923250
2026-01-09,1.491431,-0.451507,-0.061278,0.266060,0.275555,0.922299,0.419115
2026-01-10,,,,,,0.000000,
2026-01-11,,,,,,0.000000,
2026-01-12,1.102990,,-0.091731,0.292050,,3.658582,0.744322
2026-01-13,0.077369,0.238355,-0.029392,0.053001,0.292712,3.178539,-0.272444
2026-01-14,-0.083422,-0.891897,-0.001477,0.158017,-0.109856,-0.323743,0.525136
2026-01-15,0.097275,-0.634282,-0.035523,0.315771,0.269230,-2.274448,-0.202844
2026-01-16,-1.602304,-0.297610,-0.020049,-0.013480,0.026873,0.224421,0.194295
2026-01-17,,,,,,0.000000,
2026-01-18,,,,,,0.000000,
2026-01-19,0.961105,,0.008314,0.073729,,-1.448244,0.016997
2026-01-20,-1.113162,1.343882,-0.107644,0.023028,-0.507128,-1.042935,-0.034399
2026-01-21,0.531382,-0.578206,-0.134121,-0.137093,0.231108,2.424157,0.174517
2026-01-22,-0.443913,0.547814,0.001938,-0.201690,-0.498867,-2.204936,0.301514
2026-01-23,1.878764,0.969576,-0.063237,-0.144427,-0.789143,3.336454,1.301129
2026-01-24,,,,,,0.000000,
2026-01-25,,,,,,0.000000,
2026-01-26,0.361136,,-0.049028,-0.145553,,-0.934038,-0.609470
2026-01-27,-1.071333,0.653901,0.080951,-0.348664,-1.325690,4.751139,0.033610
2026-01-28,0.314960,-1.047818,-0.040213,-0.003476,0.603256,1.861953,-0.057837
2026-01-29,2.903146,1.021914,-0.008908,0.329124,-0.194997,3.926630,-0.816943
2026-01-30,-2.959308,-0.318486,0.030523,-0.181160,0.983972,0.582854,0.089899
2026-01-31,,,,,,0.000000,
2026-02-01,,,,,,0.000000,
2026-02-02,-1.159538,,-0.018672,0.120263,,-6.335391,0.009193
2026-02-03,2.916760,0.350495,0.036417,-0.055847,-0.231487,2.721037,0.562162
2026-02-04,-2.423942,-1.479556,0.015423,0.185919,0.271331,2.091207,-0.422157
2026-02-05,-1.048169,-0.231880,-0.063691,0.277341,0.313583,-3.347905,-0.190033
2026-02-06,0.992006,1.531276,-0.106372,0.351157,-0.356192,1.943875,0.348581
2026-02-07,,,,,,0.000000,
2026-02-08,,,,,,0.000000,
2026-02-09,0.458780,,-0.034813,0.154772,,1.872999,-0.246079
2026-02-10,-0.380691,0.853529,-0.014386,-0.272051,0.012802,-0.495559,0.016857
2026-02-11,0.938596,0.363222,-0.034796,-0.129908,0.056145,1.302974,0.094747
2026-02-12,-2.108630,0.026683,-0.018089,-0.146076,-0.013311,-3.924777,0.189286
2026-02-13,0.324478,-0.689699,0.002396,0.004315,-0.048822,1.046869,0.320786
2026-02-14,,,,,,0.000000,
2026-02-15,,,,,,0.000000,
2026-02-16,,,,,,2.302728,
2026-02-17,,,,,0.034190,-2.982929,
2026-02-18,,,,,0.634091,6.057636,
2026-02-19,,,,,0.107881,2.978846,
2026-02-20,,,,,-0.103993,-1.289563,
2026-02-21,,,,,,0.000000,
2026-02-22,,,,,,0.000000,
2026-02-23,,,,,,0.855642,
2026-02-24,1.634328,,-0.000232,-0.409950,0.153960,0.453468,-0.325334
2026-02-25,0.890164,0.409155,0.086845,-0.127125,-0.239015,-0.228555,0.197442
2026-02-26,-0.693583,-0.303434,0.179109,-0.211968,0.128119,-0.440035,0.409168
2026-02-27,0.262628,-0.127399,-0.020149,-0.033474,-0.143582,4.624108,0.661800
2026-02-28,,,,,,0.000000,
2026-03-01,,,,,,0.000000,
2026-03-02,-1.313703,,-0.131568,0.424635,,7.615102,-0.471701
2026-03-03,-0.875199,1.194894,-0.016869,0.297882,0.519404,5.070409,-0.576197
2026-03-04,0.901292,0.054390,-0.024447,0.358831,-0.268373,0.629038,0.508630
2026-03-05,-1.025466,1.357065,-0.020265,0.159470,0.249292,2.568368,-0.303411
2026-03-06,-0.118745,0.257454,0.026995,-0.339745,-0.088485,12.403881,0.106497
2026-03-07,,,,,,0.000000,
2026-03-08,,,,,,0.000000,
2026-03-09,-0.096954,,0.268570,-0.304783,,-4.020408,0.201291
2026-03-10,1.416615,0.096925,0.019394,-0.132815,0.231410,2.513296,0.074190
2026-03-11,0.257837,-1.830048,0.068220,0.036465,0.321585,2.672186,-0.358533
2026-03-12,-0.927864,0.462058,-0.032292,0.360092,0.479996,9.855134,0.108324
2026-03-13,-1.729766,0.712747,0.065370,0.479100,0.763273,2.720427,-0.335562
2026-03-14,,,,,,0.000000,
2026-03-15,,,,,,0.000000,
2026-03-16,1.241159,,0.134135,0.026585,,-2.650478,-0.271724
2026-03-17,-0.727546,0.264603,-0.031568,0.147183,-0.245889,2.861599,-0.441714
2026-03-18,-3.033409,0.158183,-0.099927,0.264213,0.741942,2.155435,0.057286
2026-03-19,-0.504202,-0.683547,0.044123,0.061820,-1.116298,-2.388068,0.063460
2026-03-20,-2.294505,0.642446,0.017095,-0.055538,0.327437,1.411845,-0.449744
2026-03-21,,,,,,0.000000,
2026-03-22,,,,,,0.000000,
2026-03-23,2.546178,,-0.000389,-0.144854,,-9.176198,0.406121
2026-03-24,-0.752287,0.016240,-0.074187,-0.283044,0.069157,0.249245,0.222872
2026-03-25,1.025140,1.798052,-0.000699,-0.098140,0.406918,3.581135,-0.141274
2026-03-26,-1.290300,-0.181281,-0.015452,-0.124663,0.284941,2.215758,0.233813
2026-03-27,0.593592,0.095390,-0.004425,-0.045443,0.257182,7.702209,0.137673
2026-03-28,,,,,,0.000000,
2026-03-29,,,,,,0.000000,
2026-03-30,0.253757,,-0.112279,0.545561,,3.522211,-0.009885
2026-03-31,1.198780,2.320980,0.008686,-0.008452,-0.622497,-5.505390,0.100482
2026-04-01,1.196683,2.076564,0.065713,-0.545025,-0.328728,-2.453974,-0.488478
2026-04-02,-0.588090,0.472987,0.035085,-0.198836,0.457097,11.290865,0.192305
2026-04-03,,,-0.024452,0.188600,0.184112,-2.458004,0.200004
2026-04-04,,,,,,0.000000,
2026-04-05,,,,,,0.000000,
2026-04-06,,,,,,-3.944995,
2026-04-07,,,-0.061376,-0.057346,-0.336301,-4.220352,0.292465
2026-04-08,2.042092,3.589327,-0.079167,-0.772195,-0.629553,-6.127598,-0.628403
2026-04-09,-0.240316,-1.686531,0.016045,-0.299487,-0.214614,-1.528497,0.074401
2026-04-10,1.267809,0.508042,-0.107850,-0.269454,-0.117459,-3.130873,-0.771843
2026-04-11,,,,,,0.000000,
2026-04-12,,,,,,0.000000,
2026-04-13,1.360794,,-0.100849,0.124701,,5.664335,0.166239
2026-04-14,1.032854,3.112604,-0.020653,0.046869,-0.315406,-3.297805,0.969435
2026-04-15,-0.280111,0.665599,-0.002552,0.308418,-0.020695,-0.257335,0.116285
2026-04-16,-0.325342,-0.161246,0.017790,0.469183,0.126654,3.804692,-0.148566
2026-04-17,0.610520,0.713938,-0.139682,0.505511,0.025861,-7.504019,0.130130
2026-04-18,,,,,,0.000000,
2026-04-19,,,,,,0.000000,
2026-04-20,-0.562112,,-0.024716,0.143433,,1.709593,-0.081218
2026-04-21,-0.399777,-0.385428,-0.111377,-0.030816,0.328462,6.260751,0.081389
2026-04-22,2.125989,0.283498,-0.106553,0.290933,0.232711,2.832376,-0.095104
2026-04-23,-0.787434,-3.104037,0.086421,0.114225,0.224886,4.880997,-0.292121
2026-04-24,0.588149,0.090676,0.088966,-0.022532,-0.305238,-0.138952,0.281114
2026-04-25,,,,,,0.000000,
2026-04-26,,,,,,0.000000,
2026-04-27,-0.762125,,0.123356,-0.423884,,-4.272104,-0.002584
2026-04-28,-1.333102,0.793956,-0.023648,0.289232,0.141336,3.979320,-1.711894
2026-04-29,0.050787,1.868021,-0.063111,0.449791,0.327863,8.258748,-0.594503
2026-04-30,0.070485,1.170574,0.064348,-0.166846,-0.866270,-1.751355,0.579590
2026-05-01,,,,,0.111559,-1.642157,
2026-05-02,,,,,,0.000000,
2026-05-03,,,,,,0.000000,
2026-05-04,,,,,,6.176584,
2026-05-05,,,,,0.032596,-4.092559,
2026-05-06,2.197419,,0.148938,-0.162139,-0.477098,-9.611084,0.342233
2026-05-07,-0.236148,-1.168288,-0.007661,0.530534,0.258880,1.509345,0.137270
2026-05-08,1.105325,3.640006,-0.012767,0.403519,-0.440731,-3.795816,0.592672
2026-05-09,,,,,,0.000000,
2026-05-10,,,,,,0.000000,
2026-05-11,2.491708,,-0.034425,0.341163,,4.741232,-0.609508
2026-05-12,0.467761,-2.896333,-0.045469,0.234642,0.349191,3.578122,-0.102486
2026-05-13,-0.016724,0.374661,-0.024891,0.287768,0.197294,-2.005952,-0.136843
2026-05-14,-0.690947,-1.274956,0.027674,-0.040431,0.409405,0.802893,0.216780
2026-05-15,-2.444820,1.012703,0.043768,-0.067220,0.388395,2.548423,0.250787
2026-05-16,,,,,,0.000000,
2026-05-17,,,,,,0.000000,
2026-05-18,0.063044,,-0.039362,-0.194516,,-0.193426,0.505541
2026-05-19,-0.716994,-0.154625,-0.144013,0.281547,0.333751,1.192784,0.212857
2026-05-20,1.203706,1.403819,0.000540,-0.155091,-0.183027,-6.093338,0.045099
2026-05-21,-0.479496,-2.908754,0.010114,-0.328690,0.075630,-1.822047,-0.259312
2026-05-22,0.299169,0.593983,0.032512,-0.378636,0.131460,-1.441710,-0.072546
2026-05-23,,,,,,0.000000,
2026-05-24,,,,,,0.000000,
2026-05-25,,,-0.036913,0.033453,,-16.113378,-0.775228
2026-05-26,-0.295493,1.135887,-0.060823,0.301988,0.172419,4.697359,-0.761974
2026-05-27,-0.643443,1.532832,-0.080988,0.743272,0.082773,-3.009169,-0.107826
2026-05-28,1.369873,0.191618,-0.045479,0.226741,-0.223977,-1.269300,0.224731
2026-05-29,-0.620430,-1.909296,-0.042069,-0.299210,-0.081442,-0.568132,-0.746227
2026-05-30,,,,,,0.000000,
2026-05-31,,,,,,0.000000,
2026-06-01,1.643561,,-0.085239,-0.037269,,4.869773,0.428116
2026-06-02,0.534571,2.826018,0.004541,-0.388460,0.026915,1.036378,-0.927282
2026-06-03,-1.437556,-0.591651,0.051815,-0.398923,0.259199,2.885462,-0.191005
2026-06-04,0.541497,-3.389736,-0.051584,-0.174580,-0.046757,-3.476240,0.557364
2026-06-05,-2.536350,0.644262,0.061133,-0.332376,0.653418,-2.925588,1.037532
2026-06-06,,,,,,0.000000,
2026-06-07,,,,,,0.000000,
2026-06-08,0.527256,,0.072577,-0.127613,,1.685552,0.111466
2026-06-09,-0.276701,1.839539,0.064609,-0.021545,-0.017899,-2.203621,-0.104500
2026-06-10,-0.726242,1.294360,0.095524,-0.102032,0.046491,4.315988,0.158128
2026-06-11,0.685900,-0.570094,0.057374,0.244561,-0.350762,-8.264628,0.222054
2026-06-12,0.826962,0.222854,-0.052433,0.169918,0.110779,-2.893001,-0.440896
2026-06-13,,,,,,0.000000,
2026-06-14,,,,,,0.000000,
2026-06-15,0.933409,,-0.016597,-0.071966,,-5.047933,-0.123576
2026-06-16,0.151957,0.116889,-0.080629,0.363708,-0.147303,-5.589830,0.657617
2026-06-17,0.297780,0.974566,-0.054976,0.509352,0.866338,-0.812478,-0.121593
2026-06-18,-1.086721,-2.326868,-0.017265,0.192425,0.446785,0.662518,0.051385
2026-06-19,,,,,-0.079073,1.023588,
2026-06-20,,,,,,0.000000,
2026-06-21,,,,,,0.000000,
2026-06-22,0.276883,,0.001002,-0.057868,,-3.149047,-0.944796
2026-06-23,-1.295624,-0.581596,0.047256,-0.097198,0.365752,-1.849847,1.040403
2026-06-24,-2.153984,-4.212149,0.017968,0.143185,0.197587,-5.503743,0.172696
2026-06-25,1.732970,0.872648,-0.076167,0.334015,-0.116830,2.320983,-0.691501
2026-06-26,0.568514,-0.990069,-0.028971,0.079334,-0.098022,-2.857628,1.095686
2026-06-27,,,,,,0.000000,
2026-06-28,,,,,,0.000000,
2026-06-29,0.048874,,-0.080475,0.451767,,0.293584,-0.505153
2026-06-30,0.424992,-0.345002,0.086176,0.153698,0.082456,-1.057759,0.037753
2026-07-01,,1.677093,0.120185,-0.206186,0.224975,-4.405348,-7.593636
2026-07-02,-0.826515,0.323470,-0.005785,-0.003837,-0.542618,0.867104,1.473614
2026-07-03,0.571498,0.945793,0.030935,0.028927,0.009616,0.669700,-0.468374
2026-07-04,,,,,,0.000000,
2026-07-05,,,,,,0.000000,
2026-07-06,0.573008,,-0.067258,0.328136,,0.122878,-0.485248
2026-07-07,-0.335010,-0.844202,-0.014572,-0.076178,0.217762,6.667211,-0.176429
2026-07-08,-0.298557,0.370227,-0.055184,-0.070496,-0.021270,6.180468,-0.286477
2026-07-09,1.664905,-0.853601,-0.029968,-0.030781,-0.133957,-5.114010,-1.279730
2026-07-10,-0.152680,1.645212,0.008782,-0.308345,0.025459,-1.236758,1.369191
2026-07-11,,,,,,0.000000,
2026-07-12,,,,,,0.000000,
2026-07-13,0.064753,,0.038987,-0.051279,,12.038047,-0.480007
2026-07-14,0.495714,-0.904728,-0.007244,-0.063282,-0.373729,2.749481,-1.117249
2026-07-15,-0.194042,-1.895890,-0.031897,0.178128,-0.411837,-0.096086,-0.059736
2026-07-16,-0.350655,-2.032548,0.034595,-0.143845,0.203847,-0.322388,0.614746
2026-07-17,0.160766,-0.295766,-0.030589,-0.182653,0.043975,3.767991,0.477855
2026-07-18,,,,,,0.000000,
2026-07-19,,,,,,0.000000,
2026-07-20,0.699858,,0.023730,0.006370,,0.577385,-1.476320
2026-07-21,1.521647,-0.700179,-0.008476,0.121933,0.236725,3.777748,-0.978112
2026-07-22,-0.695603,-0.112163,-0.167058,0.122673,-0.088175,4.396151,0.153788
2026-07-23,-1.230832,-1.776272,-0.031456,-0.085427,0.324538,-0.812434,0.152414
2026-07-24,0.428405,1.028435,-0.035520,-0.202655,0.017545,-2.271672,-0.098808
2026-07-25,,,,,,0.000000,
2026-07-26,,,,,,0.000000,
2026-07-27,0.954751,,0.000999,0.017489,,-9.965901,0.263808
2026-07-28,-0.412149,0.044853,0.004382,-0.004743,-0.107317,-3.560074,1.264845
2026-07-29,0.114252,-0.127070,0.017529,0.033049,-0.591767,6.851853,0.115670
2026-07-30,0.872034,-1.373400,-0.118950,0.370832,-0.837543,-2.417170,0.040034
2026-07-31,-0.098039,0.280789,-0.056275,0.188789,-0.196330,6.612044,0.253468
2026-08-01,,,,,,0.000000,
2026-08-02,,,,,,0.000000,
2026-08-03,0.302543,,-0.012894,0.038599,,-10.497129,0.848198
2026-08-04,0.816236,0.739404,-0.029465,0.012517,-0.105493,-7.382956,-0.271884
2026-08-05,1.021295,2.214389,0.007289,0.126049,-0.169382,0.574829,-0.093866
2026-08-06,-0.484999,1.793419,0.012200,0.102506,0.253465,5.654799,0.156105
2026-08-07,-0.683775,-1.581388,-0.066047,0.112539,-0.344388,-1.215163,-0.108398
2026-08-08,,,,,,0.000000,
2026-08-09,,,,,,0.000000,
2026-08-10,0.334000,,-0.094737,0.000146,,6.735864,0.239579
2026-08-11,0.611521,4.188467,0.044138,-0.197971,-0.000200,2.172204,0.309650
2026-08-12,-0.317702,1.000113,0.023380,-0.107490,0.161075,-2.127127,-0.038595
2026-08-13,0.061539,-0.381974,-0.088813,0.127329,-0.014505,-3.195861,-0.029684
2026-08-14,0.027542,-0.452730,-0.020679,0.051748,-0.319144,3.273840,0.050240
2026-08-15,,,,,,0.000000,
2026-08-16,,,,,,0.000000,
2026-08-17,0.529107,,-0.012711,0.263755,,4.201047,-0.325134
