Date,open,high,low,close,volume
2000-01-03 05:00:00,101.669998,101.830002,100.190002,100.220001,0.000000
2000-01-04 05:00:00,100.550003,100.860001,100.010002,100.410004,0.000000
2000-01-05 05:00:00,100.419998,100.470001,99.709999,100.379997,0.000000
2000-01-06 05:00:00,100.309998,100.809998,99.809998,100.650002,0.000000
2000-01-07 05:00:00,100.489998,100.930000,100.440002,100.800003,0.000000
2000-01-10 05:00:00,100.699997,101.180000,100.650002,100.989998,0.000000
2000-01-11 05:00:00,101.029999,101.099998,100.489998,100.559998,0.000000
2000-01-12 05:00:00,100.510002,100.980003,100.239998,100.620003,0.000000
2000-01-13 05:00:00,100.690002,101.139999,100.570000,101.000000,0.000000
2000-01-14 05:00:00,100.949997,101.970001,100.879997,101.720001,0.000000
2000-01-17 05:00:00,101.809998,102.099998,101.610001,102.050003,0.000000
2000-01-18 05:00:00,101.750000,102.110001,101.639999,101.860001,0.000000
2000-01-19 05:00:00,101.669998,102.080002,101.559998,101.760002,0.000000
2000-01-20 05:00:00,101.769997,102.070000,101.220001,101.360001,0.000000
2000-01-21 05:00:00,101.360001,102.050003,101.120003,101.760002,0.000000
2000-01-24 05:00:00,102.230003,102.489998,101.910004,102.199997,0.000000
2000-01-25 05:00:00,102.019997,102.610001,101.839996,102.410004,0.000000
2000-01-26 05:00:00,102.410004,102.610001,102.139999,102.440002,0.000000
2000-01-27 05:00:00,102.570000,103.279999,102.379997,103.169998,0.000000
2000-01-28 05:00:00,103.180000,104.739998,103.139999,104.480003,0.000000
2000-01-31 05:00:00,104.449997,105.279999,104.019997,105.129997,0.000000
2000-02-01 05:00:00,104.980003,105.309998,104.540001,104.919998,0.000000
2000-02-02 05:00:00,104.970001,105.360001,104.440002,104.790001,0.000000
2000-02-03 05:00:00,104.690002,105.199997,103.419998,103.800003,0.000000
2000-02-04 05:00:00,103.750000,104.870003,103.500000,104.290001,0.000000
2000-02-07 05:00:00,104.300003,104.910004,104.199997,104.639999,0.000000
2000-02-08 05:00:00,104.589996,104.769997,103.849998,104.220001,0.000000
2000-02-09 05:00:00,104.169998,104.230003,103.389999,103.680000,0.000000
2000-02-10 05:00:00,103.570000,104.339996,103.360001,104.129997,0.000000
2000-02-11 05:00:00,104.199997,104.820000,104.110001,104.190002,0.000000
2000-02-14 05:00:00,104.199997,104.930000,103.830002,104.720001,0.000000
2000-02-15 05:00:00,104.849998,105.080002,104.309998,104.690002,0.000000
2000-02-16 05:00:00,104.660004,104.839996,104.220001,104.279999,0.000000
2000-02-17 05:00:00,104.290001,104.610001,103.669998,104.269997,0.000000
2000-02-18 05:00:00,104.349998,104.940002,104.180000,104.629997,0.000000
2000-02-21 05:00:00,104.389999,104.720001,104.290001,104.580002,0.000000
2000-02-22 05:00:00,104.419998,104.510002,102.989998,103.279999,0.000000
2000-02-23 05:00:00,103.230003,103.650002,102.919998,103.529999,0.000000
2000-02-24 05:00:00,103.489998,104.419998,103.370003,104.010002,0.000000
2000-02-25 05:00:00,104.220001,105.500000,104.120003,105.260002,0.000000
2000-02-28 05:00:00,105.279999,106.860001,105.239998,105.269997,0.000000
2000-02-29 05:00:00,105.629997,106.220001,105.040001,105.919998,0.000000
2000-03-01 05:00:00,106.220001,106.220001,104.660004,104.889999,0.000000
2000-03-02 05:00:00,105.199997,105.959999,104.589996,105.650002,0.000000
2000-03-03 05:00:00,105.919998,106.139999,105.550003,106.000000,0.000000
2000-03-06 05:00:00,106.209999,106.349998,105.470001,106.160004,0.000000
2000-03-07 05:00:00,106.209999,106.389999,105.839996,106.089996,0.000000
2000-03-08 05:00:00,105.989998,106.610001,105.739998,105.930000,0.000000
2000-03-09 05:00:00,105.760002,105.970001,105.220001,105.370003,0.000000
2000-03-10 05:00:00,105.459999,105.949997,105.279999,105.709999,0.000000
2000-03-13 05:00:00,105.760002,105.800003,104.839996,105.500000,0.000000
2000-03-14 05:00:00,105.540001,105.889999,105.209999,105.300003,0.000000
2000-03-15 05:00:00,105.250000,105.669998,105.110001,105.379997,0.000000
2000-03-16 05:00:00,105.589996,105.629997,104.959999,105.180000,0.000000
2000-03-17 05:00:00,105.169998,105.610001,105.150002,105.199997,0.000000
2000-03-20 05:00:00,105.320000,105.540001,105.080002,105.150002,0.000000
2000-03-21 05:00:00,105.150002,105.839996,105.120003,105.809998,0.000000
2000-03-22 05:00:00,106.209999,106.339996,105.800003,106.040001,0.000000
2000-03-23 05:00:00,106.019997,106.150002,105.110001,105.230003,0.000000
2000-03-24 05:00:00,105.199997,105.449997,104.650002,104.769997,0.000000
2000-03-27 05:00:00,104.669998,105.660004,104.480003,105.449997,0.000000
2000-03-28 05:00:00,105.379997,105.639999,104.949997,105.529999,0.000000
2000-03-29 05:00:00,105.839996,106.519997,105.610001,106.250000,0.000000
2000-03-30 05:00:00,106.070000,106.220001,105.379997,105.470001,0.000000
2000-03-31 05:00:00,105.510002,105.839996,105.160004,105.440002,0.000000
2000-04-03 04:00:00,105.610001,106.180000,105.349998,105.540001,0.000000
2000-04-04 04:00:00,105.790001,106.150002,104.230003,105.169998,0.000000
2000-04-05 04:00:00,105.269997,105.540001,104.709999,105.290001,0.000000
2000-04-06 04:00:00,105.440002,105.730003,105.160004,105.519997,0.000000
2000-04-07 04:00:00,105.709999,106.059998,105.470001,105.970001,0.000000
2000-04-10 04:00:00,106.080002,106.139999,105.550003,105.680000,0.000000
2000-04-11 04:00:00,105.580002,106.099998,105.480003,105.940002,0.000000
2000-04-12 04:00:00,105.889999,106.309998,105.669998,105.959999,0.000000
2000-04-13 04:00:00,105.750000,106.360001,105.680000,106.139999,0.000000
2000-04-14 04:00:00,106.279999,106.419998,105.510002,105.750000,0.000000
2000-04-17 04:00:00,105.300003,106.190002,104.959999,106.129997,0.000000
2000-04-18 04:00:00,106.550003,106.739998,106.239998,106.629997,0.000000
2000-04-19 04:00:00,106.760002,107.480003,106.449997,107.129997,0.000000
2000-04-20 04:00:00,107.120003,107.550003,106.900002,107.449997,0.000000
2000-04-24 04:00:00,107.080002,107.370003,106.779999,107.279999,0.000000
2000-04-25 04:00:00,107.320000,109.000000,107.239998,108.690002,0.000000
2000-04-26 04:00:00,108.620003,108.930000,108.290001,108.550003,0.000000
2000-04-27 04:00:00,108.550003,109.940002,108.430000,109.570000,0.000000
2000-04-28 04:00:00,109.529999,110.320000,109.410004,110.139999,0.000000
2000-05-01 04:00:00,109.900002,110.349998,109.599998,109.629997,0.000000
2000-05-02 04:00:00,109.610001,110.610001,109.510002,110.260002,0.000000
2000-05-03 04:00:00,110.029999,111.820000,109.980003,111.260002,0.000000
2000-05-04 04:00:00,111.339996,112.230003,111.209999,111.800003,0.000000
2000-05-05 04:00:00,111.610001,111.959999,110.959999,111.309998,0.000000
2000-05-08 04:00:00,111.309998,111.860001,110.820000,111.449997,0.000000
2000-05-09 04:00:00,111.339996,111.650002,110.660004,110.750000,0.000000
2000-05-10 04:00:00,110.680000,110.879997,110.300003,110.800003,0.000000
2000-05-11 04:00:00,111.190002,111.529999,110.669998,111.519997,0.000000
2000-05-12 04:00:00,111.250000,111.510002,109.800003,109.900002,0.000000
2000-05-15 04:00:00,109.910004,110.580002,109.809998,110.559998,0.000000
2000-05-16 04:00:00,110.879997,111.400002,110.639999,111.309998,0.000000
2000-05-17 04:00:00,111.660004,112.599998,111.279999,112.099998,0.000000
2000-05-18 04:00:00,111.970001,112.470001,111.849998,112.209999,0.000000
2000-05-19 04:00:00,112.029999,112.860001,111.320000,111.470001,0.000000
2000-05-22 04:00:00,111.480003,111.779999,110.860001,111.059998,0.000000
2000-05-23 04:00:00,111.209999,111.459999,110.239998,111.139999,0.000000
2000-05-24 04:00:00,111.019997,111.379997,110.690002,111.220001,0.000000
2000-05-25 04:00:00,111.500000,111.970001,110.730003,110.750000,0.000000
2000-05-26 04:00:00,110.690002,110.870003,109.000000,109.120003,0.000000
2000-05-30 04:00:00,109.029999,109.489998,108.180000,108.930000,0.000000
2000-05-31 04:00:00,109.160004,109.519997,108.599998,108.739998,0.000000
2000-06-01 04:00:00,108.650002,109.419998,108.599998,109.050003,0.000000
2000-06-02 04:00:00,109.120003,109.290001,107.400002,108.120003,0.000000
2000-06-05 04:00:00,107.809998,108.040001,107.389999,107.459999,0.000000
2000-06-06 04:00:00,107.589996,107.669998,106.230003,106.589996,0.000000
2000-06-07 04:00:00,106.639999,106.830002,106.080002,106.180000,0.000000
2000-06-08 04:00:00,106.300003,107.110001,105.559998,106.709999,0.000000
2000-06-09 04:00:00,106.870003,107.610001,106.669998,106.989998,0.000000
2000-06-12 04:00:00,107.059998,107.370003,106.720001,106.970001,0.000000
2000-06-13 04:00:00,106.949997,107.059998,106.099998,106.400002,0.000000
2000-06-14 04:00:00,106.529999,106.639999,106.019997,106.459999,0.000000
2000-06-15 04:00:00,106.610001,107.139999,106.419998,106.879997,0.000000
2000-06-16 04:00:00,106.870003,107.120003,105.919998,105.959999,0.000000
2000-06-19 04:00:00,106.000000,106.440002,105.589996,106.330002,0.000000
2000-06-20 04:00:00,106.419998,106.769997,106.040001,106.330002,0.000000
2000-06-21 04:00:00,106.669998,107.610001,106.559998,107.430000,0.000000
2000-06-22 04:00:00,107.470001,108.010002,107.190002,107.709999,0.000000
2000-06-23 04:00:00,107.820000,108.199997,107.370003,108.010002,0.000000
2000-06-26 04:00:00,108.059998,108.639999,107.930000,108.110001,0.000000
2000-06-27 04:00:00,108.150002,108.300003,107.330002,107.360001,0.000000
2000-06-28 04:00:00,107.419998,107.970001,107.339996,107.599998,0.000000
2000-06-29 04:00:00,107.580002,107.699997,106.650002,106.839996,0.000000
2000-06-30 04:00:00,106.860001,107.029999,106.370003,106.839996,0.000000
2000-07-03 04:00:00,106.820000,107.320000,106.800003,107.059998,0.000000
2000-07-04 04:00:00,107.349998,107.480003,107.010002,107.290001,0.000000
2000-07-05 04:00:00,106.949997,107.260002,106.790001,107.120003,0.000000
2000-07-06 04:00:00,107.190002,107.470001,106.699997,107.370003,0.000000
2000-07-07 04:00:00,107.410004,107.690002,107.169998,107.650002,0.000000
2000-07-10 04:00:00,107.529999,107.550003,106.949997,107.010002,0.000000
2000-07-11 04:00:00,106.989998,107.349998,106.779999,107.139999,0.000000
2000-07-12 04:00:00,107.129997,108.290001,107.080002,108.120003,0.000000
2000-07-13 04:00:00,108.160004,108.889999,108.040001,108.540001,0.000000
2000-07-14 04:00:00,108.559998,108.930000,108.330002,108.449997,0.000000
2000-07-17 04:00:00,108.320000,108.879997,108.290001,108.699997,0.000000
2000-07-18 04:00:00,108.620003,109.660004,108.540001,109.379997,0.000000
2000-07-19 04:00:00,109.550003,109.919998,109.349998,109.589996,0.000000
2000-07-20 04:00:00,109.360001,109.860001,108.559998,108.610001,0.000000
2000-07-21 04:00:00,108.629997,108.879997,108.330002,108.419998,0.000000
2000-07-24 04:00:00,108.510002,108.849998,108.349998,108.690002,0.000000
2000-07-25 04:00:00,108.720001,108.769997,107.949997,108.379997,0.000000
2000-07-26 04:00:00,108.260002,108.360001,107.830002,108.110001,0.000000
2000-07-27 04:00:00,107.980003,108.949997,107.900002,108.889999,0.000000
2000-07-28 04:00:00,108.870003,109.870003,108.750000,109.739998,0.000000
2000-07-31 04:00:00,109.760002,109.889999,109.389999,109.570000,0.000000
2000-08-01 04:00:00,109.500000,110.250000,109.349998,110.050003,0.000000
2000-08-02 04:00:00,110.459999,110.779999,110.080002,110.669998,0.000000
2000-08-03 04:00:00,110.370003,111.650002,110.139999,110.980003,0.000000
2000-08-04 04:00:00,110.949997,111.389999,110.620003,110.849998,0.000000
2000-08-07 04:00:00,110.849998,111.139999,110.599998,110.800003,0.000000
2000-08-08 04:00:00,110.820000,111.589996,110.720001,111.320000,0.000000
2000-08-09 04:00:00,111.260002,111.709999,111.180000,111.440002,0.000000
2000-08-10 04:00:00,111.250000,111.290001,110.680000,110.900002,0.000000
2000-08-11 04:00:00,110.849998,111.290001,110.290001,111.209999,0.000000
2000-08-14 04:00:00,111.209999,111.589996,111.029999,111.080002,0.000000
2000-08-15 04:00:00,111.029999,111.110001,110.419998,110.510002,0.000000
2000-08-16 04:00:00,110.529999,111.000000,110.110001,110.260002,0.000000
2000-08-17 04:00:00,110.220001,110.580002,110.099998,110.110001,0.000000
2000-08-18 04:00:00,110.199997,111.059998,110.099998,111.010002,0.000000
2000-08-21 04:00:00,110.930000,111.559998,110.870003,111.459999,0.000000
2000-08-22 04:00:00,111.410004,112.050003,111.250000,111.790001,0.000000
2000-08-23 04:00:00,111.809998,112.260002,111.370003,111.419998,0.000000
2000-08-24 04:00:00,111.260002,111.519997,110.989998,111.230003,0.000000
2000-08-25 04:00:00,111.300003,111.690002,110.839996,111.349998,0.000000
2000-08-28 04:00:00,111.260002,111.580002,111.070000,111.459999,0.000000
2000-08-29 04:00:00,111.449997,112.349998,111.309998,112.199997,0.000000
2000-08-30 04:00:00,112.190002,112.779999,112.110001,112.139999,0.000000
2000-08-31 04:00:00,111.980003,112.930000,111.779999,112.599998,0.000000
2000-09-01 04:00:00,112.360001,112.599998,111.250000,111.419998,0.000000
2000-09-05 04:00:00,111.610001,112.769997,111.500000,112.410004,0.000000
2000-09-06 04:00:00,112.449997,114.239998,112.320000,114.120003,0.000000
2000-09-07 04:00:00,114.059998,114.800003,113.440002,113.650002,0.000000
2000-09-08 04:00:00,113.790001,114.900002,113.629997,114.339996,0.000000
2000-09-11 04:00:00,114.809998,115.589996,114.120003,115.370003,0.000000
2000-09-12 04:00:00,115.349998,115.779999,114.559998,115.169998,0.000000
2000-09-13 04:00:00,115.019997,115.480003,114.519997,115.339996,0.000000
2000-09-14 04:00:00,115.540001,115.760002,114.230003,115.160004,0.000000
2000-09-15 04:00:00,115.160004,115.989998,114.660004,115.940002,0.000000
2000-09-18 04:00:00,116.110001,116.309998,115.730003,116.000000,0.000000
2000-09-19 04:00:00,115.949997,116.540001,115.750000,116.110001,0.000000
2000-09-20 04:00:00,116.129997,116.750000,115.940002,116.410004,0.000000
2000-09-21 04:00:00,116.190002,116.540001,115.160004,115.269997,0.000000
2000-09-22 04:00:00,115.000000,115.339996,111.620003,113.559998,0.000000
2000-09-25 04:00:00,113.419998,114.199997,113.150002,114.059998,0.000000
2000-09-26 04:00:00,113.860001,114.000000,113.080002,113.160004,0.000000
2000-09-27 04:00:00,113.150002,113.589996,112.639999,113.110001,0.000000
2000-09-28 04:00:00,113.029999,113.489998,112.889999,113.309998,0.000000
2000-09-29 04:00:00,113.320000,113.959999,112.959999,113.250000,0.000000
2000-10-02 04:00:00,113.139999,113.889999,112.949997,113.790001,0.000000
2000-10-03 04:00:00,113.760002,114.360001,113.739998,114.220001,0.000000
2000-10-04 04:00:00,114.040001,114.500000,113.889999,114.169998,0.000000
2000-10-05 04:00:00,114.180000,114.839996,113.849998,114.739998,0.000000
2000-10-06 04:00:00,114.769997,115.029999,114.239998,114.849998,0.000000
2000-10-09 04:00:00,114.660004,114.830002,114.589996,114.809998,0.000000
2000-10-10 04:00:00,114.870003,115.000000,114.139999,114.360001,0.000000
2000-10-11 04:00:00,114.269997,114.599998,113.870003,114.489998,0.000000
2000-10-12 04:00:00,114.699997,115.080002,114.550003,114.889999,0.000000
2000-10-13 04:00:00,115.019997,115.959999,114.620003,115.860001,0.000000
2000-10-16 04:00:00,115.809998,116.730003,115.680000,116.389999,0.000000
2000-10-17 04:00:00,116.300003,116.669998,115.820000,115.889999,0.000000
2000-10-18 04:00:00,115.889999,117.870003,115.510002,117.330002,0.000000
2000-10-19 04:00:00,117.169998,117.480003,116.720001,116.940002,0.000000
2000-10-20 04:00:00,116.879997,117.839996,116.529999,117.160004,0.000000
2000-10-23 04:00:00,117.190002,117.650002,117.040001,117.540001,0.000000
2000-10-24 04:00:00,117.510002,117.660004,117.059998,117.419998,0.000000
2000-10-25 04:00:00,117.519997,118.760002,117.330002,118.489998,0.000000
2000-10-26 04:00:00,118.489998,119.070000,118.139999,118.500000,0.000000
2000-10-27 04:00:00,118.339996,118.519997,117.000000,117.389999,0.000000
2000-10-30 05:00:00,117.370003,117.510002,116.099998,117.250000,0.000000
2000-10-31 05:00:00,117.519997,117.690002,116.570000,116.650002,0.000000
2000-11-01 05:00:00,116.599998,116.820000,115.489998,115.559998,0.000000
2000-11-02 05:00:00,115.529999,116.029999,112.750000,115.610001,0.000000
2000-11-03 05:00:00,115.839996,115.879997,113.919998,114.970001,0.000000
2000-11-06 05:00:00,114.919998,116.139999,114.349998,115.690002,0.000000
2000-11-07 05:00:00,115.459999,115.949997,115.150002,115.519997,0.000000
2000-11-08 05:00:00,115.620003,116.620003,114.800003,116.230003,0.000000
2000-11-09 05:00:00,116.279999,116.620003,115.099998,115.339996,0.000000
2000-11-10 05:00:00,115.260002,115.900002,114.889999,115.790001,0.000000
2000-11-13 05:00:00,115.730003,116.040001,115.269997,115.699997,0.000000
2000-11-14 05:00:00,116.010002,116.400002,115.629997,116.220001,0.000000
2000-11-15 05:00:00,116.099998,116.580002,115.629997,116.349998,0.000000
2000-11-16 05:00:00,116.320000,116.989998,116.169998,116.930000,0.000000
2000-11-17 05:00:00,116.739998,117.349998,116.379997,117.309998,0.000000
2000-11-20 05:00:00,117.199997,117.699997,117.050003,117.349998,0.000000
2000-11-21 05:00:00,117.110001,118.099998,116.919998,117.949997,0.000000
2000-11-22 05:00:00,117.860001,118.190002,117.370003,117.849998,0.000000
2000-11-23 05:00:00,117.870003,118.139999,117.800003,118.089996,0.000000
2000-11-24 05:00:00,118.370003,118.690002,118.019997,118.480003,0.000000
2000-11-27 05:00:00,118.540001,118.610001,117.010002,117.099998,0.000000
2000-11-28 05:00:00,117.080002,117.269997,116.419998,116.580002,0.000000
2000-11-29 05:00:00,116.629997,116.720001,115.629997,116.610001,0.000000
2000-11-30 05:00:00,116.620003,116.739998,115.050003,115.239998,0.000000
2000-12-01 05:00:00,115.209999,115.440002,114.610001,114.730003,0.000000
2000-12-04 05:00:00,114.699997,114.940002,113.260002,113.709999,0.000000
2000-12-05 05:00:00,113.970001,114.599998,113.449997,114.470001,0.000000
2000-12-06 05:00:00,114.510002,114.730003,113.290001,113.309998,0.000000
2000-12-07 05:00:00,113.239998,113.870003,112.790001,113.540001,0.000000
2000-12-08 05:00:00,113.629997,114.110001,113.290001,114.050003,0.000000
2000-12-11 05:00:00,114.070000,114.449997,113.639999,114.290001,0.000000
2000-12-12 05:00:00,114.300003,114.709999,113.790001,114.260002,0.000000
2000-12-13 05:00:00,114.290001,115.180000,114.150002,114.709999,0.000000
2000-12-14 05:00:00,114.480003,114.709999,113.260002,113.379997,0.000000
2000-12-15 05:00:00,113.139999,113.290001,112.480003,112.900002,0.000000
2000-12-18 05:00:00,112.980003,113.199997,112.370003,113.070000,0.000000
2000-12-19 05:00:00,112.900002,113.660004,112.800003,113.209999,0.000000
2000-12-20 05:00:00,113.070000,113.129997,111.930000,111.970001,0.000000
2000-12-21 05:00:00,111.930000,112.260002,111.190002,111.510002,0.000000
2000-12-22 05:00:00,111.330002,111.500000,110.470001,110.820000,0.000000
2000-12-26 05:00:00,110.459999,110.559998,110.300003,110.309998,0.000000
2000-12-27 05:00:00,110.309998,110.599998,110.050003,110.320000,0.000000
2000-12-28 05:00:00,110.199997,110.830002,110.139999,110.379997,0.000000
2000-12-29 05:00:00,110.389999,110.500000,109.459999,109.559998,0.000000
2001-01-02 05:00:00,109.330002,109.650002,108.639999,108.769997,0.000000
2001-01-03 05:00:00,108.589996,110.339996,108.089996,110.169998,0.000000
2001-01-04 05:00:00,110.300003,110.400002,108.510002,108.809998,0.000000
2001-01-05 05:00:00,108.639999,109.309998,108.260002,108.419998,0.000000
2001-01-08 05:00:00,108.330002,109.190002,108.230003,108.860001,0.000000
2001-01-09 05:00:00,109.190002,109.959999,109.080002,109.519997,0.000000
2001-01-10 05:00:00,109.599998,109.959999,109.260002,109.860001,0.000000
2001-01-11 05:00:00,110.089996,110.099998,108.730003,109.010002,0.000000
2001-01-12 05:00:00,109.070000,109.620003,108.559998,109.360001,0.000000
2001-01-15 05:00:00,109.940002,110.139999,109.580002,109.970001,0.000000
2001-01-16 05:00:00,110.169998,110.430000,109.940002,110.110001,0.000000
2001-01-17 05:00:00,110.059998,111.099998,109.820000,110.809998,0.000000
2001-01-18 05:00:00,110.680000,110.800003,109.730003,109.940002,0.000000
2001-01-19 05:00:00,110.040001,110.690002,109.370003,110.660004,0.000000
2001-01-22 05:00:00,110.529999,111.269997,110.050003,110.239998,0.000000
2001-01-23 05:00:00,110.150002,110.400002,109.739998,110.239998,0.000000
2001-01-24 05:00:00,110.489998,111.870003,110.410004,111.680000,0.000000
2001-01-25 05:00:00,111.680000,112.650002,111.410004,111.610001,0.000000
2001-01-26 05:00:00,111.339996,111.830002,110.680000,111.459999,0.000000
2001-01-29 05:00:00,111.529999,111.879997,111.209999,111.769997,0.000000
2001-01-30 05:00:00,111.809998,112.080002,110.889999,110.980003,0.000000
2001-01-31 05:00:00,111.000000,111.180000,110.400002,110.519997,0.000000
2001-02-01 05:00:00,110.300003,110.320000,109.400002,109.660004,0.000000
2001-02-02 05:00:00,109.970001,110.519997,109.570000,110.320000,0.000000
2001-02-05 05:00:00,110.199997,110.360001,109.480003,109.889999,0.000000
2001-02-06 05:00:00,110.010002,110.930000,109.919998,110.769997,0.000000
2001-02-07 05:00:00,110.669998,111.230003,110.480003,110.889999,0.000000
2001-02-08 05:00:00,111.070000,112.220001,110.980003,112.059998,0.000000
2001-02-09 05:00:00,111.989998,112.570000,111.389999,111.519997,0.000000
2001-02-12 05:00:00,111.650002,111.660004,111.040001,111.190002,0.000000
2001-02-13 05:00:00,111.089996,112.250000,111.040001,111.959999,0.000000
2001-02-14 05:00:00,111.970001,112.260002,111.750000,112.040001,0.000000
2001-02-15 05:00:00,112.080002,113.279999,111.970001,113.199997,0.000000
2001-02-16 05:00:00,113.080002,113.120003,112.050003,112.260002,0.000000
2001-02-19 05:00:00,112.519997,112.650002,111.680000,111.919998,0.000000
2001-02-20 05:00:00,111.919998,113.290001,111.699997,112.820000,0.000000
2001-02-21 05:00:00,112.830002,113.349998,112.269997,113.120003,0.000000
2001-02-22 05:00:00,112.889999,113.620003,112.669998,113.339996,0.000000
2001-02-23 05:00:00,113.430000,113.550003,111.889999,112.029999,0.000000
2001-02-26 05:00:00,112.169998,113.070000,112.089996,112.769997,0.000000
2001-02-27 05:00:00,112.989998,113.019997,111.940002,112.339996,0.000000
2001-02-28 05:00:00,112.239998,112.430000,111.699997,112.010002,0.000000
2001-03-01 05:00:00,112.040001,112.080002,111.230003,111.279999,0.000000
2001-03-02 05:00:00,111.370003,111.570000,110.820000,111.169998,0.000000
2001-03-05 05:00:00,111.129997,111.709999,111.000000,111.540001,0.000000
2001-03-06 05:00:00,111.639999,111.860001,111.150002,111.199997,0.000000
2001-03-07 05:00:00,111.169998,112.010002,110.930000,111.830002,0.000000
2001-03-08 05:00:00,111.779999,111.980003,111.290001,111.489998,0.000000
2001-03-09 05:00:00,111.400002,111.730003,111.010002,111.440002,0.000000
2001-03-12 05:00:00,111.470001,112.160004,111.379997,112.010002,0.000000
2001-03-13 05:00:00,111.900002,113.309998,111.830002,113.110001,0.000000
2001-03-14 05:00:00,113.080002,113.830002,112.489998,113.699997,0.000000
2001-03-15 05:00:00,113.639999,115.190002,113.430000,114.709999,0.000000
2001-03-16 05:00:00,114.860001,115.760002,114.769997,115.320000,0.000000
2001-03-19 05:00:00,115.260002,115.629997,114.690002,115.199997,0.000000
2001-03-20 05:00:00,115.099998,115.110001,114.110001,114.110001,0.000000
2001-03-21 05:00:00,113.879997,115.769997,113.790001,115.529999,0.000000
2001-03-22 05:00:00,115.459999,116.790001,115.410004,116.300003,0.000000
2001-03-23 05:00:00,116.290001,116.480003,115.290001,115.940002,0.000000
2001-03-26 05:00:00,116.050003,116.070000,115.160004,115.209999,0.000000
2001-03-27 05:00:00,115.029999,115.870003,114.949997,115.430000,0.000000
2001-03-28 05:00:00,115.370003,116.150002,115.279999,116.010002,0.000000
2001-03-29 05:00:00,115.980003,116.800003,115.919998,116.599998,0.000000
2001-03-30 05:00:00,116.570000,117.629997,116.480003,117.370003,0.000000
2001-04-02 04:00:00,117.699997,117.820000,116.889999,117.339996,0.000000
2001-04-03 04:00:00,117.260002,117.440002,115.629997,115.629997,0.000000
2001-04-04 04:00:00,115.570000,116.000000,114.830002,115.080002,0.000000
2001-04-05 04:00:00,115.089996,115.660004,114.360001,115.470001,0.000000
2001-04-06 04:00:00,115.489998,115.870003,114.510002,114.750000,0.000000
2001-04-09 04:00:00,114.709999,115.260002,114.610001,115.209999,0.000000
2001-04-10 04:00:00,115.529999,116.129997,115.029999,116.019997,0.000000
2001-04-11 04:00:00,115.839996,116.660004,115.629997,116.129997,0.000000
2001-04-12 04:00:00,116.040001,116.220001,115.290001,115.540001,0.000000
2001-04-16 04:00:00,116.370003,116.529999,116.110001,116.180000,0.000000
2001-04-17 04:00:00,115.970001,116.849998,115.559998,116.459999,0.000000
2001-04-18 04:00:00,116.430000,117.559998,115.680000,116.129997,0.000000
2001-04-19 04:00:00,116.230003,116.440002,114.919998,115.019997,0.000000
2001-04-20 04:00:00,114.690002,115.050003,114.230003,114.320000,0.000000
2001-04-23 04:00:00,114.190002,115.099998,113.860001,114.769997,0.000000
2001-04-24 04:00:00,114.800003,115.309998,114.410004,115.199997,0.000000
2001-04-25 04:00:00,115.290001,115.540001,114.610001,114.980003,0.000000
2001-04-26 04:00:00,114.870003,115.220001,114.410004,114.459999,0.000000
2001-04-27 04:00:00,114.550003,115.849998,114.339996,115.620003,0.000000
2001-04-30 04:00:00,115.669998,116.139999,115.470001,115.849998,0.000000
2001-05-01 04:00:00,115.709999,116.019997,115.110001,115.300003,0.000000
2001-05-02 04:00:00,115.190002,115.599998,114.959999,115.160004,0.000000
2001-05-03 04:00:00,114.879997,115.529999,114.709999,115.379997,0.000000
2001-05-04 04:00:00,115.279999,115.410004,114.269997,114.930000,0.000000
2001-05-07 04:00:00,115.160004,115.360001,115.089996,115.320000,0.000000
2001-05-08 04:00:00,115.250000,116.160004,115.199997,116.080002,0.000000
2001-05-09 04:00:00,116.000000,116.339996,115.889999,116.050003,0.000000
2001-05-10 04:00:00,115.919998,116.709999,115.349998,116.370003,0.000000
2001-05-11 04:00:00,116.349998,117.080002,116.320000,116.839996,0.000000
2001-05-14 04:00:00,116.959999,117.339996,116.879997,117.139999,0.000000
2001-05-15 04:00:00,117.199997,117.279999,116.559998,116.790001,0.000000
2001-05-16 04:00:00,116.529999,117.139999,115.970001,116.139999,0.000000
2001-05-17 04:00:00,116.160004,116.510002,115.739998,116.120003,0.000000
2001-05-18 04:00:00,116.150002,116.870003,116.089996,116.410004,0.000000
2001-05-21 04:00:00,116.370003,116.879997,116.139999,116.519997,0.000000
2001-05-22 04:00:00,116.589996,117.980003,116.480003,117.690002,0.000000
2001-05-23 04:00:00,117.709999,118.419998,117.430000,118.290001,0.000000
2001-05-24 04:00:00,118.470001,118.760002,117.849998,118.360001,0.000000
2001-05-25 04:00:00,118.300003,118.599998,117.779999,118.180000,0.000000
2001-05-29 04:00:00,118.040001,118.669998,118.000000,118.220001,0.000000
2001-05-30 04:00:00,118.410004,118.480003,117.970001,118.220001,0.000000
2001-05-31 04:00:00,118.300003,119.290001,118.180000,119.070000,0.000000
2001-06-01 04:00:00,119.110001,119.389999,118.669998,118.889999,0.000000
2001-06-04 04:00:00,119.139999,119.430000,118.459999,119.190002,0.000000
2001-06-05 04:00:00,119.199997,119.639999,118.639999,118.699997,0.000000
2001-06-06 04:00:00,118.629997,119.629997,118.320000,119.360001,0.000000
2001-06-07 04:00:00,119.480003,119.629997,118.940002,119.089996,0.000000
2001-06-08 04:00:00,119.080002,119.660004,118.989998,119.209999,0.000000
2001-06-11 04:00:00,119.349998,120.330002,118.959999,120.050003,0.000000
2001-06-12 04:00:00,120.150002,120.320000,119.510002,119.610001,0.000000
2001-06-13 04:00:00,119.309998,119.559998,118.779999,119.029999,0.000000
2001-06-14 04:00:00,118.860001,119.510002,117.930000,117.989998,0.000000
2001-06-15 04:00:00,117.989998,118.330002,117.430000,118.290001,0.000000
2001-06-18 04:00:00,118.199997,118.699997,118.010002,118.360001,0.000000
2001-06-19 04:00:00,118.480003,119.220001,118.389999,119.040001,0.000000
2001-06-20 04:00:00,119.070000,119.620003,118.989998,119.129997,0.000000
2001-06-21 04:00:00,119.160004,119.279999,118.739998,118.889999,0.000000
2001-06-22 04:00:00,119.000000,119.279999,118.650002,118.910004,0.000000
2001-06-25 04:00:00,118.760002,118.790001,118.110001,118.320000,0.000000
2001-06-26 04:00:00,118.440002,118.510002,117.849998,118.070000,0.000000
2001-06-27 04:00:00,118.089996,118.540001,117.790001,118.379997,0.000000
2001-06-28 04:00:00,118.489998,120.129997,118.339996,120.010002,0.000000
2001-06-29 04:00:00,120.070000,120.129997,119.430000,119.430000,0.000000
2001-07-02 04:00:00,119.389999,119.959999,119.239998,119.669998,0.000000
2001-07-03 04:00:00,119.589996,119.779999,119.290001,119.599998,0.000000
2001-07-04 04:00:00,119.769997,120.080002,119.519997,119.910004,0.000000
2001-07-05 04:00:00,120.250000,120.989998,119.860001,120.900002,0.000000
2001-07-06 04:00:00,120.760002,121.019997,119.849998,119.900002,0.000000
2001-07-09 04:00:00,119.930000,120.199997,119.550003,119.889999,0.000000
2001-07-10 04:00:00,119.500000,119.760002,118.910004,119.129997,0.000000
2001-07-11 04:00:00,119.089996,119.320000,118.120003,118.639999,0.000000
2001-07-12 04:00:00,118.910004,119.389999,118.720001,119.089996,0.000000
2001-07-13 04:00:00,119.250000,119.599998,118.970001,119.330002,0.000000
2001-07-16 04:00:00,119.220001,119.379997,118.650002,119.300003,0.000000
2001-07-17 04:00:00,119.570000,119.930000,118.690002,118.900002,0.000000
2001-07-18 04:00:00,118.809998,119.080002,117.320000,117.379997,0.000000
2001-07-19 04:00:00,117.360001,117.779999,116.760002,117.330002,0.000000
2001-07-20 04:00:00,117.300003,117.449997,116.650002,117.209999,0.000000
2001-07-23 04:00:00,117.470001,118.099998,117.250000,117.849998,0.000000
2001-07-24 04:00:00,117.739998,117.849998,117.050003,117.120003,0.000000
2001-07-25 04:00:00,117.349998,117.540001,116.510002,116.639999,0.000000
2001-07-26 04:00:00,116.620003,117.129997,116.339996,116.739998,0.000000
2001-07-27 04:00:00,116.830002,117.320000,116.489998,116.940002,0.000000
2001-07-30 04:00:00,116.879997,117.449997,116.800003,117.199997,0.000000
2001-07-31 04:00:00,117.269997,117.459999,116.830002,117.180000,0.000000
2001-08-01 04:00:00,117.070000,117.139999,116.410004,116.559998,0.000000
2001-08-02 04:00:00,116.529999,116.769997,116.269997,116.279999,0.000000
2001-08-03 04:00:00,116.290001,116.769997,115.800003,116.139999,0.000000
2001-08-06 04:00:00,116.260002,116.730003,116.209999,116.419998,0.000000
2001-08-07 04:00:00,116.500000,117.089996,116.459999,116.830002,0.000000
2001-08-08 04:00:00,116.910004,117.160004,116.529999,116.540001,0.000000
2001-08-09 04:00:00,116.500000,116.620003,115.099998,115.250000,0.000000
2001-08-10 04:00:00,115.379997,115.449997,114.989998,115.290001,0.000000
2001-08-13 04:00:00,115.269997,115.400002,114.669998,115.010002,0.000000
2001-08-14 04:00:00,115.050003,115.419998,114.330002,114.389999,0.000000
2001-08-15 04:00:00,114.419998,114.470001,113.040001,113.190002,0.000000
2001-08-16 04:00:00,113.150002,113.570000,112.449997,113.080002,0.000000
2001-08-17 04:00:00,113.389999,113.580002,112.919998,112.989998,0.000000
2001-08-20 04:00:00,113.080002,113.620003,112.739998,113.400002,0.000000
2001-08-21 04:00:00,113.500000,113.800003,113.150002,113.290001,0.000000
2001-08-22 04:00:00,112.889999,113.309998,112.320000,113.269997,0.000000
2001-08-23 04:00:00,113.330002,113.639999,112.970001,113.089996,0.000000
2001-08-24 04:00:00,113.180000,113.820000,112.959999,113.330002,0.000000
2001-08-27 04:00:00,113.400002,113.750000,113.209999,113.389999,0.000000
2001-08-28 04:00:00,113.419998,114.269997,113.279999,113.430000,0.000000
2001-08-29 04:00:00,113.330002,113.680000,113.019997,113.540001,0.000000
2001-08-30 04:00:00,113.779999,113.870003,112.730003,112.839996,0.000000
2001-08-31 04:00:00,112.970001,113.769997,112.540001,113.419998,0.000000
2001-09-03 04:00:00,113.480003,113.760002,113.400002,113.669998,0.000000
2001-09-04 04:00:00,114.320000,115.769997,113.610001,115.680000,0.000000
2001-09-05 04:00:00,115.550003,115.680000,115.330002,115.599998,0.000000
2001-09-06 04:00:00,115.620003,116.080002,114.839996,114.970001,0.000000
2001-09-07 04:00:00,114.970001,115.730003,113.889999,114.050003,0.000000
2001-09-10 04:00:00,113.919998,114.830002,113.779999,114.570000,0.000000
2001-09-17 04:00:00,111.980003,112.720001,111.309998,112.010002,0.000000
2001-09-18 04:00:00,112.389999,112.669998,111.779999,111.919998,0.000000
2001-09-19 04:00:00,112.309998,112.360001,111.419998,111.610001,0.000000
2001-09-20 04:00:00,111.900002,112.220001,111.639999,111.870003,0.000000
2001-09-21 04:00:00,112.580002,113.440002,111.820000,113.040001,0.000000
2001-09-24 04:00:00,112.809998,113.330002,112.470001,112.839996,0.000000
2001-09-25 04:00:00,112.889999,112.970001,112.040001,112.279999,0.000000
2001-09-26 04:00:00,112.230003,112.639999,112.059998,112.290001,0.000000
2001-09-27 04:00:00,112.750000,113.169998,112.269997,112.980003,0.000000
2001-09-28 04:00:00,113.239998,113.690002,112.879997,113.480003,0.000000
2001-10-01 04:00:00,113.690002,113.730003,112.940002,113.000000,0.000000
2001-10-02 04:00:00,113.169998,113.410004,112.800003,113.010002,0.000000
2001-10-03 04:00:00,112.860001,113.410004,112.559998,113.400002,0.000000
2001-10-04 04:00:00,113.180000,113.529999,113.000000,113.160004,0.000000
2001-10-05 04:00:00,112.860001,113.160004,112.690002,112.910004,0.000000
2001-10-08 04:00:00,112.739998,112.930000,112.269997,112.589996,0.000000
2001-10-09 04:00:00,112.510002,113.400002,112.440002,113.349998,0.000000
2001-10-10 04:00:00,113.370003,113.730003,113.190002,113.699997,0.000000
2001-10-11 04:00:00,113.750000,114.870003,113.519997,114.440002,0.000000
2001-10-12 04:00:00,114.400002,114.559998,113.510002,113.889999,0.000000
2001-10-15 04:00:00,113.480003,114.000000,113.400002,113.820000,0.000000
2001-10-16 04:00:00,114.089996,114.379997,113.650002,113.919998,0.000000
2001-10-17 04:00:00,114.230003,114.580002,113.739998,114.379997,0.000000
2001-10-18 04:00:00,114.339996,114.660004,114.220001,114.349998,0.000000
2001-10-19 04:00:00,114.570000,115.040001,114.430000,114.860001,0.000000
2001-10-22 04:00:00,114.889999,116.040001,114.790001,115.750000,0.000000
2001-10-23 04:00:00,115.790001,116.269997,115.669998,115.849998,0.000000
2001-10-24 04:00:00,115.660004,115.889999,115.500000,115.599998,0.000000
2001-10-25 04:00:00,115.870003,116.169998,115.180000,115.550003,0.000000
2001-10-26 04:00:00,115.419998,115.830002,115.389999,115.650002,0.000000
2001-10-29 05:00:00,115.180000,115.610001,114.309998,114.440002,0.000000
2001-10-30 05:00:00,114.190002,114.500000,113.820000,114.349998,0.000000
2001-10-31 05:00:00,114.330002,115.029999,114.120003,114.860001,0.000000
2001-11-01 05:00:00,114.709999,114.949997,113.660004,114.459999,0.000000
2001-11-02 05:00:00,114.330002,114.699997,114.080002,114.540001,0.000000
2001-11-05 05:00:00,114.879997,115.320000,114.489998,114.540001,0.000000
2001-11-06 05:00:00,114.860001,115.040001,114.720001,114.809998,0.000000
2001-11-07 05:00:00,114.379997,115.199997,114.169998,114.980003,0.000000
2001-11-08 05:00:00,114.750000,115.410004,114.540001,115.129997,0.000000
2001-11-09 05:00:00,115.290001,115.519997,114.980003,115.089996,0.000000
2001-11-12 05:00:00,115.129997,115.389999,114.339996,115.339996,0.000000
2001-11-13 05:00:00,115.750000,116.620003,115.139999,116.400002,0.000000
2001-11-14 05:00:00,116.500000,116.830002,116.089996,116.199997,0.000000
2001-11-15 05:00:00,116.500000,116.610001,116.139999,116.510002,0.000000
2001-11-16 05:00:00,116.260002,116.599998,116.050003,116.410004,0.000000
2001-11-19 05:00:00,116.660004,117.269997,116.330002,116.930000,0.000000
2001-11-20 05:00:00,116.629997,117.099998,116.459999,116.620003,0.000000
2001-11-21 05:00:00,116.910004,117.419998,116.540001,117.150002,0.000000
2001-11-22 05:00:00,117.239998,117.360001,117.120003,117.300003,0.000000
2001-11-23 05:00:00,117.339996,117.360001,117.080002,117.330002,0.000000
2001-11-26 05:00:00,117.129997,117.430000,116.750000,117.110001,0.000000
2001-11-27 05:00:00,116.980003,117.419998,116.769997,116.889999,0.000000
2001-11-28 05:00:00,116.550003,116.919998,116.160004,116.169998,0.000000
2001-11-29 05:00:00,116.309998,116.489998,115.760002,116.129997,0.000000
2001-11-30 05:00:00,116.300003,116.559998,115.220001,116.129997,0.000000
2001-12-03 05:00:00,115.610001,116.239998,115.480003,115.959999,0.000000
2001-12-04 05:00:00,116.050003,116.290001,115.889999,116.080002,0.000000
2001-12-05 05:00:00,115.839996,116.639999,115.720001,116.410004,0.000000
2001-12-06 05:00:00,116.389999,116.519997,115.610001,115.629997,0.000000
2001-12-07 05:00:00,115.769997,116.290001,115.629997,116.150002,0.000000
2001-12-10 05:00:00,116.059998,116.760002,116.019997,116.260002,0.000000
2001-12-11 05:00:00,116.089996,116.370003,115.980003,116.050003,0.000000
2001-12-12 05:00:00,115.510002,115.930000,115.309998,115.330002,0.000000
2001-12-13 05:00:00,115.400002,115.930000,115.239998,115.800003,0.000000
2001-12-14 05:00:00,115.510002,116.019997,114.830002,114.930000,0.000000
2001-12-17 05:00:00,115.029999,115.209999,114.430000,114.930000,0.000000
2001-12-18 05:00:00,115.260002,115.440002,114.970001,115.150002,0.000000
2001-12-19 05:00:00,115.290001,115.900002,115.199997,115.480003,0.000000
2001-12-20 05:00:00,115.669998,115.959999,115.419998,115.589996,0.000000
2001-12-21 05:00:00,115.849998,117.059998,115.550003,116.980003,0.000000
2001-12-24 05:00:00,116.650002,118.260002,116.559998,117.940002,0.000000
2001-12-26 05:00:00,117.800003,118.120003,117.570000,117.849998,0.000000
2001-12-27 05:00:00,117.919998,118.110001,117.150002,117.570000,0.000000
2001-12-28 05:00:00,117.620003,117.800003,117.220001,117.260002,0.000000
2001-12-31 05:00:00,117.260002,117.419998,116.540001,116.750000,0.000000
2002-01-02 05:00:00,116.400002,116.930000,115.550003,115.790001,0.000000
2002-01-03 05:00:00,115.879997,116.330002,115.540001,116.110001,0.000000
2002-01-04 05:00:00,116.070000,116.529999,115.970001,116.330002,0.000000
2002-01-07 05:00:00,115.980003,117.070000,115.849998,116.330002,0.000000
2002-01-08 05:00:00,116.940002,117.169998,116.529999,116.830002,0.000000
2002-01-09 05:00:00,116.830002,117.349998,116.650002,117.010002,0.000000
2002-01-10 05:00:00,116.730003,117.059998,116.639999,116.879997,0.000000
2002-01-11 05:00:00,116.800003,116.930000,116.629997,116.639999,0.000000
2002-01-14 05:00:00,116.510002,116.709999,116.339996,116.639999,0.000000
2002-01-15 05:00:00,116.690002,117.309998,116.370003,117.290001,0.000000
2002-01-16 05:00:00,117.440002,117.690002,117.220001,117.589996,0.000000
2002-01-17 05:00:00,117.650002,118.000000,117.430000,117.849998,0.000000
2002-01-18 05:00:00,118.050003,118.110001,117.470001,117.510002,0.000000
2002-01-21 05:00:00,117.599998,117.739998,117.349998,117.660004,0.000000
2002-01-22 05:00:00,117.839996,118.180000,117.669998,117.750000,0.000000
2002-01-23 05:00:00,117.629997,118.589996,117.419998,118.470001,0.000000
2002-01-24 05:00:00,118.459999,118.720001,118.339996,118.639999,0.000000
2002-01-25 05:00:00,118.540001,119.989998,118.440002,119.849998,0.000000
2002-01-28 05:00:00,119.699997,120.510002,119.610001,120.040001,0.000000
2002-01-29 05:00:00,119.820000,120.129997,119.430000,119.620003,0.000000
2002-01-30 05:00:00,119.510002,119.910004,119.120003,119.730003,0.000000
2002-01-31 05:00:00,119.779999,120.330002,119.410004,120.239998,0.000000
2002-02-01 05:00:00,120.209999,120.400002,119.620003,119.790001,0.000000
2002-02-04 05:00:00,119.830002,119.930000,118.750000,118.900002,0.000000
2002-02-05 05:00:00,118.839996,119.629997,118.739998,119.400002,0.000000
2002-02-06 05:00:00,119.559998,119.790001,119.120003,119.300003,0.000000
2002-02-07 05:00:00,119.730003,119.779999,118.980003,119.070000,0.000000
2002-02-08 05:00:00,118.949997,119.220001,118.779999,118.980003,0.000000
2002-02-11 05:00:00,119.080002,119.370003,118.139999,118.440002,0.000000
2002-02-12 05:00:00,118.349998,118.629997,118.099998,118.250000,0.000000
2002-02-13 05:00:00,118.440002,118.879997,118.199997,118.800003,0.000000
2002-02-14 05:00:00,118.769997,119.029999,118.379997,118.430000,0.000000
2002-02-15 05:00:00,118.750000,118.930000,118.379997,118.599998,0.000000
2002-02-18 05:00:00,118.459999,118.779999,118.379997,118.760002,0.000000
2002-02-19 05:00:00,119.080002,119.370003,118.150002,118.360001,0.000000
2002-02-20 05:00:00,118.169998,118.989998,118.089996,118.930000,0.000000
2002-02-21 05:00:00,118.930000,119.209999,118.760002,119.160004,0.000000
2002-02-22 05:00:00,119.169998,119.250000,118.260002,118.480003,0.000000
2002-02-25 05:00:00,118.580002,119.139999,118.410004,119.129997,0.000000
2002-02-26 05:00:00,118.970001,120.040001,118.790001,119.820000,0.000000
2002-02-27 05:00:00,119.849998,119.930000,119.459999,119.570000,0.000000
2002-02-28 05:00:00,119.599998,119.790001,119.099998,119.160004,0.000000
2002-03-01 05:00:00,119.290001,119.610001,119.029999,119.400002,0.000000
2002-03-04 05:00:00,119.379997,119.489998,118.599998,118.809998,0.000000
2002-03-05 05:00:00,118.800003,119.230003,118.550003,118.570000,0.000000
2002-03-06 05:00:00,118.620003,118.800003,117.860001,117.959999,0.000000
2002-03-07 05:00:00,117.269997,117.989998,116.760002,116.800003,0.000000
2002-03-08 05:00:00,117.309998,118.129997,117.040001,117.989998,0.000000
2002-03-11 05:00:00,117.949997,118.059998,117.540001,117.730003,0.000000
2002-03-12 05:00:00,117.809998,118.430000,117.650002,117.800003,0.000000
2002-03-13 05:00:00,118.080002,118.320000,117.750000,117.959999,0.000000
2002-03-14 05:00:00,117.610001,118.070000,117.050003,117.290001,0.000000
2002-03-15 05:00:00,117.099998,117.430000,116.820000,117.220001,0.000000
2002-03-18 05:00:00,117.660004,117.870003,117.139999,117.500000,0.000000
2002-03-19 05:00:00,117.529999,117.860001,117.199997,117.500000,0.000000
2002-03-20 05:00:00,117.820000,117.940002,117.089996,117.220001,0.000000
2002-03-21 05:00:00,117.129997,117.650002,117.050003,117.519997,0.000000
2002-03-22 05:00:00,117.629997,118.239998,117.410004,118.050003,0.000000
2002-03-25 05:00:00,118.129997,118.279999,117.919998,118.099998,0.000000
2002-03-26 05:00:00,118.120003,118.540001,117.769997,118.139999,0.000000
2002-03-27 05:00:00,118.199997,118.599998,118.089996,118.540001,0.000000
2002-03-28 05:00:00,118.419998,118.800003,118.330002,118.620003,0.000000
2002-04-01 05:00:00,118.559998,118.699997,117.620003,117.769997,0.000000
2002-04-02 05:00:00,118.080002,118.129997,117.639999,117.919998,0.000000
2002-04-03 05:00:00,117.889999,118.080002,117.440002,117.680000,0.000000
2002-04-04 05:00:00,117.599998,118.059998,117.120003,117.940002,0.000000
2002-04-05 05:00:00,117.809998,118.000000,117.470001,117.690002,0.000000
2002-04-08 04:00:00,117.839996,118.260002,117.639999,118.199997,0.000000
2002-04-09 04:00:00,118.290001,118.349998,117.540001,117.589996,0.000000
2002-04-10 04:00:00,117.419998,117.709999,117.260002,117.510002,0.000000
2002-04-11 04:00:00,117.570000,117.800003,117.180000,117.370003,0.000000
2002-04-12 04:00:00,117.639999,117.919998,117.400002,117.739998,0.000000
2002-04-15 04:00:00,117.480003,117.790001,117.389999,117.639999,0.000000
2002-04-16 04:00:00,117.639999,117.779999,117.180000,117.370003,0.000000
2002-04-17 04:00:00,117.089996,117.379997,116.570000,116.599998,0.000000
2002-04-18 04:00:00,116.430000,116.809998,116.209999,116.389999,0.000000
2002-04-19 04:00:00,116.300003,116.680000,116.190002,116.290001,0.000000
2002-04-22 04:00:00,116.550003,116.730003,116.309998,116.430000,0.000000
2002-04-23 04:00:00,116.690002,116.779999,116.379997,116.570000,0.000000
2002-04-24 04:00:00,116.580002,116.699997,116.029999,116.150002,0.000000
2002-04-25 04:00:00,115.930000,116.190002,115.320000,115.449997,0.000000
2002-04-26 04:00:00,115.410004,115.680000,115.000000,115.040001,0.000000
2002-04-29 04:00:00,114.980003,115.199997,114.720001,114.889999,0.000000
2002-04-30 04:00:00,114.910004,115.389999,114.820000,115.190002,0.000000
2002-05-01 04:00:00,115.180000,115.339996,114.250000,114.540001,0.000000
2002-05-02 04:00:00,114.400002,115.019997,114.279999,114.870003,0.000000
2002-05-03 04:00:00,114.830002,114.930000,113.500000,113.589996,0.000000
2002-05-06 04:00:00,113.849998,113.959999,113.449997,113.660004,0.000000
2002-05-07 04:00:00,113.440002,114.309998,113.389999,113.919998,0.000000
2002-05-08 04:00:00,114.209999,115.089996,113.949997,114.910004,0.000000
2002-05-09 04:00:00,114.820000,115.059998,114.269997,114.519997,0.000000
2002-05-10 04:00:00,113.959999,114.550003,113.919998,113.949997,0.000000
2002-05-13 04:00:00,113.769997,114.370003,113.629997,114.150002,0.000000
2002-05-14 04:00:00,114.709999,115.239998,114.139999,115.089996,0.000000
2002-05-15 04:00:00,115.129997,115.320000,114.080002,114.120003,0.000000
2002-05-16 04:00:00,114.190002,114.470001,113.839996,114.129997,0.000000
2002-05-17 04:00:00,113.769997,114.199997,112.910004,113.000000,0.000000
2002-05-20 04:00:00,113.059998,113.250000,112.739998,112.820000,0.000000
2002-05-21 04:00:00,113.290001,113.379997,112.660004,112.800003,0.000000
2002-05-22 04:00:00,112.790001,113.019997,112.160004,112.330002,0.000000
2002-05-23 04:00:00,112.550003,113.169998,112.180000,112.790001,0.000000
2002-05-24 04:00:00,113.010002,113.349998,112.629997,112.800003,0.000000
2002-05-27 04:00:00,112.870003,113.110001,112.720001,113.000000,0.000000
2002-05-28 04:00:00,112.790001,112.919998,111.930000,112.099998,0.000000
2002-05-29 04:00:00,112.139999,112.290001,111.470001,111.489998,0.000000
2002-05-30 04:00:00,111.379997,111.699997,110.879997,111.169998,0.000000
2002-05-31 04:00:00,111.349998,112.169998,110.989998,111.809998,0.000000
2002-06-03 04:00:00,111.930000,112.040001,111.120003,111.300003,0.000000
2002-06-04 04:00:00,110.809998,111.180000,110.620003,111.089996,0.000000
2002-06-05 04:00:00,111.260002,111.769997,111.070000,111.339996,0.000000
2002-06-06 04:00:00,111.750000,111.900002,110.699997,110.830002,0.000000
2002-06-07 04:00:00,110.690002,111.120003,110.559998,110.989998,0.000000
2002-06-10 04:00:00,111.389999,111.470001,110.660004,111.099998,0.000000
2002-06-11 04:00:00,111.059998,111.459999,110.720001,110.779999,0.000000
2002-06-12 04:00:00,110.769997,111.129997,110.500000,111.000000,0.000000
2002-06-13 04:00:00,111.169998,111.459999,110.669998,111.150002,0.000000
2002-06-14 04:00:00,110.980003,111.180000,110.260002,110.760002,0.000000
2002-06-17 04:00:00,110.830002,111.129997,110.660004,110.849998,0.000000
2002-06-18 04:00:00,110.739998,110.870003,110.099998,110.199997,0.000000
2002-06-19 04:00:00,109.970001,110.160004,109.540001,109.669998,0.000000
2002-06-20 04:00:00,109.529999,109.800003,108.860001,108.940002,0.000000
2002-06-21 04:00:00,108.730003,109.010002,107.959999,108.190002,0.000000
2002-06-24 04:00:00,108.070000,108.470001,107.250000,108.209999,0.000000
2002-06-25 04:00:00,108.129997,108.529999,107.540001,107.570000,0.000000
2002-06-26 04:00:00,106.220001,107.419998,105.889999,106.559998,0.000000
2002-06-27 04:00:00,106.739998,107.029999,106.220001,106.370003,0.000000
2002-06-28 04:00:00,106.279999,106.839996,105.370003,106.110001,0.000000
2002-07-01 04:00:00,105.760002,106.650002,105.669998,106.510002,0.000000
2002-07-02 04:00:00,106.809998,107.220001,106.120003,106.800003,0.000000
2002-07-03 04:00:00,106.989998,107.440002,106.540001,107.050003,0.000000
2002-07-04 04:00:00,107.410004,107.589996,107.070000,107.339996,0.000000
2002-07-05 04:00:00,107.730003,107.879997,107.220001,107.669998,0.000000
2002-07-08 04:00:00,106.459999,107.699997,106.269997,106.300003,0.000000
2002-07-09 04:00:00,106.190002,106.349998,105.580002,105.650002,0.000000
2002-07-10 04:00:00,105.519997,106.379997,105.440002,106.010002,0.000000
2002-07-11 04:00:00,106.120003,106.489998,105.519997,105.720001,0.000000
2002-07-12 04:00:00,106.209999,106.250000,105.660004,105.889999,0.000000
2002-07-15 04:00:00,105.360001,105.889999,104.389999,104.669998,0.000000
2002-07-16 04:00:00,104.660004,104.870003,103.940002,104.489998,0.000000
2002-07-17 04:00:00,103.930000,104.959999,103.870003,104.419998,0.000000
2002-07-18 04:00:00,104.550003,104.980003,104.410004,104.470001,0.000000
2002-07-19 04:00:00,103.809998,104.410004,103.540001,104.059998,0.000000
2002-07-22 04:00:00,104.339996,104.870003,104.099998,104.750000,0.000000
2002-07-23 04:00:00,105.870003,106.820000,104.639999,106.660004,0.000000
2002-07-24 04:00:00,106.290001,106.510002,105.389999,105.519997,0.000000
2002-07-25 04:00:00,105.290001,105.709999,104.919998,105.120003,0.000000
2002-07-26 04:00:00,105.330002,106.690002,104.730003,106.610001,0.000000
2002-07-29 04:00:00,106.699997,107.410004,106.410004,107.099998,0.000000
2002-07-30 04:00:00,107.180000,107.339996,106.370003,106.800003,0.000000
2002-07-31 04:00:00,106.980003,107.510002,106.660004,107.410004,0.000000
2002-08-01 04:00:00,107.610001,107.910004,106.800003,107.019997,0.000000
2002-08-02 04:00:00,106.779999,107.019997,106.279999,106.669998,0.000000
2002-08-05 04:00:00,107.019997,107.309998,106.550003,107.269997,0.000000
2002-08-06 04:00:00,107.940002,109.000000,107.309998,108.690002,0.000000
2002-08-07 04:00:00,108.529999,108.750000,107.690002,107.849998,0.000000
2002-08-08 04:00:00,107.949997,108.839996,107.589996,108.660004,0.000000
2002-08-09 04:00:00,108.449997,108.699997,107.959999,108.209999,0.000000
2002-08-12 04:00:00,107.760002,108.300003,107.290001,107.410004,0.000000
2002-08-13 04:00:00,107.449997,107.690002,106.989998,107.110001,0.000000
2002-08-14 04:00:00,106.480003,106.889999,106.180000,106.790001,0.000000
2002-08-15 04:00:00,107.199997,107.410004,106.580002,106.720001,0.000000
2002-08-16 04:00:00,106.949997,107.139999,106.449997,106.720001,0.000000
2002-08-19 04:00:00,106.639999,107.669998,106.349998,107.519997,0.000000
2002-08-20 04:00:00,107.550003,107.889999,107.220001,107.309998,0.000000
2002-08-21 04:00:00,106.889999,107.639999,106.769997,107.139999,0.000000
2002-08-22 04:00:00,107.480003,108.360001,107.050003,108.129997,0.000000
2002-08-23 04:00:00,108.349998,108.480003,107.830002,107.970001,0.000000
2002-08-26 04:00:00,108.139999,108.260002,107.660004,107.860001,0.000000
2002-08-27 04:00:00,107.459999,108.059998,106.709999,106.769997,0.000000
2002-08-28 04:00:00,107.000000,107.180000,106.750000,107.080002,0.000000
2002-08-29 04:00:00,106.830002,107.370003,106.269997,106.699997,0.000000
2002-08-30 04:00:00,106.550003,107.120003,106.400002,106.980003,0.000000
2002-09-03 04:00:00,106.430000,106.739998,105.489998,105.570000,0.000000
2002-09-04 04:00:00,105.699997,106.160004,105.489998,106.099998,0.000000
2002-09-05 04:00:00,105.620003,106.339996,105.410004,105.980003,0.000000
2002-09-06 04:00:00,106.169998,106.839996,105.750000,106.839996,0.000000
2002-09-09 04:00:00,106.730003,107.120003,106.620003,107.099998,0.000000
2002-09-10 04:00:00,106.820000,107.760002,106.580002,107.519997,0.000000
2002-09-11 04:00:00,107.489998,108.089996,106.769997,107.620003,0.000000
2002-09-12 04:00:00,107.480003,107.790001,107.139999,107.160004,0.000000
2002-09-13 04:00:00,107.080002,108.279999,106.970001,108.059998,0.000000
2002-09-16 04:00:00,108.470001,109.669998,108.000000,108.239998,0.000000
2002-09-17 04:00:00,108.699997,109.239998,108.290001,108.330002,0.000000
2002-09-18 04:00:00,108.360001,108.699997,107.459999,107.760002,0.000000
2002-09-19 04:00:00,107.379997,107.720001,106.839996,107.000000,0.000000
2002-09-20 04:00:00,107.260002,107.739998,106.779999,107.529999,0.000000
2002-09-23 04:00:00,107.519997,108.129997,107.040001,107.860001,0.000000
2002-09-24 04:00:00,107.930000,108.000000,107.300003,107.519997,0.000000
2002-09-25 04:00:00,107.199997,107.889999,107.029999,107.790001,0.000000
2002-09-26 04:00:00,107.650002,108.019997,107.379997,107.680000,0.000000
2002-09-27 04:00:00,107.699997,107.940002,107.459999,107.529999,0.000000
2002-09-30 04:00:00,107.080002,108.070000,106.500000,106.870003,0.000000
2002-10-01 04:00:00,106.739998,107.180000,106.620003,107.070000,0.000000
2002-10-02 04:00:00,107.269997,107.419998,106.989998,107.160004,0.000000
2002-10-03 04:00:00,106.940002,107.120003,106.650002,106.970001,0.000000
2002-10-04 04:00:00,107.019997,107.720001,106.839996,107.599998,0.000000
2002-10-07 04:00:00,107.760002,107.860001,107.449997,107.550003,0.000000
2002-10-08 04:00:00,107.559998,108.139999,107.349998,108.070000,0.000000
2002-10-09 04:00:00,107.830002,108.029999,106.830002,106.940002,0.000000
2002-10-10 04:00:00,107.029999,107.339996,106.709999,107.199997,0.000000
2002-10-11 04:00:00,107.190002,107.519997,107.099998,107.250000,0.000000
2002-10-14 04:00:00,107.050003,107.230003,106.959999,107.150002,0.000000
2002-10-15 04:00:00,107.260002,107.889999,107.129997,107.779999,0.000000
2002-10-16 04:00:00,107.599998,107.820000,107.470001,107.629997,0.000000
2002-10-17 04:00:00,107.980003,108.570000,107.660004,108.370003,0.000000
2002-10-18 04:00:00,108.470001,108.620003,108.190002,108.519997,0.000000
2002-10-21 04:00:00,108.379997,108.739998,107.980003,108.230003,0.000000
2002-10-22 04:00:00,108.449997,108.449997,107.769997,107.940002,0.000000
2002-10-23 04:00:00,108.000000,108.160004,107.709999,108.000000,0.000000
2002-10-24 04:00:00,108.080002,108.279999,107.889999,107.910004,0.000000
2002-10-25 04:00:00,107.769997,107.989998,107.610001,107.919998,0.000000
2002-10-28 05:00:00,108.199997,108.330002,107.120003,107.160004,0.000000
2002-10-29 05:00:00,107.150002,107.489998,106.879997,107.070000,0.000000
2002-10-30 05:00:00,107.169998,107.370003,107.019997,107.070000,0.000000
2002-10-31 05:00:00,106.870003,107.239998,106.540001,106.639999,0.000000
2002-11-01 05:00:00,106.550003,106.680000,105.750000,106.080002,0.000000
2002-11-04 05:00:00,106.089996,106.419998,105.980003,106.120003,0.000000
2002-11-05 05:00:00,105.930000,106.120003,105.449997,105.870003,0.000000
2002-11-06 05:00:00,106.250000,106.379997,105.570000,105.599998,0.000000
2002-11-07 05:00:00,105.599998,105.870003,104.919998,104.970001,0.000000
2002-11-08 05:00:00,104.900002,105.110001,104.339996,104.500000,0.000000
2002-11-11 05:00:00,104.570000,104.629997,104.120003,104.570000,0.000000
2002-11-12 05:00:00,104.790001,105.000000,104.419998,104.660004,0.000000
2002-11-13 05:00:00,104.769997,105.260002,104.580002,105.099998,0.000000
2002-11-14 05:00:00,105.180000,105.430000,104.760002,105.209999,0.000000
2002-11-15 05:00:00,105.410004,105.650002,104.959999,105.040001,0.000000
2002-11-18 05:00:00,105.139999,105.349998,104.790001,105.199997,0.000000
2002-11-19 05:00:00,105.139999,105.879997,104.709999,105.669998,0.000000
2002-11-20 05:00:00,105.800003,106.070000,105.589996,105.870003,0.000000
2002-11-21 05:00:00,105.739998,106.080002,105.580002,105.809998,0.000000
2002-11-22 05:00:00,105.639999,106.199997,105.570000,106.120003,0.000000
2002-11-25 05:00:00,106.269997,106.779999,106.099998,106.540001,0.000000
2002-11-26 05:00:00,106.550003,106.739998,106.330002,106.529999,0.000000
2002-11-27 05:00:00,106.559998,106.970001,106.400002,106.769997,0.000000
2002-11-28 05:00:00,106.779999,106.879997,106.449997,106.540001,0.000000
2002-11-29 05:00:00,106.570000,106.699997,106.290001,106.410004,0.000000
2002-12-02 05:00:00,106.570000,107.309998,106.269997,106.349998,0.000000
2002-12-03 05:00:00,106.430000,106.480003,106.029999,106.370003,0.000000
2002-12-04 05:00:00,106.019997,106.290001,105.809998,106.139999,0.000000
2002-12-05 05:00:00,106.089996,106.410004,105.940002,106.099998,0.000000
2002-12-06 05:00:00,106.029999,106.180000,104.919998,105.360001,0.000000
2002-12-09 05:00:00,105.160004,105.480003,105.010002,105.239998,0.000000
2002-12-10 05:00:00,105.260002,105.540001,104.879997,105.370003,0.000000
2002-12-11 05:00:00,105.330002,105.629997,105.209999,105.349998,0.000000
2002-12-12 05:00:00,105.089996,105.430000,104.430000,104.510002,0.000000
2002-12-13 05:00:00,104.360001,104.699997,103.830002,103.980003,0.000000
2002-12-16 05:00:00,103.879997,104.279999,103.820000,104.059998,0.000000
2002-12-17 05:00:00,103.489998,104.160004,103.099998,103.510002,0.000000
2002-12-18 05:00:00,103.690002,103.910004,103.470001,103.629997,0.000000
2002-12-19 05:00:00,103.660004,103.940002,103.360001,103.480003,0.000000
2002-12-20 05:00:00,103.529999,103.709999,103.440002,103.459999,0.000000
2002-12-23 05:00:00,103.199997,103.980003,103.080002,103.639999,0.000000
2002-12-24 05:00:00,103.550003,103.639999,103.120003,103.250000,0.000000
2002-12-26 05:00:00,102.889999,103.180000,102.769997,102.820000,0.000000
2002-12-27 05:00:00,102.779999,102.940002,102.389999,102.410004,0.000000
2002-12-30 05:00:00,102.419998,102.599998,101.989998,102.010002,0.000000
2002-12-31 05:00:00,102.139999,102.199997,101.820000,101.849998,0.000000
2003-01-02 05:00:00,102.360001,103.199997,101.889999,102.980003,0.000000
2003-01-03 05:00:00,103.019997,103.169998,102.330002,102.470001,0.000000
2003-01-06 05:00:00,102.279999,102.459999,101.760002,101.970001,0.000000
2003-01-07 05:00:00,102.309998,102.680000,102.150002,102.570000,0.000000
2003-01-08 05:00:00,102.550003,102.970001,101.510002,101.870003,0.000000
2003-01-09 05:00:00,101.580002,102.139999,101.510002,101.940002,0.000000
2003-01-10 05:00:00,101.860001,102.059998,101.220001,101.230003,0.000000
2003-01-13 05:00:00,101.419998,101.669998,101.220001,101.470001,0.000000
2003-01-14 05:00:00,101.410004,101.599998,100.959999,101.209999,0.000000
2003-01-15 05:00:00,101.430000,101.699997,101.019997,101.339996,0.000000
2003-01-16 05:00:00,101.209999,101.379997,100.699997,100.790001,0.000000
2003-01-17 05:00:00,100.760002,100.940002,100.309998,100.550003,0.000000
2003-01-21 05:00:00,100.879997,100.959999,100.080002,100.230003,0.000000
2003-01-22 05:00:00,100.129997,100.510002,100.059998,100.230003,0.000000
2003-01-23 05:00:00,100.120003,100.370003,99.699997,99.860001,0.000000
2003-01-24 05:00:00,99.629997,99.980003,99.129997,99.220001,0.000000
2003-01-27 05:00:00,99.230003,99.720001,98.760002,99.260002,0.000000
2003-01-28 05:00:00,99.709999,99.779999,99.320000,99.480003,0.000000
2003-01-29 05:00:00,99.029999,99.480003,98.830002,99.279999,0.000000
2003-01-30 05:00:00,99.540001,100.050003,99.220001,99.519997,0.000000
2003-01-31 05:00:00,99.400002,100.190002,99.300003,99.910004,0.000000
2003-02-03 05:00:00,100.260002,100.440002,99.650002,99.900002,0.000000
2003-02-04 05:00:00,99.599998,99.900002,98.900002,99.139999,0.000000
2003-02-05 05:00:00,98.820000,100.120003,98.650002,99.650002,0.000000
2003-02-06 05:00:00,99.639999,99.900002,99.279999,99.459999,0.000000
2003-02-07 05:00:00,99.870003,100.300003,99.430000,99.570000,0.000000
2003-02-10 05:00:00,99.639999,100.400002,99.580002,100.269997,0.000000
2003-02-11 05:00:00,100.489998,100.889999,100.180000,100.389999,0.000000
2003-02-12 05:00:00,100.379997,100.629997,100.070000,100.510002,0.000000
2003-02-13 05:00:00,99.989998,100.629997,99.410004,99.589996,0.000000
2003-02-14 05:00:00,99.570000,100.169998,99.480003,100.040001,0.000000
2003-02-18 05:00:00,100.250000,100.610001,100.089996,100.529999,0.000000
2003-02-19 05:00:00,100.370003,100.690002,99.949997,100.000000,0.000000
2003-02-20 05:00:00,99.970001,100.120003,99.449997,99.550003,0.000000
2003-02-21 05:00:00,99.580002,100.199997,99.379997,100.089996,0.000000
2003-02-24 05:00:00,100.129997,100.449997,99.559998,99.660004,0.000000
2003-02-25 05:00:00,99.610001,100.019997,99.410004,99.830002,0.000000
2003-02-26 05:00:00,100.010002,100.099998,99.470001,99.620003,0.000000
2003-02-27 05:00:00,99.599998,100.070000,99.239998,99.809998,0.000000
2003-02-28 05:00:00,99.980003,100.080002,99.580002,99.709999,0.000000
2003-03-03 05:00:00,99.739998,99.919998,99.010002,99.099998,0.000000
2003-03-04 05:00:00,98.870003,99.129997,98.760002,99.129997,0.000000
2003-03-05 05:00:00,98.320000,98.620003,98.139999,98.279999,0.000000
2003-03-06 05:00:00,98.389999,98.620003,98.050003,98.309998,0.000000
2003-03-07 05:00:00,98.029999,98.410004,97.570000,98.040001,0.000000
2003-03-10 05:00:00,97.910004,98.110001,97.660004,97.849998,0.000000
2003-03-11 05:00:00,97.919998,98.150002,97.570000,97.989998,0.000000
2003-03-12 05:00:00,98.010002,98.320000,97.769997,98.160004,0.000000
2003-03-13 05:00:00,98.860001,99.650002,98.230003,99.550003,0.000000
2003-03-14 05:00:00,99.500000,100.410004,99.430000,99.989998,0.000000
2003-03-17 05:00:00,99.260002,101.129997,99.230003,100.739998,0.000000
2003-03-18 05:00:00,100.800003,101.510002,100.709999,100.860001,0.000000
2003-03-19 05:00:00,100.959999,101.580002,100.720001,101.580002,0.000000
2003-03-20 05:00:00,101.000000,101.709999,100.720001,101.150002,0.000000
2003-03-21 05:00:00,101.250000,102.150002,101.160004,101.919998,0.000000
2003-03-24 05:00:00,101.370003,101.639999,100.739998,100.980003,0.000000
2003-03-25 05:00:00,100.959999,101.019997,100.309998,100.870003,0.000000
2003-03-26 05:00:00,100.760002,101.050003,100.449997,100.610001,0.000000
2003-03-27 05:00:00,100.510002,100.739998,100.139999,100.639999,0.000000
2003-03-28 05:00:00,100.559998,100.769997,99.790001,99.959999,0.000000
2003-03-31 05:00:00,99.949997,100.000000,98.919998,99.059998,0.000000
2003-04-01 05:00:00,98.860001,99.339996,98.809998,99.150002,0.000000
2003-04-02 05:00:00,98.800003,100.239998,98.699997,100.080002,0.000000
2003-04-03 05:00:00,100.080002,100.690002,99.839996,100.339996,0.000000
2003-04-04 05:00:00,100.070000,100.750000,100.029999,100.449997,0.000000
2003-04-07 04:00:00,100.860001,101.809998,100.699997,101.040001,0.000000
2003-04-08 04:00:00,100.610001,101.089996,100.449997,100.529999,0.000000
2003-04-09 04:00:00,100.449997,100.860001,100.050003,100.160004,0.000000
2003-04-10 04:00:00,100.110001,100.180000,99.540001,99.820000,0.000000
2003-04-11 04:00:00,99.860001,100.629997,99.839996,100.180000,0.000000
2003-04-14 04:00:00,100.279999,100.430000,99.720001,99.959999,0.000000
2003-04-15 04:00:00,99.980003,100.309998,99.699997,99.760002,0.000000
2003-04-16 04:00:00,99.820000,99.970001,98.970001,99.059998,0.000000
2003-04-17 04:00:00,99.040001,99.349998,98.680000,99.300003,0.000000
2003-04-21 04:00:00,99.209999,99.860001,99.169998,99.589996,0.000000
2003-04-22 04:00:00,99.610001,99.690002,98.440002,98.730003,0.000000
2003-04-23 04:00:00,98.769997,99.099998,98.650002,98.779999,0.000000
2003-04-24 04:00:00,98.870003,98.940002,98.139999,98.330002,0.000000
2003-04-25 04:00:00,98.230003,98.879997,98.190002,98.360001,0.000000
2003-04-28 04:00:00,98.290001,98.690002,97.919998,98.669998,0.000000
2003-04-29 04:00:00,98.650002,98.980003,97.959999,98.019997,0.000000
2003-04-30 04:00:00,97.989998,98.029999,97.099998,97.190002,0.000000
2003-05-01 04:00:00,97.180000,97.250000,96.269997,96.699997,0.000000
2003-05-02 04:00:00,96.580002,97.080002,96.430000,96.760002,0.000000
2003-05-05 04:00:00,96.800003,96.839996,96.230003,96.370003,0.000000
2003-05-06 04:00:00,96.269997,96.410004,95.220001,95.339996,0.000000
2003-05-07 04:00:00,95.279999,95.900002,95.199997,95.580002,0.000000
2003-05-08 04:00:00,95.690002,96.010002,94.830002,94.930000,0.000000
2003-05-09 04:00:00,95.019997,95.349998,94.680000,94.980003,0.000000
2003-05-12 04:00:00,94.550003,94.919998,94.110001,94.550003,0.000000
2003-05-13 04:00:00,94.559998,95.139999,94.500000,94.720001,0.000000
2003-05-14 04:00:00,94.660004,95.019997,94.440002,94.580002,0.000000
2003-05-15 04:00:00,94.750000,95.349998,94.559998,95.220001,0.000000
2003-05-16 04:00:00,95.279999,95.379997,94.059998,94.080002,0.000000
2003-05-19 04:00:00,93.559998,93.930000,92.980003,93.779999,0.000000
2003-05-20 04:00:00,93.779999,94.010002,93.199997,93.260002,0.000000
2003-05-21 04:00:00,93.089996,93.610001,93.029999,93.540001,0.000000
2003-05-22 04:00:00,93.760002,93.949997,93.209999,93.559998,0.000000
2003-05-23 04:00:00,93.580002,93.760002,92.889999,93.050003,0.000000
2003-05-27 04:00:00,92.650002,92.910004,92.209999,92.720001,0.000000
2003-05-28 04:00:00,92.989998,93.779999,92.730003,93.449997,0.000000
2003-05-29 04:00:00,93.470001,93.919998,92.489998,92.709999,0.000000
2003-05-30 04:00:00,92.510002,93.620003,92.470001,93.269997,0.000000
2003-06-02 04:00:00,93.730003,94.050003,93.260002,93.339996,0.000000
2003-06-03 04:00:00,93.410004,93.930000,93.180000,93.529999,0.000000
2003-06-04 04:00:00,93.559998,93.860001,93.400002,93.730003,0.000000
2003-06-05 04:00:00,93.940002,94.050003,92.250000,92.519997,0.000000
2003-06-06 04:00:00,92.540001,93.580002,92.279999,93.480003,0.000000
2003-06-09 04:00:00,93.489998,93.669998,92.949997,93.300003,0.000000
2003-06-10 04:00:00,93.459999,93.660004,93.290001,93.559998,0.000000
2003-06-11 04:00:00,93.599998,93.650002,92.839996,92.970001,0.000000
2003-06-12 04:00:00,92.980003,93.260002,92.580002,92.900002,0.000000
2003-06-13 04:00:00,92.870003,93.099998,92.199997,92.220001,0.000000
2003-06-16 04:00:00,92.180000,92.489998,91.879997,92.400002,0.000000
2003-06-17 04:00:00,92.529999,92.879997,92.199997,92.610001,0.000000
2003-06-18 04:00:00,92.660004,93.360001,92.559998,93.169998,0.000000
2003-06-19 04:00:00,93.180000,93.849998,92.980003,93.160004,0.000000
2003-06-20 04:00:00,93.220001,94.269997,93.000000,94.040001,0.000000
2003-06-23 04:00:00,94.059998,94.419998,93.849998,94.080002,0.000000
2003-06-24 04:00:00,94.080002,94.599998,93.910004,94.389999,0.000000
2003-06-25 04:00:00,94.449997,94.459999,93.500000,94.120003,0.000000
2003-06-26 04:00:00,94.099998,95.050003,94.070000,94.970001,0.000000
2003-06-27 04:00:00,95.019997,95.279999,94.830002,95.150002,0.000000
2003-06-30 04:00:00,95.080002,95.339996,94.690002,94.730003,0.000000
2003-07-01 04:00:00,94.540001,94.680000,93.959999,94.300003,0.000000
2003-07-02 04:00:00,94.250000,94.510002,94.089996,94.120003,0.000000
2003-07-03 04:00:00,94.190002,94.779999,94.080002,94.410004,0.000000
2003-07-04 04:00:00,94.559998,94.639999,94.370003,94.550003,0.000000
2003-07-07 04:00:00,94.519997,95.580002,94.489998,95.510002,0.000000
2003-07-08 04:00:00,95.519997,96.150002,95.400002,95.820000,0.000000
2003-07-09 04:00:00,95.720001,95.809998,95.419998,95.589996,0.000000
2003-07-10 04:00:00,95.610001,95.870003,95.349998,95.389999,0.000000
2003-07-11 04:00:00,95.550003,96.070000,95.519997,95.800003,0.000000
2003-07-14 04:00:00,95.989998,96.279999,95.839996,96.070000,0.000000
2003-07-15 04:00:00,96.160004,97.089996,95.739998,96.070000,0.000000
2003-07-16 04:00:00,96.919998,97.449997,96.589996,96.720001,0.000000
2003-07-17 04:00:00,96.629997,97.269997,96.550003,96.860001,0.000000
2003-07-18 04:00:00,96.750000,97.309998,96.400002,96.860001,0.000000
2003-07-21 04:00:00,96.709999,96.870003,96.080002,96.110001,0.000000
2003-07-22 04:00:00,96.209999,96.489998,95.989998,96.379997,0.000000
2003-07-23 04:00:00,96.410004,96.480003,95.250000,95.440002,0.000000
2003-07-24 04:00:00,95.300003,95.690002,95.089996,95.339996,0.000000
2003-07-25 04:00:00,95.339996,95.500000,94.709999,94.959999,0.000000
2003-07-28 04:00:00,95.040001,95.349998,94.919998,95.059998,0.000000
2003-07-29 04:00:00,95.139999,95.410004,94.790001,95.330002,0.000000
2003-07-30 04:00:00,95.459999,96.180000,95.419998,96.070000,0.000000
2003-07-31 04:00:00,96.120003,97.000000,96.059998,96.889999,0.000000
2003-08-01 04:00:00,96.870003,97.550003,96.510002,96.660004,0.000000
2003-08-04 04:00:00,96.559998,96.650002,96.050003,96.180000,0.000000
2003-08-05 04:00:00,96.180000,96.510002,96.029999,96.160004,0.000000
2003-08-06 04:00:00,95.870003,96.389999,95.629997,96.230003,0.000000
2003-08-07 04:00:00,96.239998,96.400002,95.559998,95.830002,0.000000
2003-08-08 04:00:00,95.809998,96.379997,95.760002,96.360001,0.000000
2003-08-11 04:00:00,96.330002,96.519997,95.690002,95.870003,0.000000
2003-08-12 04:00:00,95.860001,96.360001,95.779999,96.150002,0.000000
2003-08-13 04:00:00,96.419998,96.820000,96.070000,96.180000,0.000000
2003-08-14 04:00:00,96.169998,96.820000,96.010002,96.680000,0.000000
2003-08-15 04:00:00,96.500000,96.650002,96.449997,96.650002,0.000000
2003-08-18 04:00:00,96.559998,97.519997,96.529999,97.349998,0.000000
2003-08-19 04:00:00,97.349998,98.040001,97.290001,97.309998,0.000000
2003-08-20 04:00:00,97.379997,97.669998,97.220001,97.370003,0.000000
2003-08-21 04:00:00,97.419998,98.849998,97.379997,98.610001,0.000000
2003-08-22 04:00:00,98.620003,99.250000,98.470001,98.830002,0.000000
2003-08-25 04:00:00,99.010002,99.080002,98.570000,98.830002,0.000000
2003-08-26 04:00:00,99.199997,99.489998,98.599998,98.760002,0.000000
2003-08-27 04:00:00,98.900002,99.139999,98.529999,98.860001,0.000000
2003-08-28 04:00:00,98.970001,99.349998,98.570000,98.830002,0.000000
2003-08-29 04:00:00,98.699997,98.800003,97.870003,98.099998,0.000000
2003-09-01 04:00:00,97.879997,98.150002,97.750000,98.000000,0.000000
2003-09-02 04:00:00,98.120003,99.050003,98.089996,98.949997,0.000000
2003-09-03 04:00:00,99.070000,99.370003,98.500000,98.709999,0.000000
2003-09-04 04:00:00,98.900002,99.059998,98.180000,98.199997,0.000000
2003-09-05 04:00:00,98.160004,98.300003,97.019997,97.089996,0.000000
2003-09-08 04:00:00,97.209999,97.510002,96.919998,97.160004,0.000000
2003-09-09 04:00:00,97.349998,97.440002,96.220001,96.440002,0.000000
2003-09-10 04:00:00,96.430000,96.830002,96.330002,96.500000,0.000000
2003-09-11 04:00:00,96.610001,96.860001,96.150002,96.559998,0.000000
2003-09-12 04:00:00,96.610001,96.980003,95.779999,96.010002,0.000000
2003-09-15 04:00:00,96.129997,96.300003,95.930000,95.980003,0.000000
2003-09-16 04:00:00,96.110001,96.779999,95.839996,96.669998,0.000000
2003-09-17 04:00:00,96.680000,96.900002,95.730003,95.739998,0.000000
2003-09-18 04:00:00,95.910004,96.010002,95.230003,95.949997,0.000000
2003-09-19 04:00:00,95.870003,95.919998,94.730003,94.959999,0.000000
2003-09-22 04:00:00,93.769997,94.389999,93.699997,93.849998,0.000000
2003-09-23 04:00:00,93.989998,94.089996,93.480003,93.989998,0.000000
2003-09-24 04:00:00,94.160004,94.239998,93.669998,93.699997,0.000000
2003-09-25 04:00:00,93.690002,93.860001,93.389999,93.760002,0.000000
2003-09-26 04:00:00,93.849998,94.080002,93.680000,93.870003,0.000000
2003-09-29 04:00:00,93.849998,94.349998,93.010002,93.080002,0.000000
2003-09-30 04:00:00,92.900002,93.269997,92.099998,92.849998,0.000000
2003-10-01 04:00:00,92.730003,92.839996,92.320000,92.389999,0.000000
2003-10-02 04:00:00,92.440002,92.680000,92.080002,92.419998,0.000000
2003-10-03 04:00:00,92.480003,93.279999,92.190002,93.230003,0.000000
2003-10-06 04:00:00,93.139999,93.419998,92.239998,92.410004,0.000000
2003-10-07 04:00:00,92.360001,92.379997,91.580002,91.889999,0.000000
2003-10-08 04:00:00,91.870003,91.940002,91.480003,91.730003,0.000000
2003-10-09 04:00:00,91.629997,92.360001,91.300003,91.989998,0.000000
2003-10-10 04:00:00,92.040001,92.230003,91.250000,91.519997,0.000000
2003-10-13 04:00:00,91.930000,92.410004,91.489998,91.889999,0.000000
2003-10-14 04:00:00,92.089996,92.870003,91.639999,91.830002,0.000000
2003-10-15 04:00:00,91.849998,92.800003,91.750000,92.419998,0.000000
2003-10-16 04:00:00,92.570000,92.910004,91.989998,92.610001,0.000000
2003-10-17 04:00:00,92.660004,92.980003,92.260002,92.290001,0.000000
2003-10-20 04:00:00,91.970001,92.750000,91.910004,92.430000,0.000000
2003-10-21 04:00:00,92.559998,92.669998,92.059998,92.370003,0.000000
2003-10-22 04:00:00,92.290001,92.379997,91.150002,91.269997,0.000000
2003-10-23 04:00:00,91.230003,91.680000,91.139999,91.510002,0.000000
2003-10-24 04:00:00,91.269997,91.599998,91.010002,91.279999,0.000000
2003-10-27 05:00:00,91.430000,91.769997,91.349998,91.610001,0.000000
2003-10-28 05:00:00,91.610001,92.099998,91.599998,91.860001,0.000000
2003-10-29 05:00:00,91.900002,91.980003,91.559998,91.860001,0.000000
2003-10-30 05:00:00,91.970001,92.290001,91.339996,92.209999,0.000000
2003-10-31 05:00:00,92.239998,92.750000,92.169998,92.730003,0.000000
2003-11-03 05:00:00,92.639999,93.870003,92.489998,93.660004,0.000000
2003-11-04 05:00:00,93.629997,93.820000,93.120003,93.230003,0.000000
2003-11-05 05:00:00,93.349998,93.790001,93.169998,93.629997,0.000000
2003-11-06 05:00:00,93.720001,94.010002,93.489998,93.889999,0.000000
2003-11-07 05:00:00,93.930000,94.129997,92.989998,93.019997,0.000000
2003-11-10 05:00:00,93.180000,93.269997,92.790001,93.050003,0.000000
2003-11-11 05:00:00,93.209999,93.379997,93.000000,93.099998,0.000000
2003-11-12 05:00:00,93.059998,93.070000,92.059998,92.309998,0.000000
2003-11-13 05:00:00,92.190002,92.290001,91.529999,91.610001,0.000000
2003-11-14 05:00:00,91.500000,91.650002,91.199997,91.440002,0.000000
2003-11-17 05:00:00,91.070000,91.779999,90.989998,91.529999,0.000000
2003-11-18 05:00:00,91.669998,91.720001,90.279999,90.330002,0.000000
2003-11-19 05:00:00,90.279999,90.959999,90.209999,90.900002,0.000000
2003-11-20 05:00:00,90.790001,90.879997,90.290001,90.660004,0.000000
2003-11-21 05:00:00,90.709999,90.949997,90.480003,90.599998,0.000000
2003-11-24 05:00:00,90.620003,91.660004,90.580002,91.589996,0.000000
2003-11-25 05:00:00,91.489998,91.720001,91.279999,91.459999,0.000000
2003-11-26 05:00:00,91.470001,91.519997,90.449997,90.599998,0.000000
2003-11-28 05:00:00,90.550003,90.760002,90.040001,90.209999,0.000000
2003-12-01 05:00:00,90.160004,90.540001,89.879997,90.349998,0.000000
2003-12-02 05:00:00,90.349998,90.540001,89.580002,89.639999,0.000000
2003-12-03 05:00:00,89.599998,89.690002,89.330002,89.500000,0.000000
2003-12-04 05:00:00,89.430000,90.000000,89.239998,89.599998,0.000000
2003-12-05 05:00:00,89.709999,89.820000,89.059998,89.139999,0.000000
2003-12-08 05:00:00,89.089996,89.190002,88.639999,88.750000,0.000000
2003-12-09 05:00:00,88.750000,88.959999,88.370003,88.610001,0.000000
2003-12-10 05:00:00,88.570000,89.239998,88.529999,88.849998,0.000000
2003-12-11 05:00:00,89.040001,89.559998,88.779999,88.879997,0.000000
2003-12-12 05:00:00,88.879997,88.940002,88.400002,88.489998,0.000000
2003-12-15 05:00:00,89.199997,89.449997,88.300003,88.459999,0.000000
2003-12-16 05:00:00,88.389999,88.500000,88.180000,88.309998,0.000000
2003-12-17 05:00:00,88.360001,88.550003,87.790001,87.940002,0.000000
2003-12-18 05:00:00,87.940002,88.239998,87.769997,87.849998,0.000000
2003-12-19 05:00:00,87.870003,88.379997,87.820000,88.110001,0.000000
2003-12-22 05:00:00,88.279999,88.300003,87.779999,87.989998,0.000000
2003-12-23 05:00:00,88.040001,88.070000,87.839996,87.989998,0.000000
2003-12-24 05:00:00,87.949997,87.970001,87.449997,87.540001,0.000000
2003-12-26 05:00:00,87.489998,87.650002,87.430000,87.629997,0.000000
2003-12-29 05:00:00,87.680000,87.720001,87.220001,87.349998,0.000000
2003-12-30 05:00:00,87.389999,87.419998,86.900002,87.000000,0.000000
2003-12-31 05:00:00,86.980003,87.199997,86.360001,86.919998,0.000000
2004-01-02 05:00:00,86.790001,87.129997,86.500000,86.919998,0.000000
2004-01-05 05:00:00,86.430000,86.690002,85.980003,86.070000,0.000000
2004-01-06 05:00:00,86.050003,86.110001,85.370003,85.629997,0.000000
2004-01-07 05:00:00,85.860001,86.269997,85.730003,86.199997,0.000000
2004-01-08 05:00:00,86.239998,86.639999,85.449997,85.570000,0.000000
2004-01-09 05:00:00,85.510002,85.940002,84.970001,85.110001,0.000000
2004-01-12 05:00:00,85.120003,85.570000,84.800003,85.550003,0.000000
2004-01-13 05:00:00,85.610001,85.720001,85.269997,85.510002,0.000000
2004-01-14 05:00:00,85.330002,86.160004,85.320000,86.029999,0.000000
2004-01-15 05:00:00,86.089996,86.629997,86.019997,86.559998,0.000000
2004-01-16 05:00:00,86.459999,87.870003,86.400002,87.730003,0.000000
2004-01-19 05:00:00,87.650002,88.070000,87.459999,87.660004,0.000000
2004-01-20 05:00:00,87.410004,88.010002,86.529999,86.709999,0.000000
2004-01-21 05:00:00,86.599998,86.800003,86.080002,86.360001,0.000000
2004-01-22 05:00:00,86.230003,86.309998,85.610001,85.820000,0.000000
2004-01-23 05:00:00,85.769997,86.769997,85.480003,86.559998,0.000000
2004-01-26 05:00:00,86.730003,87.290001,86.389999,87.250000,0.000000
2004-01-27 05:00:00,87.139999,87.400002,86.160004,86.279999,0.000000
2004-01-28 05:00:00,86.279999,87.260002,86.220001,86.970001,0.000000
2004-01-29 05:00:00,87.389999,87.820000,86.900002,87.580002,0.000000
2004-01-30 05:00:00,87.529999,87.860001,87.070000,87.199997,0.000000
2004-02-02 05:00:00,87.139999,87.669998,87.089996,87.529999,0.000000
2004-02-03 05:00:00,87.400002,87.500000,86.480003,86.790001,0.000000
2004-02-04 05:00:00,86.790001,87.099998,86.699997,86.839996,0.000000
2004-02-05 05:00:00,86.839996,86.940002,86.300003,86.900002,0.000000
2004-02-06 05:00:00,86.750000,87.089996,85.839996,86.019997,0.000000
2004-02-09 05:00:00,86.260002,86.370003,85.620003,86.000000,0.000000
2004-02-10 05:00:00,85.980003,86.010002,85.419998,85.839996,0.000000
2004-02-11 05:00:00,85.970001,86.129997,85.089996,85.199997,0.000000
2004-02-12 05:00:00,85.089996,85.339996,85.010002,85.290001,0.000000
2004-02-13 05:00:00,85.169998,85.690002,84.739998,85.559998,0.000000
2004-02-16 05:00:00,85.529999,85.629997,85.389999,85.470001,0.000000
2004-02-17 05:00:00,85.110001,85.480003,84.800003,85.019997,0.000000
2004-02-18 05:00:00,84.910004,86.010002,84.559998,85.879997,0.000000
2004-02-19 05:00:00,85.730003,86.239998,85.690002,85.949997,0.000000
2004-02-20 05:00:00,85.639999,87.410004,85.589996,87.239998,0.000000
2004-02-23 05:00:00,87.199997,87.610001,86.720001,87.040001,0.000000
2004-02-24 05:00:00,86.839996,87.129997,85.989998,86.139999,0.000000
2004-02-25 05:00:00,86.209999,87.339996,86.010002,87.250000,0.000000
2004-02-26 05:00:00,87.230003,87.989998,87.110001,87.680000,0.000000
2004-02-27 05:00:00,87.629997,88.019997,87.230003,87.309998,0.000000
2004-03-01 05:00:00,87.099998,87.620003,87.029999,87.519997,0.000000
2004-03-02 05:00:00,87.500000,89.059998,87.430000,88.830002,0.000000
2004-03-03 05:00:00,89.000000,89.839996,88.900002,89.029999,0.000000
2004-03-04 05:00:00,89.080002,89.440002,88.779999,89.139999,0.000000
2004-03-05 05:00:00,89.120003,89.269997,87.760002,88.180000,0.000000
2004-03-08 05:00:00,88.209999,88.379997,87.879997,88.000000,0.000000
2004-03-09 05:00:00,87.809998,88.650002,87.599998,88.290001,0.000000
2004-03-10 05:00:00,88.519997,89.230003,88.309998,88.949997,0.000000
2004-03-11 05:00:00,89.000000,89.360001,88.410004,88.510002,0.000000
2004-03-12 05:00:00,88.339996,89.419998,88.290001,89.120003,0.000000
2004-03-15 05:00:00,89.169998,89.290001,88.529999,88.809998,0.000000
2004-03-16 05:00:00,88.779999,88.919998,88.099998,88.589996,0.000000
2004-03-17 05:00:00,88.620003,89.029999,88.430000,88.650002,0.000000
2004-03-18 05:00:00,88.730003,88.750000,87.360001,87.699997,0.000000
2004-03-19 05:00:00,87.620003,88.320000,87.559998,88.160004,0.000000
2004-03-22 05:00:00,88.199997,88.550003,87.449997,87.809998,0.000000
2004-03-23 05:00:00,87.760002,88.180000,87.599998,87.849998,0.000000
2004-03-24 05:00:00,87.739998,88.980003,87.610001,88.930000,0.000000
2004-03-25 05:00:00,88.879997,89.220001,88.529999,88.900002,0.000000
2004-03-26 05:00:00,88.919998,89.169998,88.360001,88.889999,0.000000
2004-03-29 05:00:00,88.849998,89.199997,88.480003,88.629997,0.000000
2004-03-30 05:00:00,88.550003,88.580002,88.180000,88.430000,0.000000
2004-03-31 05:00:00,88.430000,88.470001,87.489998,87.610001,0.000000
2004-04-01 05:00:00,87.570000,87.849998,87.019997,87.209999,0.000000
2004-04-02 05:00:00,87.199997,88.680000,87.160004,88.510002,0.000000
2004-04-05 04:00:00,88.589996,89.430000,88.529999,89.220001,0.000000
2004-04-06 04:00:00,89.199997,89.580002,88.610001,88.750000,0.000000
2004-04-07 04:00:00,88.559998,89.010002,88.150002,88.269997,0.000000
2004-04-08 04:00:00,88.330002,89.110001,88.080002,89.019997,0.000000
2004-04-12 04:00:00,88.930000,89.110001,88.830002,88.949997,0.000000
2004-04-13 04:00:00,88.949997,90.080002,88.849998,89.830002,0.000000
2004-04-14 04:00:00,89.889999,90.660004,89.820000,90.239998,0.000000
2004-04-15 04:00:00,90.279999,90.639999,89.930000,90.059998,0.000000
2004-04-16 04:00:00,90.019997,90.440002,89.580002,89.940002,0.000000
2004-04-19 04:00:00,89.750000,89.900002,89.389999,89.800003,0.000000
2004-04-20 04:00:00,89.860001,90.639999,89.849998,90.489998,0.000000
2004-04-21 04:00:00,90.919998,91.239998,90.529999,91.120003,0.000000
2004-04-22 04:00:00,91.160004,91.370003,90.730003,90.820000,0.000000
2004-04-23 04:00:00,90.629997,91.339996,90.500000,91.080002,0.000000
2004-04-26 04:00:00,91.260002,91.500000,90.610001,90.620003,0.000000
2004-04-27 04:00:00,90.730003,90.910004,90.339996,90.410004,0.000000
2004-04-28 04:00:00,90.449997,91.290001,90.230003,91.169998,0.000000
2004-04-29 04:00:00,91.209999,91.559998,90.360001,90.570000,0.000000
2004-04-30 04:00:00,90.580002,90.889999,90.339996,90.480003,0.000000
2004-05-03 04:00:00,90.629997,90.919998,90.430000,90.760002,0.000000
2004-05-04 04:00:00,90.779999,90.809998,89.629997,89.809998,0.000000
2004-05-05 04:00:00,89.720001,89.739998,89.220001,89.309998,0.000000
2004-05-06 04:00:00,89.389999,89.949997,89.279999,89.879997,0.000000
2004-05-07 04:00:00,89.900002,91.269997,89.580002,91.129997,0.000000
2004-05-10 04:00:00,91.160004,91.870003,91.150002,91.559998,0.000000
2004-05-11 04:00:00,91.690002,92.099998,91.370003,91.660004,0.000000
2004-05-12 04:00:00,91.510002,91.690002,91.050003,91.290001,0.000000
2004-05-13 04:00:00,91.309998,92.250000,91.199997,91.959999,0.000000
2004-05-14 04:00:00,92.099998,92.290001,91.480003,91.660004,0.000000
2004-05-17 04:00:00,91.610001,91.730003,90.510002,91.000000,0.000000
2004-05-18 04:00:00,90.919998,91.330002,90.790001,91.250000,0.000000
2004-05-19 04:00:00,91.250000,91.279999,90.360001,90.529999,0.000000
2004-05-20 04:00:00,90.629997,91.300003,90.540001,91.029999,0.000000
2004-05-21 04:00:00,90.830002,90.870003,90.070000,90.489998,0.000000
2004-05-24 04:00:00,90.519997,90.949997,90.389999,90.480003,0.000000
2004-05-25 04:00:00,90.610001,90.680000,89.709999,89.839996,0.000000
2004-05-26 04:00:00,89.860001,89.919998,89.480003,89.720001,0.000000
2004-05-27 04:00:00,89.779999,89.919998,88.589996,88.669998,0.000000
2004-05-28 04:00:00,88.669998,89.050003,88.470001,88.949997,0.000000
2004-06-01 04:00:00,88.639999,89.059998,88.519997,88.879997,0.000000
2004-06-02 04:00:00,88.779999,88.980003,88.379997,88.839996,0.000000
2004-06-03 04:00:00,88.860001,89.230003,88.779999,88.949997,0.000000
2004-06-04 04:00:00,88.980003,89.470001,88.480003,88.540001,0.000000
2004-06-07 04:00:00,88.410004,88.570000,88.080002,88.250000,0.000000
2004-06-08 04:00:00,88.220001,88.589996,88.040001,88.510002,0.000000
2004-06-09 04:00:00,88.500000,89.790001,88.379997,89.730003,0.000000
2004-06-10 04:00:00,89.760002,89.820000,89.139999,89.250000,0.000000
2004-06-11 04:00:00,90.000000,90.190002,89.199997,90.010002,0.000000
2004-06-14 04:00:00,90.209999,90.419998,89.730003,89.940002,0.000000
2004-06-15 04:00:00,89.949997,90.129997,89.080002,89.089996,0.000000
2004-06-16 04:00:00,89.110001,90.190002,89.070000,90.040001,0.000000
2004-06-17 04:00:00,90.050003,90.099998,89.500000,89.599998,0.000000
2004-06-18 04:00:00,89.760002,90.099998,89.040001,89.080002,0.000000
2004-06-21 04:00:00,89.070000,89.410004,88.989998,89.290001,0.000000
2004-06-22 04:00:00,89.190002,89.550003,89.120003,89.430000,0.000000
2004-06-23 04:00:00,89.300003,89.580002,88.820000,89.419998,0.000000
2004-06-24 04:00:00,89.389999,89.650002,88.620003,88.750000,0.000000
2004-06-25 04:00:00,88.739998,89.150002,88.669998,88.879997,0.000000
2004-06-28 04:00:00,88.989998,89.129997,88.480003,88.720001,0.000000
2004-06-29 04:00:00,88.750000,89.480003,88.690002,89.410004,0.000000
2004-06-30 04:00:00,89.339996,89.580002,88.730003,88.800003,0.000000
2004-07-01 04:00:00,88.839996,89.059998,88.629997,88.790001,0.000000
2004-07-02 04:00:00,88.879997,89.070000,87.940002,87.970001,0.000000
2004-07-05 04:00:00,88.029999,88.290001,87.970001,88.230003,0.000000
2004-07-06 04:00:00,88.190002,88.360001,87.949997,88.120003,0.000000
2004-07-07 04:00:00,88.269997,88.290001,87.500000,87.650002,0.000000
2004-07-08 04:00:00,87.650002,87.919998,87.440002,87.540001,0.000000
2004-07-09 04:00:00,87.559998,87.639999,87.279999,87.419998,0.000000
2004-07-12 04:00:00,87.269997,87.480003,87.150002,87.389999,0.000000
2004-07-13 04:00:00,87.410004,88.099998,87.370003,87.820000,0.000000
2004-07-14 04:00:00,87.800003,87.949997,87.370003,87.580002,0.000000
2004-07-15 04:00:00,87.669998,88.070000,87.629997,87.989998,0.000000
2004-07-16 04:00:00,87.900002,88.070000,87.089996,87.139999,0.000000
2004-07-19 04:00:00,87.099998,87.360001,87.000000,87.180000,0.000000
2004-07-20 04:00:00,87.180000,87.910004,87.129997,87.830002,0.000000
2004-07-21 04:00:00,87.820000,88.769997,87.739998,88.559998,0.000000
2004-07-22 04:00:00,88.419998,88.610001,88.110001,88.449997,0.000000
2004-07-23 04:00:00,88.379997,89.320000,88.320000,89.260002,0.000000
2004-07-26 04:00:00,89.220001,89.309998,88.790001,89.029999,0.000000
2004-07-27 04:00:00,89.059998,89.849998,88.760002,89.790001,0.000000
2004-07-28 04:00:00,89.680000,90.139999,89.580002,89.750000,0.000000
2004-07-29 04:00:00,89.830002,90.290001,89.570000,89.949997,0.000000
2004-07-30 04:00:00,89.930000,90.050003,89.339996,89.959999,0.000000
2004-08-02 04:00:00,89.709999,89.879997,89.370003,89.750000,0.000000
2004-08-03 04:00:00,89.860001,90.019997,89.480003,89.570000,0.000000
2004-08-04 04:00:00,89.599998,90.190002,89.529999,89.680000,0.000000
2004-08-05 04:00:00,89.589996,89.870003,89.449997,89.639999,0.000000
2004-08-06 04:00:00,89.709999,89.779999,88.260002,88.360001,0.000000
2004-08-09 04:00:00,88.360001,88.589996,88.239998,88.389999,0.000000
2004-08-10 04:00:00,88.430000,88.800003,88.209999,88.790001,0.000000
2004-08-11 04:00:00,88.790001,88.989998,88.680000,88.849998,0.000000
2004-08-12 04:00:00,88.809998,88.940002,88.379997,88.690002,0.000000
2004-08-13 04:00:00,88.809998,89.290001,87.879997,87.900002,0.000000
2004-08-16 04:00:00,87.870003,88.180000,87.820000,87.959999,0.000000
2004-08-17 04:00:00,87.940002,88.220001,87.739998,88.059998,0.000000
2004-08-18 04:00:00,88.040001,88.330002,87.889999,88.080002,0.000000
2004-08-19 04:00:00,88.019997,88.059998,87.690002,87.790001,0.000000
2004-08-20 04:00:00,87.760002,88.290001,87.660004,88.120003,0.000000
2004-08-23 04:00:00,88.150002,89.089996,88.040001,89.059998,0.000000
2004-08-24 04:00:00,89.050003,89.540001,88.930000,89.459999,0.000000
2004-08-25 04:00:00,89.449997,89.610001,89.230003,89.419998,0.000000
2004-08-26 04:00:00,89.440002,89.669998,89.220001,89.300003,0.000000
2004-08-27 04:00:00,89.330002,89.830002,89.050003,89.769997,0.000000
2004-08-30 04:00:00,89.800003,90.070000,89.550003,89.690002,0.000000
2004-08-31 04:00:00,89.680000,89.730003,88.739998,88.940002,0.000000
2004-09-01 04:00:00,88.910004,89.150002,88.699997,88.870003,0.000000
2004-09-02 04:00:00,88.870003,89.089996,88.790001,88.980003,0.000000
2004-09-03 04:00:00,88.940002,89.750000,88.760002,89.629997,0.000000
2004-09-06 04:00:00,89.599998,89.699997,89.510002,89.529999,0.000000
2004-09-07 04:00:00,89.410004,89.620003,89.199997,89.230003,0.000000
2004-09-08 04:00:00,89.290001,89.730003,88.750000,88.769997,0.000000
2004-09-09 04:00:00,88.790001,89.019997,88.699997,88.830002,0.000000
2004-09-10 04:00:00,88.550003,88.940002,88.110001,88.389999,0.000000
2004-09-13 04:00:00,88.290001,88.730003,88.260002,88.550003,0.000000
2004-09-14 04:00:00,88.540001,88.690002,88.230003,88.459999,0.000000
2004-09-15 04:00:00,88.459999,89.309998,88.449997,89.150002,0.000000
2004-09-16 04:00:00,89.150002,89.220001,88.739998,88.790001,0.000000
2004-09-17 04:00:00,88.820000,89.110001,88.669998,88.910004,0.000000
2004-09-20 04:00:00,88.970001,89.279999,88.900002,88.989998,0.000000
2004-09-21 04:00:00,88.970001,89.010002,87.989998,88.129997,0.000000
2004-09-22 04:00:00,88.110001,88.709999,88.059998,88.510002,0.000000
2004-09-23 04:00:00,88.480003,88.559998,88.059998,88.440002,0.000000
2004-09-24 04:00:00,88.430000,88.550003,87.860001,88.400002,0.000000
2004-09-27 04:00:00,88.279999,88.529999,88.169998,88.290001,0.000000
2004-09-28 04:00:00,88.190002,88.360001,87.980003,88.110001,0.000000
2004-09-29 04:00:00,88.139999,88.339996,87.970001,88.099998,0.000000
2004-09-30 04:00:00,88.099998,88.199997,87.349998,87.360001,0.000000
2004-10-01 04:00:00,87.410004,87.779999,87.349998,87.629997,0.000000
2004-10-04 04:00:00,87.720001,88.599998,87.699997,88.379997,0.000000
2004-10-05 04:00:00,88.400002,88.500000,88.150002,88.169998,0.000000
2004-10-06 04:00:00,88.239998,88.639999,88.180000,88.480003,0.000000
2004-10-07 04:00:00,88.440002,88.489998,88.220001,88.339996,0.000000
2004-10-08 04:00:00,88.309998,88.389999,87.349998,87.449997,0.000000
2004-10-11 04:00:00,87.449997,87.599998,87.440002,87.540001,0.000000
2004-10-12 04:00:00,87.599998,88.199997,87.540001,88.019997,0.000000
2004-10-13 04:00:00,87.980003,88.570000,87.739998,87.879997,0.000000
2004-10-14 04:00:00,87.849998,87.980003,87.360001,87.550003,0.000000
2004-10-15 04:00:00,87.610001,87.849998,86.910004,87.089996,0.000000
2004-10-18 04:00:00,87.089996,87.239998,86.820000,87.019997,0.000000
2004-10-19 04:00:00,87.129997,87.339996,86.769997,86.839996,0.000000
2004-10-20 04:00:00,86.839996,86.980003,86.129997,86.349998,0.000000
2004-10-21 04:00:00,86.410004,86.440002,85.900002,86.019997,0.000000
2004-10-22 04:00:00,86.059998,86.199997,85.820000,85.870003,0.000000
2004-10-25 04:00:00,85.470001,85.650002,84.750000,84.970001,0.000000
2004-10-26 04:00:00,84.910004,85.339996,84.730003,85.209999,0.000000
2004-10-27 04:00:00,85.150002,85.500000,84.790001,85.440002,0.000000
2004-10-28 04:00:00,85.459999,85.889999,85.040001,85.279999,0.000000
2004-10-29 04:00:00,85.199997,85.370003,84.870003,84.910004,0.000000
2004-11-01 05:00:00,84.699997,85.370003,84.680000,85.199997,0.000000
2004-11-02 05:00:00,85.220001,85.589996,85.169998,85.470001,0.000000
2004-11-03 05:00:00,85.330002,85.660004,84.620003,84.699997,0.000000
2004-11-04 05:00:00,84.660004,84.879997,84.309998,84.540001,0.000000
2004-11-05 05:00:00,84.480003,85.070000,83.970001,84.010002,0.000000
2004-11-08 05:00:00,83.879997,84.169998,83.760002,84.089996,0.000000
2004-11-09 05:00:00,84.139999,84.290001,83.980003,84.290001,0.000000
2004-11-10 05:00:00,84.220001,84.669998,83.699997,84.430000,0.000000
2004-11-11 05:00:00,84.410004,84.559998,84.250000,84.370003,0.000000
2004-11-12 05:00:00,84.260002,84.360001,83.650002,83.690002,0.000000
2004-11-15 05:00:00,83.690002,84.099998,83.599998,84.000000,0.000000
2004-11-16 05:00:00,84.029999,84.099998,83.620003,83.800003,0.000000
2004-11-17 05:00:00,83.830002,83.879997,83.260002,83.290001,0.000000
2004-11-18 05:00:00,83.320000,83.900002,83.099998,83.690002,0.000000
2004-11-19 05:00:00,83.870003,83.910004,83.010002,83.309998,0.000000
2004-11-22 05:00:00,83.269997,83.389999,83.080002,83.190002,0.000000
2004-11-23 05:00:00,83.169998,83.540001,82.809998,82.970001,0.000000
2004-11-24 05:00:00,82.900002,82.959999,82.360001,82.410004,0.000000
2004-11-25 05:00:00,82.279999,82.459999,82.010002,82.180000,0.000000
2004-11-26 05:00:00,81.779999,82.419998,81.529999,81.779999,0.000000
2004-11-29 05:00:00,81.930000,82.160004,81.779999,81.930000,0.000000
2004-11-30 05:00:00,82.029999,82.220001,81.570000,81.820000,0.000000
2004-12-01 05:00:00,81.809998,81.879997,81.550003,81.559998,0.000000
2004-12-02 05:00:00,81.449997,82.129997,81.180000,81.949997,0.000000
2004-12-03 05:00:00,81.989998,82.080002,80.940002,80.980003,0.000000
2004-12-06 05:00:00,80.959999,81.300003,80.910004,81.279999,0.000000
2004-12-07 05:00:00,81.400002,81.430000,80.919998,81.239998,0.000000
2004-12-08 05:00:00,81.250000,82.730003,81.209999,81.900002,0.000000
2004-12-09 05:00:00,81.820000,82.480003,81.739998,82.029999,0.000000
2004-12-10 05:00:00,82.169998,83.180000,82.080002,82.550003,0.000000
2004-12-13 05:00:00,82.669998,82.739998,82.059998,82.099998,0.000000
2004-12-14 05:00:00,82.150002,82.570000,82.050003,82.320000,0.000000
2004-12-15 05:00:00,82.300003,82.559998,81.419998,81.629997,0.000000
2004-12-16 05:00:00,81.650002,82.669998,81.379997,82.500000,0.000000
2004-12-17 05:00:00,82.419998,82.540001,82.010002,82.160004,0.000000
2004-12-20 05:00:00,82.040001,82.129997,81.540001,81.669998,0.000000
2004-12-21 05:00:00,81.690002,81.989998,81.580002,81.940002,0.000000
2004-12-22 05:00:00,81.910004,82.120003,81.730003,81.930000,0.000000
2004-12-23 05:00:00,81.949997,81.959999,81.300003,81.339996,0.000000
2004-12-24 05:00:00,81.360001,81.449997,81.139999,81.220001,0.000000
2004-12-27 05:00:00,81.279999,81.370003,80.540001,80.720001,0.000000
2004-12-28 05:00:00,80.669998,80.889999,80.540001,80.720001,0.000000
2004-12-29 05:00:00,80.830002,81.180000,80.580002,80.970001,0.000000
2004-12-30 05:00:00,80.870003,81.000000,80.419998,80.529999,0.000000
2004-12-31 05:00:00,80.639999,81.110001,80.389999,80.849998,0.000000
2005-01-03 05:00:00,81.050003,81.760002,80.769997,81.300003,0.000000
2005-01-04 05:00:00,81.360001,82.709999,81.180000,82.570000,0.000000
2005-01-05 05:00:00,82.489998,82.919998,82.300003,82.540001,0.000000
2005-01-06 05:00:00,82.449997,83.230003,82.430000,83.150002,0.000000
2005-01-07 05:00:00,83.070000,83.790001,82.610001,83.610001,0.000000
2005-01-10 05:00:00,83.489998,83.610001,83.129997,83.290001,0.000000
2005-01-11 05:00:00,83.199997,83.250000,82.779999,83.019997,0.000000
2005-01-12 05:00:00,83.070000,83.260002,82.000000,82.139999,0.000000
2005-01-13 05:00:00,82.209999,82.519997,82.139999,82.510002,0.000000
2005-01-14 05:00:00,82.470001,83.309998,82.430000,83.059998,0.000000
2005-01-17 05:00:00,82.930000,83.139999,82.830002,83.059998,0.000000
2005-01-18 05:00:00,83.550003,83.660004,83.139999,83.360001,0.000000
2005-01-19 05:00:00,83.470001,83.769997,82.879997,83.599998,0.000000
2005-01-20 05:00:00,83.580002,83.989998,83.400002,83.839996,0.000000
2005-01-21 05:00:00,83.830002,84.000000,83.180000,83.260002,0.000000
2005-01-24 05:00:00,83.150002,83.489998,83.010002,83.239998,0.000000
2005-01-25 05:00:00,83.330002,84.080002,83.209999,83.989998,0.000000
2005-01-26 05:00:00,83.949997,83.949997,83.080002,83.300003,0.000000
2005-01-27 05:00:00,83.269997,83.610001,83.040001,83.430000,0.000000
2005-01-28 05:00:00,83.379997,83.830002,83.250000,83.480003,0.000000
2005-01-31 05:00:00,83.599998,83.839996,83.389999,83.599998,0.000000
2005-02-01 05:00:00,83.489998,83.790001,83.419998,83.449997,0.000000
2005-02-02 05:00:00,83.480003,83.720001,83.239998,83.519997,0.000000
2005-02-03 05:00:00,83.550003,84.110001,83.519997,83.970001,0.000000
2005-02-04 05:00:00,83.949997,84.430000,83.470001,84.389999,0.000000
2005-02-07 05:00:00,84.529999,85.290001,84.470001,85.040001,0.000000
2005-02-08 05:00:00,85.110001,85.389999,84.959999,85.099998,0.000000
2005-02-09 05:00:00,85.150002,85.300003,84.870003,85.019997,0.000000
2005-02-10 05:00:00,84.910004,85.440002,84.360001,84.540001,0.000000
2005-02-11 05:00:00,84.580002,84.750000,84.419998,84.570000,0.000000
2005-02-14 05:00:00,84.459999,84.529999,83.779999,83.959999,0.000000
2005-02-15 05:00:00,83.930000,84.040001,83.459999,83.589996,0.000000
2005-02-16 05:00:00,83.610001,84.139999,83.470001,83.669998,0.000000
2005-02-17 05:00:00,83.779999,83.839996,83.360001,83.470001,0.000000
2005-02-18 05:00:00,83.449997,83.779999,83.410004,83.489998,0.000000
2005-02-21 05:00:00,83.540001,83.699997,83.430000,83.550003,0.000000
2005-02-22 05:00:00,82.779999,83.570000,82.400002,82.410004,0.000000
2005-02-23 05:00:00,82.440002,82.970001,82.400002,82.680000,0.000000
2005-02-24 05:00:00,82.919998,83.080002,82.550003,82.879997,0.000000
2005-02-25 05:00:00,83.000000,83.169998,82.629997,82.660004,0.000000
2005-02-28 05:00:00,82.570000,82.699997,82.300003,82.510002,0.000000
2005-03-01 05:00:00,82.650002,82.879997,82.550003,82.769997,0.000000
2005-03-02 05:00:00,82.860001,83.330002,82.760002,83.080002,0.000000
2005-03-03 05:00:00,83.070000,83.370003,82.980003,83.279999,0.000000
2005-03-04 05:00:00,83.330002,83.410004,82.410004,82.540001,0.000000
2005-03-07 05:00:00,82.540001,82.940002,82.489998,82.790001,0.000000
2005-03-08 05:00:00,82.699997,82.750000,81.849998,81.980003,0.000000
2005-03-09 05:00:00,81.949997,82.019997,81.500000,81.629997,0.000000
2005-03-10 05:00:00,81.779999,81.809998,81.360001,81.570000,0.000000
2005-03-11 05:00:00,81.489998,81.750000,81.279999,81.419998,0.000000
2005-03-14 05:00:00,81.320000,82.160004,81.309998,81.970001,0.000000
2005-03-15 05:00:00,82.000000,82.230003,81.610001,82.120003,0.000000
2005-03-16 05:00:00,82.169998,82.239998,81.470001,81.620003,0.000000
2005-03-17 05:00:00,81.629997,82.040001,81.589996,81.839996,0.000000
2005-03-18 05:00:00,81.790001,82.400002,81.769997,82.129997,0.000000
2005-03-21 05:00:00,82.110001,83.080002,82.059998,82.879997,0.000000
2005-03-22 05:00:00,82.980003,83.550003,82.599998,83.360001,0.000000
2005-03-23 05:00:00,83.419998,84.099998,83.320000,84.000000,0.000000
2005-03-24 05:00:00,83.930000,84.160004,83.739998,84.129997,0.000000
2005-03-28 05:00:00,84.300003,84.739998,84.089996,84.620003,0.000000
2005-03-29 05:00:00,84.550003,84.580002,84.150002,84.320000,0.000000
2005-03-30 05:00:00,84.269997,84.360001,83.989998,84.290001,0.000000
2005-03-31 05:00:00,84.330002,84.400002,83.739998,84.059998,0.000000
2005-04-01 05:00:00,84.070000,84.629997,83.559998,84.430000,0.000000
2005-04-04 04:00:00,84.500000,84.980003,84.440002,84.779999,0.000000
2005-04-05 04:00:00,84.820000,85.120003,84.629997,84.660004,0.000000
2005-04-06 04:00:00,84.739998,84.889999,84.440002,84.680000,0.000000
2005-04-07 04:00:00,84.760002,84.910004,84.320000,84.870003,0.000000
2005-04-08 04:00:00,84.879997,85.110001,84.400002,84.470001,0.000000
2005-04-11 04:00:00,84.489998,84.580002,84.050003,84.160004,0.000000
2005-04-12 04:00:00,84.230003,84.809998,83.949997,84.419998,0.000000
2005-04-13 04:00:00,84.489998,84.760002,84.190002,84.419998,0.000000
2005-04-14 04:00:00,84.419998,85.320000,84.389999,85.000000,0.000000
2005-04-15 04:00:00,85.169998,85.269997,84.349998,84.559998,0.000000
2005-04-18 04:00:00,84.500000,84.730003,83.879997,84.000000,0.000000
2005-04-19 04:00:00,84.010002,84.160004,83.699997,83.760002,0.000000
2005-04-20 04:00:00,83.610001,84.059998,83.400002,83.519997,0.000000
2005-04-21 04:00:00,83.529999,83.870003,83.379997,83.699997,0.000000
2005-04-22 04:00:00,83.730003,83.870003,83.360001,83.500000,0.000000
2005-04-25 04:00:00,83.510002,84.000000,83.370003,83.820000,0.000000
2005-04-26 04:00:00,83.809998,84.150002,83.699997,83.959999,0.000000
2005-04-27 04:00:00,83.959999,84.370003,83.870003,84.120003,0.000000
2005-04-28 04:00:00,84.260002,84.419998,84.089996,84.349998,0.000000
2005-04-29 04:00:00,84.330002,84.480003,83.839996,84.430000,0.000000
2005-05-02 04:00:00,84.459999,84.650002,84.419998,84.489998,0.000000
2005-05-03 04:00:00,84.580002,84.690002,84.279999,84.510002,0.000000
2005-05-04 04:00:00,84.379997,84.459999,83.889999,84.000000,0.000000
2005-05-05 04:00:00,83.970001,84.080002,83.750000,83.940002,0.000000
2005-05-06 04:00:00,83.940002,84.690002,83.900002,84.610001,0.000000
2005-05-09 04:00:00,84.660004,84.809998,84.540001,84.639999,0.000000
2005-05-10 04:00:00,84.559998,84.779999,84.389999,84.449997,0.000000
2005-05-11 04:00:00,84.410004,85.059998,84.220001,84.940002,0.000000
2005-05-12 04:00:00,84.870003,85.599998,84.849998,85.489998,0.000000
2005-05-13 04:00:00,85.660004,86.129997,85.580002,86.099998,0.000000
2005-05-16 04:00:00,86.220001,86.389999,86.070000,86.120003,0.000000
2005-05-17 04:00:00,86.080002,86.290001,85.959999,86.209999,0.000000
2005-05-18 04:00:00,86.300003,86.410004,85.769997,85.820000,0.000000
2005-05-19 04:00:00,85.839996,86.290001,85.779999,86.089996,0.000000
2005-05-20 04:00:00,86.120003,86.739998,85.989998,86.629997,0.000000
2005-05-23 04:00:00,86.650002,86.709999,86.279999,86.400002,0.000000
2005-05-24 04:00:00,86.470001,86.529999,86.099998,86.370003,0.000000
2005-05-25 04:00:00,86.500000,86.580002,86.169998,86.349998,0.000000
2005-05-26 04:00:00,86.349998,86.930000,86.269997,86.849998,0.000000
2005-05-27 04:00:00,86.860001,86.879997,86.379997,86.419998,0.000000
2005-05-31 04:00:00,86.900002,87.800003,86.860001,87.760002,0.000000
2005-06-01 04:00:00,87.739998,88.180000,87.540001,88.110001,0.000000
2005-06-02 04:00:00,88.300003,88.349998,87.699997,87.750000,0.000000
2005-06-03 04:00:00,87.860001,88.169998,87.370003,88.040001,0.000000
2005-06-06 04:00:00,88.000000,88.050003,87.510002,87.599998,0.000000
2005-06-07 04:00:00,87.690002,87.809998,87.330002,87.489998,0.000000
2005-06-08 04:00:00,87.519997,88.059998,87.150002,87.879997,0.000000
2005-06-09 04:00:00,87.889999,88.309998,87.800003,88.070000,0.000000
2005-06-10 04:00:00,88.029999,88.750000,87.900002,88.690002,0.000000
2005-06-13 04:00:00,88.720001,89.349998,88.669998,88.949997,0.000000
2005-06-14 04:00:00,88.889999,89.349998,88.599998,89.260002,0.000000
2005-06-15 04:00:00,89.300003,89.360001,88.550003,88.650002,0.000000
2005-06-16 04:00:00,88.620003,88.989998,88.290001,88.720001,0.000000
2005-06-17 04:00:00,88.709999,88.760002,87.680000,87.730003,0.000000
2005-06-20 04:00:00,88.169998,88.599998,87.919998,88.489998,0.000000
2005-06-21 04:00:00,88.489998,88.949997,88.150002,88.180000,0.000000
2005-06-22 04:00:00,88.220001,88.760002,88.050003,88.559998,0.000000
2005-06-23 04:00:00,88.610001,89.150002,88.459999,89.120003,0.000000
2005-06-24 04:00:00,89.110001,89.349998,88.690002,88.779999,0.000000
2005-06-27 04:00:00,88.720001,88.830002,88.320000,88.449997,0.000000
2005-06-28 04:00:00,88.410004,89.050003,88.360001,88.989998,0.000000
2005-06-29 04:00:00,88.989998,89.480003,88.870003,89.110001,0.000000
2005-06-30 04:00:00,89.099998,89.389999,88.860001,89.110001,0.000000
2005-07-01 04:00:00,89.169998,90.230003,89.089996,90.129997,0.000000
2005-07-04 04:00:00,90.279999,90.529999,90.180000,90.430000,0.000000
2005-07-05 04:00:00,90.669998,90.730003,90.250000,90.440002,0.000000
2005-07-06 04:00:00,90.330002,90.580002,90.199997,90.379997,0.000000
2005-07-07 04:00:00,90.379997,90.510002,89.760002,90.279999,0.000000
2005-07-08 04:00:00,90.290001,90.769997,90.000000,90.250000,0.000000
2005-07-11 04:00:00,90.180000,90.239998,89.400002,89.459999,0.000000
2005-07-12 04:00:00,89.519997,89.589996,88.279999,88.410004,0.000000
2005-07-13 04:00:00,88.449997,89.470001,88.410004,89.309998,0.000000
2005-07-14 04:00:00,89.379997,89.480003,89.129997,89.400002,0.000000
2005-07-15 04:00:00,89.410004,89.820000,89.099998,89.720001,0.000000
2005-07-18 04:00:00,89.779999,89.839996,89.370003,89.639999,0.000000
2005-07-19 04:00:00,89.680000,90.360001,89.589996,89.849998,0.000000
2005-07-20 04:00:00,89.980003,90.309998,89.129997,89.339996,0.000000
2005-07-21 04:00:00,89.349998,89.449997,88.440002,88.930000,0.000000
2005-07-22 04:00:00,88.970001,89.680000,88.860001,89.639999,0.000000
2005-07-25 04:00:00,89.750000,89.900002,89.500000,89.599998,0.000000
2005-07-26 04:00:00,89.610001,90.260002,89.550003,90.000000,0.000000
2005-07-27 04:00:00,90.099998,90.449997,89.669998,89.730003,0.000000
2005-07-28 04:00:00,89.849998,90.010002,89.220001,89.339996,0.000000
2005-07-29 04:00:00,89.370003,89.660004,89.150002,89.349998,0.000000
2005-08-01 04:00:00,89.410004,89.440002,88.529999,88.800003,0.000000
2005-08-02 04:00:00,88.900002,88.970001,88.360001,88.760002,0.000000
2005-08-03 04:00:00,88.760002,89.050003,87.930000,87.989998,0.000000
2005-08-04 04:00:00,88.019997,88.230003,87.610001,87.800003,0.000000
2005-08-05 04:00:00,87.760002,88.300003,87.699997,88.059998,0.000000
2005-08-08 04:00:00,88.180000,88.290001,87.730003,87.919998,0.000000
2005-08-09 04:00:00,87.989998,88.110001,87.599998,87.889999,0.000000
2005-08-10 04:00:00,87.820000,87.970001,87.449997,87.610001,0.000000
2005-08-11 04:00:00,87.599998,87.610001,87.040001,87.099998,0.000000
2005-08-12 04:00:00,86.919998,87.330002,86.760002,86.980003,0.000000
2005-08-15 04:00:00,86.889999,87.489998,86.830002,87.320000,0.000000
2005-08-16 04:00:00,87.339996,87.720001,87.269997,87.430000,0.000000
2005-08-17 04:00:00,87.470001,88.019997,87.349998,88.000000,0.000000
2005-08-18 04:00:00,87.940002,88.699997,87.860001,88.589996,0.000000
2005-08-19 04:00:00,88.550003,88.900002,88.459999,88.580002,0.000000
2005-08-22 04:00:00,88.589996,88.660004,88.050003,88.139999,0.000000
2005-08-23 04:00:00,88.099998,88.379997,88.029999,88.080002,0.000000
2005-08-24 04:00:00,88.099998,88.580002,87.820000,87.910004,0.000000
2005-08-25 04:00:00,87.889999,87.989998,87.529999,87.639999,0.000000
2005-08-26 04:00:00,87.730003,87.900002,87.430000,87.860001,0.000000
2005-08-29 04:00:00,87.739998,88.290001,87.449997,88.250000,0.000000
2005-08-30 04:00:00,88.190002,88.680000,88.150002,88.349998,0.000000
2005-08-31 04:00:00,88.370003,88.559998,87.430000,87.580002,0.000000
2005-09-01 04:00:00,87.589996,87.680000,86.370003,86.550003,0.000000
2005-09-02 04:00:00,86.610001,86.720001,86.019997,86.300003,0.000000
2005-09-06 04:00:00,86.639999,86.820000,86.239998,86.570000,0.000000
2005-09-07 04:00:00,86.720001,87.019997,86.290001,86.970001,0.000000
2005-09-08 04:00:00,86.970001,87.139999,86.730003,87.040001,0.000000
2005-09-09 04:00:00,87.080002,87.199997,86.580002,86.889999,0.000000
2005-09-12 04:00:00,86.839996,87.720001,86.750000,87.709999,0.000000
2005-09-13 04:00:00,87.650002,87.919998,87.489998,87.750000,0.000000
2005-09-14 04:00:00,87.720001,87.830002,87.349998,87.669998,0.000000
2005-09-15 04:00:00,87.690002,88.209999,87.620003,88.129997,0.000000
2005-09-16 04:00:00,88.029999,88.300003,87.610001,88.050003,0.000000
2005-09-19 04:00:00,88.519997,88.809998,88.330002,88.440002,0.000000
2005-09-20 04:00:00,88.500000,88.639999,88.220001,88.599998,0.000000
2005-09-21 04:00:00,88.690002,88.720001,87.889999,88.139999,0.000000
2005-09-22 04:00:00,87.959999,88.629997,87.750000,88.559998,0.000000
2005-09-23 04:00:00,88.550003,89.209999,88.400002,89.209999,0.000000
2005-09-26 04:00:00,89.379997,89.459999,89.080002,89.110001,0.000000
2005-09-27 04:00:00,89.110001,89.820000,89.059998,89.599998,0.000000
2005-09-28 04:00:00,89.589996,89.779999,89.339996,89.470001,0.000000
2005-09-29 04:00:00,89.279999,89.620003,89.190002,89.400002,0.000000
2005-09-30 04:00:00,89.540001,89.690002,89.029999,89.519997,0.000000
2005-10-03 04:00:00,89.510002,90.230003,89.400002,90.129997,0.000000
2005-10-04 04:00:00,90.199997,90.239998,89.940002,90.099998,0.000000
2005-10-05 04:00:00,90.160004,90.169998,89.739998,89.980003,0.000000
2005-10-06 04:00:00,89.669998,89.760002,88.529999,88.660004,0.000000
2005-10-07 04:00:00,88.769997,89.309998,88.720001,89.169998,0.000000
2005-10-10 04:00:00,89.050003,89.470001,88.930000,89.459999,0.000000
2005-10-11 04:00:00,89.550003,90.019997,89.449997,89.970001,0.000000
2005-10-12 04:00:00,89.959999,90.169998,89.500000,89.629997,0.000000
2005-10-13 04:00:00,89.669998,90.430000,89.610001,89.809998,0.000000
2005-10-14 04:00:00,89.830002,90.089996,89.250000,89.349998,0.000000
2005-10-17 04:00:00,89.519997,89.919998,89.160004,89.800003,0.000000
2005-10-18 04:00:00,89.940002,90.570000,89.250000,90.290001,0.000000
2005-10-19 04:00:00,90.279999,90.739998,89.250000,89.989998,0.000000
2005-10-20 04:00:00,90.059998,90.190002,89.889999,89.910004,0.000000
2005-10-21 04:00:00,89.769997,90.410004,89.400002,90.309998,0.000000
2005-10-24 04:00:00,90.320000,90.430000,89.809998,90.110001,0.000000
2005-10-25 04:00:00,90.110001,90.349998,89.139999,89.239998,0.000000
2005-10-26 04:00:00,89.230003,89.669998,89.080002,89.489998,0.000000
2005-10-27 04:00:00,89.589996,89.699997,88.820000,89.099998,0.000000
2005-10-28 04:00:00,89.080002,89.669998,88.900002,89.589996,0.000000
2005-10-31 05:00:00,89.610001,90.190002,89.400002,90.070000,0.000000
2005-11-01 05:00:00,90.120003,90.309998,89.930000,90.080002,0.000000
2005-11-02 05:00:00,90.000000,90.199997,89.620003,89.720001,0.000000
2005-11-03 05:00:00,89.739998,90.480003,89.650002,90.440002,0.000000
2005-11-04 05:00:00,90.389999,91.370003,90.139999,91.260002,0.000000
2005-11-07 05:00:00,91.389999,91.589996,91.169998,91.290001,0.000000
2005-11-08 05:00:00,91.449997,91.959999,91.330002,91.370003,0.000000
2005-11-09 05:00:00,91.500000,91.839996,91.330002,91.500000,0.000000
2005-11-10 05:00:00,91.519997,92.099998,91.300003,92.080002,0.000000
2005-11-11 05:00:00,92.120003,92.129997,91.860001,91.980003,0.000000
2005-11-14 05:00:00,91.760002,92.339996,91.500000,92.129997,0.000000
2005-11-15 05:00:00,92.150002,92.540001,91.989998,92.089996,0.000000
2005-11-16 05:00:00,91.959999,92.629997,91.910004,92.330002,0.000000
2005-11-17 05:00:00,92.400002,92.599998,91.809998,91.879997,0.000000
2005-11-18 05:00:00,91.959999,92.489998,91.699997,91.930000,0.000000
2005-11-21 05:00:00,91.870003,92.089996,91.389999,92.029999,0.000000
2005-11-22 05:00:00,92.029999,92.330002,91.400002,91.500000,0.000000
2005-11-23 05:00:00,91.489998,91.720001,91.150002,91.510002,0.000000
2005-11-25 05:00:00,91.820000,92.070000,91.610001,92.040001,0.000000
2005-11-28 05:00:00,92.050003,92.309998,90.800003,90.980003,0.000000
2005-11-29 05:00:00,91.209999,91.940002,91.110001,91.620003,0.000000
2005-11-30 05:00:00,91.809998,91.830002,91.449997,91.570000,0.000000
2005-12-01 05:00:00,91.540001,92.209999,91.500000,91.820000,0.000000
2005-12-02 05:00:00,91.870003,92.320000,91.760002,91.949997,0.000000
2005-12-05 05:00:00,92.000000,92.190002,91.320000,91.480003,0.000000
2005-12-06 05:00:00,91.529999,91.739998,91.389999,91.440002,0.000000
2005-12-07 05:00:00,91.419998,92.050003,91.389999,91.889999,0.000000
2005-12-08 05:00:00,91.949997,91.980003,91.029999,91.260002,0.000000
2005-12-09 05:00:00,91.290001,91.570000,91.139999,91.250000,0.000000
2005-12-12 05:00:00,91.430000,91.510002,90.150002,90.349998,0.000000
2005-12-13 05:00:00,90.330002,90.680000,90.169998,90.379997,0.000000
2005-12-14 05:00:00,90.419998,90.620003,89.519997,89.830002,0.000000
2005-12-15 05:00:00,90.019997,90.620003,89.540001,90.019997,0.000000
2005-12-16 05:00:00,90.029999,90.160004,89.669998,89.699997,0.000000
2005-12-19 05:00:00,89.599998,90.029999,89.580002,89.870003,0.000000
2005-12-20 05:00:00,89.900002,90.959999,89.839996,90.779999,0.000000
2005-12-21 05:00:00,90.760002,91.230003,90.510002,90.940002,0.000000
2005-12-22 05:00:00,91.019997,91.199997,90.599998,90.720001,0.000000
2005-12-23 05:00:00,90.800003,91.089996,90.680000,90.839996,0.000000
2005-12-27 05:00:00,90.900002,91.199997,90.800003,91.190002,0.000000
2005-12-28 05:00:00,91.070000,91.330002,90.519997,91.260002,0.000000
2005-12-29 05:00:00,91.129997,91.300003,90.919998,91.099998,0.000000
2005-12-30 05:00:00,91.080002,91.470001,90.779999,91.169998,0.000000
2006-01-03 05:00:00,90.750000,90.940002,89.779999,89.839996,0.000000
2006-01-04 05:00:00,89.730003,89.860001,89.010002,89.139999,0.000000
2006-01-05 05:00:00,89.269997,89.629997,89.180000,89.330002,0.000000
2006-01-06 05:00:00,89.349998,89.629997,88.800003,88.849998,0.000000
2006-01-09 05:00:00,88.959999,89.449997,88.809998,89.250000,0.000000
2006-01-10 05:00:00,89.339996,89.540001,89.110001,89.330002,0.000000
2006-01-11 05:00:00,89.370003,89.570000,88.860001,88.989998,0.000000
2006-01-12 05:00:00,88.940002,89.669998,88.730003,89.440002,0.000000
2006-01-13 05:00:00,89.470001,89.550003,88.849998,88.889999,0.000000
2006-01-17 05:00:00,89.110001,89.599998,88.930000,89.300003,0.000000
2006-01-18 05:00:00,89.230003,89.510002,88.940002,89.260002,0.000000
2006-01-19 05:00:00,89.309998,89.639999,89.180000,89.389999,0.000000
2006-01-20 05:00:00,89.389999,89.650002,88.949997,88.949997,0.000000
2006-01-23 05:00:00,88.790001,88.959999,87.930000,87.949997,0.000000
2006-01-24 05:00:00,87.940002,88.239998,87.830002,88.059998,0.000000
2006-01-25 05:00:00,88.239998,88.419998,87.860001,88.330002,0.000000
2006-01-26 05:00:00,88.419998,88.709999,88.230003,88.620003,0.000000
2006-01-27 05:00:00,88.599998,89.400002,88.459999,89.320000,0.000000
2006-01-30 05:00:00,89.269997,89.529999,89.230003,89.419998,0.000000
2006-01-31 05:00:00,89.430000,89.470001,88.690002,88.959999,0.000000
2006-02-01 05:00:00,88.959999,89.570000,88.839996,89.510002,0.000000
2006-02-02 05:00:00,89.489998,89.739998,89.290001,89.370003,0.000000
2006-02-03 05:00:00,89.470001,90.230003,89.300003,89.889999,0.000000
2006-02-06 05:00:00,89.860001,90.419998,89.730003,90.290001,0.000000
2006-02-07 05:00:00,90.339996,90.400002,89.900002,90.239998,0.000000
2006-02-08 05:00:00,90.089996,90.550003,90.059998,90.430000,0.000000
2006-02-09 05:00:00,90.300003,90.389999,90.080002,90.290001,0.000000
2006-02-10 05:00:00,90.150002,90.570000,89.699997,90.550003,0.000000
2006-02-13 05:00:00,90.550003,90.779999,90.480003,90.540001,0.000000
2006-02-14 05:00:00,90.519997,90.930000,90.410004,90.540001,0.000000
2006-02-15 05:00:00,90.559998,90.809998,90.169998,90.720001,0.000000
2006-02-16 05:00:00,90.739998,91.019997,90.580002,90.730003,0.000000
2006-02-17 05:00:00,90.610001,91.010002,90.430000,90.639999,0.000000
2006-02-21 05:00:00,90.449997,90.739998,90.410004,90.550003,0.000000
2006-02-22 05:00:00,90.570000,90.889999,90.470001,90.669998,0.000000
2006-02-23 05:00:00,90.559998,90.669998,90.089996,90.389999,0.000000
2006-02-24 05:00:00,90.379997,90.709999,90.239998,90.610001,0.000000
2006-02-27 05:00:00,90.860001,90.889999,90.510002,90.629997,0.000000
2006-02-28 05:00:00,90.669998,90.760002,90.019997,90.110001,0.000000
2006-03-01 05:00:00,90.080002,90.400002,89.849998,90.220001,0.000000
2006-03-02 05:00:00,90.220001,90.269997,89.529999,89.559998,0.000000
2006-03-03 05:00:00,89.550003,89.900002,89.500000,89.660004,0.000000
2006-03-06 05:00:00,89.360001,90.070000,89.279999,89.889999,0.000000
2006-03-07 05:00:00,89.910004,90.860001,89.860001,90.769997,0.000000
2006-03-08 05:00:00,90.709999,90.800003,90.430000,90.620003,0.000000
2006-03-09 05:00:00,90.599998,90.790001,90.379997,90.750000,0.000000
2006-03-10 05:00:00,90.779999,91.160004,90.589996,90.849998,0.000000
2006-03-13 05:00:00,90.830002,90.870003,90.519997,90.540001,0.000000
2006-03-14 05:00:00,90.480003,90.610001,89.889999,90.000000,0.000000
2006-03-15 05:00:00,90.040001,90.080002,89.690002,89.699997,0.000000
2006-03-16 05:00:00,89.739998,89.970001,89.000000,89.070000,0.000000
2006-03-17 05:00:00,89.110001,89.290001,88.849998,88.919998,0.000000
2006-03-20 05:00:00,89.070000,89.269997,88.949997,89.129997,0.000000
2006-03-21 05:00:00,89.169998,89.790001,89.150002,89.620003,0.000000
2006-03-22 05:00:00,89.599998,89.870003,89.540001,89.720001,0.000000
2006-03-23 05:00:00,89.769997,90.519997,89.750000,90.459999,0.000000
2006-03-24 05:00:00,90.430000,90.620003,89.959999,90.070000,0.000000
2006-03-27 05:00:00,90.050003,90.089996,89.760002,90.070000,0.000000
2006-03-28 05:00:00,90.029999,90.309998,89.510002,90.250000,0.000000
2006-03-29 05:00:00,90.230003,90.449997,90.059998,90.250000,0.000000
2006-03-30 05:00:00,90.209999,90.250000,89.320000,89.389999,0.000000
2006-03-31 05:00:00,89.300003,89.940002,89.279999,89.730003,0.000000
2006-04-03 04:00:00,89.739998,90.400002,89.589996,89.629997,0.000000
2006-04-04 04:00:00,89.660004,89.760002,88.790001,88.830002,0.000000
2006-04-05 04:00:00,88.879997,88.959999,88.599998,88.629997,0.000000
2006-04-06 04:00:00,88.739998,89.160004,88.440002,88.959999,0.000000
2006-04-07 04:00:00,89.050003,89.709999,88.910004,89.629997,0.000000
2006-04-10 04:00:00,89.599998,89.839996,89.480003,89.720001,0.000000
2006-04-11 04:00:00,89.639999,89.750000,89.389999,89.440002,0.000000
2006-04-12 04:00:00,89.360001,89.820000,89.209999,89.620003,0.000000
2006-04-13 04:00:00,89.570000,89.860001,89.410004,89.620003,0.000000
2006-04-17 04:00:00,88.760002,89.160004,88.430000,88.639999,0.000000
2006-04-18 04:00:00,88.680000,88.849998,88.180000,88.239998,0.000000
2006-04-19 04:00:00,87.940002,88.419998,87.730003,87.790001,0.000000
2006-04-20 04:00:00,87.839996,88.440002,87.820000,88.250000,0.000000
2006-04-21 04:00:00,88.290001,88.529999,87.930000,88.050003,0.000000
2006-04-24 04:00:00,87.730003,87.919998,87.410004,87.449997,0.000000
2006-04-25 04:00:00,87.559998,87.690002,87.239998,87.320000,0.000000
2006-04-26 04:00:00,87.370003,87.660004,87.110001,87.220001,0.000000
2006-04-27 04:00:00,87.269997,87.519997,86.559998,86.629997,0.000000
2006-04-28 04:00:00,86.690002,86.760002,86.000000,86.110001,0.000000
2006-05-01 04:00:00,85.930000,86.019997,85.480003,85.970001,0.000000
2006-05-02 04:00:00,86.180000,86.360001,85.639999,85.790001,0.000000
2006-05-03 04:00:00,85.879997,86.029999,85.500000,85.839996,0.000000
2006-05-04 04:00:00,85.910004,86.220001,85.309998,85.839996,0.000000
2006-05-05 04:00:00,85.459999,85.629997,85.000000,85.120003,0.000000
2006-05-08 04:00:00,85.089996,85.309998,84.680000,85.230003,0.000000
2006-05-09 04:00:00,85.250000,85.489998,84.660004,84.830002,0.000000
2006-05-10 04:00:00,84.739998,84.839996,84.370003,84.500000,0.000000
2006-05-11 04:00:00,84.750000,85.279999,84.139999,84.269997,0.000000
2006-05-12 04:00:00,84.250000,84.370003,83.610001,83.959999,0.000000
2006-05-15 04:00:00,83.610001,84.680000,83.599998,84.540001,0.000000
2006-05-16 04:00:00,84.709999,84.779999,84.120003,84.169998,0.000000
2006-05-17 04:00:00,84.250000,85.099998,83.730003,84.849998,0.000000
2006-05-18 04:00:00,84.900002,84.980003,84.360001,84.510002,0.000000
2006-05-19 04:00:00,84.379997,85.349998,84.239998,84.879997,0.000000
2006-05-22 04:00:00,84.910004,85.470001,84.269997,84.349998,0.000000
2006-05-23 04:00:00,84.440002,84.720001,84.269997,84.349998,0.000000
2006-05-24 04:00:00,84.930000,85.269997,84.309998,84.949997,0.000000
2006-05-25 04:00:00,85.029999,85.160004,84.599998,84.650002,0.000000
2006-05-26 04:00:00,84.669998,85.360001,84.559998,85.260002,0.000000
2006-05-30 04:00:00,85.070000,85.110001,84.080002,84.279999,0.000000
2006-05-31 04:00:00,84.349998,84.739998,84.080002,84.720001,0.000000
2006-06-01 04:00:00,84.680000,85.269997,84.629997,84.790001,0.000000
2006-06-02 04:00:00,84.720001,84.870003,83.910004,84.050003,0.000000
2006-06-05 04:00:00,84.059998,84.169998,83.720001,84.139999,0.000000
2006-06-06 04:00:00,84.290001,84.949997,84.080002,84.730003,0.000000
2006-06-07 04:00:00,84.839996,85.209999,84.720001,84.989998,0.000000
2006-06-08 04:00:00,84.970001,86.000000,84.919998,85.910004,0.000000
2006-06-09 04:00:00,85.820000,86.059998,85.489998,85.720001,0.000000
2006-06-12 04:00:00,85.889999,86.120003,85.669998,85.849998,0.000000
2006-06-13 04:00:00,86.000000,86.500000,85.900002,86.430000,0.000000
2006-06-14 04:00:00,86.419998,86.480003,85.760002,86.139999,0.000000
2006-06-15 04:00:00,86.050003,86.209999,85.730003,86.019997,0.000000
2006-06-16 04:00:00,85.860001,86.089996,85.660004,85.919998,0.000000
2006-06-19 04:00:00,86.010002,86.470001,85.919998,86.309998,0.000000
2006-06-20 04:00:00,86.320000,86.459999,85.989998,86.180000,0.000000
2006-06-21 04:00:00,86.169998,86.180000,85.629997,85.779999,0.000000
2006-06-22 04:00:00,85.750000,86.550003,85.660004,86.389999,0.000000
2006-06-23 04:00:00,86.410004,87.050003,86.309998,86.820000,0.000000
2006-06-26 04:00:00,86.860001,86.889999,86.360001,86.489998,0.000000
2006-06-27 04:00:00,86.449997,86.660004,86.250000,86.470001,0.000000
2006-06-28 04:00:00,86.589996,86.870003,86.459999,86.629997,0.000000
2006-06-29 04:00:00,86.699997,86.849998,85.860001,85.870003,0.000000
2006-06-30 04:00:00,85.910004,85.930000,85.139999,85.220001,0.000000
2006-07-03 04:00:00,85.199997,85.360001,85.059998,85.180000,0.000000
2006-07-05 04:00:00,84.980003,85.760002,84.889999,85.599998,0.000000
2006-07-06 04:00:00,85.610001,85.669998,85.309998,85.349998,0.000000
2006-07-07 04:00:00,85.370003,85.410004,84.769997,84.980003,0.000000
2006-07-10 04:00:00,85.029999,85.599998,84.970001,85.500000,0.000000
2006-07-11 04:00:00,85.449997,85.730003,85.339996,85.360001,0.000000
2006-07-12 04:00:00,85.400002,86.040001,85.320000,85.910004,0.000000
2006-07-13 04:00:00,85.820000,86.000000,85.639999,85.790001,0.000000
2006-07-14 04:00:00,85.820000,86.279999,85.809998,86.089996,0.000000
2006-07-17 04:00:00,86.169998,87.010002,86.059998,86.959999,0.000000
2006-07-18 04:00:00,86.980003,87.180000,86.550003,87.010002,0.000000
2006-07-19 04:00:00,87.059998,87.330002,86.370003,86.459999,0.000000
2006-07-20 04:00:00,86.470001,86.500000,86.120003,86.220001,0.000000
2006-07-21 04:00:00,86.269997,86.300003,85.849998,85.930000,0.000000
2006-07-24 04:00:00,85.860001,86.430000,85.809998,86.339996,0.000000
2006-07-25 04:00:00,86.379997,86.769997,86.080002,86.639999,0.000000
2006-07-26 04:00:00,86.639999,86.730003,85.889999,85.930000,0.000000
2006-07-27 04:00:00,85.879997,85.959999,85.370003,85.870003,0.000000
2006-07-28 04:00:00,85.849998,86.029999,85.320000,85.440002,0.000000
2006-07-31 04:00:00,85.389999,85.459999,85.180000,85.300003,0.000000
2006-08-01 04:00:00,85.279999,85.629997,85.029999,85.050003,0.000000
2006-08-02 04:00:00,85.050003,85.199997,84.910004,85.050003,0.000000
2006-08-03 04:00:00,85.120003,85.389999,84.860001,85.019997,0.000000
2006-08-04 04:00:00,85.089996,85.269997,84.389999,84.570000,0.000000
2006-08-07 04:00:00,84.529999,84.809998,84.489998,84.750000,0.000000
2006-08-08 04:00:00,84.860001,84.900002,84.470001,84.660004,0.000000
2006-08-09 04:00:00,85.209999,85.220001,84.430000,84.709999,0.000000
2006-08-10 04:00:00,84.629997,85.389999,84.419998,85.080002,0.000000
2006-08-11 04:00:00,85.099998,85.580002,85.070000,85.519997,0.000000
2006-08-14 04:00:00,85.489998,85.680000,85.309998,85.639999,0.000000
2006-08-15 04:00:00,85.599998,85.750000,85.099998,85.220001,0.000000
2006-08-16 04:00:00,85.180000,85.309998,84.699997,84.879997,0.000000
2006-08-17 04:00:00,84.889999,85.139999,84.610001,85.040001,0.000000
2006-08-18 04:00:00,85.029999,85.309998,84.930000,85.089996,0.000000
2006-08-21 04:00:00,85.019997,85.120003,84.419998,84.629997,0.000000
2006-08-22 04:00:00,84.800003,85.279999,84.730003,85.180000,0.000000
2006-08-23 04:00:00,85.120003,85.220001,84.760002,85.129997,0.000000
2006-08-24 04:00:00,85.190002,85.339996,84.889999,85.279999,0.000000
2006-08-25 04:00:00,85.300003,85.550003,85.199997,85.379997,0.000000
2006-08-28 04:00:00,85.389999,85.459999,85.029999,85.230003,0.000000
2006-08-29 04:00:00,85.220001,85.379997,84.889999,84.910004,0.000000
2006-08-30 04:00:00,84.959999,85.070000,84.839996,84.970001,0.000000
2006-08-31 04:00:00,84.910004,85.209999,84.720001,85.050003,0.000000
2006-09-01 04:00:00,85.089996,85.370003,84.879997,84.940002,0.000000
2006-09-05 04:00:00,84.870003,85.139999,84.730003,85.000000,0.000000
2006-09-06 04:00:00,85.010002,85.349998,84.970001,85.099998,0.000000
2006-09-07 04:00:00,85.080002,85.639999,85.029999,85.529999,0.000000
2006-09-08 04:00:00,85.550003,86.059998,85.510002,85.949997,0.000000
2006-09-11 04:00:00,85.970001,86.080002,85.629997,85.919998,0.000000
2006-09-12 04:00:00,85.889999,86.019997,85.660004,85.919998,0.000000
2006-09-13 04:00:00,85.860001,86.019997,85.720001,85.870003,0.000000
2006-09-14 04:00:00,85.839996,85.940002,85.459999,85.660004,0.000000
2006-09-15 04:00:00,85.690002,86.169998,85.589996,85.989998,0.000000
2006-09-18 04:00:00,86.059998,86.139999,85.790001,85.809998,0.000000
2006-09-19 04:00:00,85.769997,86.040001,85.629997,85.940002,0.000000
2006-09-20 04:00:00,85.919998,85.970001,85.629997,85.809998,0.000000
2006-09-21 04:00:00,85.870003,85.889999,85.169998,85.180000,0.000000
2006-09-22 04:00:00,85.220001,85.230003,84.910004,85.199997,0.000000
2006-09-25 04:00:00,85.180000,85.449997,84.970001,85.290001,0.000000
2006-09-26 04:00:00,85.370003,85.839996,85.269997,85.629997,0.000000
2006-09-27 04:00:00,85.709999,85.860001,85.559998,85.660004,0.000000
2006-09-28 04:00:00,85.669998,85.919998,85.540001,85.720001,0.000000
2006-09-29 04:00:00,85.769997,86.220001,85.720001,85.970001,0.000000
2006-10-02 04:00:00,86.010002,86.129997,85.510002,85.589996,0.000000
2006-10-03 04:00:00,85.610001,85.760002,85.470001,85.709999,0.000000
2006-10-04 04:00:00,85.730003,86.099998,85.680000,85.839996,0.000000
2006-10-05 04:00:00,85.830002,86.050003,85.739998,85.919998,0.000000
2006-10-06 04:00:00,85.919998,86.650002,85.790001,86.440002,0.000000
2006-10-09 04:00:00,86.529999,86.599998,86.440002,86.519997,0.000000
2006-10-10 04:00:00,86.529999,87.089996,86.459999,87.019997,0.000000
2006-10-11 04:00:00,87.050003,87.209999,86.879997,87.120003,0.000000
2006-10-12 04:00:00,87.099998,87.120003,86.809998,86.919998,0.000000
2006-10-13 04:00:00,86.860001,87.300003,86.709999,87.120003,0.000000
2006-10-16 04:00:00,87.169998,87.199997,86.879997,87.000000,0.000000
2006-10-17 04:00:00,86.900002,86.989998,86.669998,86.870003,0.000000
2006-10-18 04:00:00,86.820000,87.089996,86.699997,86.879997,0.000000
2006-10-19 04:00:00,86.870003,86.889999,86.180000,86.239998,0.000000
2006-10-20 04:00:00,86.279999,86.400002,86.139999,86.269997,0.000000
2006-10-23 04:00:00,86.300003,86.820000,86.269997,86.709999,0.000000
2006-10-24 04:00:00,86.739998,86.919998,86.559998,86.629997,0.000000
2006-10-25 04:00:00,86.699997,86.720001,86.339996,86.379997,0.000000
2006-10-26 04:00:00,86.370003,86.379997,85.830002,85.889999,0.000000
2006-10-27 04:00:00,85.889999,86.070000,85.430000,85.559998,0.000000
2006-10-30 05:00:00,85.570000,85.690002,85.500000,85.589996,0.000000
2006-10-31 05:00:00,85.669998,85.870003,85.209999,85.320000,0.000000
2006-11-01 05:00:00,85.290001,85.500000,85.150002,85.320000,0.000000
2006-11-02 05:00:00,85.459999,85.550003,85.320000,85.339996,0.000000
2006-11-03 05:00:00,85.349998,85.910004,85.269997,85.709999,0.000000
2006-11-06 05:00:00,85.699997,85.930000,85.660004,85.750000,0.000000
2006-11-07 05:00:00,85.709999,85.730003,85.099998,85.430000,0.000000
2006-11-08 05:00:00,85.379997,85.599998,85.190002,85.410004,0.000000
2006-11-09 05:00:00,85.480003,85.629997,85.059998,85.180000,0.000000
2006-11-10 05:00:00,85.120003,85.129997,84.699997,85.050003,0.000000
2006-11-13 05:00:00,85.019997,85.440002,84.839996,85.360001,0.000000
2006-11-14 05:00:00,85.300003,85.440002,84.949997,85.239998,0.000000
2006-11-15 05:00:00,85.300003,85.629997,85.220001,85.339996,0.000000
2006-11-16 05:00:00,85.320000,85.559998,85.220001,85.500000,0.000000
2006-11-17 05:00:00,85.529999,85.699997,85.180000,85.370003,0.000000
2006-11-20 05:00:00,85.339996,85.459999,85.199997,85.419998,0.000000
2006-11-21 05:00:00,85.400002,85.480003,85.180000,85.239998,0.000000
2006-11-22 05:00:00,85.260002,85.269997,84.440002,84.650002,0.000000
2006-11-23 05:00:00,84.580002,84.580002,84.360001,84.480003,0.000000
2006-11-24 05:00:00,84.400002,84.510002,83.559998,83.709999,0.000000
2006-11-27 05:00:00,83.349998,83.779999,83.250000,83.510002,0.000000
2006-11-28 05:00:00,83.510002,83.580002,83.150002,83.209999,0.000000
2006-11-29 05:00:00,83.139999,83.570000,83.050003,83.440002,0.000000
2006-11-30 05:00:00,83.510002,83.529999,82.790001,82.919998,0.000000
2006-12-01 05:00:00,82.910004,83.089996,82.360001,82.480003,0.000000
2006-12-04 05:00:00,82.360001,82.760002,82.309998,82.489998,0.000000
2006-12-05 05:00:00,82.459999,82.699997,82.239998,82.449997,0.000000
2006-12-06 05:00:00,82.529999,82.879997,82.400002,82.769997,0.000000
2006-12-07 05:00:00,82.779999,82.830002,82.529999,82.800003,0.000000
2006-12-08 05:00:00,82.779999,83.339996,82.379997,83.330002,0.000000
2006-12-11 05:00:00,83.339996,83.669998,83.050003,83.120003,0.000000
2006-12-12 05:00:00,83.089996,83.309998,82.879997,82.970001,0.000000
2006-12-13 05:00:00,82.919998,83.440002,82.889999,82.970001,0.000000
2006-12-14 05:00:00,83.300003,83.720001,83.129997,83.650002,0.000000
2006-12-15 05:00:00,83.639999,84.139999,83.489998,84.059998,0.000000
2006-12-18 05:00:00,84.029999,84.220001,83.839996,83.980003,0.000000
2006-12-19 05:00:00,83.959999,84.029999,83.320000,83.459999,0.000000
2006-12-20 05:00:00,83.370003,83.629997,83.209999,83.519997,0.000000
2006-12-21 05:00:00,83.489998,83.760002,83.339996,83.570000,0.000000
2006-12-22 05:00:00,83.540001,83.959999,83.379997,83.940002,0.000000
2006-12-26 05:00:00,83.839996,84.129997,83.800003,84.070000,0.000000
2006-12-27 05:00:00,84.029999,84.099998,83.650002,83.940002,0.000000
2006-12-28 05:00:00,83.940002,84.029999,83.529999,83.820000,0.000000
2006-12-29 05:00:00,83.820000,83.870003,83.610001,83.720001,0.000000
2007-01-02 05:00:00,83.459999,83.610001,83.150002,83.199997,0.000000
2007-01-03 05:00:00,83.269997,84.040001,83.169998,83.919998,0.000000
2007-01-04 05:00:00,83.910004,84.389999,83.839996,84.320000,0.000000
2007-01-05 05:00:00,84.290001,84.809998,84.150002,84.629997,0.000000
2007-01-08 05:00:00,84.639999,84.839996,84.489998,84.599998,0.000000
2007-01-09 05:00:00,84.489998,84.839996,84.430000,84.739998,0.000000
2007-01-10 05:00:00,84.779999,85.139999,84.720001,85.080002,0.000000
2007-01-11 05:00:00,85.059998,85.360001,84.699997,85.309998,0.000000
2007-01-12 05:00:00,85.290001,85.400002,84.930000,85.029999,0.000000
2007-01-16 05:00:00,84.940002,85.129997,84.639999,85.050003,0.000000
2007-01-17 05:00:00,85.099998,85.160004,84.870003,84.980003,0.000000
2007-01-18 05:00:00,84.930000,85.260002,84.760002,84.910004,0.000000
2007-01-19 05:00:00,84.919998,85.150002,84.730003,84.860001,0.000000
2007-01-22 05:00:00,84.900002,85.139999,84.830002,85.019997,0.000000
2007-01-23 05:00:00,85.029999,85.120003,84.489998,84.669998,0.000000
2007-01-24 05:00:00,84.690002,85.040001,84.610001,84.940002,0.000000
2007-01-25 05:00:00,84.919998,85.190002,84.669998,85.110001,0.000000
2007-01-26 05:00:00,85.150002,85.430000,85.099998,85.279999,0.000000
2007-01-29 05:00:00,85.150002,85.379997,85.040001,85.099998,0.000000
2007-01-30 05:00:00,85.059998,85.120003,84.940002,85.029999,0.000000
2007-01-31 05:00:00,85.019997,85.269997,84.570000,84.610001,0.000000
2007-02-01 05:00:00,84.650002,84.739998,84.400002,84.629997,0.000000
2007-02-02 05:00:00,84.680000,85.040001,84.440002,84.959999,0.000000
2007-02-05 05:00:00,84.980003,85.199997,84.889999,85.080002,0.000000
2007-02-06 05:00:00,85.050003,85.169998,84.720001,84.779999,0.000000
2007-02-07 05:00:00,84.750000,84.860001,84.650002,84.750000,0.000000
2007-02-08 05:00:00,84.669998,85.029999,84.660004,84.699997,0.000000
2007-02-09 05:00:00,84.720001,85.029999,84.690002,84.870003,0.000000
2007-02-12 05:00:00,84.830002,85.209999,84.739998,85.150002,0.000000
2007-02-13 05:00:00,85.139999,85.160004,84.690002,84.730003,0.000000
2007-02-14 05:00:00,84.739998,84.779999,84.070000,84.199997,0.000000
2007-02-15 05:00:00,84.099998,84.260002,83.940002,84.010002,0.000000
2007-02-16 05:00:00,84.099998,84.309998,84.050003,84.089996,0.000000
2007-02-20 05:00:00,84.099998,84.239998,83.889999,84.190002,0.000000
2007-02-21 05:00:00,84.139999,84.410004,84.080002,84.209999,0.000000
2007-02-22 05:00:00,84.239998,84.529999,84.190002,84.320000,0.000000
2007-02-23 05:00:00,84.339996,84.430000,83.940002,84.070000,0.000000
2007-02-26 05:00:00,83.970001,84.089996,83.889999,83.930000,0.000000
2007-02-27 05:00:00,83.900002,84.010002,83.400002,83.480003,0.000000
2007-02-28 05:00:00,83.529999,83.849998,83.489998,83.570000,0.000000
2007-03-01 05:00:00,83.620003,83.879997,83.470001,83.680000,0.000000
2007-03-02 05:00:00,83.839996,83.970001,83.639999,83.739998,0.000000
2007-03-05 05:00:00,83.730003,84.250000,83.610001,84.150002,0.000000
2007-03-06 05:00:00,84.180000,84.260002,83.989998,84.070000,0.000000
2007-03-07 05:00:00,83.980003,84.099998,83.750000,83.779999,0.000000
2007-03-08 05:00:00,83.750000,84.220001,83.739998,84.099998,0.000000
2007-03-09 05:00:00,84.089996,84.379997,83.959999,84.239998,0.000000
2007-03-12 04:00:00,84.230003,84.279999,83.800003,83.860001,0.000000
2007-03-13 04:00:00,83.839996,83.970001,83.580002,83.730003,0.000000
2007-03-14 04:00:00,83.709999,83.879997,83.480003,83.610001,0.000000
2007-03-15 04:00:00,83.720001,83.809998,83.540001,83.680000,0.000000
2007-03-16 04:00:00,83.610001,83.650002,83.029999,83.230003,0.000000
2007-03-19 04:00:00,83.169998,83.470001,83.150002,83.389999,0.000000
2007-03-20 04:00:00,83.309998,83.500000,83.040001,83.110001,0.000000
2007-03-21 04:00:00,83.080002,83.260002,82.739998,82.769997,0.000000
2007-03-22 04:00:00,82.739998,83.199997,82.650002,83.089996,0.000000
2007-03-23 04:00:00,83.099998,83.290001,82.959999,83.279999,0.000000
2007-03-26 04:00:00,83.389999,83.459999,82.940002,83.080002,0.000000
2007-03-27 04:00:00,83.080002,83.139999,82.910004,83.010002,0.000000
2007-03-28 04:00:00,82.900002,83.070000,82.750000,83.029999,0.000000
2007-03-29 04:00:00,83.070000,83.169998,82.940002,83.089996,0.000000
2007-03-30 04:00:00,83.089996,83.330002,82.639999,82.930000,0.000000
2007-04-02 04:00:00,82.910004,83.040001,82.750000,82.870003,0.000000
2007-04-03 04:00:00,82.849998,83.209999,82.820000,83.150002,0.000000
2007-04-04 04:00:00,83.180000,83.209999,82.879997,82.959999,0.000000
2007-04-05 04:00:00,82.940002,83.029999,82.589996,82.680000,0.000000
2007-04-09 04:00:00,83.000000,83.180000,82.959999,83.099998,0.000000
2007-04-10 04:00:00,83.099998,83.129997,82.559998,82.699997,0.000000
2007-04-11 04:00:00,82.690002,82.790001,82.599998,82.669998,0.000000
2007-04-12 04:00:00,82.610001,82.669998,82.269997,82.370003,0.000000
2007-04-13 04:00:00,82.320000,82.440002,81.970001,82.129997,0.000000
2007-04-16 04:00:00,82.029999,82.160004,81.980003,82.070000,0.000000
2007-04-17 04:00:00,82.169998,82.190002,81.750000,81.830002,0.000000
2007-04-18 04:00:00,81.820000,81.919998,81.570000,81.739998,0.000000
2007-04-19 04:00:00,81.570000,81.760002,81.510002,81.639999,0.000000
2007-04-20 04:00:00,81.550003,81.739998,81.519997,81.639999,0.000000
2007-04-23 04:00:00,81.629997,81.930000,81.599998,81.739998,0.000000
2007-04-24 04:00:00,81.699997,81.839996,81.440002,81.550003,0.000000
2007-04-25 04:00:00,81.480003,81.559998,81.290001,81.430000,0.000000
2007-04-26 04:00:00,81.449997,81.809998,81.360001,81.750000,0.000000
2007-04-27 04:00:00,81.809998,81.830002,81.269997,81.529999,0.000000
2007-04-30 04:00:00,81.519997,81.800003,81.269997,81.449997,0.000000
2007-05-01 04:00:00,81.430000,81.720001,81.250000,81.599998,0.000000
2007-05-02 04:00:00,81.709999,81.940002,81.639999,81.739998,0.000000
2007-05-03 04:00:00,81.800003,81.989998,81.610001,81.949997,0.000000
2007-05-04 04:00:00,81.949997,82.040001,81.639999,81.739998,0.000000
2007-05-07 04:00:00,81.610001,81.750000,81.540001,81.680000,0.000000
2007-05-08 04:00:00,81.680000,82.040001,81.550003,81.940002,0.000000
2007-05-09 04:00:00,81.959999,82.040001,81.769997,82.019997,0.000000
2007-05-10 04:00:00,82.019997,82.379997,81.839996,82.290001,0.000000
2007-05-11 04:00:00,82.279999,82.360001,82.089996,82.120003,0.000000
2007-05-14 04:00:00,82.099998,82.150002,81.989998,82.070000,0.000000
2007-05-15 04:00:00,82.050003,82.110001,81.660004,81.750000,0.000000
2007-05-16 04:00:00,81.750000,82.239998,81.669998,82.160004,0.000000
2007-05-17 04:00:00,82.160004,82.400002,82.080002,82.320000,0.000000
2007-05-18 04:00:00,82.320000,82.400002,82.089996,82.199997,0.000000
2007-05-21 04:00:00,82.129997,82.510002,82.080002,82.360001,0.000000
2007-05-22 04:00:00,82.370003,82.480003,82.290001,82.389999,0.000000
2007-05-23 04:00:00,82.419998,82.599998,82.099998,82.309998,0.000000
2007-05-24 04:00:00,82.309998,82.489998,82.239998,82.410004,0.000000
2007-05-25 04:00:00,82.410004,82.470001,82.199997,82.330002,0.000000
2007-05-29 04:00:00,82.349998,82.459999,82.050003,82.309998,0.000000
2007-05-30 04:00:00,82.349998,82.519997,82.260002,82.430000,0.000000
2007-05-31 04:00:00,82.440002,82.459999,82.190002,82.300003,0.000000
2007-06-01 04:00:00,82.309998,82.589996,82.260002,82.320000,0.000000
2007-06-04 04:00:00,82.339996,82.339996,81.980003,82.059998,0.000000
2007-06-05 04:00:00,82.040001,82.059998,81.699997,81.889999,0.000000
2007-06-06 04:00:00,81.900002,81.989998,81.790001,81.900002,0.000000
2007-06-07 04:00:00,81.940002,82.339996,81.870003,82.290001,0.000000
2007-06-08 04:00:00,82.300003,82.919998,82.300003,82.690002,0.000000
2007-06-11 04:00:00,82.709999,82.820000,82.629997,82.709999,0.000000
2007-06-12 04:00:00,82.720001,82.930000,82.620003,82.889999,0.000000
2007-06-13 04:00:00,82.949997,83.269997,82.930000,83.040001,0.000000
2007-06-14 04:00:00,83.040001,83.250000,83.010002,83.129997,0.000000
2007-06-15 04:00:00,83.089996,83.139999,82.790001,82.849998,0.000000
2007-06-18 04:00:00,82.839996,82.860001,82.680000,82.709999,0.000000
2007-06-19 04:00:00,82.709999,82.820000,82.540001,82.540001,0.000000
2007-06-20 04:00:00,82.570000,82.580002,82.459999,82.519997,0.000000
2007-06-21 04:00:00,82.629997,82.750000,82.589996,82.730003,0.000000
2007-06-22 04:00:00,82.699997,82.760002,82.320000,82.339996,0.000000
2007-06-25 04:00:00,82.339996,82.470001,82.290001,82.320000,0.000000
2007-06-26 04:00:00,82.339996,82.470001,82.199997,82.290001,0.000000
2007-06-27 04:00:00,82.370003,82.480003,82.260002,82.320000,0.000000
2007-06-28 04:00:00,82.330002,82.349998,82.139999,82.330002,0.000000
2007-06-29 04:00:00,82.279999,82.349998,81.900002,81.919998,0.000000
2007-07-02 04:00:00,81.870003,81.949997,81.309998,81.389999,0.000000
2007-07-03 04:00:00,81.410004,81.599998,81.339996,81.430000,0.000000
2007-07-05 04:00:00,81.449997,81.660004,81.239998,81.540001,0.000000
2007-07-06 04:00:00,81.629997,81.730003,81.339996,81.459999,0.000000
2007-07-09 04:00:00,81.459999,81.510002,81.339996,81.430000,0.000000
2007-07-10 04:00:00,81.540001,81.589996,80.820000,80.860001,0.000000
2007-07-11 04:00:00,80.690002,80.860001,80.620003,80.730003,0.000000
2007-07-12 04:00:00,80.760002,80.839996,80.540001,80.639999,0.000000
2007-07-13 04:00:00,80.629997,80.730003,80.440002,80.580002,0.000000
2007-07-16 04:00:00,80.529999,80.669998,80.440002,80.519997,0.000000
2007-07-17 04:00:00,80.529999,80.610001,80.440002,80.540001,0.000000
2007-07-18 04:00:00,80.309998,80.660004,80.230003,80.419998,0.000000
2007-07-19 04:00:00,80.470001,80.489998,80.300003,80.419998,0.000000
2007-07-20 04:00:00,80.449997,80.529999,80.120003,80.290001,0.000000
2007-07-23 04:00:00,80.129997,80.400002,80.120003,80.349998,0.000000
2007-07-24 04:00:00,80.180000,80.349998,80.019997,80.080002,0.000000
2007-07-25 04:00:00,80.129997,80.709999,80.070000,80.650002,0.000000
2007-07-26 04:00:00,80.599998,80.750000,80.290001,80.449997,0.000000
2007-07-27 04:00:00,80.529999,81.010002,80.389999,80.949997,0.000000
2007-07-30 04:00:00,80.970001,81.089996,80.800003,80.849998,0.000000
2007-07-31 04:00:00,80.769997,80.889999,80.650002,80.769997,0.000000
2007-08-01 04:00:00,80.900002,80.970001,80.660004,80.870003,0.000000
2007-08-02 04:00:00,80.839996,80.910004,80.639999,80.709999,0.000000
2007-08-03 04:00:00,80.660004,80.769997,80.160004,80.180000,0.000000
2007-08-06 04:00:00,80.110001,80.309998,79.959999,80.250000,0.000000
2007-08-07 04:00:00,80.250000,80.589996,80.190002,80.480003,0.000000
2007-08-08 04:00:00,80.559998,80.709999,80.169998,80.339996,0.000000
2007-08-09 04:00:00,80.269997,80.919998,80.230003,80.739998,0.000000
2007-08-10 04:00:00,80.839996,80.900002,80.639999,80.680000,0.000000
2007-08-13 04:00:00,80.730003,81.110001,80.620003,81.050003,0.000000
2007-08-14 04:00:00,81.050003,81.510002,81.000000,81.489998,0.000000
2007-08-15 04:00:00,81.720001,81.870003,81.480003,81.820000,0.000000
2007-08-16 04:00:00,81.980003,82.129997,81.629997,81.730003,0.000000
2007-08-17 04:00:00,81.629997,81.800003,81.029999,81.430000,0.000000
2007-08-20 04:00:00,81.320000,81.489998,81.290001,81.400002,0.000000
2007-08-21 04:00:00,81.430000,81.559998,81.250000,81.489998,0.000000
2007-08-22 04:00:00,81.430000,81.570000,81.169998,81.250000,0.000000
2007-08-23 04:00:00,81.230003,81.290001,81.050003,81.139999,0.000000
2007-08-24 04:00:00,81.099998,81.160004,80.610001,80.669998,0.000000
2007-08-27 04:00:00,80.699997,80.779999,80.580002,80.739998,0.000000
2007-08-28 04:00:00,80.860001,80.900002,80.580002,80.760002,0.000000
2007-08-29 04:00:00,80.970001,81.050003,80.610001,80.699997,0.000000
2007-08-30 04:00:00,80.690002,81.019997,80.639999,80.790001,0.000000
2007-08-31 04:00:00,80.720001,80.860001,80.440002,80.790001,0.000000
2007-09-04 04:00:00,80.809998,81.139999,80.800003,80.879997,0.000000
2007-09-05 04:00:00,81.019997,81.089996,80.519997,80.620003,0.000000
2007-09-06 04:00:00,80.660004,80.709999,80.360001,80.470001,0.000000
2007-09-07 04:00:00,80.500000,80.570000,79.839996,79.959999,0.000000
2007-09-10 04:00:00,79.910004,80.000000,79.790001,79.820000,0.000000
2007-09-11 04:00:00,79.930000,79.940002,79.599998,79.699997,0.000000
2007-09-12 04:00:00,79.519997,79.739998,79.320000,79.360001,0.000000
2007-09-13 04:00:00,79.440002,79.650002,79.300003,79.510002,0.000000
2007-09-14 04:00:00,79.620003,79.779999,79.440002,79.620003,0.000000
2007-09-17 04:00:00,79.660004,79.800003,79.570000,79.720001,0.000000
2007-09-18 04:00:00,79.750000,79.849998,79.180000,79.209999,0.000000
2007-09-19 04:00:00,79.150002,79.449997,79.089996,79.300003,0.000000
2007-09-20 04:00:00,79.209999,79.309998,78.449997,78.580002,0.000000
2007-09-21 04:00:00,78.529999,78.830002,78.400002,78.599998,0.000000
2007-09-24 04:00:00,78.389999,78.620003,78.309998,78.529999,0.000000
2007-09-25 04:00:00,78.570000,78.690002,78.209999,78.309998,0.000000
2007-09-26 04:00:00,78.389999,78.610001,78.250000,78.489998,0.000000
2007-09-27 04:00:00,78.470001,78.550003,78.160004,78.339996,0.000000
2007-09-28 04:00:00,78.290001,78.379997,77.669998,77.720001,0.000000
2007-10-01 04:00:00,77.790001,78.050003,77.660004,77.900002,0.000000
2007-10-02 04:00:00,77.989998,78.379997,77.910004,78.300003,0.000000
2007-10-03 04:00:00,78.260002,78.580002,78.120003,78.570000,0.000000
2007-10-04 04:00:00,78.669998,78.720001,78.330002,78.480003,0.000000
2007-10-05 04:00:00,78.459999,78.820000,78.220001,78.309998,0.000000
2007-10-08 04:00:00,78.320000,78.669998,78.309998,78.669998,0.000000
2007-10-09 04:00:00,78.820000,78.889999,78.459999,78.529999,0.000000
2007-10-10 04:00:00,78.489998,78.529999,78.199997,78.379997,0.000000
2007-10-11 04:00:00,78.250000,78.370003,77.959999,78.080002,0.000000
2007-10-12 04:00:00,78.190002,78.360001,78.080002,78.220001,0.000000
2007-10-15 04:00:00,78.209999,78.279999,77.940002,78.089996,0.000000
2007-10-16 04:00:00,78.050003,78.339996,77.989998,78.250000,0.000000
2007-10-17 04:00:00,78.180000,78.260002,77.940002,78.120003,0.000000
2007-10-18 04:00:00,77.900002,78.040001,77.480003,77.589996,0.000000
2007-10-19 04:00:00,77.430000,77.669998,77.400002,77.410004,0.000000
2007-10-22 04:00:00,77.279999,78.199997,77.089996,78.059998,0.000000
2007-10-23 04:00:00,77.860001,78.010002,77.470001,77.589996,0.000000
2007-10-24 04:00:00,77.550003,77.830002,77.480003,77.550003,0.000000
2007-10-25 04:00:00,77.519997,77.580002,77.150002,77.279999,0.000000
2007-10-26 04:00:00,77.220001,77.300003,76.980003,77.029999,0.000000
2007-10-29 04:00:00,76.870003,77.089996,76.779999,76.839996,0.000000
2007-10-30 04:00:00,76.970001,77.029999,76.750000,76.769997,0.000000
2007-10-31 04:00:00,76.750000,76.889999,76.459999,76.480003,0.000000
2007-11-01 04:00:00,76.610001,76.870003,76.510002,76.589996,0.000000
2007-11-02 04:00:00,76.589996,76.769997,76.220001,76.339996,0.000000
2007-11-05 05:00:00,76.389999,76.500000,76.239998,76.430000,0.000000
2007-11-06 05:00:00,76.279999,76.440002,75.989998,76.040001,0.000000
2007-11-07 05:00:00,75.570000,76.019997,75.080002,75.410004,0.000000
2007-11-08 05:00:00,75.570000,75.650002,75.260002,75.459999,0.000000
2007-11-09 05:00:00,75.220001,75.529999,74.980003,75.400002,0.000000
2007-11-12 05:00:00,75.519997,76.110001,75.379997,75.900002,0.000000
2007-11-13 05:00:00,75.790001,76.150002,75.650002,75.879997,0.000000
2007-11-14 05:00:00,75.639999,75.870003,75.400002,75.809998,0.000000
2007-11-15 05:00:00,75.639999,76.089996,75.550003,76.070000,0.000000
2007-11-16 05:00:00,76.010002,76.150002,75.769997,75.830002,0.000000
2007-11-19 05:00:00,75.779999,75.959999,75.669998,75.779999,0.000000
2007-11-20 05:00:00,75.760002,75.910004,75.070000,75.209999,0.000000
2007-11-21 05:00:00,75.070000,75.309998,74.940002,75.070000,0.000000
2007-11-23 05:00:00,74.709999,75.230003,74.480003,75.050003,0.000000
2007-11-26 05:00:00,75.110001,75.180000,74.760002,74.860001,0.000000
2007-11-27 05:00:00,74.879997,75.239998,74.750000,75.099998,0.000000
2007-11-28 05:00:00,75.160004,75.730003,75.080002,75.080002,0.000000
2007-11-29 05:00:00,75.309998,75.680000,75.139999,75.589996,0.000000
2007-11-30 05:00:00,75.709999,76.180000,75.480003,76.150002,0.000000
2007-12-03 05:00:00,75.930000,76.160004,75.809998,75.930000,0.000000
2007-12-04 05:00:00,75.930000,76.080002,75.599998,75.690002,0.000000
2007-12-05 05:00:00,75.839996,76.529999,75.680000,76.410004,0.000000
2007-12-06 05:00:00,76.500000,76.820000,76.269997,76.379997,0.000000
2007-12-07 05:00:00,76.440002,76.510002,76.209999,76.290001,0.000000
2007-12-10 05:00:00,76.290001,76.370003,75.970001,76.059998,0.000000
2007-12-11 05:00:00,76.040001,76.330002,75.919998,76.220001,0.000000
2007-12-12 05:00:00,76.129997,76.309998,75.930000,76.139999,0.000000
2007-12-13 05:00:00,76.160004,76.739998,76.019997,76.559998,0.000000
2007-12-14 05:00:00,76.459999,77.489998,76.419998,77.440002,0.000000
2007-12-17 05:00:00,77.370003,77.800003,77.269997,77.400002,0.000000
2007-12-18 05:00:00,77.309998,77.559998,77.309998,77.410004,0.000000
2007-12-19 05:00:00,77.459999,77.800003,77.339996,77.589996,0.000000
2007-12-20 05:00:00,77.639999,77.849998,77.519997,77.790001,0.000000
2007-12-21 05:00:00,77.489998,77.790001,77.430000,77.720001,0.000000
2007-12-24 05:00:00,77.629997,77.699997,77.510002,77.570000,0.000000
2007-12-26 05:00:00,77.589996,77.610001,77.129997,77.150002,0.000000
2007-12-27 05:00:00,77.089996,77.269997,76.559998,76.610001,0.000000
2007-12-28 05:00:00,76.570000,76.750000,76.110001,76.220001,0.000000
2007-12-31 05:00:00,75.980003,76.750000,75.959999,76.699997,0.000000
2008-01-02 05:00:00,76.349998,76.650002,75.900002,75.970001,0.000000
2008-01-03 05:00:00,75.989998,76.160004,75.709999,75.889999,0.000000
2008-01-04 05:00:00,75.949997,76.080002,75.430000,75.790001,0.000000
2008-01-07 05:00:00,76.050003,76.339996,75.849998,76.169998,0.000000
2008-01-08 05:00:00,76.099998,76.250000,75.949997,76.110001,0.000000
2008-01-09 05:00:00,76.080002,76.500000,76.050003,76.419998,0.000000
2008-01-10 05:00:00,76.400002,76.519997,75.830002,75.930000,0.000000
2008-01-11 05:00:00,75.889999,76.059998,75.790001,75.980003,0.000000
2008-01-14 05:00:00,75.610001,75.989998,75.360001,75.610001,0.000000
2008-01-15 05:00:00,75.480003,75.790001,75.199997,75.570000,0.000000
2008-01-16 05:00:00,75.540001,76.459999,75.430000,76.260002,0.000000
2008-01-17 05:00:00,76.190002,76.519997,75.959999,76.169998,0.000000
2008-01-18 05:00:00,76.300003,76.489998,76.139999,76.379997,0.000000
2008-01-22 05:00:00,77.110001,77.349998,76.250000,76.349998,0.000000
2008-01-23 05:00:00,76.279999,76.650002,76.250000,76.400002,0.000000
2008-01-24 05:00:00,76.309998,76.440002,75.620003,75.690002,0.000000
2008-01-25 05:00:00,75.750000,76.040001,75.629997,75.970001,0.000000
2008-01-28 05:00:00,75.940002,76.019997,75.480003,75.580002,0.000000
2008-01-29 05:00:00,75.559998,75.680000,75.470001,75.540001,0.000000
2008-01-30 05:00:00,75.500000,75.589996,74.989998,75.029999,0.000000
2008-01-31 05:00:00,75.099998,75.449997,74.970001,75.180000,0.000000
2008-02-01 05:00:00,75.230003,75.570000,74.849998,75.449997,0.000000
2008-02-04 05:00:00,75.440002,75.550003,75.279999,75.370003,0.000000
2008-02-05 05:00:00,75.430000,76.199997,75.339996,76.120003,0.000000
2008-02-06 05:00:00,76.099998,76.320000,75.989998,76.139999,0.000000
2008-02-07 05:00:00,76.150002,77.040001,76.089996,76.940002,0.000000
2008-02-08 05:00:00,76.760002,76.970001,76.500000,76.669998,0.000000
2008-02-11 05:00:00,76.449997,76.709999,76.320000,76.580002,0.000000
2008-02-12 05:00:00,76.470001,76.669998,76.199997,76.320000,0.000000
2008-02-13 05:00:00,76.389999,76.610001,76.279999,76.400002,0.000000
2008-02-14 05:00:00,76.419998,76.510002,76.070000,76.150002,0.000000
2008-02-15 05:00:00,76.050003,76.169998,75.849998,76.099998,0.000000
2008-02-19 05:00:00,76.019997,76.320000,75.809998,76.000000,0.000000
2008-02-20 05:00:00,76.110001,76.529999,75.989998,76.120003,0.000000
2008-02-21 05:00:00,76.070000,76.160004,75.489998,75.599998,0.000000
2008-02-22 05:00:00,75.639999,75.709999,75.360001,75.519997,0.000000
2008-02-25 05:00:00,75.529999,75.680000,75.440002,75.529999,0.000000
2008-02-26 05:00:00,75.570000,75.680000,74.510002,74.760002,0.000000
2008-02-27 05:00:00,74.540001,74.739998,74.070000,74.209999,0.000000
2008-02-28 05:00:00,74.260002,74.370003,73.629997,73.720001,0.000000
2008-02-29 05:00:00,73.830002,73.889999,73.559998,73.709999,0.000000
2008-03-03 05:00:00,73.750000,73.779999,73.620003,73.699997,0.000000
2008-03-04 05:00:00,73.739998,73.779999,73.480003,73.660004,0.000000
2008-03-05 05:00:00,73.720001,73.949997,73.370003,73.480003,0.000000
2008-03-06 05:00:00,73.430000,73.470001,72.860001,73.000000,0.000000
2008-03-07 05:00:00,72.879997,73.169998,72.459999,73.029999,0.000000
2008-03-10 04:00:00,72.989998,73.089996,72.760002,72.989998,0.000000
2008-03-11 04:00:00,73.000000,73.400002,72.470001,73.279999,0.000000
2008-03-12 04:00:00,73.180000,73.209999,72.199997,72.400002,0.000000
2008-03-13 04:00:00,72.290001,72.360001,71.790001,72.070000,0.000000
2008-03-14 04:00:00,71.930000,72.279999,71.580002,71.660004,0.000000
2008-03-17 04:00:00,71.629997,71.690002,70.699997,71.459999,0.000000
2008-03-18 04:00:00,71.510002,71.959999,71.040001,71.570000,0.000000
2008-03-19 04:00:00,71.900002,72.239998,71.250000,72.139999,0.000000
2008-03-20 04:00:00,72.019997,72.919998,71.980003,72.750000,0.000000
2008-03-24 04:00:00,72.779999,73.190002,72.769997,72.949997,0.000000
2008-03-25 04:00:00,72.940002,72.970001,72.019997,72.279999,0.000000
2008-03-26 04:00:00,72.129997,72.309998,71.330002,71.510002,0.000000
2008-03-27 04:00:00,71.379997,71.809998,71.330002,71.660004,0.000000
2008-03-28 04:00:00,71.589996,71.839996,71.480003,71.680000,0.000000
2008-03-31 04:00:00,71.610001,71.879997,71.349998,71.800003,0.000000
2008-04-01 04:00:00,71.870003,72.739998,71.739998,72.559998,0.000000
2008-04-02 04:00:00,72.540001,72.790001,72.180000,72.260002,0.000000
2008-04-03 04:00:00,72.269997,72.839996,72.129997,72.220001,0.000000
2008-04-04 04:00:00,72.190002,72.320000,71.800003,72.019997,0.000000
2008-04-07 04:00:00,71.980003,72.430000,71.930000,72.199997,0.000000
2008-04-08 04:00:00,72.190002,72.379997,71.849998,72.230003,0.000000
2008-04-09 04:00:00,72.370003,72.389999,71.690002,71.830002,0.000000
2008-04-10 04:00:00,71.879997,72.190002,71.419998,72.120003,0.000000
2008-04-11 04:00:00,72.120003,72.169998,71.699997,71.809998,0.000000
2008-04-14 04:00:00,72.360001,72.379997,71.489998,71.879997,0.000000
2008-04-15 04:00:00,71.800003,72.160004,71.650002,72.019997,0.000000
2008-04-16 04:00:00,72.059998,72.089996,71.279999,71.410004,0.000000
2008-04-17 04:00:00,71.449997,71.779999,71.300003,71.680000,0.000000
2008-04-18 04:00:00,71.620003,72.410004,71.389999,72.010002,0.000000
2008-04-21 04:00:00,71.980003,72.029999,71.500000,71.650002,0.000000
2008-04-22 04:00:00,71.690002,71.919998,71.190002,71.330002,0.000000
2008-04-23 04:00:00,71.330002,71.949997,71.320000,71.820000,0.000000
2008-04-24 04:00:00,71.849998,72.720001,71.830002,72.540001,0.000000
2008-04-25 04:00:00,72.540001,73.029999,72.449997,72.790001,0.000000
2008-04-28 04:00:00,72.730003,72.790001,72.440002,72.790001,0.000000
2008-04-29 04:00:00,72.559998,72.940002,72.510002,72.889999,0.000000
2008-04-30 04:00:00,72.860001,73.110001,72.489998,72.510002,0.000000
2008-05-01 04:00:00,72.570000,73.389999,72.500000,73.279999,0.000000
2008-05-02 04:00:00,73.209999,73.699997,73.110001,73.500000,0.000000
2008-05-05 04:00:00,73.459999,73.540001,73.110001,73.190002,0.000000
2008-05-06 04:00:00,73.180000,73.339996,72.730003,73.000000,0.000000
2008-05-07 04:00:00,72.980003,73.650002,72.970001,73.510002,0.000000
2008-05-08 04:00:00,73.519997,73.889999,73.239998,73.480003,0.000000
2008-05-09 04:00:00,73.459999,73.480003,73.029999,73.050003,0.000000
2008-05-12 04:00:00,73.059998,73.519997,72.790001,72.949997,0.000000
2008-05-13 04:00:00,72.919998,73.430000,72.860001,73.269997,0.000000
2008-05-14 04:00:00,73.279999,73.620003,73.239998,73.400002,0.000000
2008-05-15 04:00:00,73.330002,73.510002,73.029999,73.349998,0.000000
2008-05-16 04:00:00,73.339996,73.389999,72.690002,72.839996,0.000000
2008-05-19 04:00:00,72.809998,73.169998,72.550003,73.040001,0.000000
2008-05-20 04:00:00,72.989998,73.080002,72.349998,72.400002,0.000000
2008-05-21 04:00:00,72.449997,72.489998,71.879997,71.940002,0.000000
2008-05-22 04:00:00,71.910004,72.309998,71.820000,72.279999,0.000000
2008-05-23 04:00:00,72.129997,72.290001,71.849998,71.889999,0.000000
2008-05-27 04:00:00,71.989998,72.400002,71.839996,72.339996,0.000000
2008-05-28 04:00:00,72.360001,72.750000,72.099998,72.550003,0.000000
2008-05-29 04:00:00,72.500000,73.129997,72.440002,73.019997,0.000000
2008-05-30 04:00:00,73.019997,73.220001,72.839996,72.879997,0.000000
2008-06-02 04:00:00,72.870003,73.150002,72.739998,72.930000,0.000000
2008-06-03 04:00:00,72.910004,73.500000,72.570000,73.239998,0.000000
2008-06-04 04:00:00,73.360001,73.519997,73.199997,73.419998,0.000000
2008-06-05 04:00:00,73.489998,73.870003,73.000000,73.040001,0.000000
2008-06-06 04:00:00,73.070000,73.150002,72.339996,72.389999,0.000000
2008-06-09 04:00:00,72.290001,72.980003,72.129997,72.849998,0.000000
2008-06-10 04:00:00,72.870003,73.739998,72.849998,73.699997,0.000000
2008-06-11 04:00:00,73.650002,73.709999,73.089996,73.209999,0.000000
2008-06-12 04:00:00,73.260002,74.040001,73.209999,73.860001,0.000000
2008-06-13 04:00:00,73.779999,74.309998,73.699997,74.150002,0.000000
2008-06-16 04:00:00,74.010002,74.180000,73.449997,73.610001,0.000000
2008-06-17 04:00:00,73.639999,73.720001,73.320000,73.510002,0.000000
2008-06-18 04:00:00,73.510002,73.769997,73.389999,73.440002,0.000000
2008-06-19 04:00:00,73.400002,73.589996,73.209999,73.480003,0.000000
2008-06-20 04:00:00,73.470001,73.519997,72.930000,73.029999,0.000000
2008-06-23 04:00:00,73.070000,73.650002,72.980003,73.430000,0.000000
2008-06-24 04:00:00,73.430000,73.580002,73.040001,73.239998,0.000000
2008-06-25 04:00:00,73.250000,73.400002,72.830002,72.930000,0.000000
2008-06-26 04:00:00,72.910004,73.080002,72.449997,72.489998,0.000000
2008-06-27 04:00:00,72.529999,72.639999,72.269997,72.360001,0.000000
2008-06-30 04:00:00,72.330002,72.570000,72.040001,72.459999,0.000000
2008-07-01 04:00:00,72.459999,72.599998,72.139999,72.370003,0.000000
2008-07-02 04:00:00,72.370003,72.519997,72.010002,72.029999,0.000000
2008-07-03 04:00:00,72.070000,72.800003,72.000000,72.739998,0.000000
2008-07-07 04:00:00,72.690002,73.160004,72.559998,72.669998,0.000000
2008-07-08 04:00:00,72.750000,73.080002,72.559998,73.010002,0.000000
2008-07-09 04:00:00,72.959999,73.019997,72.540001,72.580002,0.000000
2008-07-10 04:00:00,72.599998,72.839996,72.410004,72.489998,0.000000
2008-07-11 04:00:00,72.489998,72.589996,71.790001,72.099998,0.000000
2008-07-14 04:00:00,71.860001,72.300003,71.769997,71.919998,0.000000
2008-07-15 04:00:00,71.989998,72.040001,71.309998,71.870003,0.000000
2008-07-16 04:00:00,71.739998,72.110001,71.510002,72.059998,0.000000
2008-07-17 04:00:00,72.080002,72.400002,71.820000,72.239998,0.000000
2008-07-18 04:00:00,72.089996,72.300003,71.970001,72.190002,0.000000
2008-07-21 04:00:00,72.190002,72.250000,71.800003,71.989998,0.000000
2008-07-22 04:00:00,71.870003,72.580002,71.739998,72.449997,0.000000
2008-07-23 04:00:00,72.519997,72.849998,72.379997,72.809998,0.000000
2008-07-24 04:00:00,72.870003,73.019997,72.699997,72.930000,0.000000
2008-07-25 04:00:00,72.849998,72.930000,72.540001,72.860001,0.000000
2008-07-28 04:00:00,72.820000,72.910004,72.610001,72.650002,0.000000
2008-07-29 04:00:00,72.669998,73.430000,72.620003,73.309998,0.000000
2008-07-30 04:00:00,73.279999,73.540001,73.129997,73.320000,0.000000
2008-07-31 04:00:00,73.300003,73.339996,72.860001,73.230003,0.000000
2008-08-01 04:00:00,73.220001,73.529999,73.209999,73.419998,0.000000
2008-08-04 04:00:00,73.370003,73.540001,73.199997,73.459999,0.000000
2008-08-05 04:00:00,73.570000,73.989998,73.559998,73.879997,0.000000
2008-08-06 04:00:00,73.930000,74.309998,73.730003,74.239998,0.000000
2008-08-07 04:00:00,74.250000,74.610001,73.889999,74.550003,0.000000
2008-08-08 04:00:00,74.529999,75.900002,74.500000,75.849998,0.000000
2008-08-11 04:00:00,75.820000,76.360001,75.489998,76.129997,0.000000
2008-08-12 04:00:00,76.250000,76.620003,75.970001,76.150002,0.000000
2008-08-13 04:00:00,76.139999,76.519997,75.839996,76.209999,0.000000
2008-08-14 04:00:00,76.220001,76.820000,76.099998,76.669998,0.000000
2008-08-15 04:00:00,76.760002,77.269997,76.760002,77.180000,0.000000
2008-08-18 04:00:00,77.139999,77.199997,76.779999,77.120003,0.000000
2008-08-19 04:00:00,77.139999,77.410004,76.720001,76.839996,0.000000
2008-08-20 04:00:00,76.750000,77.239998,76.660004,76.959999,0.000000
2008-08-21 04:00:00,76.940002,76.949997,76.019997,76.199997,0.000000
2008-08-22 04:00:00,76.110001,76.870003,76.099998,76.809998,0.000000
2008-08-25 04:00:00,76.790001,77.150002,76.550003,76.790001,0.000000
2008-08-26 04:00:00,76.800003,77.620003,76.779999,77.250000,0.000000
2008-08-27 04:00:00,77.279999,77.290001,76.660004,77.050003,0.000000
2008-08-28 04:00:00,77.010002,77.309998,76.620003,77.150002,0.000000
2008-08-29 04:00:00,77.129997,77.440002,76.790001,77.379997,0.000000
2008-09-02 04:00:00,77.750000,78.309998,77.650002,78.059998,0.000000
2008-09-03 04:00:00,78.059998,78.650002,77.970001,78.089996,0.000000
2008-09-04 04:00:00,78.070000,79.080002,77.820000,78.610001,0.000000
2008-09-05 04:00:00,78.949997,79.070000,78.389999,78.930000,0.000000
2008-09-08 04:00:00,78.720001,79.839996,78.199997,79.589996,0.000000
2008-09-09 04:00:00,79.449997,79.779999,79.000000,79.250000,0.000000
2008-09-10 04:00:00,79.519997,80.160004,79.209999,79.849998,0.000000
2008-09-11 04:00:00,80.080002,80.379997,79.790001,80.150002,0.000000
2008-09-12 04:00:00,80.000000,80.050003,78.910004,78.970001,0.000000
2008-09-15 04:00:00,78.419998,79.360001,77.639999,78.910004,0.000000
2008-09-16 04:00:00,78.480003,79.370003,78.379997,79.070000,0.000000
2008-09-17 04:00:00,79.239998,79.260002,77.940002,78.099998,0.000000
2008-09-18 04:00:00,78.220001,78.410004,77.260002,78.019997,0.000000
2008-09-19 04:00:00,78.250000,79.209999,77.580002,77.680000,0.000000
2008-09-22 04:00:00,77.580002,77.800003,75.889999,76.150002,0.000000
2008-09-23 04:00:00,76.190002,76.919998,76.059998,76.470001,0.000000
2008-09-24 04:00:00,76.639999,77.050003,76.400002,76.790001,0.000000
2008-09-25 04:00:00,76.860001,77.279999,76.300003,76.989998,0.000000
2008-09-26 04:00:00,76.970001,77.150002,76.699997,76.949997,0.000000
2008-09-29 04:00:00,76.910004,78.370003,76.900002,77.470001,0.000000
2008-09-30 04:00:00,77.889999,79.690002,77.730003,79.449997,0.000000
2008-10-01 04:00:00,79.209999,79.870003,78.949997,79.459999,0.000000
2008-10-02 04:00:00,79.699997,80.790001,79.639999,80.440002,0.000000
2008-10-03 04:00:00,80.510002,80.930000,79.989998,80.309998,0.000000
2008-10-06 04:00:00,81.089996,81.750000,80.809998,81.680000,0.000000
2008-10-07 04:00:00,81.459999,81.650002,80.570000,80.970001,0.000000
2008-10-08 04:00:00,81.199997,81.360001,80.400002,80.910004,0.000000
2008-10-09 04:00:00,81.000000,81.489998,80.540001,81.160004,0.000000
2008-10-10 04:00:00,81.400002,83.190002,81.290001,83.000000,0.000000
2008-10-13 04:00:00,81.580002,82.239998,81.040001,81.879997,0.000000
2008-10-14 04:00:00,81.349998,81.599998,80.750000,81.360001,0.000000
2008-10-15 04:00:00,81.620003,82.449997,81.089996,82.050003,0.000000
2008-10-16 04:00:00,82.320000,82.839996,82.000000,82.459999,0.000000
2008-10-17 04:00:00,82.099998,82.639999,82.070000,82.410004,0.000000
2008-10-20 04:00:00,82.500000,83.230003,81.959999,83.099998,0.000000
2008-10-21 04:00:00,83.110001,84.459999,82.959999,83.989998,0.000000
2008-10-22 04:00:00,84.400002,85.919998,84.389999,85.370003,0.000000
2008-10-23 04:00:00,85.949997,86.120003,84.699997,85.360001,0.000000
2008-10-24 04:00:00,84.980003,86.959999,84.980003,86.440002,0.000000
2008-10-27 04:00:00,86.320000,87.860001,86.040001,86.930000,0.000000
2008-10-28 04:00:00,87.250000,87.879997,86.099998,87.029999,0.000000
2008-10-29 04:00:00,86.059998,86.529999,84.470001,85.070000,0.000000
2008-10-30 04:00:00,84.589996,85.349998,83.099998,84.559998,0.000000
2008-10-31 04:00:00,84.959999,86.199997,84.849998,85.629997,0.000000
2008-11-03 05:00:00,85.809998,86.629997,84.900002,86.349998,0.000000
2008-11-04 05:00:00,86.440002,86.900002,84.300003,84.779999,0.000000
2008-11-05 05:00:00,84.519997,85.580002,83.900002,84.610001,0.000000
2008-11-06 05:00:00,84.980003,86.290001,84.830002,85.889999,0.000000
2008-11-07 05:00:00,86.239998,86.349998,85.339996,85.910004,0.000000
2008-11-10 05:00:00,85.680000,86.129997,85.059998,85.910004,0.000000
2008-11-11 05:00:00,85.919998,87.279999,85.690002,87.070000,0.000000
2008-11-12 05:00:00,87.070000,87.790001,86.629997,87.470001,0.000000
2008-11-13 05:00:00,87.629997,88.150002,86.129997,86.940002,0.000000
2008-11-14 05:00:00,86.339996,87.449997,86.339996,86.360001,0.000000
2008-11-17 05:00:00,87.570000,87.790001,86.489998,86.809998,0.000000
2008-11-18 05:00:00,86.889999,87.440002,86.779999,87.370003,0.000000
2008-11-19 05:00:00,87.089996,87.889999,86.139999,87.309998,0.000000
2008-11-20 05:00:00,87.750000,88.339996,87.419998,87.970001,0.000000
2008-11-21 05:00:00,88.250000,88.459999,87.230003,88.190002,0.000000
2008-11-24 05:00:00,87.610001,87.709999,85.680000,86.080002,0.000000
2008-11-25 05:00:00,85.769997,86.430000,84.709999,85.000000,0.000000
2008-11-26 05:00:00,84.959999,86.110001,84.900002,85.669998,0.000000
2008-11-28 05:00:00,85.599998,86.839996,85.309998,86.519997,0.000000
2008-12-01 05:00:00,86.430000,87.320000,86.419998,86.720001,0.000000
2008-12-02 05:00:00,87.169998,87.309998,86.269997,86.699997,0.000000
2008-12-03 05:00:00,86.620003,87.269997,86.489998,87.029999,0.000000
2008-12-04 05:00:00,86.730003,87.699997,86.099998,86.440002,0.000000
2008-12-05 05:00:00,86.610001,87.489998,86.400002,87.120003,0.000000
2008-12-08 05:00:00,86.870003,86.910004,85.470001,85.559998,0.000000
2008-12-09 05:00:00,85.709999,86.489998,85.430000,85.839996,0.000000
2008-12-10 05:00:00,85.839996,85.959999,85.180000,85.480003,0.000000
2008-12-11 05:00:00,85.459999,85.489998,83.279999,83.830002,0.000000
2008-12-12 05:00:00,83.769997,84.029999,83.209999,83.639999,0.000000
2008-12-15 05:00:00,83.709999,83.730003,81.970001,82.269997,0.000000
2008-12-16 05:00:00,82.080002,82.349998,79.790001,80.680000,0.000000
2008-12-17 05:00:00,80.260002,80.440002,78.470001,78.910004,0.000000
2008-12-18 05:00:00,78.589996,80.089996,77.690002,79.470001,0.000000
2008-12-19 05:00:00,79.559998,81.620003,79.440002,81.300003,0.000000
2008-12-22 05:00:00,81.040001,81.419998,80.349998,81.089996,0.000000
2008-12-23 05:00:00,81.230003,81.489998,80.860001,81.239998,0.000000
2008-12-24 05:00:00,81.389999,81.419998,80.959999,81.209999,0.000000
2008-12-26 05:00:00,81.019997,81.169998,80.680000,80.889999,0.000000
2008-12-29 05:00:00,80.879997,81.559998,79.629997,80.680000,0.000000
2008-12-30 05:00:00,81.129997,81.199997,80.309998,80.900002,0.000000
2008-12-31 05:00:00,80.570000,81.760002,80.570000,81.309998,0.000000
2009-01-02 05:00:00,81.070000,81.919998,80.910004,81.839996,0.000000
2009-01-05 05:00:00,81.559998,83.169998,81.339996,82.639999,0.000000
2009-01-06 05:00:00,82.599998,84.019997,82.430000,82.849998,0.000000
2009-01-07 05:00:00,82.860001,83.269997,81.629997,82.279999,0.000000
2009-01-08 05:00:00,82.279999,82.660004,81.180000,81.540001,0.000000
2009-01-09 05:00:00,81.639999,82.760002,81.349998,82.660004,0.000000
2009-01-12 05:00:00,82.470001,83.430000,82.459999,83.019997,0.000000
2009-01-13 05:00:00,83.199997,84.449997,83.190002,84.269997,0.000000
2009-01-14 05:00:00,84.230003,84.639999,83.459999,84.419998,0.000000
2009-01-15 05:00:00,84.309998,85.139999,84.040001,84.440002,0.000000
2009-01-16 05:00:00,84.379997,84.550003,83.459999,84.209999,0.000000
2009-01-20 05:00:00,85.070000,86.410004,84.970001,86.220001,0.000000
2009-01-21 05:00:00,86.260002,86.500000,85.169998,85.820000,0.000000
2009-01-22 05:00:00,85.510002,86.110001,85.220001,85.519997,0.000000
2009-01-23 05:00:00,85.559998,86.809998,85.309998,85.610001,0.000000
2009-01-26 05:00:00,85.510002,86.279999,84.199997,84.730003,0.000000
2009-01-27 05:00:00,84.419998,84.769997,83.720001,84.430000,0.000000
2009-01-28 05:00:00,84.379997,84.870003,83.570000,84.669998,0.000000
2009-01-29 05:00:00,84.599998,85.500000,84.269997,85.279999,0.000000
2009-01-30 05:00:00,85.510002,86.129997,85.440002,86.000000,0.000000
2009-02-02 05:00:00,86.059998,86.550003,85.739998,86.070000,0.000000
2009-02-03 05:00:00,86.139999,86.250000,84.769997,85.050003,0.000000
2009-02-04 05:00:00,85.040001,85.919998,84.750000,85.699997,0.000000
2009-02-05 05:00:00,85.720001,86.120003,85.389999,86.059998,0.000000
2009-02-06 05:00:00,86.050003,86.300003,85.099998,85.349998,0.000000
2009-02-09 05:00:00,85.160004,85.610001,84.459999,84.790001,0.000000
2009-02-10 05:00:00,85.050003,85.959999,84.730003,85.809998,0.000000
2009-02-11 05:00:00,85.559998,86.150002,85.290001,85.779999,0.000000
2009-02-12 05:00:00,85.860001,86.730003,85.519997,86.550003,0.000000
2009-02-13 05:00:00,86.080002,86.209999,85.629997,86.040001,0.000000
2009-02-17 05:00:00,86.559998,87.860001,86.480003,87.580002,0.000000
2009-02-18 05:00:00,87.809998,88.250000,87.480003,88.010002,0.000000
2009-02-19 05:00:00,88.059998,88.059998,86.940002,87.440002,0.000000
2009-02-20 05:00:00,87.489998,88.129997,86.230003,86.489998,0.000000
2009-02-23 05:00:00,86.849998,87.370003,85.629997,87.239998,0.000000
2009-02-24 05:00:00,87.309998,87.639999,86.760002,86.889999,0.000000
2009-02-25 05:00:00,86.739998,88.040001,86.580002,87.910004,0.000000
2009-02-26 05:00:00,87.820000,88.089996,87.309998,87.730003,0.000000
2009-02-27 05:00:00,87.910004,88.489998,87.680000,88.010002,0.000000
2009-03-02 05:00:00,88.580002,89.029999,88.410004,88.940002,0.000000
2009-03-03 05:00:00,89.000000,89.330002,88.339996,88.910004,0.000000
2009-03-04 05:00:00,89.209999,89.620003,88.410004,88.580002,0.000000
2009-03-05 05:00:00,88.500000,89.489998,88.480003,89.110001,0.000000
2009-03-06 05:00:00,89.059998,89.099998,87.879997,88.510002,0.000000
2009-03-09 04:00:00,88.589996,89.459999,88.120003,89.010002,0.000000
2009-03-10 04:00:00,89.290001,89.309998,87.830002,88.930000,0.000000
2009-03-11 04:00:00,88.519997,89.010002,87.550003,87.870003,0.000000
2009-03-12 04:00:00,87.680000,88.540001,87.190002,87.660004,0.000000
2009-03-13 04:00:00,87.489998,87.669998,87.180000,87.430000,0.000000
2009-03-16 04:00:00,87.290001,87.769997,86.459999,86.949997,0.000000
2009-03-17 04:00:00,86.989998,87.349998,86.730003,86.930000,0.000000
2009-03-18 04:00:00,86.809998,87.099998,83.959999,84.599998,0.000000
2009-03-19 04:00:00,84.209999,84.599998,82.629997,83.129997,0.000000
2009-03-20 04:00:00,83.070000,84.040001,82.760002,83.839996,0.000000
2009-03-23 04:00:00,83.500000,84.180000,82.889999,83.430000,0.000000
2009-03-24 04:00:00,83.459999,84.300003,83.199997,83.860001,0.000000
2009-03-25 04:00:00,84.080002,84.370003,83.209999,83.809998,0.000000
2009-03-26 04:00:00,83.720001,84.260002,83.449997,84.169998,0.000000
2009-03-27 04:00:00,84.080002,85.349998,83.699997,85.110001,0.000000
2009-03-30 04:00:00,85.389999,86.129997,85.230003,85.870003,0.000000
2009-03-31 04:00:00,85.769997,85.809998,85.089996,85.430000,0.000000
2009-04-01 04:00:00,85.610001,85.989998,85.349998,85.500000,0.000000
2009-04-02 04:00:00,85.410004,85.470001,84.050003,84.449997,0.000000
2009-04-03 04:00:00,84.320000,84.760002,84.129997,84.169998,0.000000
2009-04-06 04:00:00,84.010002,84.919998,83.730003,84.570000,0.000000
2009-04-07 04:00:00,84.690002,85.500000,84.669998,85.290001,0.000000
2009-04-08 04:00:00,85.209999,85.769997,85.000000,85.360001,0.000000
2009-04-09 04:00:00,85.220001,85.900002,84.930000,85.790001,0.000000
2009-04-13 04:00:00,85.550003,85.860001,84.449997,84.639999,0.000000
2009-04-14 04:00:00,84.610001,85.059998,84.500000,84.639999,0.000000
2009-04-15 04:00:00,84.779999,85.339996,84.580002,85.080002,0.000000
2009-04-16 04:00:00,84.919998,85.470001,84.660004,85.230003,0.000000
2009-04-17 04:00:00,85.199997,86.029999,85.110001,85.980003,0.000000
2009-04-20 04:00:00,85.809998,86.870003,85.779999,86.639999,0.000000
2009-04-21 04:00:00,86.650002,86.849998,86.250000,86.580002,0.000000
2009-04-22 04:00:00,86.500000,86.760002,86.089996,86.190002,0.000000
2009-04-23 04:00:00,86.300003,86.379997,85.290001,85.519997,0.000000
2009-04-24 04:00:00,85.410004,85.540001,84.459999,84.709999,0.000000
2009-04-27 04:00:00,84.739998,85.839996,84.680000,85.699997,0.000000
2009-04-28 04:00:00,85.669998,86.010002,85.029999,85.160004,0.000000
2009-04-29 04:00:00,85.169998,85.279999,84.169998,84.470001,0.000000
2009-04-30 04:00:00,84.680000,84.949997,83.889999,84.610001,0.000000
2009-05-01 04:00:00,84.809998,84.830002,84.290001,84.550003,0.000000
2009-05-04 04:00:00,84.599998,84.870003,83.599998,83.970001,0.000000
2009-05-05 04:00:00,83.690002,84.309998,83.500000,84.160004,0.000000
2009-05-06 04:00:00,84.139999,84.410004,83.760002,83.800003,0.000000
2009-05-07 04:00:00,84.000000,84.349998,83.419998,83.940002,0.000000
2009-05-08 04:00:00,83.870003,84.089996,82.389999,82.529999,0.000000
2009-05-11 04:00:00,82.419998,82.860001,82.290001,82.680000,0.000000
2009-05-12 04:00:00,82.790001,82.870003,82.000000,82.309998,0.000000
2009-05-13 04:00:00,82.309998,82.739998,81.870003,82.500000,0.000000
2009-05-14 04:00:00,82.570000,82.879997,82.220001,82.279999,0.000000
2009-05-15 04:00:00,82.430000,83.099998,82.290001,83.019997,0.000000
2009-05-18 04:00:00,82.970001,83.220001,82.500000,82.669998,0.000000
2009-05-19 04:00:00,82.540001,82.680000,81.900002,81.980003,0.000000
2009-05-20 04:00:00,82.089996,82.250000,80.910004,80.989998,0.000000
2009-05-21 04:00:00,81.180000,81.419998,80.370003,80.559998,0.000000
2009-05-22 04:00:00,80.449997,80.480003,79.809998,79.959999,0.000000
2009-05-26 04:00:00,80.029999,80.779999,80.010002,80.129997,0.000000
2009-05-27 04:00:00,80.110001,80.820000,79.959999,80.330002,0.000000
2009-05-28 04:00:00,80.750000,81.129997,80.279999,80.430000,0.000000
2009-05-29 04:00:00,80.540001,80.589996,79.180000,80.430000,0.000000
2009-06-01 04:00:00,79.199997,79.459999,78.589996,79.169998,0.000000
2009-06-02 04:00:00,79.169998,79.480003,78.330002,78.400002,0.000000
2009-06-03 04:00:00,78.470001,79.629997,78.339996,79.500000,0.000000
2009-06-04 04:00:00,79.489998,79.949997,79.019997,79.410004,0.000000
2009-06-05 04:00:00,79.459999,80.820000,79.160004,80.669998,0.000000
2009-06-08 04:00:00,80.720001,81.470001,80.519997,80.910004,0.000000
2009-06-09 04:00:00,80.839996,81.059998,79.650002,79.790001,0.000000
2009-06-10 04:00:00,79.839996,80.639999,79.440002,80.330002,0.000000
2009-06-11 04:00:00,80.269997,80.400002,79.190002,79.410004,0.000000
2009-06-12 04:00:00,79.570000,80.519997,79.410004,80.139999,0.000000
2009-06-15 04:00:00,80.110001,81.370003,80.110001,81.139999,0.000000
2009-06-16 04:00:00,81.129997,81.339996,80.330002,80.709999,0.000000
2009-06-17 04:00:00,80.760002,80.949997,80.059998,80.169998,0.000000
2009-06-18 04:00:00,80.269997,80.779999,80.070000,80.610001,0.000000
2009-06-19 04:00:00,80.559998,80.739998,79.970001,80.260002,0.000000
2009-06-22 04:00:00,80.279999,80.930000,80.239998,80.779999,0.000000
2009-06-23 04:00:00,80.839996,80.940002,79.699997,79.839996,0.000000
2009-06-24 04:00:00,79.870003,80.750000,79.559998,80.559998,0.000000
2009-06-25 04:00:00,80.540001,80.910004,80.250000,80.400002,0.000000
2009-06-26 04:00:00,80.379997,80.400002,79.610001,79.879997,0.000000
2009-06-29 04:00:00,79.889999,80.290001,79.760002,79.839996,0.000000
2009-06-30 04:00:00,79.900002,80.330002,79.430000,80.129997,0.000000
2009-07-01 04:00:00,80.160004,80.400002,79.349998,79.629997,0.000000
2009-07-02 04:00:00,79.660004,80.610001,79.599998,80.150002,0.000000
2009-07-06 04:00:00,80.470001,80.889999,80.269997,80.449997,0.000000
2009-07-07 04:00:00,80.389999,80.730003,80.080002,80.620003,0.000000
2009-07-08 04:00:00,80.709999,80.889999,80.519997,80.769997,0.000000
2009-07-09 04:00:00,80.650002,80.720001,79.690002,79.860001,0.000000
2009-07-10 04:00:00,79.940002,80.519997,79.900002,80.230003,0.000000
2009-07-13 04:00:00,80.239998,80.500000,80.000000,80.129997,0.000000
2009-07-14 04:00:00,80.059998,80.300003,79.879997,80.180000,0.000000
2009-07-15 04:00:00,80.029999,80.059998,79.290001,79.320000,0.000000
2009-07-16 04:00:00,79.440002,79.629997,79.129997,79.220001,0.000000
2009-07-17 04:00:00,79.269997,79.660004,79.250000,79.349998,0.000000
2009-07-20 04:00:00,79.480003,79.529999,78.800003,78.910004,0.000000
2009-07-21 04:00:00,78.830002,79.080002,78.589996,78.930000,0.000000
2009-07-22 04:00:00,78.809998,79.070000,78.559998,78.709999,0.000000
2009-07-23 04:00:00,78.790001,79.150002,78.419998,78.800003,0.000000
2009-07-24 04:00:00,78.989998,79.089996,78.599998,78.750000,0.000000
2009-07-27 04:00:00,78.750000,78.980003,78.400002,78.629997,0.000000
2009-07-28 04:00:00,78.629997,79.070000,78.320000,78.849998,0.000000
2009-07-29 04:00:00,78.870003,79.660004,78.760002,79.629997,0.000000
2009-07-30 04:00:00,79.529999,79.639999,79.169998,79.290001,0.000000
2009-07-31 04:00:00,79.309998,79.330002,78.220001,78.349998,0.000000
2009-08-03 04:00:00,78.190002,78.489998,77.449997,77.639999,0.000000
2009-08-04 04:00:00,77.589996,77.809998,77.470001,77.769997,0.000000
2009-08-05 04:00:00,77.720001,77.849998,77.430000,77.519997,0.000000
2009-08-06 04:00:00,77.559998,78.139999,77.510002,78.070000,0.000000
2009-08-07 04:00:00,77.980003,79.070000,77.809998,78.970001,0.000000
2009-08-10 04:00:00,78.879997,79.389999,78.730003,79.260002,0.000000
2009-08-11 04:00:00,79.239998,79.360001,79.010002,79.180000,0.000000
2009-08-12 04:00:00,79.160004,79.389999,78.620003,78.790001,0.000000
2009-08-13 04:00:00,78.800003,78.820000,78.239998,78.489998,0.000000
2009-08-14 04:00:00,78.410004,78.919998,78.230003,78.889999,0.000000
2009-08-17 04:00:00,78.790001,79.510002,78.779999,79.290001,0.000000
2009-08-18 04:00:00,79.279999,79.349998,78.889999,78.940002,0.000000
2009-08-19 04:00:00,78.919998,79.220001,78.339996,78.470001,0.000000
2009-08-20 04:00:00,78.449997,78.669998,78.300003,78.379997,0.000000
2009-08-21 04:00:00,78.360001,78.580002,77.750000,78.040001,0.000000
2009-08-24 04:00:00,78.029999,78.339996,77.949997,78.269997,0.000000
2009-08-25 04:00:00,78.250000,78.419998,77.930000,78.239998,0.000000
2009-08-26 04:00:00,78.320000,78.830002,78.110001,78.660004,0.000000
2009-08-27 04:00:00,78.669998,78.739998,77.849998,78.010002,0.000000
2009-08-28 04:00:00,78.029999,78.389999,77.870003,78.370003,0.000000
2009-08-31 04:00:00,78.379997,78.589996,78.000000,78.169998,0.000000
2009-09-01 04:00:00,78.110001,78.940002,77.940002,78.760002,0.000000
2009-09-02 04:00:00,78.779999,78.839996,78.269997,78.379997,0.000000
2009-09-03 04:00:00,78.370003,78.540001,78.000000,78.459999,0.000000
2009-09-04 04:00:00,78.430000,78.699997,78.019997,78.139999,0.000000
2009-09-08 04:00:00,78.000000,78.029999,77.050003,77.320000,0.000000
2009-09-09 04:00:00,77.230003,77.449997,76.800003,77.089996,0.000000
2009-09-10 04:00:00,77.040001,77.239998,76.699997,76.820000,0.000000
2009-09-11 04:00:00,76.809998,76.849998,76.459999,76.610001,0.000000
2009-09-14 04:00:00,76.639999,77.089996,76.519997,76.699997,0.000000
2009-09-15 04:00:00,76.589996,77.059998,76.410004,76.540001,0.000000
2009-09-16 04:00:00,76.459999,76.570000,76.150002,76.239998,0.000000
2009-09-17 04:00:00,76.260002,76.410004,76.010002,76.190002,0.000000
2009-09-18 04:00:00,76.269997,76.720001,76.250000,76.430000,0.000000
2009-09-21 04:00:00,76.510002,77.110001,76.449997,76.779999,0.000000
2009-09-22 04:00:00,76.730003,76.739998,76.000000,76.120003,0.000000
2009-09-23 04:00:00,75.989998,76.580002,75.830002,76.050003,0.000000
2009-09-24 04:00:00,76.400002,77.050003,76.089996,76.900002,0.000000
2009-09-25 04:00:00,77.029999,77.070000,76.489998,76.809998,0.000000
2009-09-28 04:00:00,76.629997,77.250000,76.510002,77.050003,0.000000
2009-09-29 04:00:00,76.930000,77.330002,76.800003,77.120003,0.000000
2009-09-30 04:00:00,77.019997,77.070000,76.489998,76.650002,0.000000
2009-10-01 04:00:00,76.650002,77.269997,76.589996,77.190002,0.000000
2009-10-02 04:00:00,77.230003,77.470001,76.680000,77.000000,0.000000
2009-10-05 04:00:00,76.910004,76.989998,76.610001,76.639999,0.000000
2009-10-06 04:00:00,76.660004,76.680000,76.099998,76.339996,0.000000
2009-10-07 04:00:00,76.239998,76.629997,76.129997,76.489998,0.000000
2009-10-08 04:00:00,76.300003,76.330002,75.769997,75.970001,0.000000
2009-10-09 04:00:00,75.989998,76.559998,75.970001,76.430000,0.000000
2009-10-12 04:00:00,76.290001,76.669998,76.019997,76.129997,0.000000
2009-10-13 04:00:00,76.070000,76.290001,75.739998,75.980003,0.000000
2009-10-14 04:00:00,75.860001,75.879997,75.339996,75.550003,0.000000
2009-10-15 04:00:00,75.400002,75.769997,75.209999,75.480003,0.000000
2009-10-16 04:00:00,75.389999,75.900002,75.290001,75.599998,0.000000
2009-10-19 04:00:00,75.570000,75.910004,75.180000,75.510002,0.000000
2009-10-20 04:00:00,75.269997,75.760002,75.099998,75.570000,0.000000
2009-10-21 04:00:00,75.540001,75.720001,74.940002,74.970001,0.000000
2009-10-22 04:00:00,75.080002,75.519997,75.010002,75.089996,0.000000
2009-10-23 04:00:00,75.070000,75.519997,74.949997,75.470001,0.000000
2009-10-26 04:00:00,75.419998,76.120003,75.199997,76.059998,0.000000
2009-10-27 04:00:00,76.070000,76.320000,75.760002,76.139999,0.000000
2009-10-28 04:00:00,76.089996,76.559998,75.989998,76.430000,0.000000
2009-10-29 04:00:00,76.430000,76.580002,75.860001,75.919998,0.000000
2009-10-30 04:00:00,75.919998,76.430000,75.830002,76.300003,0.000000
2009-11-02 05:00:00,76.389999,76.410004,75.930000,76.290001,0.000000
2009-11-03 05:00:00,76.099998,76.820000,76.070000,76.389999,0.000000
2009-11-04 05:00:00,76.370003,76.400002,75.599998,75.639999,0.000000
2009-11-05 05:00:00,75.879997,75.980003,75.510002,75.739998,0.000000
2009-11-06 05:00:00,75.760002,75.970001,75.500000,75.820000,0.000000
2009-11-09 05:00:00,75.680000,75.720001,74.930000,75.029999,0.000000
2009-11-10 05:00:00,75.000000,75.269997,74.949997,75.019997,0.000000
2009-11-11 05:00:00,74.930000,75.220001,74.769997,75.160004,0.000000
2009-11-12 05:00:00,75.059998,75.769997,74.930000,75.599998,0.000000
2009-11-13 05:00:00,75.570000,75.660004,75.139999,75.330002,0.000000
2009-11-16 05:00:00,75.070000,75.309998,74.680000,74.910004,0.000000
2009-11-17 05:00:00,74.809998,75.620003,74.809998,75.370003,0.000000
2009-11-18 05:00:00,75.239998,75.339996,74.900002,75.180000,0.000000
2009-11-19 05:00:00,75.110001,75.550003,75.099998,75.290001,0.000000
2009-11-20 05:00:00,75.239998,75.879997,75.209999,75.660004,0.000000
2009-11-23 05:00:00,75.570000,75.570000,74.949997,75.089996,0.000000
2009-11-24 05:00:00,75.190002,75.449997,75.000000,75.070000,0.000000
2009-11-25 05:00:00,75.040001,75.099998,74.230003,74.269997,0.000000
2009-11-27 05:00:00,74.779999,75.570000,74.760002,75.000000,0.000000
2009-11-30 05:00:00,74.860001,74.959999,74.489998,74.879997,0.000000
2009-12-01 05:00:00,74.709999,75.089996,74.269997,74.360001,0.000000
2009-12-02 05:00:00,74.400002,74.680000,74.360001,74.669998,0.000000
2009-12-03 05:00:00,74.529999,74.860001,74.330002,74.629997,0.000000
2009-12-04 05:00:00,74.779999,75.940002,74.599998,75.910004,0.000000
2009-12-07 05:00:00,75.650002,76.180000,75.449997,75.769997,0.000000
2009-12-08 05:00:00,75.750000,76.309998,75.510002,76.309998,0.000000
2009-12-09 05:00:00,76.279999,76.330002,75.830002,76.040001,0.000000
2009-12-10 05:00:00,75.980003,76.209999,75.860001,76.040001,0.000000
2009-12-11 05:00:00,76.019997,76.730003,75.900002,76.570000,0.000000
2009-12-14 05:00:00,76.570000,76.580002,76.250000,76.349998,0.000000
2009-12-15 05:00:00,76.349998,77.089996,76.320000,76.959999,0.000000
2009-12-16 05:00:00,76.940002,77.040001,76.599998,77.000000,0.000000
2009-12-17 05:00:00,76.949997,77.940002,76.910004,77.690002,0.000000
2009-12-18 05:00:00,77.739998,78.139999,77.379997,77.820000,0.000000
2009-12-21 05:00:00,77.779999,78.139999,77.589996,78.040001,0.000000
2009-12-22 05:00:00,78.040001,78.449997,77.849998,78.250000,0.000000
2009-12-23 05:00:00,78.250000,78.360001,77.739998,77.900002,0.000000
2009-12-24 05:00:00,77.889999,77.919998,77.500000,77.839996,0.000000
2009-12-28 05:00:00,77.739998,77.860001,77.540001,77.629997,0.000000
2009-12-29 05:00:00,77.699997,77.930000,77.330002,77.830002,0.000000
2009-12-30 05:00:00,77.879997,78.220001,77.800003,77.910004,0.000000
2009-12-31 05:00:00,77.889999,78.019997,77.410004,77.860001,0.000000
2010-01-04 05:00:00,77.930000,78.190002,77.260002,77.529999,0.000000
2010-01-05 05:00:00,77.370003,77.709999,77.089996,77.620003,0.000000
2010-01-06 05:00:00,77.650002,78.000000,77.360001,77.489998,0.000000
2010-01-07 05:00:00,77.370003,78.080002,77.300003,77.910004,0.000000
2010-01-08 05:00:00,77.980003,78.190002,77.349998,77.470001,0.000000
2010-01-11 05:00:00,77.209999,77.230003,76.790001,77.000000,0.000000
2010-01-12 05:00:00,77.089996,77.309998,76.760002,76.949997,0.000000
2010-01-13 05:00:00,77.120003,77.150002,76.599998,76.849998,0.000000
2010-01-14 05:00:00,76.790001,77.019997,76.669998,76.730003,0.000000
2010-01-15 05:00:00,76.779999,77.410004,76.769997,77.320000,0.000000
2010-01-19 05:00:00,76.980003,77.690002,76.940002,77.500000,0.000000
2010-01-20 05:00:00,77.580002,78.449997,77.510002,78.339996,0.000000
2010-01-21 05:00:00,78.269997,78.809998,78.129997,78.320000,0.000000
2010-01-22 05:00:00,78.389999,78.529999,78.040001,78.279999,0.000000
2010-01-25 05:00:00,78.220001,78.339996,78.029999,78.190002,0.000000
2010-01-26 05:00:00,78.169998,78.639999,78.080002,78.430000,0.000000
2010-01-27 05:00:00,78.550003,78.849998,78.370003,78.680000,0.000000
2010-01-28 05:00:00,78.660004,79.070000,78.540001,78.900002,0.000000
2010-01-29 05:00:00,78.989998,79.500000,78.849998,79.459999,0.000000
2010-02-01 05:00:00,79.430000,79.529999,79.160004,79.239998,0.000000
2010-02-02 05:00:00,79.230003,79.410004,78.959999,79.010002,0.000000
2010-02-03 05:00:00,78.980003,79.459999,78.680000,79.370003,0.000000
2010-02-04 05:00:00,79.349998,80.019997,79.349998,79.919998,0.000000
2010-02-05 05:00:00,79.980003,80.680000,79.959999,80.440002,0.000000
2010-02-08 05:00:00,80.419998,80.519997,80.089996,80.300003,0.000000
2010-02-09 05:00:00,80.339996,80.430000,79.559998,79.860001,0.000000
2010-02-10 05:00:00,79.809998,80.309998,79.650002,80.029999,0.000000
2010-02-11 05:00:00,79.940002,80.500000,79.709999,79.989998,0.000000
2010-02-12 05:00:00,80.019997,80.750000,79.989998,80.320000,0.000000
2010-02-16 05:00:00,80.389999,80.419998,79.589996,79.699997,0.000000
2010-02-17 05:00:00,79.639999,80.529999,79.559998,80.379997,0.000000
2010-02-18 05:00:00,80.449997,81.250000,80.190002,80.400002,0.000000
2010-02-19 05:00:00,81.250000,81.339996,80.510002,80.639999,0.000000
2010-02-22 05:00:00,80.480003,80.669998,80.360001,80.510002,0.000000
2010-02-23 05:00:00,80.510002,80.989998,80.089996,80.849998,0.000000
2010-02-24 05:00:00,80.889999,80.949997,80.360001,80.849998,0.000000
2010-02-25 05:00:00,80.779999,81.129997,80.650002,80.790001,0.000000
2010-02-26 05:00:00,80.769997,80.790001,80.120003,80.360001,0.000000
2010-03-01 05:00:00,80.330002,81.260002,80.290001,80.660004,0.000000
2010-03-02 05:00:00,80.760002,81.290001,80.379997,80.519997,0.000000
2010-03-03 05:00:00,80.349998,80.559998,79.820000,79.980003,0.000000
2010-03-04 05:00:00,80.050003,80.669998,79.940002,80.559998,0.000000
2010-03-05 05:00:00,80.529999,80.889999,80.400002,80.430000,0.000000
2010-03-08 05:00:00,80.400002,80.550003,80.080002,80.430000,0.000000
2010-03-09 05:00:00,80.510002,80.860001,80.410004,80.589996,0.000000
2010-03-10 05:00:00,80.559998,80.860001,80.309998,80.449997,0.000000
2010-03-11 05:00:00,80.459999,80.570000,80.239998,80.320000,0.000000
2010-03-12 05:00:00,80.269997,80.330002,79.690002,79.830002,0.000000
2010-03-15 04:00:00,79.830002,80.410004,79.769997,80.250000,0.000000
2010-03-16 04:00:00,80.220001,80.330002,79.629997,79.750000,0.000000
2010-03-17 04:00:00,79.709999,79.820000,79.510002,79.639999,0.000000
2010-03-18 04:00:00,79.750000,80.440002,79.730003,80.220001,0.000000
2010-03-19 04:00:00,80.290001,80.889999,80.230003,80.720001,0.000000
2010-03-22 04:00:00,80.849998,81.080002,80.519997,80.650002,0.000000
2010-03-23 04:00:00,80.570000,81.029999,80.540001,80.900002,0.000000
2010-03-24 04:00:00,80.940002,82.029999,80.889999,81.839996,0.000000
2010-03-25 04:00:00,81.849998,82.239998,81.599998,82.120003,0.000000
2010-03-26 04:00:00,82.180000,82.190002,81.559998,81.680000,0.000000
2010-03-29 04:00:00,81.449997,81.620003,81.150002,81.360001,0.000000
2010-03-30 04:00:00,81.250000,81.570000,81.000000,81.470001,0.000000
2010-03-31 04:00:00,81.459999,81.699997,80.889999,81.070000,0.000000
2010-04-01 04:00:00,81.040001,81.250000,80.680000,80.779999,0.000000
2010-04-05 04:00:00,81.150002,81.300003,80.919998,81.089996,0.000000
2010-04-06 04:00:00,81.070000,81.639999,81.040001,81.389999,0.000000
2010-04-07 04:00:00,81.320000,81.720001,81.320000,81.440002,0.000000
2010-04-08 04:00:00,81.639999,81.910004,81.449997,81.529999,0.000000
2010-04-09 04:00:00,81.489998,81.580002,80.870003,81.089996,0.000000
2010-04-12 04:00:00,80.360001,80.690002,80.080002,80.559998,0.000000
2010-04-13 04:00:00,80.540001,80.750000,80.269997,80.510002,0.000000
2010-04-14 04:00:00,80.419998,80.489998,80.029999,80.190002,0.000000
2010-04-15 04:00:00,80.190002,80.750000,80.150002,80.480003,0.000000
2010-04-16 04:00:00,80.519997,80.910004,80.470001,80.820000,0.000000
2010-04-19 04:00:00,80.900002,81.279999,80.879997,81.000000,0.000000
2010-04-20 04:00:00,80.919998,81.129997,80.760002,81.050003,0.000000
2010-04-21 04:00:00,81.120003,81.330002,80.959999,81.160004,0.000000
2010-04-22 04:00:00,81.230003,81.779999,81.040001,81.570000,0.000000
2010-04-23 04:00:00,82.019997,82.099998,81.320000,81.349998,0.000000
2010-04-26 04:00:00,81.470001,81.709999,81.169998,81.480003,0.000000
2010-04-27 04:00:00,81.180000,82.440002,81.169998,82.150002,0.000000
2010-04-28 04:00:00,82.290001,82.709999,82.019997,82.379997,0.000000
2010-04-29 04:00:00,82.269997,82.379997,81.879997,82.000000,0.000000
2010-04-30 04:00:00,81.900002,82.089996,81.629997,81.870003,0.000000
2010-05-03 04:00:00,81.800003,82.559998,81.779999,82.269997,0.000000
2010-05-04 04:00:00,82.360001,83.529999,82.290001,83.300003,0.000000
2010-05-05 04:00:00,83.449997,84.309998,83.360001,84.080002,0.000000
2010-05-06 04:00:00,84.160004,85.269997,83.919998,84.889999,0.000000
2010-05-07 04:00:00,84.870003,85.139999,84.320000,84.449997,0.000000
2010-05-10 04:00:00,83.910004,84.379997,82.910004,84.160004,0.000000
2010-05-11 04:00:00,84.389999,84.779999,84.139999,84.470001,0.000000
2010-05-12 04:00:00,84.709999,84.930000,84.209999,84.830002,0.000000
2010-05-13 04:00:00,84.800003,85.459999,84.540001,85.209999,0.000000
2010-05-14 04:00:00,85.360001,86.290001,85.199997,86.099998,0.000000
2010-05-17 04:00:00,86.209999,87.059998,86.050003,86.209999,0.000000
2010-05-18 04:00:00,86.220001,87.379997,85.910004,87.160004,0.000000
2010-05-19 04:00:00,87.250000,87.459999,86.059998,86.389999,0.000000
2010-05-20 04:00:00,86.290001,86.800003,85.400002,85.570000,0.000000
2010-05-21 04:00:00,85.900002,85.980003,85.129997,85.370003,0.000000
2010-05-24 04:00:00,85.660004,86.570000,85.599998,86.209999,0.000000
2010-05-25 04:00:00,86.470001,87.449997,86.330002,86.779999,0.000000
2010-05-26 04:00:00,86.529999,87.389999,86.489998,87.120003,0.000000
2010-05-27 04:00:00,87.300003,87.309998,86.099998,86.180000,0.000000
2010-05-28 04:00:00,86.349998,86.800003,85.849998,86.480003,0.000000
2010-06-01 04:00:00,86.580002,87.470001,86.160004,86.639999,0.000000
2010-06-02 04:00:00,86.680000,87.180000,86.620003,86.790001,0.000000
2010-06-03 04:00:00,86.820000,87.269997,86.300003,87.139999,0.000000
2010-06-04 04:00:00,87.220001,88.339996,86.900002,88.230003,0.000000
2010-06-07 04:00:00,88.449997,88.709999,88.160004,88.400002,0.000000
2010-06-08 04:00:00,88.449997,88.589996,87.959999,88.389999,0.000000
2010-06-09 04:00:00,88.129997,88.389999,87.410004,87.900002,0.000000
2010-06-10 04:00:00,87.900002,88.059998,86.949997,87.169998,0.000000
2010-06-11 04:00:00,87.099998,87.650002,86.940002,87.510002,0.000000
2010-06-14 04:00:00,86.959999,87.019997,86.180000,86.510002,0.000000
2010-06-15 04:00:00,86.709999,86.889999,85.900002,85.980003,0.000000
2010-06-16 04:00:00,86.089996,86.389999,85.919998,86.080002,0.000000
2010-06-17 04:00:00,86.139999,86.519997,85.519997,85.690002,0.000000
2010-06-18 04:00:00,85.699997,85.769997,85.449997,85.699997,0.000000
2010-06-21 04:00:00,85.400002,86.040001,85.089996,85.930000,0.000000
2010-06-22 04:00:00,85.940002,86.260002,85.750000,86.110001,0.000000
2010-06-23 04:00:00,86.070000,86.419998,85.650002,85.739998,0.000000
2010-06-24 04:00:00,85.790001,86.000000,85.410004,85.730003,0.000000
2010-06-25 04:00:00,85.730003,86.120003,85.250000,85.309998,0.000000
2010-06-28 04:00:00,85.339996,85.790001,85.209999,85.650002,0.000000
2010-06-29 04:00:00,85.709999,86.300003,85.629997,86.029999,0.000000
2010-06-30 04:00:00,86.129997,86.269997,85.599998,86.019997,0.000000
2010-07-01 04:00:00,86.099998,86.260002,84.419998,84.720001,0.000000
2010-07-02 04:00:00,84.610001,84.769997,84.129997,84.430000,0.000000
2010-07-06 04:00:00,84.589996,84.830002,83.820000,84.080002,0.000000
2010-07-07 04:00:00,84.110001,84.379997,83.750000,83.820000,0.000000
2010-07-08 04:00:00,83.959999,84.019997,83.660004,83.820000,0.000000
2010-07-09 04:00:00,83.769997,84.110001,83.620003,83.949997,0.000000
2010-07-12 04:00:00,83.949997,84.440002,83.940002,84.199997,0.000000
2010-07-13 04:00:00,84.230003,84.559998,83.379997,83.639999,0.000000
2010-07-14 04:00:00,83.580002,83.709999,83.209999,83.430000,0.000000
2010-07-15 04:00:00,83.370003,83.510002,82.290001,82.559998,0.000000
2010-07-16 04:00:00,82.419998,82.610001,82.089996,82.489998,0.000000
2010-07-19 04:00:00,82.690002,82.820000,82.279999,82.510002,0.000000
2010-07-20 04:00:00,82.610001,83.070000,82.180000,82.750000,0.000000
2010-07-21 04:00:00,82.709999,83.449997,82.559998,83.389999,0.000000
2010-07-22 04:00:00,83.250000,83.360001,82.459999,82.599998,0.000000
2010-07-23 04:00:00,82.580002,83.029999,82.209999,82.459999,0.000000
2010-07-26 04:00:00,82.620003,82.629997,81.989998,82.089996,0.000000
2010-07-27 04:00:00,82.050003,82.379997,81.820000,82.180000,0.000000
2010-07-28 04:00:00,82.160004,82.290001,81.940002,82.180000,0.000000
2010-07-29 04:00:00,82.099998,82.160004,81.489998,81.639999,0.000000
2010-07-30 04:00:00,81.610001,81.980003,81.459999,81.540001,0.000000
2010-08-02 04:00:00,81.519997,81.559998,80.790001,80.940002,0.000000
2010-08-03 04:00:00,80.910004,81.040001,80.470001,80.599998,0.000000
2010-08-04 04:00:00,80.620003,81.110001,80.510002,80.889999,0.000000
2010-08-05 04:00:00,80.970001,81.129997,80.529999,80.820000,0.000000
2010-08-06 04:00:00,80.779999,80.949997,80.089996,80.410004,0.000000
2010-08-09 04:00:00,80.349998,80.739998,80.269997,80.709999,0.000000
2010-08-10 04:00:00,80.739998,81.529999,80.639999,80.800003,0.000000
2010-08-11 04:00:00,80.889999,82.529999,80.860001,82.290001,0.000000
2010-08-12 04:00:00,82.459999,82.790001,82.110001,82.639999,0.000000
2010-08-13 04:00:00,82.580002,82.959999,82.180000,82.949997,0.000000
2010-08-16 04:00:00,82.839996,83.019997,82.239998,82.529999,0.000000
2010-08-17 04:00:00,82.430000,82.519997,82.010002,82.230003,0.000000
2010-08-18 04:00:00,82.250000,82.510002,81.910004,82.220001,0.000000
2010-08-19 04:00:00,82.309998,82.720001,82.000000,82.449997,0.000000
2010-08-20 04:00:00,82.519997,83.300003,82.419998,83.059998,0.000000
2010-08-23 04:00:00,83.019997,83.279999,82.839996,83.120003,0.000000
2010-08-24 04:00:00,83.309998,83.559998,82.860001,83.150002,0.000000
2010-08-25 04:00:00,83.330002,83.519997,82.940002,83.260002,0.000000
2010-08-26 04:00:00,83.190002,83.260002,82.620003,82.930000,0.000000
2010-08-27 04:00:00,82.940002,83.169998,82.660004,82.919998,0.000000
2010-08-30 04:00:00,82.809998,83.199997,82.750000,83.160004,0.000000
2010-08-31 04:00:00,83.169998,83.339996,82.879997,83.199997,0.000000
2010-09-01 04:00:00,83.089996,83.220001,82.190002,82.519997,0.000000
2010-09-02 04:00:00,82.480003,82.599998,82.290001,82.459999,0.000000
2010-09-03 04:00:00,82.389999,83.099998,81.989998,83.099998,0.000000
2010-09-07 04:00:00,82.120003,82.919998,82.120003,82.820000,0.000000
2010-09-08 04:00:00,82.910004,82.919998,82.379997,82.589996,0.000000
2010-09-09 04:00:00,82.550003,82.820000,82.339996,82.669998,0.000000
2010-09-10 04:00:00,82.720001,82.989998,82.449997,82.699997,0.000000
2010-09-13 04:00:00,82.680000,82.690002,81.760002,81.910004,0.000000
2010-09-14 04:00:00,81.910004,82.029999,81.000000,81.080002,0.000000
2010-09-15 04:00:00,81.209999,81.760002,81.089996,81.489998,0.000000
2010-09-16 04:00:00,81.470001,81.599998,81.070000,81.239998,0.000000
2010-09-17 04:00:00,81.269997,81.519997,80.860001,81.400002,0.000000
2010-09-20 04:00:00,81.410004,81.500000,81.050003,81.339996,0.000000
2010-09-21 04:00:00,81.309998,81.349998,80.269997,80.440002,0.000000
2010-09-22 04:00:00,80.400002,80.410004,79.559998,79.830002,0.000000
2010-09-23 04:00:00,79.830002,80.180000,79.720001,80.010002,0.000000
2010-09-24 04:00:00,80.129997,80.260002,79.250000,79.389999,0.000000
2010-09-27 04:00:00,79.330002,79.580002,79.190002,79.339996,0.000000
2010-09-28 04:00:00,79.570000,79.820000,78.860001,79.010002,0.000000
2010-09-29 04:00:00,78.900002,78.930000,78.620003,78.690002,0.000000
2010-09-30 04:00:00,78.790001,79.019997,78.410004,78.720001,0.000000
2010-10-01 04:00:00,78.800003,78.830002,78.029999,78.089996,0.000000
2010-10-04 04:00:00,78.129997,78.519997,78.080002,78.449997,0.000000
2010-10-05 04:00:00,78.500000,78.690002,77.699997,77.750000,0.000000
2010-10-06 04:00:00,77.820000,77.919998,77.300003,77.389999,0.000000
2010-10-07 04:00:00,77.489998,77.680000,76.910004,77.389999,0.000000
2010-10-08 04:00:00,77.449997,77.760002,77.139999,77.320000,0.000000
2010-10-11 04:00:00,77.059998,77.559998,76.930000,77.440002,0.000000
2010-10-12 04:00:00,77.529999,77.930000,77.250000,77.360001,0.000000
2010-10-13 04:00:00,77.339996,77.349998,76.970001,77.070000,0.000000
2010-10-14 04:00:00,77.019997,77.029999,76.260002,76.650002,0.000000
2010-10-15 04:00:00,76.639999,77.129997,76.139999,77.040001,0.000000
2010-10-18 04:00:00,77.029999,77.639999,76.919998,76.930000,0.000000
2010-10-19 04:00:00,77.120003,78.309998,76.919998,78.180000,0.000000
2010-10-20 04:00:00,78.250000,78.360001,77.059998,77.169998,0.000000
2010-10-21 04:00:00,77.150002,77.610001,76.839996,77.419998,0.000000
2010-10-22 04:00:00,77.480003,77.750000,77.209999,77.470001,0.000000
2010-10-25 04:00:00,77.410004,77.440002,76.709999,77.099998,0.000000
2010-10-26 04:00:00,77.360001,77.820000,77.040001,77.709999,0.000000
2010-10-27 04:00:00,77.639999,78.269997,77.559998,78.150002,0.000000
2010-10-28 04:00:00,78.059998,78.059998,77.169998,77.309998,0.000000
2010-10-29 04:00:00,77.279999,77.760002,77.029999,77.269997,0.000000
2010-11-01 04:00:00,76.949997,77.419998,76.769997,77.300003,0.000000
2010-11-02 04:00:00,77.199997,77.309998,76.639999,76.720001,0.000000
2010-11-03 04:00:00,76.720001,76.980003,76.220001,76.480003,0.000000
2010-11-04 04:00:00,76.389999,76.500000,75.629997,75.879997,0.000000
2010-11-05 04:00:00,75.870003,76.639999,75.730003,76.550003,0.000000
2010-11-08 05:00:00,76.419998,77.160004,76.379997,77.029999,0.000000
2010-11-09 05:00:00,77.260002,77.870003,76.709999,77.440002,0.000000
2010-11-10 05:00:00,77.739998,78.169998,77.489998,77.629997,0.000000
2010-11-11 05:00:00,77.629997,78.290001,77.440002,78.220001,0.000000
2010-11-12 05:00:00,78.160004,78.480003,77.699997,78.080002,0.000000
2010-11-15 05:00:00,78.120003,78.709999,77.879997,78.519997,0.000000
2010-11-16 05:00:00,78.690002,79.459999,78.300003,79.209999,0.000000
2010-11-17 05:00:00,79.290001,79.370003,78.860001,79.080002,0.000000
2010-11-18 05:00:00,78.949997,79.010002,78.430000,78.620003,0.000000
2010-11-19 05:00:00,78.519997,78.720001,78.169998,78.500000,0.000000
2010-11-22 05:00:00,78.209999,78.879997,77.970001,78.680000,0.000000
2010-11-23 05:00:00,78.699997,79.739998,78.690002,79.680000,0.000000
2010-11-24 05:00:00,79.680000,80.000000,79.389999,79.870003,0.000000
2010-11-26 05:00:00,79.769997,80.519997,79.750000,80.360001,0.000000
2010-11-29 05:00:00,80.610001,81.139999,80.050003,80.839996,0.000000
2010-11-30 05:00:00,80.860001,81.440002,80.669998,81.199997,0.000000
2010-12-01 05:00:00,81.260002,81.360001,80.500000,80.709999,0.000000
2010-12-02 05:00:00,80.790001,81.019997,80.059998,80.300003,0.000000
2010-12-03 05:00:00,80.220001,80.320000,79.059998,79.379997,0.000000
2010-12-06 05:00:00,79.199997,79.970001,79.169998,79.570000,0.000000
2010-12-07 05:00:00,79.709999,80.010002,79.199997,79.860001,0.000000
2010-12-08 05:00:00,79.940002,80.400002,79.889999,80.000000,0.000000
2010-12-09 05:00:00,80.040001,80.400002,79.680000,80.070000,0.000000
2010-12-10 05:00:00,80.089996,80.300003,79.820000,80.070000,0.000000
2010-12-13 05:00:00,80.230003,80.309998,79.099998,79.279999,0.000000
2010-12-14 05:00:00,79.360001,79.529999,78.830002,79.370003,0.000000
2010-12-15 05:00:00,79.550003,80.279999,79.459999,80.260002,0.000000
2010-12-16 05:00:00,80.209999,80.389999,79.980003,80.180000,0.000000
2010-12-17 05:00:00,80.050003,80.629997,79.550003,80.370003,0.000000
2010-12-20 05:00:00,80.459999,80.720001,80.309998,80.629997,0.000000
2010-12-21 05:00:00,80.620003,80.820000,80.239998,80.720001,0.000000
2010-12-22 05:00:00,80.709999,80.779999,80.279999,80.730003,0.000000
2010-12-23 05:00:00,80.580002,80.830002,80.339996,80.500000,0.000000
2010-12-27 05:00:00,80.660004,80.660004,80.209999,80.370003,0.000000
2010-12-28 05:00:00,80.089996,80.459999,79.599998,80.360001,0.000000
2010-12-29 05:00:00,80.410004,80.440002,79.699997,79.800003,0.000000
2010-12-30 05:00:00,79.680000,79.739998,79.430000,79.519997,0.000000
2010-12-31 05:00:00,79.459999,79.519997,78.779999,79.029999,0.000000
2011-01-03 05:00:00,79.059998,79.529999,78.989998,79.129997,0.000000
2011-01-04 05:00:00,79.099998,79.510002,78.889999,79.440002,0.000000
2011-01-05 05:00:00,79.389999,80.349998,79.379997,80.260002,0.000000
2011-01-06 05:00:00,80.180000,80.940002,80.160004,80.790001,0.000000
2011-01-07 05:00:00,80.870003,81.139999,80.690002,81.010002,0.000000
2011-01-10 05:00:00,81.160004,81.309998,80.820000,80.879997,0.000000
2011-01-11 05:00:00,80.879997,81.150002,80.739998,80.849998,0.000000
2011-01-12 05:00:00,80.750000,80.849998,79.989998,80.029999,0.000000
2011-01-13 05:00:00,80.110001,80.239998,78.989998,79.190002,0.000000
2011-01-14 05:00:00,79.220001,79.410004,78.809998,79.160004,0.000000
2011-01-18 05:00:00,79.400002,79.500000,78.639999,78.959999,0.000000
2011-01-19 05:00:00,78.959999,78.959999,78.300003,78.639999,0.000000
2011-01-20 05:00:00,78.750000,79.169998,78.440002,78.820000,0.000000
2011-01-21 05:00:00,78.879997,78.910004,78.099998,78.209999,0.000000
2011-01-24 05:00:00,78.139999,78.510002,77.809998,78.050003,0.000000
2011-01-25 05:00:00,78.050003,78.410004,77.820000,78.000000,0.000000
2011-01-26 05:00:00,77.970001,78.059998,77.690002,77.900002,0.000000
2011-01-27 05:00:00,77.750000,78.150002,77.589996,77.730003,0.000000
2011-01-28 05:00:00,77.769997,78.279999,77.610001,78.129997,0.000000
2011-01-31 05:00:00,78.309998,78.320000,77.540001,77.739998,0.000000
2011-02-01 05:00:00,77.610001,77.660004,76.940002,77.070000,0.000000
2011-02-02 05:00:00,77.010002,77.309998,76.879997,77.160004,0.000000
2011-02-03 05:00:00,77.099998,77.889999,77.019997,77.750000,0.000000
2011-02-04 05:00:00,77.790001,78.209999,77.559998,78.040001,0.000000
2011-02-07 05:00:00,78.070000,78.349998,77.849998,78.029999,0.000000
2011-02-08 05:00:00,78.059998,78.110001,77.629997,78.000000,0.000000
2011-02-09 05:00:00,78.019997,78.089996,77.500000,77.639999,0.000000
2011-02-10 05:00:00,77.639999,78.339996,77.610001,78.250000,0.000000
2011-02-11 05:00:00,78.209999,78.699997,78.120003,78.459999,0.000000
2011-02-14 05:00:00,78.550003,78.870003,78.279999,78.610001,0.000000
2011-02-15 05:00:00,78.620003,78.739998,78.300003,78.570000,0.000000
2011-02-16 05:00:00,78.510002,78.790001,78.160004,78.220001,0.000000
2011-02-17 05:00:00,78.199997,78.349998,77.930000,78.000000,0.000000
2011-02-18 05:00:00,77.940002,78.220001,77.529999,77.660004,0.000000
2011-02-22 05:00:00,77.690002,78.320000,77.580002,77.769997,0.000000
2011-02-23 05:00:00,77.699997,77.709999,77.250000,77.410004,0.000000
2011-02-24 05:00:00,77.300003,77.480003,76.989998,77.059998,0.000000
2011-02-25 05:00:00,77.029999,77.419998,76.949997,77.279999,0.000000
2011-02-28 05:00:00,77.300003,77.389999,76.760002,76.889999,0.000000
2011-03-01 05:00:00,76.860001,77.099998,76.739998,77.050003,0.000000
2011-03-02 05:00:00,77.040001,77.180000,76.529999,76.669998,0.000000
2011-03-03 05:00:00,76.669998,76.860001,76.389999,76.480003,0.000000
2011-03-04 05:00:00,76.470001,76.620003,76.279999,76.400002,0.000000
2011-03-07 05:00:00,76.379997,76.550003,76.120003,76.500000,0.000000
2011-03-08 05:00:00,76.529999,76.980003,76.400002,76.800003,0.000000
2011-03-09 05:00:00,76.860001,76.970001,76.540001,76.720001,0.000000
2011-03-10 05:00:00,76.720001,77.349998,76.629997,77.279999,0.000000
2011-03-11 05:00:00,77.220001,77.379997,76.660004,76.779999,0.000000
2011-03-14 04:00:00,76.480003,76.750000,76.300003,76.349998,0.000000
2011-03-15 04:00:00,76.349998,77.040001,76.269997,76.330002,0.000000
2011-03-16 04:00:00,76.410004,76.820000,76.059998,76.680000,0.000000
2011-03-17 04:00:00,76.389999,76.660004,75.849998,76.040001,0.000000
2011-03-18 04:00:00,76.059998,76.459999,75.540001,75.720001,0.000000
2011-03-21 04:00:00,75.589996,75.730003,75.339996,75.400002,0.000000
2011-03-22 04:00:00,75.480003,75.559998,75.250000,75.430000,0.000000
2011-03-23 04:00:00,75.529999,75.970001,75.430000,75.790001,0.000000
2011-03-24 04:00:00,75.870003,76.040001,75.459999,75.660004,0.000000
2011-03-25 04:00:00,75.709999,76.279999,75.610001,76.220001,0.000000
2011-03-28 04:00:00,76.389999,76.430000,76.029999,76.129997,0.000000
2011-03-29 04:00:00,76.220001,76.430000,75.930000,76.250000,0.000000
2011-03-30 04:00:00,76.139999,76.410004,76.010002,76.120003,0.000000
2011-03-31 04:00:00,76.139999,76.169998,75.660004,75.860001,0.000000
2011-04-01 04:00:00,76.050003,76.610001,75.779999,75.830002,0.000000
2011-04-04 04:00:00,75.889999,75.989998,75.699997,75.910004,0.000000
2011-04-05 04:00:00,75.860001,76.150002,75.769997,75.879997,0.000000
2011-04-06 04:00:00,75.910004,75.919998,75.459999,75.510002,0.000000
2011-04-07 04:00:00,75.540001,75.820000,75.529999,75.589996,0.000000
2011-04-08 04:00:00,75.580002,75.610001,74.839996,75.070000,0.000000
2011-04-11 04:00:00,74.970001,75.089996,74.889999,75.059998,0.000000
2011-04-12 04:00:00,75.070000,75.199997,74.699997,74.849998,0.000000
2011-04-13 04:00:00,74.889999,75.099998,74.739998,74.980003,0.000000
2011-04-14 04:00:00,74.940002,75.150002,74.620003,74.680000,0.000000
2011-04-15 04:00:00,74.720001,75.000000,74.620003,74.830002,0.000000
2011-04-18 04:00:00,74.900002,75.809998,74.879997,75.500000,0.000000
2011-04-19 04:00:00,75.489998,75.610001,74.989998,75.029999,0.000000
2011-04-20 04:00:00,75.050003,75.089996,74.269997,74.370003,0.000000
2011-04-21 04:00:00,74.400002,74.410004,73.739998,74.000000,0.000000
2011-04-25 04:00:00,74.099998,74.269997,73.809998,73.989998,0.000000
2011-04-26 04:00:00,74.059998,74.339996,73.559998,73.839996,0.000000
2011-04-27 04:00:00,73.610001,73.980003,73.260002,73.519997,0.000000
2011-04-28 04:00:00,73.360001,73.360001,72.870003,73.120003,0.000000
2011-04-29 04:00:00,73.059998,73.199997,72.830002,72.930000,0.000000
2011-05-02 04:00:00,73.059998,73.290001,72.720001,72.949997,0.000000
2011-05-03 04:00:00,73.059998,73.320000,72.849998,73.139999,0.000000
2011-05-04 04:00:00,73.110001,73.300003,72.699997,73.029999,0.000000
2011-05-05 04:00:00,73.120003,74.220001,72.809998,74.190002,0.000000
2011-05-06 04:00:00,74.099998,74.930000,73.940002,74.839996,0.000000
2011-05-09 04:00:00,74.809998,75.160004,74.440002,74.739998,0.000000
2011-05-10 04:00:00,74.620003,75.000000,74.529999,74.610001,0.000000
2011-05-11 04:00:00,74.550003,75.419998,74.400002,75.330002,0.000000
2011-05-12 04:00:00,75.279999,75.639999,75.059998,75.239998,0.000000
2011-05-13 04:00:00,75.220001,75.949997,74.800003,75.760002,0.000000
2011-05-16 04:00:00,75.889999,76.000000,75.250000,75.470001,0.000000
2011-05-17 04:00:00,75.610001,75.830002,75.339996,75.400002,0.000000
2011-05-18 04:00:00,75.260002,75.589996,75.129997,75.470001,0.000000
2011-05-19 04:00:00,75.309998,75.559998,75.080002,75.120003,0.000000
2011-05-20 04:00:00,75.080002,75.760002,74.959999,75.430000,0.000000
2011-05-23 04:00:00,75.839996,76.370003,75.720001,76.099998,0.000000
2011-05-24 04:00:00,76.250000,76.360001,75.820000,75.879997,0.000000
2011-05-25 04:00:00,75.940002,76.269997,75.750000,75.930000,0.000000
2011-05-26 04:00:00,75.900002,75.980003,75.339996,75.550003,0.000000
2011-05-27 04:00:00,75.570000,75.589996,74.750000,74.949997,0.000000
2011-05-31 04:00:00,74.730003,74.760002,74.440002,74.639999,0.000000
2011-06-01 04:00:00,74.440002,74.940002,74.309998,74.680000,0.000000
2011-06-02 04:00:00,74.830002,74.889999,74.230003,74.330002,0.000000
2011-06-03 04:00:00,74.349998,74.459999,73.699997,73.779999,0.000000
2011-06-06 04:00:00,73.650002,74.050003,73.639999,73.949997,0.000000
2011-06-07 04:00:00,73.940002,74.040001,73.510002,73.519997,0.000000
2011-06-08 04:00:00,73.570000,73.970001,73.540001,73.930000,0.000000
2011-06-09 04:00:00,73.870003,74.300003,73.690002,74.190002,0.000000
2011-06-10 04:00:00,74.180000,74.919998,74.019997,74.790001,0.000000
2011-06-13 04:00:00,74.900002,74.959999,74.440002,74.510002,0.000000
2011-06-14 04:00:00,74.510002,74.629997,74.230003,74.330002,0.000000
2011-06-15 04:00:00,74.449997,75.660004,74.440002,75.599998,0.000000
2011-06-16 04:00:00,75.529999,76.019997,75.379997,75.750000,0.000000
2011-06-17 04:00:00,75.419998,75.750000,74.889999,74.989998,0.000000
2011-06-20 04:00:00,75.110001,75.470001,74.900002,75.029999,0.000000
2011-06-21 04:00:00,74.910004,74.989998,74.519997,74.540001,0.000000
2011-06-22 04:00:00,74.750000,75.040001,74.500000,74.779999,0.000000
2011-06-23 04:00:00,75.019997,75.790001,74.959999,75.449997,0.000000
2011-06-24 04:00:00,75.220001,75.750000,75.050003,75.669998,0.000000
2011-06-27 04:00:00,75.669998,75.989998,75.260002,75.389999,0.000000
2011-06-28 04:00:00,75.239998,75.510002,74.870003,75.059998,0.000000
2011-06-29 04:00:00,75.089996,75.139999,74.610001,74.690002,0.000000
2011-06-30 04:00:00,74.470001,74.580002,74.250000,74.300003,0.000000
2011-07-01 04:00:00,74.440002,74.690002,74.199997,74.349998,0.000000
2011-07-05 04:00:00,74.239998,74.739998,74.209999,74.690002,0.000000
2011-07-06 04:00:00,74.610001,75.180000,74.459999,75.120003,0.000000
2011-07-07 04:00:00,74.980003,75.410004,74.849998,74.959999,0.000000
2011-07-08 04:00:00,74.900002,75.419998,74.839996,75.180000,0.000000
2011-07-11 04:00:00,75.330002,76.160004,75.250000,75.989998,0.000000
2011-07-12 04:00:00,75.970001,76.720001,75.699997,75.809998,0.000000
2011-07-13 04:00:00,76.019997,76.050003,74.779999,75.209999,0.000000
2011-07-14 04:00:00,74.849998,75.330002,74.650002,75.250000,0.000000
2011-07-15 04:00:00,75.139999,75.419998,74.970001,75.129997,0.000000
2011-07-18 04:00:00,75.239998,75.750000,75.190002,75.480003,0.000000
2011-07-19 04:00:00,75.320000,75.500000,74.900002,75.220001,0.000000
2011-07-20 04:00:00,75.120003,75.230003,74.709999,74.790001,0.000000
2011-07-21 04:00:00,74.669998,75.099998,73.889999,74.019997,0.000000
2011-07-22 04:00:00,74.050003,74.379997,73.959999,74.199997,0.000000
2011-07-25 04:00:00,74.120003,74.309998,73.989998,74.059998,0.000000
2011-07-26 04:00:00,74.120003,74.199997,73.449997,73.470001,0.000000
2011-07-27 04:00:00,73.529999,74.180000,73.419998,74.089996,0.000000
2011-07-28 04:00:00,74.080002,74.410004,73.879997,74.220001,0.000000
2011-07-29 04:00:00,74.150002,74.510002,73.720001,73.900002,0.000000
2011-08-01 04:00:00,73.919998,74.529999,73.580002,74.260002,0.000000
2011-08-02 04:00:00,74.349998,74.730003,74.199997,74.510002,0.000000
2011-08-03 04:00:00,74.580002,74.690002,73.860001,74.040001,0.000000
2011-08-04 04:00:00,73.919998,75.320000,73.879997,75.120003,0.000000
2011-08-05 04:00:00,75.410004,75.419998,74.459999,74.599998,0.000000
2011-08-08 04:00:00,74.470001,75.019997,73.970001,74.790001,0.000000
2011-08-09 04:00:00,74.800003,74.940002,73.849998,74.610001,0.000000
2011-08-10 04:00:00,73.980003,74.919998,73.820000,74.639999,0.000000
2011-08-11 04:00:00,74.860001,75.059998,74.330002,74.680000,0.000000
2011-08-12 04:00:00,74.660004,74.889999,74.370003,74.610001,0.000000
2011-08-15 04:00:00,74.519997,74.610001,73.760002,73.839996,0.000000
2011-08-16 04:00:00,73.879997,74.180000,73.769997,74.010002,0.000000
2011-08-17 04:00:00,74.040001,74.209999,73.449997,73.669998,0.000000
2011-08-18 04:00:00,73.790001,74.440002,73.730003,74.239998,0.000000
2011-08-19 04:00:00,74.339996,74.459999,73.620003,73.989998,0.000000
2011-08-22 04:00:00,74.120003,74.169998,73.809998,74.070000,0.000000
2011-08-23 04:00:00,73.879997,74.160004,73.570000,73.870003,0.000000
2011-08-24 04:00:00,73.879997,74.089996,73.669998,74.010002,0.000000
2011-08-25 04:00:00,74.050003,74.400002,73.669998,74.279999,0.000000
2011-08-26 04:00:00,74.260002,74.459999,73.709999,73.809998,0.000000
2011-08-29 04:00:00,73.739998,74.459999,73.519997,73.720001,0.000000
2011-08-30 04:00:00,73.680000,74.180000,73.519997,73.940002,0.000000
2011-08-31 04:00:00,74.000000,74.169998,73.830002,74.129997,0.000000
2011-09-01 04:00:00,74.480003,74.480003,74.480003,74.480003,0.000000
2011-09-02 04:00:00,74.510002,74.760002,74.139999,74.750000,0.000000
2011-09-06 04:00:00,75.260002,76.000000,74.669998,75.919998,0.000000
2011-09-07 04:00:00,75.860001,76.000000,74.669998,75.459999,0.000000
2011-09-08 04:00:00,75.500000,76.309998,75.230003,76.239998,0.000000
2011-09-09 04:00:00,76.160004,77.269997,75.489998,77.190002,0.000000
2011-09-12 04:00:00,77.370003,77.779999,77.040001,77.570000,0.000000
2011-09-13 04:00:00,77.230003,77.779999,76.820000,76.910004,0.000000
2011-09-14 04:00:00,77.059998,77.620003,76.669998,76.830002,0.000000
2011-09-15 04:00:00,76.800003,77.480003,76.059998,76.239998,0.000000
2011-09-16 04:00:00,76.309998,76.769997,76.279999,76.580002,0.000000
2011-09-19 04:00:00,77.440002,77.519997,76.930000,77.389999,0.000000
2011-09-20 04:00:00,77.430000,77.510002,76.839996,77.029999,0.000000
2011-09-21 04:00:00,77.059998,77.839996,76.790001,77.339996,0.000000
2011-09-22 04:00:00,77.739998,78.790001,77.730003,78.379997,0.000000
2011-09-23 04:00:00,78.370003,78.620003,77.949997,78.300003,0.000000
2011-09-26 04:00:00,78.080002,78.860001,77.940002,78.360001,0.000000
2011-09-27 04:00:00,78.080002,78.860001,77.389999,77.510002,0.000000
2011-09-28 04:00:00,77.800003,78.239998,77.300003,77.849998,0.000000
2011-09-29 04:00:00,78.059998,78.150002,77.419998,77.919998,0.000000
2011-09-30 04:00:00,77.959999,78.800003,77.419998,78.550003,0.000000
2011-10-03 04:00:00,78.930000,79.570000,78.790001,79.449997,0.000000
2011-10-04 04:00:00,79.599998,79.599998,79.599998,79.599998,0.000000
2011-10-05 04:00:00,79.099998,79.830002,78.800003,78.910004,0.000000
2011-10-06 04:00:00,78.949997,79.500000,78.519997,78.529999,0.000000
2011-10-07 04:00:00,78.620003,79.500000,78.059998,78.720001,0.000000
2011-10-10 04:00:00,78.739998,78.769997,77.339996,77.599998,0.000000
2011-10-11 04:00:00,77.610001,78.690002,77.339996,77.580002,0.000000
2011-10-12 04:00:00,77.610001,77.940002,76.790001,76.989998,0.000000
2011-10-13 04:00:00,77.010002,77.919998,76.790001,76.989998,0.000000
2011-10-14 04:00:00,77.190002,77.430000,76.500000,76.620003,0.000000
2011-10-17 04:00:00,76.580002,77.239998,76.440002,77.139999,0.000000
2011-10-18 04:00:00,77.169998,77.550003,76.440002,77.129997,0.000000
2011-10-19 04:00:00,77.139999,77.190002,76.570000,77.110001,0.000000
2011-10-20 04:00:00,77.029999,77.489998,76.570000,76.970001,0.000000
2011-10-21 04:00:00,76.949997,77.209999,76.239998,76.300003,0.000000
2011-10-24 04:00:00,76.470001,76.540001,75.980003,76.019997,0.000000
2011-10-25 04:00:00,76.139999,76.440002,75.940002,76.250000,0.000000
2011-10-26 04:00:00,76.260002,76.660004,75.879997,76.199997,0.000000
2011-10-27 04:00:00,76.290001,76.660004,74.720001,74.870003,0.000000
2011-10-28 04:00:00,75.000000,75.160004,74.900002,75.089996,0.000000
2011-10-31 04:00:00,75.089996,76.570000,74.980003,76.169998,0.000000
2011-11-01 04:00:00,76.550003,77.669998,74.980003,77.260002,0.000000
2011-11-02 04:00:00,77.540001,77.669998,76.449997,77.010002,0.000000
2011-11-03 04:00:00,77.230003,77.500000,76.570000,76.669998,0.000000
2011-11-04 04:00:00,76.709999,77.300003,76.620003,76.910004,0.000000
2011-11-07 05:00:00,76.919998,77.379997,76.730003,76.959999,0.000000
2011-11-08 05:00:00,77.010002,77.180000,76.559998,76.669998,0.000000
2011-11-09 05:00:00,76.669998,78.000000,76.510002,77.930000,0.000000
2011-11-10 05:00:00,77.970001,78.169998,77.400002,77.639999,0.000000
2011-11-11 05:00:00,77.660004,78.160004,76.720001,76.940002,0.000000
2011-11-14 05:00:00,76.760002,77.650002,76.639999,77.559998,0.000000
2011-11-15 05:00:00,77.480003,78.089996,77.430000,77.879997,0.000000
2011-11-16 05:00:00,78.059998,78.389999,77.830002,78.160004,0.000000
2011-11-17 05:00:00,78.360001,78.470001,77.930000,78.290001,0.000000
2011-11-18 05:00:00,78.309998,78.360001,77.540001,78.019997,0.000000
2011-11-21 05:00:00,77.980003,78.510002,77.970001,78.300003,0.000000
2011-11-22 05:00:00,78.320000,78.440002,77.980003,78.230003,0.000000
2011-11-23 05:00:00,78.230003,79.180000,78.169998,79.000000,0.000000
2011-11-25 05:00:00,79.169998,79.699997,79.129997,79.610001,0.000000
2011-11-28 05:00:00,79.239998,79.400002,78.760002,79.290001,0.000000
2011-11-29 05:00:00,79.339996,79.400002,78.519997,79.000000,0.000000
2011-11-30 05:00:00,79.050003,79.379997,77.919998,78.389999,0.000000
2011-12-01 05:00:00,78.370003,79.370003,77.919998,78.320000,0.000000
2011-12-02 05:00:00,78.309998,78.769997,77.970001,78.629997,0.000000
2011-12-05 05:00:00,78.570000,78.680000,78.190002,78.610001,0.000000
2011-12-06 05:00:00,78.589996,78.879997,78.449997,78.510002,0.000000
2011-12-07 05:00:00,78.519997,78.870003,78.279999,78.480003,0.000000
2011-12-08 05:00:00,78.459999,79.010002,78.099998,78.809998,0.000000
2011-12-09 05:00:00,78.790001,79.099998,78.099998,78.629997,0.000000
2011-12-12 05:00:00,78.720001,79.639999,78.629997,79.570000,0.000000
2011-12-13 05:00:00,79.559998,80.389999,79.290001,80.250000,0.000000
2011-12-14 05:00:00,80.250000,80.730003,80.120003,80.529999,0.000000
2011-12-15 05:00:00,80.510002,80.620003,80.110001,80.239998,0.000000
2011-12-16 05:00:00,80.209999,80.610001,79.930000,80.250000,0.000000
2011-12-19 05:00:00,80.190002,80.489998,80.110001,80.250000,0.000000
2011-12-20 05:00:00,80.309998,80.489998,79.589996,79.879997,0.000000
2011-12-21 05:00:00,79.669998,80.099998,79.239998,80.019997,0.000000
2011-12-22 05:00:00,80.029999,80.129997,79.639999,79.919998,0.000000
2011-12-23 05:00:00,79.900002,80.059998,79.720001,80.010002,0.000000
2011-12-27 05:00:00,79.930000,80.050003,79.769997,79.790001,0.000000
2011-12-28 05:00:00,79.809998,80.599998,79.699997,80.489998,0.000000
2011-12-29 05:00:00,80.650002,80.849998,79.699997,80.480003,0.000000
2011-12-30 05:00:00,80.400002,80.849998,79.980003,80.169998,0.000000
2012-01-03 05:00:00,80.230003,80.389999,79.510002,79.610001,0.000000
2012-01-04 05:00:00,79.650002,80.320000,79.550003,80.089996,0.000000
2012-01-05 05:00:00,80.150002,81.010002,80.089996,80.940002,0.000000
2012-01-06 05:00:00,80.900002,81.370003,80.779999,81.239998,0.000000
2012-01-09 05:00:00,81.430000,81.500000,80.919998,81.050003,0.000000
2012-01-10 05:00:00,80.919998,81.470001,80.709999,80.800003,0.000000
2012-01-11 05:00:00,80.989998,81.489998,80.709999,81.349998,0.000000
2012-01-12 05:00:00,81.250000,81.489998,80.690002,80.769997,0.000000
2012-01-13 05:00:00,80.820000,81.779999,80.529999,81.430000,0.000000
2012-01-17 05:00:00,81.419998,81.699997,80.769997,81.180000,0.000000
2012-01-18 05:00:00,81.080002,81.449997,80.470001,80.599998,0.000000
2012-01-19 05:00:00,80.480003,81.120003,80.040001,80.209999,0.000000
2012-01-20 05:00:00,80.089996,80.580002,79.989998,80.220001,0.000000
2012-01-23 05:00:00,80.370003,80.389999,79.599998,79.690002,0.000000
2012-01-24 05:00:00,79.750000,80.389999,79.599998,79.860001,0.000000
2012-01-25 05:00:00,79.800003,80.349998,79.379997,79.570000,0.000000
2012-01-26 05:00:00,79.489998,79.540001,79.059998,79.410004,0.000000
2012-01-27 05:00:00,79.449997,79.540001,78.769997,78.900002,0.000000
2012-01-30 05:00:00,78.900002,79.449997,78.769997,79.160004,0.000000
2012-01-31 05:00:00,79.099998,79.480003,78.739998,79.279999,0.000000
2012-02-01 05:00:00,79.309998,79.570000,78.620003,78.919998,0.000000
2012-02-02 05:00:00,78.839996,79.199997,78.709999,78.970001,0.000000
2012-02-03 05:00:00,79.010002,79.360001,78.750000,78.940002,0.000000
2012-02-06 05:00:00,79.070000,79.519997,78.980003,79.089996,0.000000
2012-02-07 05:00:00,79.059998,79.510002,78.480003,78.570000,0.000000
2012-02-08 05:00:00,78.580002,79.260002,78.430000,78.639999,0.000000
2012-02-09 05:00:00,78.709999,78.800003,78.360001,78.559998,0.000000
2012-02-10 05:00:00,78.639999,79.190002,78.360001,79.110001,0.000000
2012-02-13 05:00:00,78.830002,79.110001,78.599998,78.940002,0.000000
2012-02-14 05:00:00,79.120003,79.629997,78.599998,79.580002,0.000000
2012-02-15 05:00:00,78.940002,79.730003,78.940002,79.669998,0.000000
2012-02-16 05:00:00,79.739998,80.110001,79.089996,79.339996,0.000000
2012-02-17 05:00:00,79.400002,80.110001,79.150002,79.330002,0.000000
2012-02-21 05:00:00,79.120003,79.260002,78.790001,79.040001,0.000000
2012-02-22 05:00:00,79.110001,79.379997,78.790001,79.209999,0.000000
2012-02-23 05:00:00,79.199997,79.379997,78.599998,78.809998,0.000000
2012-02-24 05:00:00,78.629997,79.279999,78.220001,78.349998,0.000000
2012-02-27 05:00:00,78.389999,78.769997,78.220001,78.559998,0.000000
2012-02-28 05:00:00,78.470001,78.669998,78.180000,78.269997,0.000000
2012-02-29 05:00:00,78.180000,78.870003,78.089996,78.730003,0.000000
2012-03-01 05:00:00,78.769997,78.930000,78.089996,78.779999,0.000000
2012-03-02 05:00:00,78.730003,79.449997,78.629997,79.400002,0.000000
2012-03-05 05:00:00,79.459999,79.570000,79.230003,79.320000,0.000000
2012-03-06 05:00:00,79.339996,79.860001,79.230003,79.860001,0.000000
2012-03-07 05:00:00,79.779999,79.919998,79.290001,79.709999,0.000000
2012-03-08 05:00:00,79.750000,79.779999,79.070000,79.160004,0.000000
2012-03-09 05:00:00,79.169998,80.059998,79.070000,80.040001,0.000000
2012-03-12 04:00:00,79.980003,80.129997,79.849998,79.870003,0.000000
2012-03-13 04:00:00,79.839996,80.320000,79.669998,80.190002,0.000000
2012-03-14 04:00:00,80.120003,80.620003,79.669998,80.559998,0.000000
2012-03-15 04:00:00,80.550003,80.730003,80.029999,80.150002,0.000000
2012-03-16 04:00:00,80.250000,80.730003,79.680000,79.779999,0.000000
2012-03-19 04:00:00,79.760002,79.879997,79.349998,79.449997,0.000000
2012-03-20 04:00:00,79.480003,79.879997,79.349998,79.589996,0.000000
2012-03-21 04:00:00,79.559998,79.830002,79.309998,79.629997,0.000000
2012-03-22 04:00:00,79.739998,79.739998,79.739998,79.739998,0.000000
2012-03-23 04:00:00,79.889999,79.940002,79.209999,79.339996,0.000000
2012-03-26 04:00:00,79.320000,79.720001,78.870003,78.930000,0.000000
2012-03-27 04:00:00,78.930000,79.720001,78.769997,79.040001,0.000000
2012-03-28 04:00:00,79.120003,79.339996,78.879997,79.160004,0.000000
2012-03-29 04:00:00,79.150002,79.339996,78.870003,79.180000,0.000000
2012-03-30 04:00:00,79.070000,79.080002,78.720001,78.930000,0.000000
2012-04-02 04:00:00,78.809998,79.129997,78.779999,78.820000,0.000000
2012-04-03 04:00:00,78.860001,79.489998,78.660004,79.480003,0.000000
2012-04-04 04:00:00,79.410004,79.919998,79.370003,79.760002,0.000000
2012-04-05 04:00:00,79.730003,80.169998,79.379997,80.070000,0.000000
2012-04-09 04:00:00,79.900002,80.089996,79.650002,79.730003,0.000000
2012-04-10 04:00:00,79.730003,80.089996,79.599998,79.889999,0.000000
2012-04-11 04:00:00,79.879997,79.940002,79.500000,79.779999,0.000000
2012-04-12 04:00:00,79.699997,79.940002,79.199997,79.279999,0.000000
2012-04-13 04:00:00,79.349998,79.910004,79.199997,79.879997,0.000000
2012-04-16 04:00:00,79.900002,80.169998,79.489998,79.550003,0.000000
2012-04-17 04:00:00,79.559998,80.169998,79.389999,79.470001,0.000000
2012-04-18 04:00:00,79.559998,79.860001,79.389999,79.529999,0.000000
2012-04-19 04:00:00,79.580002,79.860001,79.389999,79.559998,0.000000
2012-04-20 04:00:00,79.529999,79.610001,79.120003,79.180000,0.000000
2012-04-23 04:00:00,79.239998,79.639999,79.139999,79.419998,0.000000
2012-04-24 04:00:00,79.360001,79.639999,79.089996,79.220001,0.000000
2012-04-25 04:00:00,79.190002,79.430000,78.989998,79.010002,0.000000
2012-04-26 04:00:00,78.820000,79.309998,78.820000,78.910004,0.000000
2012-04-27 04:00:00,79.160004,79.250000,78.669998,78.699997,0.000000
2012-04-30 04:00:00,78.769997,78.910004,78.629997,78.790001,0.000000
2012-05-01 04:00:00,78.779999,78.970001,78.599998,78.860001,0.000000
2012-05-02 04:00:00,78.830002,79.309998,78.599998,79.129997,0.000000
2012-05-03 04:00:00,79.169998,79.419998,78.809998,79.220001,0.000000
2012-05-04 04:00:00,79.199997,79.519997,79.080002,79.470001,0.000000
2012-05-07 04:00:00,79.910004,80.029999,79.500000,79.599998,0.000000
2012-05-08 04:00:00,79.580002,80.029999,79.529999,79.730003,0.000000
2012-05-09 04:00:00,79.900002,80.269997,79.559998,80.080002,0.000000
2012-05-10 04:00:00,80.110001,80.269997,79.860001,80.110001,0.000000
2012-05-11 04:00:00,80.199997,80.330002,80.070000,80.279999,0.000000
2012-05-14 04:00:00,80.410004,80.720001,80.220001,80.599998,0.000000
2012-05-15 04:00:00,80.660004,81.290001,80.349998,81.220001,0.000000
2012-05-16 04:00:00,81.230003,81.570000,80.480003,81.370003,0.000000
2012-05-17 04:00:00,81.389999,81.680000,81.169998,81.379997,0.000000
2012-05-18 04:00:00,81.500000,81.750000,81.010002,81.290001,0.000000
2012-05-21 04:00:00,81.220001,81.930000,80.889999,81.080002,0.000000
2012-05-22 04:00:00,80.959999,81.760002,80.949997,81.669998,0.000000
2012-05-23 04:00:00,81.720001,82.220001,80.949997,82.089996,0.000000
2012-05-24 04:00:00,81.989998,82.370003,81.839996,82.290001,0.000000
2012-05-25 04:00:00,82.290001,82.459999,81.839996,82.400002,0.000000
2012-05-29 04:00:00,82.239998,82.610001,82.029999,82.440002,0.000000
2012-05-30 04:00:00,82.500000,83.099998,82.029999,83.010002,0.000000
2012-05-31 04:00:00,83.099998,83.209999,82.470001,83.040001,0.000000
2012-06-01 04:00:00,83.070000,83.540001,82.650002,82.889999,0.000000
2012-06-04 04:00:00,82.470001,83.070000,82.470001,82.550003,0.000000
2012-06-05 04:00:00,82.500000,82.940002,82.300003,82.800003,0.000000
2012-06-06 04:00:00,82.820000,82.940002,82.120003,82.320000,0.000000
2012-06-07 04:00:00,82.230003,82.809998,81.910004,82.050003,0.000000
2012-06-08 04:00:00,82.220001,82.889999,81.910004,82.510002,0.000000
2012-06-11 04:00:00,81.849998,82.680000,81.720001,82.510002,0.000000
2012-06-12 04:00:00,82.599998,82.720001,82.320000,82.410004,0.000000
2012-06-13 04:00:00,82.400002,82.720001,81.910004,82.050003,0.000000
2012-06-14 04:00:00,82.139999,82.290001,81.809998,81.900002,0.000000
2012-06-15 04:00:00,81.860001,81.940002,81.480003,81.589996,0.000000
2012-06-18 04:00:00,81.309998,82.059998,81.160004,81.940002,0.000000
2012-06-19 04:00:00,81.879997,82.059998,81.180000,81.370003,0.000000
2012-06-20 04:00:00,81.430000,81.739998,81.220001,81.489998,0.000000
2012-06-21 04:00:00,81.480003,82.389999,81.440002,82.320000,0.000000
2012-06-22 04:00:00,82.290001,82.459999,82.150002,82.220001,0.000000
2012-06-25 04:00:00,82.339996,82.629997,82.320000,82.459999,0.000000
2012-06-26 04:00:00,82.430000,82.680000,82.239998,82.370003,0.000000
2012-06-27 04:00:00,82.419998,82.690002,82.300003,82.559998,0.000000
2012-06-28 04:00:00,82.529999,82.870003,82.230003,82.669998,0.000000
2012-06-29 04:00:00,82.739998,82.739998,81.430000,81.650002,0.000000
2012-07-02 04:00:00,81.639999,81.959999,81.510002,81.870003,0.000000
2012-07-03 04:00:00,81.889999,82.019997,81.529999,81.779999,0.000000
2012-07-05 04:00:00,82.190002,82.949997,82.080002,82.809998,0.000000
2012-07-06 04:00:00,82.830002,83.430000,82.750000,83.290001,0.000000
2012-07-09 04:00:00,83.330002,83.500000,83.089996,83.160004,0.000000
2012-07-10 04:00:00,83.089996,83.480003,82.970001,83.360001,0.000000
2012-07-11 04:00:00,83.570000,83.570000,83.570000,83.570000,0.000000
2012-07-12 04:00:00,83.449997,83.820000,83.099998,83.650002,0.000000
2012-07-13 04:00:00,83.610001,83.779999,83.260002,83.300003,0.000000
2012-07-16 04:00:00,83.250000,83.639999,83.019997,83.089996,0.000000
2012-07-17 04:00:00,83.139999,83.639999,82.910004,83.029999,0.000000
2012-07-18 04:00:00,83.029999,83.339996,82.919998,82.949997,0.000000
2012-07-19 04:00:00,83.000000,83.150002,82.730003,82.900002,0.000000
2012-07-20 04:00:00,82.930000,83.550003,82.730003,83.470001,0.000000
2012-07-23 04:00:00,83.660004,84.000000,82.870003,83.709999,0.000000
2012-07-24 04:00:00,83.750000,84.099998,83.610001,84.010002,0.000000
2012-07-25 04:00:00,83.980003,84.099998,83.500000,83.519997,0.000000
2012-07-26 04:00:00,82.809998,82.809998,82.809998,82.809998,0.000000
2012-07-27 04:00:00,82.849998,83.730003,82.339996,82.709999,0.000000
2012-07-30 04:00:00,82.690002,82.989998,82.529999,82.790001,0.000000
2012-07-31 04:00:00,82.809998,82.989998,82.510002,82.639999,0.000000
2012-08-01 04:00:00,82.709999,83.160004,82.480003,83.059998,0.000000
2012-08-02 04:00:00,83.050003,83.510002,82.199997,83.330002,0.000000
2012-08-03 04:00:00,83.330002,83.510002,82.199997,82.379997,0.000000
2012-08-06 04:00:00,82.330002,82.570000,82.080002,82.269997,0.000000
2012-08-07 04:00:00,82.320000,82.570000,82.040001,82.209999,0.000000
2012-08-08 04:00:00,82.309998,82.529999,82.040001,82.389999,0.000000
2012-08-09 04:00:00,82.320000,82.790001,82.230003,82.639999,0.000000
2012-08-10 04:00:00,82.620003,82.870003,82.230003,82.550003,0.000000
2012-08-13 04:00:00,82.580002,82.870003,82.220001,82.440002,0.000000
2012-08-14 04:00:00,82.430000,82.709999,82.199997,82.480003,0.000000
2012-08-15 04:00:00,82.529999,82.779999,82.199997,82.650002,0.000000
2012-08-16 04:00:00,82.680000,82.879997,82.320000,82.360001,0.000000
2012-08-17 04:00:00,82.379997,82.879997,82.320000,82.599998,0.000000
2012-08-20 04:00:00,82.589996,82.720001,82.379997,82.459999,0.000000
2012-08-21 04:00:00,82.430000,82.720001,81.790001,81.910004,0.000000
2012-08-22 04:00:00,81.919998,82.470001,81.449997,81.489998,0.000000
2012-08-23 04:00:00,81.459999,82.120003,81.220001,81.360001,0.000000
2012-08-24 04:00:00,81.410004,81.720001,81.220001,81.589996,0.000000
2012-08-27 04:00:00,81.570000,81.720001,81.489998,81.660004,0.000000
2012-08-28 04:00:00,81.660004,81.820000,81.260002,81.370003,0.000000
2012-08-29 04:00:00,81.360001,81.820000,81.260002,81.550003,0.000000
2012-08-30 04:00:00,81.559998,81.750000,81.400002,81.680000,0.000000
2012-08-31 04:00:00,81.680000,81.720001,80.959999,81.250000,0.000000
2012-09-04 04:00:00,81.239998,81.379997,81.050003,81.320000,0.000000
2012-09-05 04:00:00,81.389999,81.669998,81.050003,81.239998,0.000000
2012-09-06 04:00:00,81.250000,81.449997,81.019997,81.080002,0.000000
2012-09-07 04:00:00,81.139999,81.449997,80.150002,80.250000,0.000000
2012-09-10 04:00:00,80.169998,80.430000,80.169998,80.360001,0.000000
2012-09-11 04:00:00,80.379997,80.430000,79.790001,79.860001,0.000000
2012-09-12 04:00:00,79.879997,80.389999,79.519997,79.739998,0.000000
2012-09-13 04:00:00,79.709999,80.019997,79.180000,79.260002,0.000000
2012-09-14 04:00:00,79.239998,79.830002,78.599998,78.849998,0.000000
2012-09-17 04:00:00,78.870003,79.059998,78.720001,79.010002,0.000000
2012-09-18 04:00:00,78.970001,79.279999,78.720001,79.250000,0.000000
2012-09-19 04:00:00,79.190002,79.400002,78.919998,79.059998,0.000000
2012-09-20 04:00:00,79.099998,79.660004,79.000000,79.410004,0.000000
2012-09-21 04:00:00,79.389999,79.660004,79.050003,79.330002,0.000000
2012-09-24 04:00:00,79.400002,79.769997,79.050003,79.519997,0.000000
2012-09-25 04:00:00,79.529999,79.769997,79.330002,79.550003,0.000000
2012-09-26 04:00:00,79.690002,80.010002,79.330002,79.889999,0.000000
2012-09-27 04:00:00,79.820000,80.010002,79.489998,79.550003,0.000000
2012-09-28 04:00:00,79.559998,80.000000,79.360001,79.940002,0.000000
2012-10-01 04:00:00,80.000000,80.150002,79.360001,79.820000,0.000000
2012-10-02 04:00:00,79.809998,80.150002,79.480003,79.739998,0.000000
2012-10-03 04:00:00,79.800003,80.000000,79.480003,79.970001,0.000000
2012-10-04 04:00:00,79.860001,80.000000,79.269997,79.349998,0.000000
2012-10-05 04:00:00,79.379997,79.910004,79.099998,79.339996,0.000000
2012-10-08 04:00:00,79.389999,79.709999,79.320000,79.540001,0.000000
2012-10-09 04:00:00,79.599998,80.070000,79.400002,79.949997,0.000000
2012-10-10 04:00:00,80.050003,80.190002,79.500000,79.919998,0.000000
2012-10-11 04:00:00,80.059998,80.209999,79.699997,79.779999,0.000000
2012-10-12 04:00:00,79.800003,79.830002,79.510002,79.690002,0.000000
2012-10-15 04:00:00,79.709999,79.970001,79.510002,79.739998,0.000000
2012-10-16 04:00:00,79.720001,79.760002,79.309998,79.370003,0.000000
2012-10-17 04:00:00,79.169998,79.760002,78.940002,79.019997,0.000000
2012-10-18 04:00:00,79.099998,79.410004,78.940002,79.370003,0.000000
2012-10-19 04:00:00,79.330002,79.660004,79.320000,79.639999,0.000000
2012-10-22 04:00:00,79.620003,79.680000,79.470001,79.650002,0.000000
2012-10-23 04:00:00,79.540001,80.059998,79.470001,79.980003,0.000000
2012-10-24 04:00:00,79.940002,80.150002,79.820000,79.970001,0.000000
2012-10-25 04:00:00,79.959999,80.150002,79.699997,80.040001,0.000000
2012-10-26 04:00:00,80.110001,80.269997,79.699997,80.070000,0.000000
2012-10-31 04:00:00,79.919998,80.279999,79.669998,79.919998,0.000000
2012-11-01 04:00:00,79.940002,80.110001,79.669998,80.050003,0.000000
2012-11-02 04:00:00,80.019997,80.610001,79.860001,80.589996,0.000000
2012-11-05 05:00:00,80.629997,80.839996,80.500000,80.750000,0.000000
2012-11-06 05:00:00,80.709999,80.839996,80.500000,80.610001,0.000000
2012-11-07 05:00:00,80.639999,80.919998,80.279999,80.760002,0.000000
2012-11-08 05:00:00,80.860001,81.000000,80.279999,80.790001,0.000000
2012-11-09 05:00:00,80.849998,81.089996,80.610001,81.029999,0.000000
2012-11-12 05:00:00,81.000000,81.099998,80.910004,81.040001,0.000000
2012-11-13 05:00:00,81.110001,81.239998,80.910004,81.080002,0.000000
2012-11-14 05:00:00,81.050003,81.239998,80.900002,81.059998,0.000000
2012-11-15 05:00:00,81.150002,81.209999,80.900002,81.080002,0.000000
2012-11-16 05:00:00,81.029999,81.459999,80.930000,81.260002,0.000000
2012-11-19 05:00:00,81.160004,81.199997,80.790001,80.870003,0.000000
2012-11-20 05:00:00,81.000000,81.199997,80.790001,80.959999,0.000000
2012-11-21 05:00:00,80.910004,81.269997,80.790001,80.930000,0.000000
2012-11-23 05:00:00,80.730003,80.889999,80.129997,80.190002,0.000000
2012-11-26 05:00:00,80.260002,80.309998,80.029999,80.250000,0.000000
2012-11-27 05:00:00,80.099998,80.470001,80.019997,80.400002,0.000000
2012-11-28 05:00:00,80.379997,80.589996,80.019997,80.339996,0.000000
2012-11-29 05:00:00,80.320000,80.589996,80.019997,80.199997,0.000000
2012-11-30 05:00:00,80.209999,80.349998,80.019997,80.150002,0.000000
2012-12-03 05:00:00,80.180000,80.269997,79.800003,79.879997,0.000000
2012-12-04 05:00:00,79.889999,80.190002,79.610001,79.639999,0.000000
2012-12-05 05:00:00,79.589996,79.919998,79.570000,79.769997,0.000000
2012-12-06 05:00:00,79.800003,80.320000,79.570000,80.260002,0.000000
2012-12-07 05:00:00,80.269997,80.660004,79.730003,80.419998,0.000000
2012-12-10 05:00:00,80.489998,80.660004,80.230003,80.330002,0.000000
2012-12-11 05:00:00,80.300003,80.570000,80.000000,80.059998,0.000000
2012-12-12 05:00:00,80.050003,80.129997,79.709999,79.889999,0.000000
2012-12-13 05:00:00,79.870003,80.129997,79.709999,79.930000,0.000000
2012-12-14 05:00:00,79.949997,79.980003,79.500000,79.599998,0.000000
2012-12-17 05:00:00,79.629997,79.699997,79.470001,79.570000,0.000000
2012-12-18 05:00:00,79.570000,79.699997,79.260002,79.360001,0.000000
2012-12-19 05:00:00,79.349998,79.379997,79.010002,79.250000,0.000000
2012-12-20 05:00:00,79.360001,79.459999,79.010002,79.260002,0.000000
2012-12-21 05:00:00,79.330002,79.650002,79.300003,79.620003,0.000000
2012-12-24 05:00:00,79.620003,79.709999,79.370003,79.639999,0.000000
2012-12-26 05:00:00,79.680000,79.779999,79.370003,79.620003,0.000000
2012-12-27 05:00:00,79.559998,79.790001,79.360001,79.620003,0.000000
2012-12-28 05:00:00,79.660004,79.930000,79.589996,79.680000,0.000000
2012-12-31 05:00:00,79.620003,79.930000,79.580002,79.769997,0.000000
2013-01-02 05:00:00,79.750000,79.930000,79.279999,79.849998,0.000000
2013-01-03 05:00:00,79.809998,80.459999,79.800003,80.430000,0.000000
2013-01-04 05:00:00,80.550003,80.870003,79.800003,80.500000,0.000000
2013-01-07 05:00:00,80.510002,80.870003,80.120003,80.260002,0.000000
2013-01-08 05:00:00,80.150002,80.680000,80.110001,80.349998,0.000000
2013-01-09 05:00:00,80.300003,80.639999,80.110001,80.559998,0.000000
2013-01-10 05:00:00,80.589996,80.669998,79.669998,79.739998,0.000000
2013-01-11 05:00:00,79.790001,80.669998,79.440002,79.559998,0.000000
2013-01-14 05:00:00,79.529999,79.650002,79.349998,79.489998,0.000000
2013-01-15 05:00:00,79.500000,79.870003,79.349998,79.779999,0.000000
2013-01-16 05:00:00,79.690002,79.900002,79.389999,79.800003,0.000000
2013-01-17 05:00:00,79.830002,79.900002,79.570000,79.650002,0.000000
2013-01-18 05:00:00,79.680000,80.190002,79.650002,80.050003,0.000000
2013-01-22 05:00:00,80.059998,80.089996,79.690002,79.870003,0.000000
2013-01-23 05:00:00,79.879997,80.129997,79.690002,79.919998,0.000000
2013-01-24 05:00:00,79.980003,80.150002,79.699997,79.949997,0.000000
2013-01-25 05:00:00,80.010002,80.150002,79.680000,79.750000,0.000000
2013-01-28 05:00:00,79.790001,79.930000,79.720001,79.779999,0.000000
2013-01-29 05:00:00,79.779999,79.930000,79.519997,79.559998,0.000000
2013-01-30 05:00:00,79.580002,79.860001,79.180000,79.279999,0.000000
2013-01-31 05:00:00,79.250000,79.370003,79.129997,79.209999,0.000000
2013-02-01 05:00:00,79.099998,79.370003,78.919998,79.129997,0.000000
2013-02-04 05:00:00,79.190002,79.610001,78.919998,79.550003,0.000000
2013-02-05 05:00:00,79.580002,79.790001,79.180000,79.489998,0.000000
2013-02-06 05:00:00,79.540001,79.860001,79.449997,79.720001,0.000000
2013-02-07 05:00:00,79.750000,80.279999,79.489998,80.190002,0.000000
2013-02-08 05:00:00,80.250000,80.279999,79.540001,80.250000,0.000000
2013-02-11 05:00:00,80.209999,80.400002,80.110001,80.309998,0.000000
2013-02-12 05:00:00,80.360001,80.510002,79.919998,80.110001,0.000000
2013-02-13 05:00:00,80.050003,80.510002,79.839996,80.089996,0.000000
2013-02-14 05:00:00,79.839996,80.620003,79.839996,80.459999,0.000000
2013-02-15 05:00:00,80.430000,80.620003,80.050003,80.580002,0.000000
2013-02-19 05:00:00,80.639999,80.730003,80.430000,80.470001,0.000000
2013-02-20 05:00:00,80.419998,81.120003,80.269997,81.089996,0.000000
2013-02-21 05:00:00,81.080002,81.510002,80.269997,81.459999,0.000000
2013-02-22 05:00:00,81.370003,81.589996,81.029999,81.480003,0.000000
2013-02-25 05:00:00,81.620003,81.919998,81.070000,81.669998,0.000000
2013-02-26 05:00:00,81.830002,81.949997,81.070000,81.870003,0.000000
2013-02-27 05:00:00,81.860001,81.949997,81.500000,81.599998,0.000000
2013-02-28 05:00:00,81.510002,81.989998,81.470001,81.980003,0.000000
2013-03-01 05:00:00,81.919998,82.510002,81.470001,82.309998,0.000000
2013-03-04 05:00:00,82.300003,82.470001,82.160004,82.220001,0.000000
2013-03-05 05:00:00,82.129997,82.470001,81.900002,82.089996,0.000000
2013-03-06 05:00:00,82.029999,82.599998,81.900002,82.459999,0.000000
2013-03-07 05:00:00,82.559998,82.599998,81.930000,82.080002,0.000000
2013-03-08 05:00:00,82.099998,82.919998,81.959999,82.699997,0.000000
2013-03-11 04:00:00,82.809998,82.860001,82.519997,82.570000,0.000000
2013-03-12 04:00:00,82.660004,82.830002,82.410004,82.580002,0.000000
2013-03-13 04:00:00,82.599998,83.059998,82.330002,82.889999,0.000000
2013-03-14 04:00:00,82.900002,83.169998,82.330002,82.610001,0.000000
2013-03-15 04:00:00,82.550003,83.169998,82.050003,82.260002,0.000000
2013-03-18 04:00:00,82.790001,82.879997,82.440002,82.690002,0.000000
2013-03-19 04:00:00,82.720001,83.099998,82.440002,82.989998,0.000000
2013-03-20 04:00:00,83.040001,83.099998,82.570000,82.779999,0.000000
2013-03-21 04:00:00,82.879997,83.019997,82.680000,82.800003,0.000000
2013-03-22 04:00:00,82.809998,83.019997,82.290001,82.529999,0.000000
2013-03-25 04:00:00,82.449997,82.949997,82.150002,82.870003,0.000000
2013-03-26 04:00:00,82.889999,82.980003,82.150002,82.879997,0.000000
2013-03-27 04:00:00,82.870003,83.300003,82.839996,83.209999,0.000000
2013-03-28 04:00:00,83.199997,83.300003,82.830002,82.989998,0.000000
2013-04-01 04:00:00,83.040001,83.180000,82.650002,82.730003,0.000000
2013-04-02 04:00:00,82.720001,82.949997,82.489998,82.940002,0.000000
2013-04-03 04:00:00,82.489998,83.070000,82.489998,82.720001,0.000000
2013-04-04 04:00:00,82.620003,83.489998,82.620003,82.680000,0.000000
2013-04-05 04:00:00,82.269997,83.489998,82.269997,82.500000,0.000000
2013-04-08 04:00:00,82.489998,82.830002,82.489998,82.750000,0.000000
2013-04-09 04:00:00,82.279999,82.830002,82.279999,82.309998,0.000000
2013-04-10 04:00:00,82.230003,82.699997,82.230003,82.529999,0.000000
2013-04-11 04:00:00,82.070000,82.580002,82.070000,82.250000,0.000000
2013-04-12 04:00:00,82.050003,82.580002,82.050003,82.309998,0.000000
2013-04-15 04:00:00,81.959999,82.440002,81.959999,82.419998,0.000000
2013-04-16 04:00:00,81.720001,82.519997,81.720001,81.750000,0.000000
2013-04-17 04:00:00,81.820000,82.699997,81.820000,82.660004,0.000000
2013-04-18 04:00:00,82.639999,82.660004,82.349998,82.550003,0.000000
2013-04-19 04:00:00,82.309998,82.779999,82.309998,82.709999,0.000000
2013-04-22 04:00:00,82.309998,82.910004,82.309998,82.680000,0.000000
2013-04-23 04:00:00,82.639999,83.059998,82.519997,83.029999,0.000000
2013-04-24 04:00:00,83.010002,83.190002,82.849998,82.930000,0.000000
2013-04-25 04:00:00,82.400002,83.190002,82.400002,82.739998,0.000000
2013-04-26 04:00:00,82.809998,82.839996,82.389999,82.480003,0.000000
2013-04-29 04:00:00,82.040001,82.489998,82.040001,82.150002,0.000000
2013-04-30 04:00:00,82.160004,82.269997,81.599998,81.730003,0.000000
2013-05-01 04:00:00,81.709999,81.739998,81.330002,81.639999,0.000000
2013-05-02 04:00:00,81.620003,82.349998,81.510002,82.209999,0.000000
2013-05-03 04:00:00,82.220001,82.519997,81.910004,82.099998,0.000000
2013-05-06 04:00:00,81.980003,82.410004,81.980003,82.320000,0.000000
2013-05-07 04:00:00,82.320000,82.349998,82.070000,82.300003,0.000000
2013-05-08 04:00:00,81.720001,82.349998,81.720001,81.900002,0.000000
2013-05-09 04:00:00,81.720001,82.820000,81.720001,82.790001,0.000000
2013-05-10 04:00:00,81.779999,83.440002,81.779999,83.139999,0.000000
2013-05-13 04:00:00,83.239998,83.360001,83.070000,83.260002,0.000000
2013-05-14 04:00:00,83.199997,83.599998,82.959999,83.570000,0.000000
2013-05-15 04:00:00,82.959999,84.089996,82.959999,83.830002,0.000000
2013-05-16 04:00:00,83.800003,84.000000,83.449997,83.769997,0.000000
2013-05-17 04:00:00,83.730003,84.370003,83.720001,84.279999,0.000000
2013-05-20 04:00:00,84.209999,84.260002,83.699997,83.809998,0.000000
2013-05-21 04:00:00,83.650002,84.260002,83.650002,83.860001,0.000000
2013-05-22 04:00:00,83.790001,84.419998,83.459999,84.250000,0.000000
2013-05-23 04:00:00,83.800003,83.800003,83.800003,83.800003,0.000000
2013-05-24 04:00:00,83.430000,84.500000,83.430000,83.699997,0.000000
2013-05-28 04:00:00,83.669998,84.239998,83.639999,84.139999,0.000000
2013-05-29 04:00:00,84.300003,84.370003,83.480003,83.639999,0.000000
2013-05-30 04:00:00,83.639999,83.709999,82.980003,83.010002,0.000000
2013-05-31 04:00:00,82.959999,83.709999,82.959999,83.379997,0.000000
2013-06-03 04:00:00,83.309998,83.379997,82.430000,82.680000,0.000000
2013-06-04 04:00:00,82.709999,82.980003,82.599998,82.769997,0.000000
2013-06-05 04:00:00,82.800003,82.889999,82.489998,82.570000,0.000000
2013-06-06 04:00:00,82.529999,82.680000,81.080002,81.519997,0.000000
2013-06-07 04:00:00,81.559998,81.849998,81.089996,81.690002,0.000000
2013-06-10 04:00:00,81.599998,82.089996,81.599998,81.650002,0.000000
2013-06-11 04:00:00,81.690002,81.750000,81.040001,81.059998,0.000000
2013-06-12 04:00:00,81.089996,81.309998,80.750000,80.959999,0.000000
2013-06-13 04:00:00,80.900002,80.989998,80.500000,80.620003,0.000000
2013-06-14 04:00:00,80.500000,81.010002,80.500000,80.669998,0.000000
2013-06-17 04:00:00,80.620003,80.879997,80.540001,80.570000,0.000000
2013-06-18 04:00:00,80.629997,80.989998,80.559998,80.620003,0.000000
2013-06-19 04:00:00,80.500000,81.500000,80.500000,81.430000,0.000000
2013-06-20 04:00:00,81.410004,82.150002,81.269997,81.839996,0.000000
2013-06-21 04:00:00,81.269997,82.519997,81.269997,82.320000,0.000000
2013-06-24 04:00:00,82.309998,82.839996,82.309998,82.430000,0.000000
2013-06-25 04:00:00,82.239998,82.839996,82.239998,82.580002,0.000000
2013-06-26 04:00:00,82.690002,83.029999,82.510002,82.949997,0.000000
2013-06-27 04:00:00,82.930000,83.169998,82.769997,82.910004,0.000000
2013-06-28 04:00:00,83.000000,83.339996,82.760002,83.169998,0.000000
2013-07-01 04:00:00,83.199997,83.230003,82.970001,82.980003,0.000000
2013-07-02 04:00:00,82.970001,83.610001,82.970001,83.540001,0.000000
2013-07-03 04:00:00,82.970001,83.720001,82.970001,83.230003,0.000000
2013-07-05 04:00:00,83.860001,84.529999,83.830002,84.419998,0.000000
2013-07-08 04:00:00,84.489998,84.589996,84.150002,84.199997,0.000000
2013-07-09 04:00:00,84.089996,84.750000,84.089996,84.580002,0.000000
2013-07-10 04:00:00,83.169998,84.750000,83.169998,84.040001,0.000000
2013-07-11 04:00:00,82.279999,84.730003,82.279999,82.750000,0.000000
2013-07-12 04:00:00,82.419998,83.250000,82.419998,82.989998,0.000000
2013-07-15 04:00:00,82.870003,83.459999,82.870003,83.040001,0.000000
2013-07-16 04:00:00,83.129997,83.150002,82.400002,82.430000,0.000000
2013-07-17 04:00:00,82.339996,83.110001,82.339996,82.709999,0.000000
2013-07-18 04:00:00,82.339996,83.029999,82.339996,82.820000,0.000000
2013-07-19 04:00:00,82.800003,82.940002,82.519997,82.580002,0.000000
2013-07-22 04:00:00,82.610001,82.610001,82.050003,82.220001,0.000000
2013-07-23 04:00:00,82.180000,82.379997,81.930000,82.010002,0.000000
2013-07-24 04:00:00,82.019997,82.410004,81.940002,82.300003,0.000000
2013-07-25 04:00:00,81.620003,82.410004,81.620003,81.970001,0.000000
2013-07-26 04:00:00,81.769997,81.830002,81.550003,81.620003,0.000000
2013-07-29 04:00:00,81.500000,81.830002,81.500000,81.660004,0.000000
2013-07-30 04:00:00,81.709999,81.980003,81.580002,81.830002,0.000000
2013-07-31 04:00:00,81.410004,82.190002,81.410004,81.449997,0.000000
2013-08-01 04:00:00,81.410004,82.410004,81.410004,82.339996,0.000000
2013-08-02 04:00:00,81.610001,82.489998,81.610001,81.910004,0.000000
2013-08-05 04:00:00,81.750000,82.489998,81.750000,81.879997,0.000000
2013-08-06 04:00:00,81.510002,82.089996,81.510002,81.599998,0.000000
2013-08-07 04:00:00,81.230003,81.959999,81.230003,81.290001,0.000000
2013-08-08 04:00:00,81.260002,81.360001,80.870003,81.010002,0.000000
2013-08-09 04:00:00,80.870003,81.360001,80.870003,81.129997,0.000000
2013-08-12 04:00:00,81.070000,81.510002,81.070000,81.330002,0.000000
2013-08-13 04:00:00,81.510002,81.879997,81.400002,81.730003,0.000000
2013-08-14 04:00:00,81.769997,81.849998,81.610001,81.699997,0.000000
2013-08-15 04:00:00,81.690002,81.940002,81.110001,81.129997,0.000000
2013-08-16 04:00:00,81.050003,81.940002,81.050003,81.260002,0.000000
2013-08-19 04:00:00,81.139999,81.389999,81.139999,81.230003,0.000000
2013-08-20 04:00:00,80.750000,81.389999,80.750000,80.910004,0.000000
2013-08-21 04:00:00,80.949997,81.410004,80.900002,81.320000,0.000000
2013-08-22 04:00:00,81.379997,81.720001,81.379997,81.489998,0.000000
2013-08-23 04:00:00,81.419998,81.660004,81.220001,81.339996,0.000000
2013-08-26 04:00:00,81.339996,81.510002,81.269997,81.370003,0.000000
2013-08-27 04:00:00,81.110001,81.570000,81.110001,81.169998,0.000000
2013-08-28 04:00:00,81.129997,81.599998,81.110001,81.419998,0.000000
2013-08-29 04:00:00,81.110001,82.070000,81.110001,81.949997,0.000000
2013-08-30 04:00:00,81.379997,82.260002,81.379997,82.089996,0.000000
2013-09-03 04:00:00,82.019997,82.519997,82.019997,82.360001,0.000000
2013-09-04 04:00:00,82.080002,82.519997,82.080002,82.169998,0.000000
2013-09-05 04:00:00,82.199997,82.669998,82.099998,82.629997,0.000000
2013-09-06 04:00:00,82.629997,82.629997,82.040001,82.150002,0.000000
2013-09-09 04:00:00,81.699997,82.629997,81.699997,81.790001,0.000000
2013-09-10 04:00:00,81.699997,82.309998,81.699997,81.820000,0.000000
2013-09-11 04:00:00,81.449997,81.980003,81.449997,81.519997,0.000000
2013-09-12 04:00:00,81.360001,81.940002,81.360001,81.489998,0.000000
2013-09-13 04:00:00,81.360001,81.739998,81.360001,81.449997,0.000000
2013-09-16 04:00:00,81.230003,81.309998,80.970001,81.250000,0.000000
2013-09-17 04:00:00,81.279999,81.349998,81.110001,81.169998,0.000000
2013-09-18 04:00:00,80.059998,81.349998,80.059998,80.239998,0.000000
2013-09-19 04:00:00,80.239998,80.449997,80.070000,80.360001,0.000000
2013-09-20 04:00:00,80.360001,80.580002,80.300003,80.440002,0.000000
2013-09-23 04:00:00,80.290001,80.529999,80.290001,80.449997,0.000000
2013-09-24 04:00:00,80.290001,80.620003,80.290001,80.559998,0.000000
2013-09-25 04:00:00,80.290001,80.629997,80.290001,80.330002,0.000000
2013-09-26 04:00:00,80.290001,80.650002,80.290001,80.519997,0.000000
2013-09-27 04:00:00,80.540001,80.589996,80.110001,80.269997,0.000000
2013-09-30 04:00:00,80.029999,80.430000,80.029999,80.220001,0.000000
2013-10-01 04:00:00,80.269997,80.320000,79.860001,80.099998,0.000000
2013-10-02 04:00:00,80.209999,80.279999,79.779999,79.879997,0.000000
2013-10-03 04:00:00,79.900002,79.919998,79.629997,79.769997,0.000000
2013-10-04 04:00:00,79.629997,80.190002,79.629997,80.120003,0.000000
2013-10-07 04:00:00,79.680000,80.190002,79.680000,79.940002,0.000000
2013-10-08 04:00:00,79.839996,80.139999,79.839996,80.059998,0.000000
2013-10-09 04:00:00,79.910004,80.570000,79.879997,80.370003,0.000000
2013-10-10 04:00:00,79.879997,80.599998,79.879997,80.419998,0.000000
2013-10-11 04:00:00,80.239998,80.599998,80.239998,80.360001,0.000000
2013-10-14 04:00:00,80.129997,80.430000,80.129997,80.260002,0.000000
2013-10-15 04:00:00,80.129997,80.699997,80.129997,80.480003,0.000000
2013-10-16 04:00:00,80.440002,80.750000,80.279999,80.500000,0.000000
2013-10-17 04:00:00,80.519997,80.559998,79.610001,79.650002,0.000000
2013-10-18 04:00:00,79.690002,79.760002,79.480003,79.639999,0.000000
2013-10-21 04:00:00,79.620003,79.820000,79.620003,79.680000,0.000000
2013-10-22 04:00:00,79.739998,79.790001,79.180000,79.239998,0.000000
2013-10-23 04:00:00,79.260002,79.389999,79.139999,79.260002,0.000000
2013-10-24 04:00:00,79.279999,79.320000,79.080002,79.190002,0.000000
2013-10-25 04:00:00,79.199997,79.320000,79.000000,79.180000,0.000000
2013-10-28 04:00:00,79.150002,79.379997,79.150002,79.250000,0.000000
2013-10-29 04:00:00,79.320000,79.669998,79.290001,79.629997,0.000000
2013-10-30 04:00:00,79.610001,79.910004,79.449997,79.750000,0.000000
2013-10-31 04:00:00,79.449997,80.269997,79.449997,80.199997,0.000000
2013-11-01 04:00:00,80.230003,80.790001,80.230003,80.730003,0.000000
2013-11-04 05:00:00,80.690002,80.930000,80.529999,80.550003,0.000000
2013-11-05 05:00:00,80.500000,80.930000,80.500000,80.709999,0.000000
2013-11-06 05:00:00,80.379997,80.809998,80.379997,80.480003,0.000000
2013-11-07 05:00:00,80.519997,81.459999,80.440002,80.820000,0.000000
2013-11-08 05:00:00,80.889999,81.480003,80.779999,81.209999,0.000000
2013-11-11 05:00:00,81.290001,81.339996,81.070000,81.089996,0.000000
2013-11-12 05:00:00,81.019997,81.459999,81.019997,81.190002,0.000000
2013-11-13 05:00:00,80.730003,81.459999,80.730003,80.930000,0.000000
2013-11-14 05:00:00,80.809998,81.209999,80.739998,80.980003,0.000000
2013-11-15 05:00:00,81.029999,81.150002,80.779999,80.839996,0.000000
2013-11-18 05:00:00,80.570000,80.919998,80.570000,80.830002,0.000000
2013-11-19 05:00:00,80.489998,80.919998,80.489998,80.699997,0.000000
2013-11-20 05:00:00,80.489998,81.129997,80.489998,81.110001,0.000000
2013-11-21 05:00:00,81.059998,81.290001,80.949997,81.050003,0.000000
2013-11-22 05:00:00,81.019997,81.089996,80.690002,80.709999,0.000000
2013-11-25 05:00:00,80.690002,81.019997,80.680000,80.919998,0.000000
2013-11-26 05:00:00,80.800003,80.900002,80.599998,80.610001,0.000000
2013-11-27 05:00:00,80.639999,80.790001,80.480003,80.739998,0.000000
2013-11-29 05:00:00,80.589996,80.680000,80.489998,80.680000,0.000000
2013-12-02 05:00:00,80.660004,80.959999,80.500000,80.910004,0.000000
2013-12-03 05:00:00,80.889999,80.989998,80.500000,80.620003,0.000000
2013-12-04 05:00:00,80.629997,80.910004,80.540001,80.629997,0.000000
2013-12-05 05:00:00,80.639999,80.830002,80.230003,80.269997,0.000000
2013-12-06 05:00:00,80.300003,80.610001,80.220001,80.269997,0.000000
2013-12-09 05:00:00,80.250000,80.330002,80.120003,80.129997,0.000000
2013-12-10 05:00:00,80.129997,80.180000,79.839996,79.970001,0.000000
2013-12-11 05:00:00,79.980003,80.059998,79.760002,79.889999,0.000000
2013-12-12 05:00:00,79.900002,80.250000,79.849998,80.199997,0.000000
2013-12-13 05:00:00,80.230003,80.419998,80.160004,80.209999,0.000000
2013-12-16 05:00:00,80.190002,80.220001,79.919998,80.070000,0.000000
2013-12-17 05:00:00,80.099998,80.279999,79.980003,80.059998,0.000000
2013-12-18 05:00:00,80.050003,80.570000,79.809998,80.110001,0.000000
2013-12-19 05:00:00,80.519997,80.669998,80.470001,80.629997,0.000000
2013-12-20 05:00:00,80.709999,80.830002,80.389999,80.580002,0.000000
2013-12-23 05:00:00,80.550003,80.550003,80.320000,80.449997,0.000000
2013-12-24 05:00:00,80.440002,80.620003,80.430000,80.529999,0.000000
2013-12-26 05:00:00,80.610001,80.620003,80.449997,80.480003,0.000000
2013-12-27 05:00:00,80.510002,80.519997,79.690002,80.389999,0.000000
2013-12-30 05:00:00,80.339996,80.430000,79.930000,80.000000,0.000000
2013-12-31 05:00:00,80.010002,80.220001,79.970001,80.040001,0.000000
2014-01-02 05:00:00,80.139999,80.709999,80.080002,80.629997,0.000000
2014-01-03 05:00:00,80.559998,80.900002,80.489998,80.790001,0.000000
2014-01-06 05:00:00,80.870003,80.910004,80.540001,80.650002,0.000000
2014-01-07 05:00:00,80.680000,80.949997,80.599998,80.830002,0.000000
2014-01-08 05:00:00,80.910004,81.169998,80.830002,81.040001,0.000000
2014-01-09 05:00:00,81.070000,81.190002,80.849998,81.010002,0.000000
2014-01-10 05:00:00,80.949997,81.139999,80.529999,80.660004,0.000000
2014-01-13 05:00:00,80.580002,80.750000,80.470001,80.510002,0.000000
2014-01-14 05:00:00,80.589996,80.699997,80.440002,80.610001,0.000000
2014-01-15 05:00:00,80.660004,81.129997,80.650002,81.000000,0.000000
2014-01-16 05:00:00,81.050003,81.120003,80.769997,80.900002,0.000000
2014-01-17 05:00:00,80.930000,81.300003,80.910004,81.260002,0.000000
2014-01-21 05:00:00,81.180000,81.389999,81.040001,81.099998,0.000000
2014-01-22 05:00:00,81.099998,81.209999,80.959999,81.169998,0.000000
2014-01-23 05:00:00,81.250000,81.309998,80.410004,80.440002,0.000000
2014-01-24 05:00:00,80.480003,80.559998,80.150002,80.459999,0.000000
2014-01-27 05:00:00,80.459999,80.559998,80.300003,80.500000,0.000000
2014-01-28 05:00:00,80.489998,80.760002,80.389999,80.570000,0.000000
2014-01-29 05:00:00,80.650002,80.820000,80.440002,80.510002,0.000000
2014-01-30 05:00:00,80.570000,81.139999,80.550003,81.089996,0.000000
2014-01-31 05:00:00,81.040001,81.320000,80.989998,81.269997,0.000000
2014-02-03 05:00:00,81.250000,81.320000,80.989998,81.010002,0.000000
2014-02-04 05:00:00,81.080002,81.220001,80.989998,81.120003,0.000000
2014-02-05 05:00:00,81.120003,81.239998,80.900002,81.029999,0.000000
2014-02-06 05:00:00,81.050003,81.230003,80.730003,80.889999,0.000000
2014-02-07 05:00:00,80.889999,81.010002,80.599998,80.690002,0.000000
2014-02-10 05:00:00,80.769997,80.769997,80.589996,80.669998,0.000000
2014-02-11 05:00:00,80.629997,80.669998,80.449997,80.629997,0.000000
2014-02-12 05:00:00,80.629997,80.830002,80.489998,80.680000,0.000000
2014-02-13 05:00:00,80.699997,80.709999,80.190002,80.290001,0.000000
2014-02-14 05:00:00,80.320000,80.330002,80.070000,80.129997,0.000000
2014-02-18 05:00:00,80.169998,80.230003,79.959999,80.010002,0.000000
2014-02-19 05:00:00,79.970001,80.239998,79.930000,80.169998,0.000000
2014-02-20 05:00:00,80.220001,80.419998,80.029999,80.290001,0.000000
2014-02-21 05:00:00,80.300003,80.410004,80.180000,80.239998,0.000000
2014-02-24 05:00:00,80.279999,80.370003,80.110001,80.209999,0.000000
2014-02-25 05:00:00,80.220001,80.260002,80.019997,80.150002,0.000000
2014-02-26 05:00:00,80.150002,80.519997,80.089996,80.410004,0.000000
2014-02-27 05:00:00,80.419998,80.580002,80.230003,80.290001,0.000000
2014-02-28 05:00:00,80.279999,80.309998,79.690002,79.779999,0.000000
2014-03-03 05:00:00,79.900002,80.099998,79.769997,80.070000,0.000000
2014-03-04 05:00:00,80.070000,80.209999,79.919998,80.160004,0.000000
2014-03-05 05:00:00,80.139999,80.269997,80.050003,80.110001,0.000000
2014-03-06 05:00:00,80.120003,80.199997,79.589996,79.680000,0.000000
2014-03-07 05:00:00,79.660004,79.849998,79.430000,79.720001,0.000000
2014-03-10 04:00:00,79.690002,79.830002,79.629997,79.750000,0.000000
2014-03-11 04:00:00,79.760002,79.930000,79.709999,79.769997,0.000000
2014-03-12 04:00:00,79.800003,79.860001,79.550003,79.610001,0.000000
2014-03-13 04:00:00,79.589996,79.690002,79.269997,79.620003,0.000000
2014-03-14 04:00:00,79.610001,79.699997,79.309998,79.440002,0.000000
2014-03-17 04:00:00,79.400002,79.559998,79.279999,79.389999,0.000000
2014-03-18 04:00:00,79.379997,79.540001,79.309998,79.410004,0.000000
2014-03-19 04:00:00,79.379997,80.110001,79.360001,79.989998,0.000000
2014-03-20 04:00:00,80.010002,80.349998,79.919998,80.209999,0.000000
2014-03-21 04:00:00,80.190002,80.230003,80.029999,80.110001,0.000000
2014-03-24 04:00:00,80.120003,80.290001,79.750000,79.930000,0.000000
2014-03-25 04:00:00,79.930000,80.269997,79.860001,79.940002,0.000000
2014-03-26 04:00:00,79.940002,80.139999,79.919998,79.980003,0.000000
2014-03-27 04:00:00,80.029999,80.199997,79.949997,80.110001,0.000000
2014-03-28 04:00:00,80.150002,80.250000,80.059998,80.180000,0.000000
2014-03-31 04:00:00,80.190002,80.300003,79.959999,80.099998,0.000000
2014-04-01 04:00:00,80.099998,80.129997,79.970001,80.080002,0.000000
2014-04-02 04:00:00,80.070000,80.279999,80.000000,80.220001,0.000000
2014-04-03 04:00:00,80.230003,80.529999,80.120003,80.470001,0.000000
2014-04-04 04:00:00,80.449997,80.599998,80.339996,80.419998,0.000000
2014-04-07 04:00:00,80.440002,80.449997,80.190002,80.220001,0.000000
2014-04-08 04:00:00,80.220001,80.230003,79.709999,79.750000,0.000000
2014-04-09 04:00:00,79.800003,79.879997,79.470001,79.480003,0.000000
2014-04-10 04:00:00,79.519997,79.570000,79.330002,79.379997,0.000000
2014-04-11 04:00:00,79.410004,79.570000,79.360001,79.449997,0.000000
2014-04-14 04:00:00,79.620003,79.830002,79.559998,79.730003,0.000000
2014-04-15 04:00:00,79.750000,79.900002,79.690002,79.800003,0.000000
2014-04-16 04:00:00,79.790001,79.870003,79.650002,79.820000,0.000000
2014-04-17 04:00:00,79.809998,79.879997,79.580002,79.830002,0.000000
2014-04-21 04:00:00,79.860001,79.989998,79.790001,79.949997,0.000000
2014-04-22 04:00:00,79.959999,79.989998,79.790001,79.910004,0.000000
2014-04-23 04:00:00,79.889999,79.919998,79.699997,79.860001,0.000000
2014-04-24 04:00:00,79.849998,79.970001,79.750000,79.800003,0.000000
2014-04-25 04:00:00,79.750000,79.800003,79.660004,79.769997,0.000000
2014-04-28 04:00:00,79.769997,79.839996,79.550003,79.680000,0.000000
2014-04-29 04:00:00,79.690002,79.839996,79.589996,79.809998,0.000000
2014-04-30 04:00:00,79.809998,79.919998,79.459999,79.489998,0.000000
2014-05-01 04:00:00,79.510002,79.540001,79.410004,79.529999,0.000000
2014-05-02 04:00:00,79.519997,79.849998,79.470001,79.519997,0.000000
2014-05-05 04:00:00,79.500000,79.529999,79.430000,79.489998,0.000000
2014-05-06 04:00:00,79.500000,79.519997,79.059998,79.139999,0.000000
2014-05-07 04:00:00,79.139999,79.239998,79.089996,79.220001,0.000000
2014-05-08 04:00:00,79.230003,79.440002,78.910004,79.430000,0.000000
2014-05-09 04:00:00,79.419998,79.919998,79.419998,79.900002,0.000000
2014-05-12 04:00:00,79.860001,79.919998,79.779999,79.900002,0.000000
2014-05-13 04:00:00,79.900002,80.180000,79.860001,80.139999,0.000000
2014-05-14 04:00:00,80.110001,80.129997,79.989998,80.070000,0.000000
2014-05-15 04:00:00,80.059998,80.339996,79.930000,80.000000,0.000000
2014-05-16 04:00:00,80.010002,80.120003,79.970001,80.040001,0.000000
2014-05-19 04:00:00,80.050003,80.080002,79.879997,79.989998,0.000000
2014-05-20 04:00:00,80.029999,80.129997,80.000000,80.040001,0.000000
2014-05-21 04:00:00,80.040001,80.300003,79.889999,80.099998,0.000000
2014-05-22 04:00:00,80.070000,80.279999,80.070000,80.250000,0.000000
2014-05-23 04:00:00,80.230003,80.440002,80.230003,80.389999,0.000000
2014-05-27 04:00:00,80.290001,80.470001,80.169998,80.349998,0.000000
2014-05-28 04:00:00,80.339996,80.580002,80.320000,80.570000,0.000000
2014-05-29 04:00:00,80.540001,80.559998,80.360001,80.489998,0.000000
2014-05-30 04:00:00,80.489998,80.500000,80.309998,80.370003,0.000000
2014-06-02 04:00:00,80.400002,80.680000,80.389999,80.639999,0.000000
2014-06-03 04:00:00,80.629997,80.660004,80.430000,80.550003,0.000000
2014-06-04 04:00:00,80.559998,80.680000,80.480003,80.669998,0.000000
2014-06-05 04:00:00,80.660004,81.019997,80.320000,80.370003,0.000000
2014-06-06 04:00:00,80.360001,80.529999,80.239998,80.410004,0.000000
2014-06-09 04:00:00,80.419998,80.690002,80.300003,80.650002,0.000000
2014-06-10 04:00:00,80.620003,80.860001,80.550003,80.820000,0.000000
2014-06-11 04:00:00,80.809998,80.900002,80.669998,80.790001,0.000000
2014-06-12 04:00:00,80.760002,80.820000,80.519997,80.580002,0.000000
2014-06-13 04:00:00,80.580002,80.709999,80.440002,80.580002,0.000000
2014-06-16 04:00:00,80.599998,80.709999,80.419998,80.470001,0.000000
2014-06-17 04:00:00,80.449997,80.660004,80.400002,80.629997,0.000000
2014-06-18 04:00:00,80.610001,80.669998,80.360001,80.580002,0.000000
2014-06-19 04:00:00,80.410004,80.410004,80.150002,80.320000,0.000000
2014-06-20 04:00:00,80.309998,80.489998,80.199997,80.370003,0.000000
2014-06-23 04:00:00,80.370003,80.400002,80.239998,80.260002,0.000000
2014-06-24 04:00:00,80.269997,80.430000,80.190002,80.330002,0.000000
2014-06-25 04:00:00,80.320000,80.349998,80.089996,80.220001,0.000000
2014-06-26 04:00:00,80.220001,80.379997,80.139999,80.230003,0.000000
2014-06-27 04:00:00,80.209999,80.220001,80.010002,80.040001,0.000000
2014-06-30 04:00:00,80.010002,80.089996,79.760002,79.779999,0.000000
2014-07-01 04:00:00,79.790001,79.870003,79.739998,79.820000,0.000000
2014-07-02 04:00:00,79.809998,80.000000,79.800003,79.959999,0.000000
2014-07-03 04:00:00,79.949997,80.320000,79.949997,80.209999,0.000000
2014-07-07 04:00:00,80.260002,80.360001,80.190002,80.220001,0.000000
2014-07-08 04:00:00,80.220001,80.300003,80.139999,80.180000,0.000000
2014-07-09 04:00:00,80.169998,80.230003,79.980003,79.989998,0.000000
2014-07-10 04:00:00,80.019997,80.199997,79.980003,80.129997,0.000000
2014-07-11 04:00:00,80.129997,80.230003,80.029999,80.190002,0.000000
2014-07-14 04:00:00,80.190002,80.250000,80.080002,80.190002,0.000000
2014-07-15 04:00:00,80.169998,80.410004,80.139999,80.389999,0.000000
2014-07-16 04:00:00,80.379997,80.580002,80.379997,80.559998,0.000000
2014-07-17 04:00:00,80.529999,80.589996,80.470001,80.519997,0.000000
2014-07-18 04:00:00,80.559998,80.690002,80.480003,80.519997,0.000000
2014-07-21 04:00:00,80.519997,80.599998,80.419998,80.559998,0.000000
2014-07-22 04:00:00,80.559998,80.839996,80.540001,80.779999,0.000000
2014-07-23 04:00:00,80.779999,80.830002,80.720001,80.809998,0.000000
2014-07-24 04:00:00,80.820000,80.910004,80.730003,80.870003,0.000000
2014-07-25 04:00:00,80.860001,81.080002,80.800003,81.029999,0.000000
2014-07-28 04:00:00,81.019997,81.050003,80.980003,81.029999,0.000000
2014-07-29 04:00:00,81.010002,81.250000,80.989998,81.209999,0.000000
2014-07-30 04:00:00,81.209999,81.550003,81.180000,81.419998,0.000000
2014-07-31 04:00:00,81.419998,81.570000,81.379997,81.459999,0.000000
2014-08-01 04:00:00,81.449997,81.540001,81.190002,81.300003,0.000000
2014-08-04 04:00:00,81.300003,81.379997,81.290001,81.330002,0.000000
2014-08-05 04:00:00,81.309998,81.629997,81.290001,81.519997,0.000000
2014-08-06 04:00:00,81.540001,81.720001,81.400002,81.440002,0.000000
2014-08-07 04:00:00,81.419998,81.639999,81.379997,81.519997,0.000000
2014-08-08 04:00:00,81.529999,81.599998,81.260002,81.389999,0.000000
2014-08-11 04:00:00,81.400002,81.489998,81.400002,81.470001,0.000000
2014-08-12 04:00:00,81.470001,81.680000,81.470001,81.500000,0.000000
2014-08-13 04:00:00,81.510002,81.680000,81.360001,81.599998,0.000000
2014-08-14 04:00:00,81.599998,81.690002,81.410004,81.589996,0.000000
2014-08-15 04:00:00,81.599998,81.620003,81.379997,81.419998,0.000000
2014-08-18 04:00:00,81.419998,81.610001,81.379997,81.580002,0.000000
2014-08-19 04:00:00,81.589996,81.900002,81.580002,81.879997,0.000000
2014-08-20 04:00:00,81.870003,82.279999,81.870003,82.250000,0.000000
2014-08-21 04:00:00,82.239998,82.360001,82.099998,82.150002,0.000000
2014-08-22 04:00:00,82.160004,82.459999,82.059998,82.339996,0.000000
2014-08-25 04:00:00,82.459999,82.610001,82.449997,82.550003,0.000000
2014-08-26 04:00:00,82.589996,82.699997,82.430000,82.650002,0.000000
2014-08-27 04:00:00,82.669998,82.730003,82.400002,82.430000,0.000000
2014-08-28 04:00:00,82.470001,82.589996,82.320000,82.480003,0.000000
2014-08-29 04:00:00,82.480003,82.750000,82.419998,82.750000,0.000000
2014-09-02 04:00:00,82.760002,83.040001,82.750000,82.989998,0.000000
2014-09-03 04:00:00,82.970001,83.059998,82.830002,82.870003,0.000000
2014-09-04 04:00:00,82.839996,83.870003,82.839996,83.820000,0.000000
2014-09-05 04:00:00,83.839996,83.940002,83.559998,83.760002,0.000000
2014-09-08 04:00:00,83.800003,84.349998,83.800003,84.230003,0.000000
2014-09-09 04:00:00,84.309998,84.519997,84.040001,84.279999,0.000000
2014-09-10 04:00:00,84.139999,84.419998,84.050003,84.250000,0.000000
2014-09-11 04:00:00,84.209999,84.339996,84.070000,84.300003,0.000000
2014-09-12 04:00:00,84.260002,84.410004,84.080002,84.239998,0.000000
2014-09-15 04:00:00,84.180000,84.410004,84.150002,84.260002,0.000000
2014-09-16 04:00:00,84.239998,84.370003,83.860001,84.070000,0.000000
2014-09-17 04:00:00,84.099998,84.709999,83.940002,84.699997,0.000000
2014-09-18 04:00:00,84.739998,84.739998,84.220001,84.320000,0.000000
2014-09-19 04:00:00,84.279999,84.800003,84.230003,84.800003,0.000000
2014-09-22 04:00:00,84.809998,84.860001,84.519997,84.669998,0.000000
2014-09-23 04:00:00,84.690002,84.760002,84.370003,84.660004,0.000000
2014-09-24 04:00:00,84.709999,85.089996,84.599998,85.050003,0.000000
2014-09-25 04:00:00,85.099998,85.489998,85.050003,85.199997,0.000000
2014-09-26 04:00:00,85.139999,85.690002,85.110001,85.639999,0.000000
2014-09-29 04:00:00,85.620003,85.800003,85.459999,85.589996,0.000000
2014-09-30 04:00:00,85.610001,86.220001,85.489998,85.940002,0.000000
2014-10-01 04:00:00,85.910004,86.180000,85.779999,85.970001,0.000000
2014-10-02 04:00:00,85.860001,85.900002,85.449997,85.599998,0.000000
2014-10-03 04:00:00,85.629997,86.750000,85.629997,86.690002,0.000000
2014-10-06 04:00:00,86.639999,86.680000,85.639999,85.709999,0.000000
2014-10-07 04:00:00,85.779999,86.099998,85.550003,85.669998,0.000000
2014-10-08 04:00:00,85.589996,85.919998,85.199997,85.300003,0.000000
2014-10-09 04:00:00,85.269997,85.669998,84.940002,85.519997,0.000000
2014-10-10 04:00:00,85.550003,85.980003,85.400002,85.910004,0.000000
2014-10-13 04:00:00,85.820000,85.820000,85.410004,85.430000,0.000000
2014-10-14 04:00:00,85.260002,85.879997,85.250000,85.820000,0.000000
2014-10-15 04:00:00,85.900002,86.010002,84.470001,85.150002,0.000000
2014-10-16 04:00:00,84.910004,85.430000,84.739998,85.000000,0.000000
2014-10-17 04:00:00,84.910004,85.250000,84.760002,85.190002,0.000000
2014-10-20 04:00:00,85.209999,85.379997,84.910004,84.949997,0.000000
2014-10-21 04:00:00,85.019997,85.330002,84.739998,85.309998,0.000000
2014-10-22 04:00:00,85.400002,85.790001,85.230003,85.739998,0.000000
2014-10-23 04:00:00,85.739998,85.940002,85.660004,85.839996,0.000000
2014-10-24 04:00:00,85.830002,85.910004,85.540001,85.730003,0.000000
2014-10-27 04:00:00,85.690002,85.709999,85.410004,85.500000,0.000000
2014-10-28 04:00:00,85.570000,85.680000,85.239998,85.410004,0.000000
2014-10-29 04:00:00,85.400002,86.050003,85.190002,85.949997,0.000000
2014-10-30 04:00:00,85.980003,86.489998,85.980003,86.150002,0.000000
2014-10-31 04:00:00,86.180000,87.129997,86.150002,86.879997,0.000000
2014-11-03 05:00:00,87.080002,87.410004,87.019997,87.309998,0.000000
2014-11-04 05:00:00,87.250000,87.300003,86.879997,86.980003,0.000000
2014-11-05 05:00:00,87.019997,87.610001,86.940002,87.440002,0.000000
2014-11-06 05:00:00,87.410004,88.150002,87.129997,88.010002,0.000000
2014-11-07 05:00:00,88.050003,88.190002,87.470001,87.639999,0.000000
2014-11-10 05:00:00,87.559998,87.830002,87.220001,87.809998,0.000000
2014-11-11 05:00:00,87.800003,88.059998,87.370003,87.529999,0.000000
2014-11-12 05:00:00,87.620003,87.900002,87.400002,87.820000,0.000000
2014-11-13 05:00:00,87.809998,87.879997,87.620003,87.669998,0.000000
2014-11-14 05:00:00,87.830002,88.269997,87.400002,87.529999,0.000000
2014-11-17 05:00:00,87.540001,87.970001,87.180000,87.930000,0.000000
2014-11-18 05:00:00,87.930000,87.970001,87.510002,87.580002,0.000000
2014-11-19 05:00:00,87.680000,87.779999,87.349998,87.650002,0.000000
2014-11-20 05:00:00,87.680000,87.940002,87.489998,87.589996,0.000000
2014-11-21 05:00:00,87.629997,88.389999,87.449997,88.309998,0.000000
2014-11-24 05:00:00,88.279999,88.440002,88.070000,88.150002,0.000000
2014-11-25 05:00:00,88.199997,88.330002,87.820000,87.919998,0.000000
2014-11-26 05:00:00,87.849998,88.040001,87.519997,87.610001,0.000000
2014-11-28 05:00:00,88.070000,88.389999,87.940002,88.360001,0.000000
2014-12-01 05:00:00,88.230003,88.449997,87.779999,87.949997,0.000000
2014-12-02 05:00:00,87.980003,88.669998,87.949997,88.650002,0.000000
2014-12-03 05:00:00,88.599998,89.010002,88.580002,88.959999,0.000000
2014-12-04 05:00:00,88.940002,89.120003,88.209999,88.699997,0.000000
2014-12-05 05:00:00,88.580002,89.470001,88.580002,89.330002,0.000000
2014-12-08 05:00:00,89.400002,89.550003,88.910004,89.040001,0.000000
2014-12-09 05:00:00,89.180000,89.269997,88.160004,88.690002,0.000000
2014-12-10 05:00:00,88.650002,88.809998,88.190002,88.269997,0.000000
2014-12-11 05:00:00,87.949997,88.790001,87.910004,88.660004,0.000000
2014-12-12 05:00:00,88.589996,88.639999,88.110001,88.360001,0.000000
2014-12-15 05:00:00,88.209999,88.629997,88.169998,88.459999,0.000000
2014-12-16 05:00:00,88.440002,88.510002,87.629997,88.129997,0.000000
2014-12-17 05:00:00,88.019997,89.139999,87.900002,89.129997,0.000000
2014-12-18 05:00:00,89.129997,89.400002,88.919998,89.239998,0.000000
2014-12-19 05:00:00,89.239998,89.650002,89.180000,89.599998,0.000000
2014-12-22 05:00:00,89.629997,89.790001,89.370003,89.769997,0.000000
2014-12-23 05:00:00,89.769997,90.160004,89.629997,90.059998,0.000000
2014-12-24 05:00:00,90.040001,90.080002,89.809998,89.970001,0.000000
2014-12-26 05:00:00,89.870003,90.080002,89.779999,90.029999,0.000000
2014-12-29 05:00:00,89.980003,90.269997,89.790001,90.190002,0.000000
2014-12-30 05:00:00,90.190002,90.330002,89.809998,89.989998,0.000000
2014-12-31 05:00:00,89.930000,90.300003,89.860001,90.269997,0.000000
2015-01-02 05:00:00,90.360001,91.160004,90.330002,91.080002,0.000000
2015-01-05 05:00:00,91.129997,91.779999,91.129997,91.379997,0.000000
2015-01-06 05:00:00,91.379997,91.809998,91.120003,91.500000,0.000000
2015-01-07 05:00:00,91.750000,92.269997,91.650002,91.889999,0.000000
2015-01-08 05:00:00,91.940002,92.529999,91.940002,92.370003,0.000000
2015-01-09 05:00:00,92.309998,92.500000,91.900002,91.940002,0.000000
2015-01-12 05:00:00,91.879997,92.339996,91.730003,91.980003,0.000000
2015-01-13 05:00:00,92.029999,92.430000,91.809998,92.309998,0.000000
2015-01-14 05:00:00,92.230003,92.419998,91.610001,92.160004,0.000000
2015-01-15 05:00:00,92.160004,92.750000,91.510002,92.349998,0.000000
2015-01-16 05:00:00,92.099998,93.260002,92.080002,92.519997,0.000000
2015-01-20 05:00:00,92.660004,93.099998,92.550003,93.050003,0.000000
2015-01-21 05:00:00,93.070000,93.089996,92.150002,92.900002,0.000000
2015-01-22 05:00:00,92.889999,94.500000,92.480003,94.239998,14290000.000000
2015-01-23 05:00:00,94.209999,95.480003,94.110001,95.000000,0.000000
2015-01-26 05:00:00,95.199997,95.330002,94.589996,94.800003,0.000000
2015-01-27 05:00:00,94.930000,95.010002,93.699997,94.019997,9000000.000000
2015-01-28 05:00:00,94.209999,94.690002,93.970001,94.470001,0.000000
2015-01-29 05:00:00,94.620003,95.010002,94.330002,94.779999,0.000000
2015-01-30 05:00:00,94.660004,94.919998,94.430000,94.800003,0.000000
2015-02-02 05:00:00,94.839996,94.879997,94.370003,94.500000,0.000000
2015-02-03 05:00:00,94.570000,94.699997,93.250000,93.599998,0.000000
2015-02-04 05:00:00,93.739998,94.529999,93.610001,93.989998,0.000000
2015-02-05 05:00:00,93.599998,94.760002,93.519997,94.699997,0.000000
2015-02-06 05:00:00,93.599998,94.760002,93.519997,94.699997,0.000000
2015-02-09 05:00:00,94.680000,94.879997,94.360001,94.449997,0.000000
2015-02-10 05:00:00,94.519997,94.879997,94.400002,94.760002,0.000000
2015-02-11 05:00:00,94.709999,95.120003,94.639999,94.989998,0.000000
2015-02-12 05:00:00,94.889999,94.970001,93.980003,94.089996,0.000000
2015-02-13 05:00:00,94.199997,94.309998,93.900002,94.199997,0.000000
2015-02-17 05:00:00,94.400002,94.510002,93.800003,94.059998,0.000000
2015-02-18 05:00:00,94.150002,94.529999,93.989998,94.199997,0.000000
2015-02-19 05:00:00,94.089996,94.449997,93.839996,94.400002,0.000000
2015-02-20 05:00:00,94.419998,94.790001,94.050003,94.250000,0.000000
2015-02-23 05:00:00,94.320000,94.919998,94.279999,94.570000,0.000000
2015-02-24 05:00:00,94.580002,94.989998,94.430000,94.489998,0.000000
2015-02-25 05:00:00,94.410004,94.480003,94.129997,94.209999,0.000000
2015-02-26 05:00:00,94.199997,95.360001,94.059998,95.290001,0.000000
2015-02-27 05:00:00,95.180000,95.360001,94.910004,95.250000,0.000000
2015-03-02 05:00:00,95.260002,95.510002,95.059998,95.459999,0.000000
2015-03-03 05:00:00,95.489998,95.570000,95.099998,95.379997,0.000000
2015-03-04 05:00:00,95.379997,96.059998,95.320000,95.970001,0.000000
2015-03-05 05:00:00,95.970001,96.589996,95.839996,96.379997,0.000000
2015-03-06 05:00:00,96.360001,97.730003,96.300003,97.620003,0.000000
2015-03-09 04:00:00,97.720001,97.779999,97.290001,97.589996,0.000000
2015-03-10 04:00:00,97.779999,98.809998,97.779999,98.620003,0.000000
2015-03-11 04:00:00,98.650002,99.989998,98.489998,99.800003,0.000000
2015-03-12 04:00:00,99.699997,100.059998,98.650002,99.150002,0.000000
2015-03-13 04:00:00,99.190002,100.389999,99.190002,100.330002,0.000000
2015-03-16 04:00:00,100.260002,100.269997,99.320000,99.599998,0.000000
2015-03-17 04:00:00,99.669998,99.830002,99.230003,99.589996,0.000000
2015-03-18 04:00:00,99.599998,99.800003,96.629997,98.550003,0.000000
2015-03-19 04:00:00,97.800003,99.459999,97.209999,99.099998,0.000000
2015-03-20 04:00:00,99.040001,99.120003,97.449997,97.910004,0.000000
2015-03-23 04:00:00,97.800003,98.239998,96.830002,97.029999,0.000000
2015-03-24 04:00:00,96.930000,97.379997,96.389999,97.190002,0.000000
2015-03-25 04:00:00,97.220001,97.300003,96.540001,96.980003,0.000000
2015-03-26 04:00:00,96.910004,97.550003,96.169998,97.440002,0.000000
2015-03-27 04:00:00,97.379997,97.919998,96.989998,97.290001,0.000000
2015-03-30 04:00:00,97.389999,98.070000,97.389999,97.980003,0.000000
2015-03-31 04:00:00,97.919998,98.669998,97.830002,98.360001,0.000000
2015-04-01 04:00:00,98.419998,98.639999,97.980003,98.190002,0.000000
2015-04-02 04:00:00,98.180000,98.279999,97.330002,97.440002,0.000000
2015-04-06 04:00:00,96.739998,97.239998,96.330002,97.110001,0.000000
2015-04-07 04:00:00,97.059998,98.019997,96.930000,97.830002,0.000000
2015-04-08 04:00:00,97.870003,98.199997,97.250000,98.070000,0.000000
2015-04-09 04:00:00,98.050003,99.180000,98.040001,99.160004,0.000000
2015-04-10 04:00:00,98.970001,99.690002,98.839996,99.389999,0.000000
2015-04-13 04:00:00,99.349998,99.989998,99.230003,99.489998,0.000000
2015-04-14 04:00:00,99.449997,99.699997,98.370003,98.760002,0.000000
2015-04-15 04:00:00,98.779999,99.360001,98.220001,98.330002,0.000000
2015-04-16 04:00:00,98.400002,98.720001,97.279999,97.419998,0.000000
2015-04-17 04:00:00,97.629997,97.820000,97.000000,97.519997,0.000000
2015-04-20 04:00:00,97.309998,98.070000,97.309998,97.940002,0.000000
2015-04-21 04:00:00,97.940002,98.459999,97.639999,97.980003,0.000000
2015-04-22 04:00:00,97.959999,98.120003,97.430000,98.019997,0.000000
2015-04-23 04:00:00,98.050003,98.430000,97.150002,97.279999,0.000000
2015-04-24 04:00:00,97.330002,97.559998,96.760002,96.919998,0.000000
2015-04-27 04:00:00,96.900002,97.279999,96.470001,96.769997,0.000000
2015-04-28 04:00:00,96.790001,96.930000,96.010002,96.089996,0.000000
2015-04-29 04:00:00,96.129997,96.180000,94.680000,95.120003,0.000000
2015-04-30 04:00:00,95.209999,95.449997,94.400002,94.599998,0.000000
2015-05-01 04:00:00,94.830002,95.400002,94.500000,95.300003,0.000000
2015-05-04 04:00:00,95.220001,95.639999,95.040001,95.480003,0.000000
2015-05-05 04:00:00,95.440002,95.949997,94.879997,95.129997,0.000000
2015-05-06 04:00:00,95.180000,95.220001,93.879997,94.129997,0.000000
2015-05-07 04:00:00,94.129997,94.830002,93.889999,94.620003,0.000000
2015-05-08 04:00:00,94.629997,95.070000,94.320000,94.790001,0.000000
2015-05-11 04:00:00,94.800003,95.260002,94.800003,95.010002,0.000000
2015-05-12 04:00:00,95.050003,95.160004,94.239998,94.529999,0.000000
2015-05-13 04:00:00,94.559998,94.589996,93.459999,93.620003,0.000000
2015-05-14 04:00:00,93.660004,93.760002,93.129997,93.360001,0.000000
2015-05-15 04:00:00,93.400002,94.029999,93.139999,93.139999,0.000000
2015-05-18 04:00:00,93.230003,94.269997,93.230003,94.190002,0.000000
2015-05-19 04:00:00,94.129997,95.470001,94.089996,95.269997,0.000000
2015-05-20 04:00:00,95.309998,95.839996,95.260002,95.449997,0.000000
2015-05-21 04:00:00,95.589996,95.650002,94.970001,95.260002,0.000000
2015-05-22 04:00:00,95.400002,96.269997,94.820000,96.010002,0.000000
2015-05-26 04:00:00,96.370003,97.360001,96.370003,97.300003,0.000000
2015-05-27 04:00:00,97.209999,97.779999,96.889999,97.370003,0.000000
2015-05-28 04:00:00,97.279999,97.629997,96.870003,96.970001,0.000000
2015-05-29 04:00:00,96.879997,97.190002,96.750000,96.910004,0.000000
2015-06-01 04:00:00,96.889999,97.680000,96.889999,97.389999,0.000000
2015-06-02 04:00:00,97.440002,97.529999,95.669998,95.839996,0.000000
2015-06-03 04:00:00,95.930000,96.510002,95.209999,95.470001,0.000000
2015-06-04 04:00:00,95.410004,95.580002,94.650002,95.459999,0.000000
2015-06-05 04:00:00,95.779999,96.910004,95.360001,96.309998,0.000000
2015-06-08 04:00:00,96.339996,96.550003,95.050003,95.300003,0.000000
2015-06-09 04:00:00,95.250000,95.580002,94.849998,95.169998,0.000000
2015-06-10 04:00:00,95.139999,95.230003,94.320000,94.650002,0.000000
2015-06-11 04:00:00,94.699997,95.599998,94.699997,94.980003,0.000000
2015-06-12 04:00:00,95.089996,95.680000,94.690002,94.970001,0.000000
2015-06-15 04:00:00,95.199997,95.389999,94.730003,94.809998,0.000000
2015-06-16 04:00:00,94.849998,95.230003,94.559998,95.000000,0.000000
2015-06-17 04:00:00,94.959999,95.180000,94.110001,94.300003,0.000000
2015-06-18 04:00:00,94.220001,94.230003,93.559998,94.040001,0.000000
2015-06-19 04:00:00,94.019997,94.500000,93.900002,94.089996,0.000000
2015-06-22 04:00:00,94.059998,94.449997,93.809998,94.330002,0.000000
2015-06-23 04:00:00,94.300003,95.639999,94.300003,95.430000,0.000000
2015-06-24 04:00:00,95.379997,95.540001,94.930000,95.260002,0.000000
2015-06-25 04:00:00,95.269997,95.510002,95.089996,95.190002,0.000000
2015-06-26 04:00:00,95.169998,95.669998,95.080002,95.470001,0.000000
2015-06-29 04:00:00,96.260002,96.370003,94.680000,94.790001,0.000000
2015-06-30 04:00:00,95.029999,95.680000,94.849998,95.489998,0.000000
2015-07-01 04:00:00,95.599998,96.349998,95.470001,96.309998,0.000000
2015-07-02 04:00:00,96.320000,96.419998,95.870003,96.110001,0.000000
2015-07-06 04:00:00,95.940002,96.629997,95.940002,96.300003,0.000000
2015-07-07 04:00:00,96.279999,97.239998,96.279999,96.870003,0.000000
2015-07-08 04:00:00,96.680000,96.879997,96.120003,96.290001,0.000000
2015-07-09 04:00:00,96.230003,96.760002,95.970001,96.610001,0.000000
2015-07-10 04:00:00,96.370003,96.400002,95.449997,96.029999,0.000000
2015-07-13 04:00:00,95.769997,96.860001,95.629997,96.860001,0.000000
2015-07-14 04:00:00,96.839996,97.050003,96.269997,96.639999,0.000000
2015-07-15 04:00:00,96.650002,97.309998,96.529999,97.129997,0.000000
2015-07-16 04:00:00,97.169998,97.760002,97.169998,97.660004,0.000000
2015-07-17 04:00:00,97.650002,97.980003,97.419998,97.860001,0.000000
2015-07-20 04:00:00,97.959999,98.150002,97.739998,98.029999,0.000000
2015-07-21 04:00:00,98.010002,98.150002,97.139999,97.330002,0.000000
2015-07-22 04:00:00,97.339996,97.790001,97.110001,97.599998,0.000000
2015-07-23 04:00:00,97.449997,97.510002,96.889999,97.120003,0.000000
2015-07-24 04:00:00,97.180000,97.620003,97.120003,97.239998,0.000000
2015-07-27 04:00:00,97.199997,97.290001,96.290001,96.500000,0.000000
2015-07-28 04:00:00,96.580002,96.970001,96.470001,96.769997,0.000000
2015-07-29 04:00:00,96.650002,97.250000,96.500000,96.980003,0.000000
2015-07-30 04:00:00,97.139999,97.769997,97.139999,97.559998,0.000000
2015-07-31 04:00:00,97.470001,97.599998,96.309998,97.370003,0.000000
2015-08-03 04:00:00,97.220001,97.580002,97.160004,97.489998,0.000000
2015-08-04 04:00:00,97.480003,98.000000,97.209999,97.930000,0.000000
2015-08-05 04:00:00,97.910004,98.220001,97.639999,97.959999,0.000000
2015-08-06 04:00:00,97.889999,98.160004,97.629997,97.830002,0.000000
2015-08-07 04:00:00,97.790001,98.330002,97.510002,97.559998,0.000000
2015-08-10 04:00:00,97.570000,97.919998,97.040001,97.160004,0.000000
2015-08-11 04:00:00,97.180000,97.589996,96.879997,97.290001,0.000000
2015-08-12 04:00:00,97.180000,97.330002,95.930000,96.260002,0.000000
2015-08-13 04:00:00,96.339996,96.809998,96.120003,96.449997,0.000000
2015-08-14 04:00:00,96.379997,96.680000,96.089996,96.570000,0.000000
2015-08-17 04:00:00,96.589996,96.940002,96.510002,96.820000,0.000000
2015-08-18 04:00:00,96.839996,97.070000,96.680000,96.970001,0.000000
2015-08-19 04:00:00,97.010002,97.080002,96.339996,96.459999,0.000000
2015-08-20 04:00:00,96.449997,96.580002,95.720001,95.750000,0.000000
2015-08-21 04:00:00,95.809998,95.820000,94.820000,94.830002,0.000000
2015-08-24 04:00:00,94.860001,94.959999,92.620003,93.309998,0.000000
2015-08-25 04:00:00,93.379997,94.690002,93.379997,94.529999,0.000000
2015-08-26 04:00:00,93.959999,95.440002,93.720001,95.099998,0.000000
2015-08-27 04:00:00,95.190002,96.029999,94.989998,95.610001,0.000000
2015-08-28 04:00:00,95.760002,96.320000,95.379997,96.110001,0.000000
2015-08-31 04:00:00,96.139999,96.250000,95.620003,95.949997,0.000000
2015-09-01 04:00:00,95.930000,95.930000,95.190002,95.449997,0.000000
2015-09-02 04:00:00,95.419998,95.949997,95.419998,95.830002,0.000000
2015-09-03 04:00:00,95.959999,96.620003,95.790001,96.410004,0.000000
2015-09-04 04:00:00,96.370003,96.580002,95.970001,96.230003,0.000000
2015-09-08 04:00:00,96.150002,96.239998,95.730003,95.879997,0.000000
2015-09-09 04:00:00,95.839996,96.410004,95.839996,96.010002,0.000000
2015-09-10 04:00:00,95.930000,96.199997,95.400002,95.459999,0.000000
2015-09-11 04:00:00,95.440002,95.690002,95.120003,95.190002,0.000000
2015-09-14 04:00:00,95.180000,95.449997,94.910004,95.250000,0.000000
2015-09-15 04:00:00,95.309998,95.680000,95.129997,95.610001,0.000000
2015-09-16 04:00:00,95.589996,95.849998,95.160004,95.419998,0.000000
2015-09-17 04:00:00,95.300003,95.389999,94.360001,94.550003,0.000000
2015-09-18 04:00:00,94.650002,95.379997,94.059998,94.860001,0.000000
2015-09-21 04:00:00,95.320000,95.980003,95.040001,95.889999,0.000000
2015-09-22 04:00:00,95.919998,96.400002,95.760002,96.279999,0.000000
2015-09-23 04:00:00,96.309998,96.550003,96.019997,96.070000,0.000000
2015-09-24 04:00:00,96.250000,96.300003,95.459999,95.989998,0.000000
2015-09-25 04:00:00,96.250000,96.699997,96.120003,96.269997,0.000000
2015-09-28 04:00:00,96.260002,96.500000,95.900002,96.029999,0.000000
2015-09-29 04:00:00,96.029999,96.239998,95.709999,95.889999,0.000000
2015-09-30 04:00:00,95.919998,96.410004,95.849998,96.349998,0.000000
2015-10-01 04:00:00,96.269997,96.489998,95.970001,96.190002,0.000000
2015-10-02 04:00:00,96.139999,96.379997,95.220001,95.830002,0.000000
2015-10-05 04:00:00,95.820000,96.169998,95.449997,96.110001,0.000000
2015-10-06 04:00:00,96.050003,96.160004,95.400002,95.459999,0.000000
2015-10-07 04:00:00,95.470001,95.699997,95.330002,95.500000,0.000000
2015-10-08 04:00:00,95.570000,95.610001,94.980003,95.320000,0.000000
2015-10-09 04:00:00,95.230003,95.339996,94.690002,94.809998,0.000000
2015-10-12 04:00:00,94.849998,94.879997,94.620003,94.839996,0.000000
2015-10-13 04:00:00,94.900002,94.980003,94.540001,94.760002,0.000000
2015-10-14 04:00:00,94.760002,94.760002,93.849998,93.930000,0.000000
2015-10-15 04:00:00,93.959999,94.589996,93.809998,94.370003,0.000000
2015-10-16 04:00:00,94.470001,94.769997,94.370003,94.540001,0.000000
2015-10-19 04:00:00,94.680000,95.000000,94.550003,94.959999,0.000000
2015-10-20 04:00:00,94.940002,94.949997,94.589996,94.849998,0.000000
2015-10-21 04:00:00,94.849998,95.059998,94.720001,95.050003,0.000000
2015-10-22 04:00:00,95.040001,96.419998,94.940002,96.339996,0.000000
2015-10-23 04:00:00,96.400002,97.199997,96.150002,97.070000,0.000000
2015-10-26 04:00:00,97.040001,97.080002,96.680000,96.860001,0.000000
2015-10-27 04:00:00,96.809998,96.970001,96.580002,96.910004,0.000000
2015-10-28 04:00:00,96.959999,97.820000,96.470001,97.779999,0.000000
2015-10-29 04:00:00,97.620003,97.690002,97.190002,97.279999,0.000000
2015-10-30 04:00:00,97.199997,97.349998,96.580002,96.949997,0.000000
2015-11-02 05:00:00,96.919998,96.970001,96.639999,96.930000,0.000000
2015-11-03 05:00:00,96.900002,97.480003,96.769997,97.160004,0.000000
2015-11-04 05:00:00,97.199997,98.050003,97.169998,97.949997,0.000000
2015-11-05 05:00:00,97.930000,98.139999,97.750000,97.940002,0.000000
2015-11-06 05:00:00,97.949997,99.349998,97.889999,99.160004,0.000000
2015-11-09 05:00:00,99.190002,99.260002,98.820000,98.980003,0.000000
2015-11-10 05:00:00,99.010002,99.500000,98.940002,99.290001,0.000000
2015-11-11 05:00:00,99.099998,99.239998,98.779999,99.010002,0.000000
2015-11-12 05:00:00,98.820000,99.290001,98.430000,98.650002,0.000000
2015-11-13 05:00:00,98.570000,99.209999,98.529999,98.989998,0.000000
2015-11-16 05:00:00,98.970001,99.459999,98.870003,99.440002,0.000000
2015-11-17 05:00:00,99.400002,99.750000,99.360001,99.629997,0.000000
2015-11-18 05:00:00,99.660004,99.849998,99.309998,99.650002,0.000000
2015-11-19 05:00:00,99.419998,99.480003,98.739998,98.989998,0.000000
2015-11-20 05:00:00,99.110001,99.650002,99.000000,99.570000,0.000000
2015-11-23 05:00:00,99.610001,100.000000,99.529999,99.800003,0.000000
2015-11-24 05:00:00,99.669998,99.790001,99.470001,99.529999,0.000000
2015-11-25 05:00:00,99.550003,100.169998,99.309998,99.800003,0.000000
2015-11-27 05:00:00,99.860001,100.199997,99.660004,100.019997,0.000000
2015-11-30 05:00:00,100.080002,100.309998,100.050003,100.169998,0.000000
2015-12-01 05:00:00,100.250000,100.260002,99.720001,99.800003,0.000000
2015-12-02 05:00:00,99.830002,100.510002,99.800003,99.989998,0.000000
2015-12-03 05:00:00,100.010002,100.470001,97.589996,97.620003,0.000000
2015-12-04 05:00:00,97.820000,98.610001,97.750000,98.349998,0.000000
2015-12-07 05:00:00,98.349998,98.900002,98.300003,98.660004,0.000000
2015-12-08 05:00:00,98.730003,98.760002,98.370003,98.470001,0.000000
2015-12-09 05:00:00,98.440002,98.519997,97.220001,97.349998,0.000000
2015-12-10 05:00:00,97.410004,97.989998,97.360001,97.940002,0.000000
2015-12-11 05:00:00,97.980003,98.099998,97.330002,97.570000,0.000000
2015-12-14 05:00:00,97.620003,97.930000,97.279999,97.599998,0.000000
2015-12-15 05:00:00,97.639999,98.290001,97.190002,98.220001,0.000000
2015-12-16 05:00:00,98.180000,98.559998,97.660004,97.870003,0.000000
2015-12-17 05:00:00,98.559998,99.290001,98.529999,99.269997,0.000000
2015-12-18 05:00:00,99.010002,99.180000,98.639999,98.699997,0.000000
2015-12-21 05:00:00,98.720001,98.839996,98.290001,98.459999,0.000000
2015-12-22 05:00:00,98.449997,98.510002,98.000000,98.239998,0.000000
2015-12-23 05:00:00,98.209999,98.599998,98.190002,98.339996,0.000000
2015-12-24 05:00:00,98.339996,98.379997,97.860001,97.980003,0.000000
2015-12-28 05:00:00,97.849998,98.029999,97.809998,97.919998,0.000000
2015-12-29 05:00:00,97.900002,98.410004,97.800003,98.099998,0.000000
2015-12-30 05:00:00,98.199997,98.410004,98.110001,98.269997,0.000000
2015-12-31 05:00:00,98.209999,98.750000,98.180000,98.629997,0.000000
2016-01-04 05:00:00,98.690002,99.180000,98.050003,98.870003,0.000000
2016-01-05 05:00:00,98.870003,99.629997,98.750000,99.400002,0.000000
2016-01-06 05:00:00,99.389999,99.580002,99.110001,99.180000,0.000000
2016-01-07 05:00:00,99.220001,99.300003,98.169998,98.220001,0.000000
2016-01-08 05:00:00,98.309998,99.180000,98.269997,98.540001,0.000000
2016-01-11 05:00:00,98.370003,98.900002,98.250000,98.730003,0.000000
2016-01-12 05:00:00,98.800003,99.279999,98.570000,98.970001,0.000000
2016-01-13 05:00:00,99.029999,99.330002,98.860001,98.930000,0.000000
2016-01-14 05:00:00,98.820000,99.260002,98.589996,99.089996,0.000000
2016-01-15 05:00:00,99.099998,99.120003,98.379997,98.959999,0.000000
2016-01-18 05:00:00,98.800003,99.199997,98.800003,99.120003,0.000000
2016-01-19 05:00:00,99.129997,99.309998,98.860001,98.989998,0.000000
2016-01-20 05:00:00,99.019997,99.190002,98.629997,99.089996,0.000000
2016-01-21 05:00:00,99.180000,99.800003,98.910004,99.059998,0.000000
2016-01-22 05:00:00,99.180000,99.589996,99.110001,99.570000,0.000000
2016-01-25 05:00:00,99.500000,99.550003,99.230003,99.360001,0.000000
2016-01-26 05:00:00,99.300003,99.459999,99.019997,99.360001,0.000000
2016-01-27 05:00:00,99.029999,99.160004,98.709999,98.900002,0.000000
2016-01-28 05:00:00,98.889999,99.110001,98.430000,98.510002,0.000000
2016-01-29 05:00:00,98.620003,99.830002,98.580002,99.610001,0.000000
2016-02-01 05:00:00,99.540001,99.629997,98.930000,99.000000,0.000000
2016-02-02 05:00:00,98.989998,99.089996,98.779999,98.870003,0.000000
2016-02-03 05:00:00,98.830002,98.940002,96.889999,97.290001,0.000000
2016-02-04 05:00:00,97.300003,97.470001,96.260002,96.470001,0.000000
2016-02-05 05:00:00,96.559998,97.269997,96.320000,97.029999,0.000000
2016-02-08 05:00:00,96.959999,97.480003,96.540001,96.570000,0.000000
2016-02-09 05:00:00,96.720001,96.830002,95.660004,96.070000,0.000000
2016-02-10 05:00:00,96.050003,96.720001,95.760002,95.889999,0.000000
2016-02-11 05:00:00,95.889999,95.900002,95.239998,95.559998,0.000000
2016-02-12 05:00:00,95.500000,96.220001,95.459999,95.980003,0.000000
2016-02-16 05:00:00,96.570000,96.989998,96.379997,96.870003,0.000000
2016-02-17 05:00:00,96.940002,97.099998,96.629997,96.790001,0.000000
2016-02-18 05:00:00,96.889999,97.089996,96.690002,96.949997,0.000000
2016-02-19 05:00:00,96.870003,97.169998,96.559998,96.599998,0.000000
2016-02-22 05:00:00,96.599998,97.599998,96.599998,97.379997,0.000000
2016-02-23 05:00:00,97.349998,97.580002,97.139999,97.480003,0.000000
2016-02-24 05:00:00,97.480003,97.919998,97.230003,97.459999,0.000000
2016-02-25 05:00:00,97.489998,97.720001,97.220001,97.290001,0.000000
2016-02-26 05:00:00,97.400002,98.260002,97.099998,98.150002,0.000000
2016-02-29 05:00:00,98.169998,98.370003,97.800003,98.209999,0.000000
2016-03-01 05:00:00,98.180000,98.570000,98.089996,98.349998,0.000000
2016-03-02 05:00:00,98.260002,98.580002,98.120003,98.209999,0.000000
2016-03-03 05:00:00,98.199997,98.349998,97.459999,97.570000,0.000000
2016-03-04 05:00:00,97.669998,98.029999,97.019997,97.339996,0.000000
2016-03-07 05:00:00,97.230003,97.699997,97.040001,97.070000,0.000000
2016-03-08 05:00:00,97.089996,97.269997,96.889999,97.209999,0.000000
2016-03-09 05:00:00,97.220001,97.570000,96.930000,97.169998,0.000000
2016-03-10 05:00:00,97.230003,98.419998,95.940002,96.070000,0.000000
2016-03-11 05:00:00,96.180000,96.720001,95.940002,96.169998,0.000000
2016-03-14 04:00:00,96.199997,96.709999,96.139999,96.620003,0.000000
2016-03-15 04:00:00,96.589996,96.870003,96.470001,96.629997,0.000000
2016-03-16 04:00:00,96.639999,97.059998,95.540001,95.889999,0.000000
2016-03-17 04:00:00,95.750000,95.830002,94.650002,94.760002,0.000000
2016-03-18 04:00:00,94.769997,95.169998,94.580002,94.989998,0.000000
2016-03-21 04:00:00,95.050003,95.400002,95.000000,95.290001,0.000000
2016-03-22 04:00:00,95.430000,95.750000,95.260002,95.650002,0.000000
2016-03-23 04:00:00,95.629997,96.230003,95.620003,96.050003,0.000000
2016-03-24 04:00:00,96.059998,96.360001,96.040001,96.139999,0.000000
2016-03-28 04:00:00,96.279999,96.400002,95.839996,95.940002,0.000000
2016-03-29 04:00:00,95.949997,96.220001,95.089996,95.160004,0.000000
2016-03-30 04:00:00,95.199997,95.220001,94.589996,94.839996,0.000000
2016-03-31 04:00:00,94.839996,95.029999,94.320000,94.589996,0.000000
2016-04-01 04:00:00,94.639999,95.110001,94.330002,94.620003,0.000000
2016-04-04 04:00:00,94.620003,94.830002,94.410004,94.510002,0.000000
2016-04-05 04:00:00,94.570000,94.980003,94.449997,94.629997,0.000000
2016-04-06 04:00:00,94.589996,95.070000,94.239998,94.430000,0.000000
2016-04-07 04:00:00,94.480003,94.669998,94.019997,94.480003,0.000000
2016-04-08 04:00:00,94.540001,94.680000,94.089996,94.239998,0.000000
2016-04-11 04:00:00,94.190002,94.339996,93.750000,93.949997,0.000000
2016-04-12 04:00:00,93.970001,94.389999,93.629997,93.959999,0.000000
2016-04-13 04:00:00,94.050003,94.849998,94.000000,94.739998,0.000000
2016-04-14 04:00:00,94.809998,95.199997,94.680000,94.900002,0.000000
2016-04-15 04:00:00,94.940002,95.050003,94.510002,94.699997,0.000000
2016-04-18 04:00:00,94.699997,94.830002,94.379997,94.489998,0.000000
2016-04-19 04:00:00,94.489998,94.550003,93.930000,93.980003,0.000000
2016-04-20 04:00:00,94.129997,94.589996,93.940002,94.489998,0.000000
2016-04-21 04:00:00,94.529999,94.699997,93.919998,94.599998,0.000000
2016-04-22 04:00:00,94.620003,95.199997,94.470001,95.120003,0.000000
2016-04-25 04:00:00,95.110001,95.110001,94.680000,94.839996,0.000000
2016-04-26 04:00:00,94.779999,94.809998,94.209999,94.570000,0.000000
2016-04-27 04:00:00,94.529999,94.800003,94.150002,94.389999,0.000000
2016-04-28 04:00:00,94.379997,94.580002,93.690002,93.760002,0.000000
2016-04-29 04:00:00,93.800003,93.800003,93.010002,93.080002,0.000000
2016-05-02 04:00:00,93.019997,93.070000,92.540001,92.629997,0.000000
2016-05-03 04:00:00,92.599998,92.989998,91.919998,92.940002,0.000000
2016-05-04 04:00:00,92.980003,93.360001,92.849998,93.180000,0.000000
2016-05-05 04:00:00,93.220001,93.860001,93.169998,93.779999,0.000000
2016-05-06 04:00:00,93.739998,93.959999,93.279999,93.889999,0.000000
2016-05-09 04:00:00,93.830002,94.199997,93.800003,94.150002,0.000000
2016-05-10 04:00:00,94.129997,94.360001,94.029999,94.290001,0.000000
2016-05-11 04:00:00,94.260002,94.260002,93.680000,93.820000,0.000000
2016-05-12 04:00:00,93.849998,94.190002,93.800003,94.139999,0.000000
2016-05-13 04:00:00,94.129997,94.849998,94.120003,94.610001,0.000000
2016-05-16 04:00:00,94.570000,94.680000,94.400002,94.570000,0.000000
2016-05-17 04:00:00,94.570000,94.709999,94.330002,94.550003,0.000000
2016-05-18 04:00:00,94.570000,95.269997,94.529999,95.080002,0.000000
2016-05-19 04:00:00,95.139999,95.500000,95.120003,95.290001,0.000000
2016-05-20 04:00:00,95.290001,95.459999,95.169998,95.309998,0.000000
2016-05-23 04:00:00,95.290001,95.480003,95.099998,95.230003,0.000000
2016-05-24 04:00:00,95.260002,95.660004,95.199997,95.570000,0.000000
2016-05-25 04:00:00,95.620003,95.660004,95.330002,95.349998,0.000000
2016-05-26 04:00:00,95.419998,95.419998,94.940002,95.169998,0.000000
2016-05-27 04:00:00,95.139999,95.779999,95.080002,95.519997,0.000000
2016-05-31 04:00:00,95.660004,95.889999,95.459999,95.889999,0.000000
2016-06-01 04:00:00,95.820000,95.900002,95.339996,95.459999,0.000000
2016-06-02 04:00:00,95.430000,95.589996,95.150002,95.559998,0.000000
2016-06-03 04:00:00,95.550003,95.639999,93.870003,94.029999,0.000000
2016-06-06 04:00:00,93.870003,94.269997,93.750000,93.900002,0.000000
2016-06-07 04:00:00,94.010002,94.089996,93.750000,93.830002,0.000000
2016-06-08 04:00:00,93.860001,93.870003,93.430000,93.589996,0.000000
2016-06-09 04:00:00,93.550003,94.120003,93.430000,94.099998,0.000000
2016-06-10 04:00:00,94.089996,94.709999,94.050003,94.599998,0.000000
2016-06-13 04:00:00,94.639999,94.750000,94.239998,94.370003,0.000000
2016-06-14 04:00:00,94.360001,95.029999,94.320000,94.930000,0.000000
2016-06-15 04:00:00,94.910004,95.040001,94.360001,94.610001,0.000000
2016-06-16 04:00:00,94.599998,95.320000,94.209999,94.570000,0.000000
2016-06-17 04:00:00,94.570000,94.589996,94.070000,94.209999,0.000000
2016-06-20 04:00:00,93.779999,93.779999,93.449997,93.610001,0.000000
2016-06-21 04:00:00,93.610001,94.139999,93.430000,94.019997,0.000000
2016-06-22 04:00:00,94.050003,94.120003,93.419998,93.720001,0.000000
2016-06-23 04:00:00,93.500000,93.610001,93.019997,93.529999,0.000000
2016-06-24 04:00:00,93.449997,96.699997,93.449997,95.449997,0.000000
2016-06-27 04:00:00,95.529999,96.709999,95.529999,96.540001,0.000000
2016-06-28 04:00:00,96.410004,96.410004,95.769997,96.250000,0.000000
2016-06-29 04:00:00,96.040001,96.199997,95.589996,95.769997,0.000000
2016-06-30 04:00:00,95.669998,96.419998,95.440002,96.139999,0.000000
2016-07-01 04:00:00,95.889999,96.080002,95.410004,95.650002,0.000000
2016-07-05 04:00:00,95.550003,96.250000,95.339996,96.169998,0.000000
2016-07-06 04:00:00,96.260002,96.500000,95.980003,96.059998,0.000000
2016-07-07 04:00:00,96.139999,96.339996,95.919998,96.330002,0.000000
2016-07-08 04:00:00,96.290001,96.699997,95.830002,96.300003,0.000000
2016-07-11 04:00:00,96.279999,96.790001,96.269997,96.570000,0.000000
2016-07-12 04:00:00,96.550003,96.639999,96.070000,96.440002,0.000000
2016-07-13 04:00:00,96.510002,96.599998,96.089996,96.220001,0.000000
2016-07-14 04:00:00,96.269997,96.370003,95.830002,96.080002,0.000000
2016-07-15 04:00:00,96.129997,96.730003,95.910004,96.580002,0.000000
2016-07-18 04:00:00,96.589996,96.709999,96.470001,96.559998,0.000000
2016-07-19 04:00:00,96.540001,97.150002,96.519997,97.050003,0.000000
2016-07-20 04:00:00,97.059998,97.320000,96.989998,97.199997,0.000000
2016-07-21 04:00:00,97.129997,97.209999,96.730003,97.000000,0.000000
2016-07-22 04:00:00,96.919998,97.540001,96.830002,97.470001,0.000000
2016-07-25 04:00:00,97.349998,97.570000,97.220001,97.290001,0.000000
2016-07-26 04:00:00,97.279999,97.320000,96.849998,97.160004,0.000000
2016-07-27 04:00:00,97.129997,97.529999,96.669998,97.050003,0.000000
2016-07-28 04:00:00,96.730003,96.769997,96.290001,96.739998,0.000000
2016-07-29 04:00:00,96.629997,96.629997,95.379997,95.529999,0.000000
2016-08-01 04:00:00,95.510002,95.820000,95.510002,95.709999,0.000000
2016-08-02 04:00:00,95.820000,95.849998,95.000000,95.059998,0.000000
2016-08-03 04:00:00,95.129997,95.610001,95.129997,95.559998,0.000000
2016-08-04 04:00:00,95.540001,95.900002,95.419998,95.760002,0.000000
2016-08-05 04:00:00,95.790001,96.519997,95.550003,96.190002,0.000000
2016-08-08 04:00:00,96.220001,96.470001,96.150002,96.400002,0.000000
2016-08-09 04:00:00,96.379997,96.519997,96.080002,96.180000,0.000000
2016-08-10 04:00:00,96.120003,96.120003,95.440002,95.650002,0.000000
2016-08-11 04:00:00,95.570000,95.970001,95.510002,95.860001,0.000000
2016-08-12 04:00:00,95.919998,95.989998,95.250000,95.720001,0.000000
2016-08-15 04:00:00,95.680000,95.800003,95.470001,95.629997,0.000000
2016-08-16 04:00:00,95.610001,95.660004,94.430000,94.790001,0.000000
2016-08-17 04:00:00,94.800003,95.099998,94.510002,94.720001,0.000000
2016-08-18 04:00:00,94.699997,94.699997,94.080002,94.160004,0.000000
2016-08-19 04:00:00,94.230003,94.629997,94.220001,94.510002,0.000000
2016-08-22 04:00:00,94.500000,94.959999,94.440002,94.519997,0.000000
2016-08-23 04:00:00,94.550003,94.580002,94.209999,94.540001,0.000000
2016-08-24 04:00:00,94.550003,94.910004,94.510002,94.790001,0.000000
2016-08-25 04:00:00,94.779999,94.830002,94.589996,94.769997,0.000000
2016-08-26 04:00:00,94.709999,95.589996,94.250000,95.570000,0.000000
2016-08-29 04:00:00,95.459999,95.830002,95.459999,95.580002,0.000000
2016-08-30 04:00:00,95.570000,96.139999,95.529999,96.050003,0.000000
2016-08-31 04:00:00,96.010002,96.260002,95.900002,96.019997,0.000000
2016-09-01 04:00:00,95.989998,96.239998,95.599998,95.650002,0.000000
2016-09-02 04:00:00,95.660004,95.959999,95.190002,95.879997,0.000000
2016-09-06 04:00:00,95.800003,95.860001,94.769997,94.820000,0.000000
2016-09-07 04:00:00,94.900002,95.059998,94.690002,94.959999,0.000000
2016-09-08 04:00:00,94.940002,95.139999,94.470001,95.029999,0.000000
2016-09-09 04:00:00,94.949997,95.580002,94.800003,95.339996,0.000000
2016-09-12 04:00:00,95.300003,95.449997,94.940002,95.099998,0.000000
2016-09-13 04:00:00,95.120003,95.669998,95.080002,95.629997,0.000000
2016-09-14 04:00:00,95.559998,95.660004,95.199997,95.330002,0.000000
2016-09-15 04:00:00,95.339996,95.559998,95.080002,95.290001,0.000000
2016-09-16 04:00:00,95.230003,96.110001,95.220001,96.110001,0.000000
2016-09-19 04:00:00,96.040001,96.059998,95.650002,95.839996,0.000000
2016-09-20 04:00:00,95.830002,96.040001,95.599998,96.019997,0.000000
2016-09-21 04:00:00,96.000000,96.330002,95.489998,95.660004,0.000000
2016-09-22 04:00:00,95.500000,95.529999,95.050003,95.449997,0.000000
2016-09-23 04:00:00,95.370003,95.680000,95.339996,95.480003,0.000000
2016-09-26 04:00:00,95.510002,95.529999,95.129997,95.309998,0.000000
2016-09-27 04:00:00,95.320000,95.669998,95.239998,95.440002,0.000000
2016-09-28 04:00:00,95.449997,95.739998,95.370003,95.430000,0.000000
2016-09-29 04:00:00,95.370003,95.680000,95.330002,95.540001,0.000000
2016-09-30 04:00:00,95.510002,95.959999,95.339996,95.459999,0.000000
2016-10-03 04:00:00,95.419998,95.800003,95.419998,95.750000,0.000000
2016-10-04 04:00:00,95.720001,96.440002,95.720001,96.120003,0.000000
2016-10-05 04:00:00,96.099998,96.309998,95.959999,96.129997,0.000000
2016-10-06 04:00:00,96.150002,96.769997,96.120003,96.660004,0.000000
2016-10-07 04:00:00,97.139999,97.190002,96.400002,96.519997,0.000000
2016-10-11 04:00:00,96.900002,97.730003,96.900002,97.699997,0.000000
2016-10-12 04:00:00,97.550003,98.040001,97.459999,97.970001,0.000000
2016-10-13 04:00:00,97.989998,98.129997,97.510002,97.519997,0.000000
2016-10-14 04:00:00,97.529999,98.120003,97.510002,98.019997,0.000000
2016-10-17 04:00:00,98.059998,98.169998,97.809998,97.889999,0.000000
2016-10-18 04:00:00,97.870003,97.959999,97.610001,97.900002,0.000000
2016-10-19 04:00:00,97.889999,97.970001,97.629997,97.870003,0.000000
2016-10-20 04:00:00,97.849998,98.400002,97.660004,98.320000,0.000000
2016-10-21 04:00:00,98.320000,98.809998,98.309998,98.699997,0.000000
2016-10-24 04:00:00,98.620003,98.849998,98.540001,98.669998,0.000000
2016-10-25 04:00:00,98.760002,99.120003,98.610001,98.720001,0.000000
2016-10-26 04:00:00,98.690002,98.839996,98.339996,98.629997,0.000000
2016-10-27 04:00:00,98.620003,99.029999,98.500000,98.889999,0.000000
2016-10-28 04:00:00,98.919998,98.940002,98.239998,98.349998,0.000000
2016-10-31 04:00:00,98.320000,98.699997,98.290001,98.449997,0.000000
2016-11-01 04:00:00,98.389999,98.480003,97.639999,97.699997,0.000000
2016-11-02 04:00:00,97.750000,97.800003,97.180000,97.400002,0.000000
2016-11-03 04:00:00,97.379997,97.459999,97.040001,97.160004,0.000000
2016-11-04 04:00:00,97.160004,97.349998,96.889999,97.070000,0.000000
2016-11-07 05:00:00,97.540001,97.870003,97.220001,97.779999,0.000000
2016-11-08 05:00:00,97.750000,97.989998,97.550003,97.860001,0.000000
2016-11-09 05:00:00,97.660004,98.699997,95.889999,98.500000,0.000000
2016-11-10 05:00:00,98.610001,99.080002,98.309998,98.790001,0.000000
2016-11-14 05:00:00,99.000000,100.220001,99.000000,100.110001,0.000000
2016-11-15 05:00:00,99.800003,100.260002,99.449997,100.190002,0.000000
2016-11-16 05:00:00,100.169998,100.570000,99.900002,100.410004,0.000000
2016-11-17 05:00:00,100.250000,101.010002,99.959999,100.889999,0.000000
2016-11-18 05:00:00,100.989998,101.480003,100.830002,101.209999,0.000000
2016-11-21 05:00:00,101.290001,101.400002,100.739998,101.050003,0.000000
2016-11-22 05:00:00,100.790001,101.320000,100.650002,101.040001,0.000000
2016-11-23 05:00:00,100.940002,101.910004,100.889999,101.699997,0.000000
2016-11-25 05:00:00,101.820000,101.919998,101.209999,101.489998,0.000000
2016-11-28 05:00:00,101.440002,101.599998,100.639999,101.330002,0.000000
2016-11-29 05:00:00,101.169998,101.639999,100.860001,100.930000,0.000000
2016-11-30 05:00:00,100.860001,101.830002,100.839996,101.500000,0.000000
2016-12-01 05:00:00,101.510002,101.589996,100.870003,101.040001,0.000000
2016-12-02 05:00:00,100.889999,101.110001,100.620003,100.769997,0.000000
2016-12-05 05:00:00,100.660004,101.540001,99.849998,100.139999,0.000000
2016-12-06 05:00:00,100.139999,100.580002,99.980003,100.489998,0.000000
2016-12-07 05:00:00,100.480003,100.599998,100.139999,100.230003,0.000000
2016-12-08 05:00:00,100.190002,101.250000,99.430000,101.070000,0.000000
2016-12-09 05:00:00,101.080002,101.739998,101.010002,101.570000,0.000000
2016-12-12 05:00:00,101.690002,101.779999,100.839996,100.959999,0.000000
2016-12-13 05:00:00,100.900002,101.160004,100.750000,101.029999,0.000000
2016-12-14 05:00:00,101.029999,102.349998,100.730003,102.000000,0.000000
2016-12-15 05:00:00,102.250000,103.559998,102.160004,103.129997,0.000000
2016-12-16 05:00:00,103.150002,103.269997,102.620003,102.949997,0.000000
2016-12-19 05:00:00,102.930000,103.209999,102.519997,103.139999,0.000000
2016-12-20 05:00:00,103.160004,103.650002,103.029999,103.290001,0.000000
2016-12-21 05:00:00,103.260002,103.379997,102.769997,103.019997,0.000000
2016-12-22 05:00:00,103.040001,103.139999,102.589996,103.089996,0.000000
2016-12-23 05:00:00,103.070000,103.230003,102.879997,103.010002,0.000000
2016-12-27 05:00:00,102.959999,103.150002,102.949997,103.019997,0.000000
2016-12-28 05:00:00,103.010002,103.629997,102.870003,103.260002,0.000000
2016-12-29 05:00:00,103.199997,103.250000,102.610001,102.680000,0.000000
2016-12-30 05:00:00,102.139999,102.589996,101.910004,102.389999,0.000000
2017-01-03 05:00:00,102.870003,103.820000,102.589996,103.209999,0.000000
2017-01-04 05:00:00,103.180000,103.440002,102.389999,102.699997,0.000000
2017-01-05 05:00:00,102.430000,102.510002,101.300003,101.519997,0.000000
2017-01-06 05:00:00,101.419998,102.290001,101.370003,102.220001,0.000000
2017-01-09 05:00:00,102.260002,102.519997,101.800003,101.930000,0.000000
2017-01-10 05:00:00,101.849998,102.099998,101.510002,102.010002,0.000000
2017-01-11 05:00:00,102.059998,102.949997,101.279999,101.779999,0.000000
2017-01-12 05:00:00,101.669998,101.800003,100.720001,101.349998,0.000000
2017-01-13 05:00:00,101.489998,101.669998,101.010002,101.180000,0.000000
2017-01-17 05:00:00,101.550003,101.620003,100.279999,100.330002,0.000000
2017-01-18 05:00:00,100.440002,101.339996,100.320000,100.930000,0.000000
2017-01-19 05:00:00,101.339996,101.730003,100.970001,101.150002,0.000000
2017-01-20 05:00:00,101.150002,101.500000,100.699997,100.739998,0.000000
2017-01-23 05:00:00,100.720001,100.720001,99.930000,100.160004,0.000000
2017-01-24 05:00:00,100.070000,100.430000,99.919998,100.349998,0.000000
2017-01-25 05:00:00,100.309998,100.410004,99.839996,100.029999,0.000000
2017-01-26 05:00:00,99.910004,100.730003,99.790001,100.379997,0.000000
2017-01-27 05:00:00,100.470001,100.820000,100.320000,100.529999,0.000000
2017-01-30 05:00:00,100.349998,101.019997,100.169998,100.430000,0.000000
2017-01-31 05:00:00,100.330002,100.510002,99.430000,99.510002,0.000000
2017-02-01 05:00:00,99.559998,100.040001,99.500000,99.639999,0.000000
2017-02-02 05:00:00,99.739998,99.849998,99.230003,99.849998,0.000000
2017-02-03 05:00:00,99.800003,100.260002,99.559998,99.870003,0.000000
2017-02-06 05:00:00,99.620003,100.250000,99.620003,99.910004,0.000000
2017-02-07 05:00:00,99.930000,100.720001,99.910004,100.260002,0.000000
2017-02-08 05:00:00,100.440002,100.639999,100.059998,100.279999,0.000000
2017-02-09 05:00:00,100.230003,100.669998,100.080002,100.650002,0.000000
2017-02-10 05:00:00,100.660004,101.010002,100.580002,100.800003,0.000000
2017-02-13 05:00:00,100.849998,101.110001,100.580002,100.959999,0.000000
2017-02-14 05:00:00,100.970001,101.379997,100.699997,101.250000,0.000000
2017-02-15 05:00:00,101.209999,101.760002,101.000000,101.180000,0.000000
2017-02-16 05:00:00,101.050003,101.070000,100.410004,100.440002,0.000000
2017-02-17 05:00:00,100.540001,100.959999,100.449997,100.949997,0.000000
2017-02-21 05:00:00,100.940002,101.599998,100.910004,101.370003,0.000000
2017-02-22 05:00:00,101.389999,101.720001,101.169998,101.330002,0.000000
2017-02-23 05:00:00,101.370003,101.440002,100.870003,101.050003,0.000000
2017-02-24 05:00:00,100.959999,101.169998,100.660004,101.089996,0.000000
2017-02-27 05:00:00,101.080002,101.269997,100.690002,101.129997,0.000000
2017-02-28 05:00:00,101.209999,101.389999,100.779999,101.120003,0.000000
2017-03-01 05:00:00,101.440002,101.970001,101.230003,101.779999,0.000000
2017-03-02 05:00:00,101.910004,102.260002,101.779999,102.199997,0.000000
2017-03-03 05:00:00,102.120003,102.169998,101.339996,101.540001,0.000000
2017-03-06 05:00:00,101.440002,101.750000,101.220001,101.639999,0.000000
2017-03-07 05:00:00,101.680000,101.910004,101.529999,101.809998,0.000000
2017-03-08 05:00:00,101.790001,102.190002,101.709999,102.070000,0.000000
2017-03-09 05:00:00,102.110001,102.250000,101.699997,101.849998,0.000000
2017-03-10 05:00:00,102.000000,102.000000,101.169998,101.250000,0.000000
2017-03-13 04:00:00,101.279999,101.389999,101.010002,101.379997,0.000000
2017-03-14 04:00:00,101.410004,101.790001,101.339996,101.699997,0.000000
2017-03-15 04:00:00,101.720001,101.720001,100.489998,100.739998,0.000000
2017-03-16 04:00:00,100.559998,100.750000,100.230003,100.269997,0.000000
2017-03-17 04:00:00,100.250000,100.470001,100.139999,100.300003,0.000000
2017-03-20 04:00:00,100.339996,100.449997,100.019997,100.410004,0.000000
2017-03-21 04:00:00,100.379997,100.379997,99.660004,99.809998,0.000000
2017-03-22 04:00:00,99.690002,99.930000,99.550003,99.680000,0.000000
2017-03-23 04:00:00,99.739998,99.870003,99.629997,99.760002,0.000000
2017-03-24 04:00:00,99.769997,100.000000,99.529999,99.629997,0.000000
2017-03-27 04:00:00,99.430000,99.430000,98.860001,99.169998,0.000000
2017-03-28 04:00:00,99.220001,99.790001,99.120003,99.709999,0.000000
2017-03-29 04:00:00,99.709999,100.129997,99.669998,100.000000,0.000000
2017-03-30 04:00:00,99.959999,100.589996,99.930000,100.410004,0.000000
2017-03-31 04:00:00,100.489998,100.650002,100.250000,100.349998,0.000000
2017-04-03 04:00:00,100.500000,100.690002,100.370003,100.540001,0.000000
2017-04-04 04:00:00,100.500000,100.730003,100.419998,100.540001,0.000000
2017-04-05 04:00:00,100.529999,100.849998,100.410004,100.559998,0.000000
2017-04-06 04:00:00,100.519997,100.769997,100.379997,100.669998,0.000000
2017-04-07 04:00:00,100.739998,101.260002,100.519997,101.180000,0.000000
2017-04-10 04:00:00,101.129997,101.339996,100.940002,101.019997,0.000000
2017-04-11 04:00:00,100.959999,101.080002,100.580002,100.709999,0.000000
2017-04-12 04:00:00,100.739998,100.820000,100.089996,100.779999,0.000000
2017-04-13 04:00:00,100.160004,100.599998,100.010002,100.559998,0.000000
2017-04-17 04:00:00,100.470001,100.470001,100.000000,100.300003,0.000000
2017-04-18 04:00:00,100.349998,100.400002,99.470001,99.500000,0.000000
2017-04-19 04:00:00,99.510002,99.889999,99.510002,99.739998,0.000000
2017-04-20 04:00:00,99.779999,99.849998,99.370003,99.779999,0.000000
2017-04-21 04:00:00,99.839996,100.029999,99.650002,99.980003,0.000000
2017-04-24 04:00:00,98.790001,99.330002,98.790001,99.089996,0.000000
2017-04-25 04:00:00,99.050003,99.220001,98.699997,98.820000,0.000000
2017-04-26 04:00:00,98.849998,99.330002,98.730003,98.959999,0.000000
2017-04-27 04:00:00,98.949997,99.330002,98.809998,99.080002,0.000000
2017-04-28 04:00:00,99.169998,99.250000,98.720001,99.050003,0.000000
2017-05-01 04:00:00,98.930000,99.209999,98.889999,99.139999,0.000000
2017-05-02 04:00:00,99.070000,99.220001,98.919998,98.980003,0.000000
2017-05-03 04:00:00,98.930000,99.389999,98.889999,99.209999,0.000000
2017-05-04 04:00:00,99.349998,99.459999,98.709999,98.760002,0.000000
2017-05-05 04:00:00,98.769997,98.980003,98.540001,98.650002,0.000000
2017-05-08 04:00:00,98.500000,99.180000,98.500000,99.150002,0.000000
2017-05-09 04:00:00,99.139999,99.690002,99.080002,99.589996,0.000000
2017-05-10 04:00:00,99.470001,99.720001,99.370003,99.669998,0.000000
2017-05-11 04:00:00,99.660004,99.889999,99.489998,99.620003,0.000000
2017-05-12 04:00:00,99.629997,99.699997,99.160004,99.250000,0.000000
2017-05-15 04:00:00,99.160004,99.260002,98.790001,98.910004,0.000000
2017-05-16 04:00:00,98.870003,98.889999,98.080002,98.110001,0.000000
2017-05-17 04:00:00,98.089996,98.129997,97.419998,97.419998,0.000000
2017-05-18 04:00:00,97.430000,98.070000,97.370003,97.879997,0.000000
2017-05-19 04:00:00,97.849998,97.849998,97.080002,97.150002,0.000000
2017-05-22 04:00:00,97.160004,97.440002,96.800003,96.980003,0.000000
2017-05-23 04:00:00,96.949997,97.419998,96.800003,97.349998,0.000000
2017-05-24 04:00:00,97.339996,97.470001,97.029999,97.239998,0.000000
2017-05-25 04:00:00,97.080002,97.279999,96.879997,97.250000,0.000000
2017-05-26 04:00:00,97.230003,97.550003,97.040001,97.400002,0.000000
2017-05-30 04:00:00,97.639999,97.779999,97.220001,97.279999,0.000000
2017-05-31 04:00:00,97.430000,97.500000,96.860001,96.919998,0.000000
2017-06-01 04:00:00,96.989998,97.320000,96.900002,97.199997,0.000000
2017-06-02 04:00:00,97.190002,97.309998,96.650002,96.720001,0.000000
2017-06-05 04:00:00,96.680000,96.970001,96.680000,96.800003,0.000000
2017-06-06 04:00:00,96.790001,96.800003,96.519997,96.639999,0.000000
2017-06-07 04:00:00,96.540001,96.980003,96.510002,96.750000,0.000000
2017-06-08 04:00:00,96.699997,97.160004,96.589996,96.919998,0.000000
2017-06-09 04:00:00,97.190002,97.500000,97.150002,97.269997,0.000000
2017-06-12 04:00:00,97.269997,97.320000,97.040001,97.139999,0.000000
2017-06-13 04:00:00,97.169998,97.279999,96.949997,96.980003,0.000000
2017-06-14 04:00:00,97.000000,97.129997,96.320000,96.940002,0.000000
2017-06-15 04:00:00,96.930000,97.559998,96.839996,97.430000,0.000000
2017-06-16 04:00:00,97.480003,97.559998,97.099998,97.160004,0.000000
2017-06-19 04:00:00,97.110001,97.580002,97.050003,97.529999,0.000000
2017-06-20 04:00:00,97.540001,97.870003,97.430000,97.750000,0.000000
2017-06-21 04:00:00,97.730003,97.800003,97.519997,97.559998,0.000000
2017-06-22 04:00:00,97.540001,97.650002,97.430000,97.540001,0.000000
2017-06-23 04:00:00,97.559998,97.580002,97.180000,97.300003,0.000000
2017-06-26 04:00:00,97.300003,97.470001,97.110001,97.430000,0.000000
2017-06-27 04:00:00,97.430000,97.449997,96.339996,96.470001,0.000000
2017-06-28 04:00:00,96.430000,96.620003,95.970001,96.050003,0.000000
2017-06-29 04:00:00,96.040001,96.050003,95.529999,95.629997,0.000000
2017-06-30 04:00:00,95.540001,95.830002,95.470001,95.660004,0.000000
2017-07-03 04:00:00,95.620003,96.239998,95.620003,96.199997,0.000000
2017-07-05 04:00:00,96.190002,96.510002,96.070000,96.290001,0.000000
2017-07-06 04:00:00,96.190002,96.339996,95.790001,95.820000,0.000000
2017-07-07 04:00:00,95.809998,96.150002,95.750000,96.010002,0.000000
2017-07-10 04:00:00,96.040001,96.199997,95.949997,96.050003,0.000000
2017-07-11 04:00:00,96.070000,96.209999,95.650002,95.739998,0.000000
2017-07-12 04:00:00,95.779999,95.980003,95.510002,95.790001,0.000000
2017-07-13 04:00:00,95.779999,95.919998,95.459999,95.730003,0.000000
2017-07-14 04:00:00,95.800003,95.830002,95.089996,95.110001,0.000000
2017-07-17 04:00:00,95.099998,95.349998,95.019997,95.129997,0.000000
2017-07-18 04:00:00,95.160004,95.190002,94.480003,94.660004,0.000000
2017-07-19 04:00:00,94.690002,94.889999,94.639999,94.800003,0.000000
2017-07-20 04:00:00,94.769997,95.169998,94.089996,94.269997,0.000000
2017-07-21 04:00:00,94.290001,94.360001,93.849998,93.940002,0.000000
2017-07-24 04:00:00,93.949997,94.120003,93.820000,93.980003,0.000000
2017-07-25 04:00:00,94.029999,94.120003,93.639999,94.050003,0.000000
2017-07-26 04:00:00,94.089996,94.290001,93.400002,93.669998,0.000000
2017-07-27 04:00:00,93.459999,94.099998,93.150002,93.860001,0.000000
2017-07-28 04:00:00,93.870003,93.949997,93.260002,93.260002,0.000000
2017-07-31 04:00:00,93.360001,93.540001,92.779999,92.860001,0.000000
2017-08-01 04:00:00,92.889999,93.120003,92.779999,93.029999,0.000000
2017-08-02 04:00:00,93.059998,93.160004,92.550003,92.830002,0.000000
2017-08-03 04:00:00,92.900002,93.040001,92.680000,92.809998,0.000000
2017-08-04 04:00:00,92.750000,93.769997,92.699997,93.540001,0.000000
2017-08-07 04:00:00,93.500000,93.540001,93.300003,93.430000,0.000000
2017-08-08 04:00:00,93.449997,93.879997,93.239998,93.639999,0.000000
2017-08-09 04:00:00,93.559998,93.889999,93.489998,93.519997,0.000000
2017-08-10 04:00:00,93.500000,93.809998,93.320000,93.400002,0.000000
2017-08-11 04:00:00,93.430000,93.510002,92.930000,93.070000,0.000000
2017-08-14 04:00:00,93.089996,93.500000,93.050003,93.459999,0.000000
2017-08-15 04:00:00,93.470001,94.139999,93.440002,93.849998,0.000000
2017-08-16 04:00:00,93.839996,94.150002,93.480003,93.489998,0.000000
2017-08-17 04:00:00,93.440002,94.080002,93.309998,93.620003,0.000000
2017-08-18 04:00:00,93.680000,93.760002,93.330002,93.430000,0.000000
2017-08-21 04:00:00,93.430000,93.580002,93.000000,93.099998,0.000000
2017-08-22 04:00:00,93.139999,93.580002,93.059998,93.550003,0.000000
2017-08-23 04:00:00,93.510002,93.629997,93.129997,93.150002,0.000000
2017-08-24 04:00:00,93.160004,93.379997,93.139999,93.279999,0.000000
2017-08-25 04:00:00,93.269997,93.440002,92.419998,92.739998,0.000000
2017-08-28 04:00:00,92.360001,92.550003,92.180000,92.209999,0.000000
2017-08-29 04:00:00,92.220001,92.480003,91.620003,92.349998,0.000000
2017-08-30 04:00:00,92.300003,92.949997,92.250000,92.879997,0.000000
2017-08-31 04:00:00,92.849998,93.349998,92.580002,92.669998,0.000000
2017-09-01 04:00:00,92.610001,92.930000,92.099998,92.809998,0.000000
2017-09-05 04:00:00,92.599998,92.730003,92.180000,92.309998,0.000000
2017-09-06 04:00:00,92.239998,92.379997,91.989998,92.290001,0.000000
2017-09-07 04:00:00,92.199997,92.250000,91.410004,91.529999,0.000000
2017-09-08 04:00:00,91.489998,91.510002,91.010002,91.330002,0.000000
2017-09-11 04:00:00,91.860001,91.989998,91.419998,91.860001,0.000000
2017-09-12 04:00:00,91.860001,92.080002,91.769997,91.910004,0.000000
2017-09-13 04:00:00,91.879997,92.529999,91.709999,92.519997,0.000000
2017-09-14 04:00:00,92.349998,92.660004,92.029999,92.120003,0.000000
2017-09-15 04:00:00,92.000000,92.169998,91.580002,91.870003,0.000000
2017-09-18 04:00:00,91.930000,92.209999,91.800003,92.050003,0.000000
2017-09-19 04:00:00,91.980003,92.050003,91.750000,91.790001,0.000000
2017-09-20 04:00:00,91.830002,92.699997,91.529999,92.510002,0.000000
2017-09-21 04:00:00,92.470001,92.660004,92.099998,92.260002,0.000000
2017-09-22 04:00:00,92.180000,92.220001,91.779999,92.169998,0.000000
2017-09-25 04:00:00,92.320000,92.720001,92.209999,92.650002,0.000000
2017-09-26 04:00:00,92.599998,93.290001,92.550003,92.970001,0.000000
2017-09-27 04:00:00,93.040001,93.610001,93.010002,93.360001,0.000000
2017-09-28 04:00:00,93.470001,93.669998,93.070000,93.089996,0.000000
2017-09-29 04:00:00,93.169998,93.269997,92.949997,93.080002,0.000000
2017-10-02 04:00:00,93.290001,93.660004,93.120003,93.559998,0.000000
2017-10-03 04:00:00,93.599998,93.919998,93.430000,93.570000,0.000000
2017-10-04 04:00:00,93.589996,93.589996,93.260002,93.459999,0.000000
2017-10-05 04:00:00,93.480003,93.989998,93.410004,93.959999,0.000000
2017-10-06 04:00:00,93.919998,94.269997,93.769997,93.800003,0.000000
2017-10-09 04:00:00,93.769997,93.839996,93.620003,93.739998,0.000000
2017-10-10 04:00:00,93.730003,93.739998,93.139999,93.290001,0.000000
2017-10-11 04:00:00,93.260002,93.370003,92.900002,92.959999,0.000000
2017-10-12 04:00:00,92.949997,93.230003,92.800003,93.120003,0.000000
2017-10-13 04:00:00,93.089996,93.239998,92.750000,93.089996,0.000000
2017-10-16 04:00:00,93.070000,93.360001,93.070000,93.279999,0.000000
2017-10-17 04:00:00,93.320000,93.730003,93.279999,93.489998,0.000000
2017-10-18 04:00:00,93.480003,93.800003,93.360001,93.360001,0.000000
2017-10-19 04:00:00,93.419998,93.550003,93.059998,93.269997,0.000000
2017-10-20 04:00:00,93.160004,93.779999,93.120003,93.699997,0.000000
2017-10-23 04:00:00,93.839996,94.019997,93.680000,93.940002,0.000000
2017-10-24 04:00:00,93.830002,93.989998,93.680000,93.959999,0.000000
2017-10-25 04:00:00,93.940002,94.010002,93.610001,93.709999,0.000000
2017-10-26 04:00:00,93.629997,94.720001,93.480003,94.610001,0.000000
2017-10-27 04:00:00,94.720001,95.150002,94.720001,94.919998,0.000000
2017-10-30 04:00:00,94.790001,94.900002,94.440002,94.489998,0.000000
2017-10-31 04:00:00,94.540001,94.699997,94.449997,94.550003,0.000000
2017-11-01 04:00:00,94.550003,94.849998,94.510002,94.820000,0.000000
2017-11-02 04:00:00,94.800003,94.800003,94.410004,94.690002,0.000000
2017-11-03 04:00:00,94.730003,95.019997,94.410004,94.940002,0.000000
2017-11-06 05:00:00,94.870003,95.080002,94.709999,94.720001,0.000000
2017-11-07 05:00:00,94.720001,95.150002,94.699997,94.910004,0.000000
2017-11-08 05:00:00,94.800003,94.970001,94.779999,94.870003,0.000000
2017-11-09 05:00:00,94.879997,94.959999,94.419998,94.440002,0.000000
2017-11-10 05:00:00,94.500000,94.650002,94.260002,94.389999,0.000000
2017-11-13 05:00:00,94.410004,94.639999,94.400002,94.489998,0.000000
2017-11-14 05:00:00,94.519997,94.540001,93.750000,93.830002,0.000000
2017-11-15 05:00:00,93.860001,93.910004,93.400002,93.809998,0.000000
2017-11-16 05:00:00,93.839996,94.000000,93.769997,93.930000,0.000000
2017-11-17 05:00:00,93.870003,93.930000,93.510002,93.660004,0.000000
2017-11-20 05:00:00,93.709999,94.099998,93.580002,94.080002,0.000000
2017-11-21 05:00:00,94.040001,94.169998,93.879997,93.949997,0.000000
2017-11-22 05:00:00,93.930000,93.959999,93.209999,93.220001,0.000000
2017-11-24 05:00:00,93.129997,93.250000,92.680000,92.760002,0.000000
2017-11-27 05:00:00,92.690002,92.980003,92.500000,92.900002,0.000000
2017-11-28 05:00:00,92.889999,93.339996,92.830002,93.260002,0.000000
2017-11-29 05:00:00,93.220001,93.440002,92.989998,93.260002,0.000000
2017-11-30 05:00:00,93.260002,93.510002,92.730003,93.010002,0.000000
2017-12-01 05:00:00,93.029999,93.250000,92.599998,92.900002,0.000000
2017-12-04 05:00:00,93.220001,93.360001,93.070000,93.190002,0.000000
2017-12-05 05:00:00,93.089996,93.489998,93.040001,93.379997,0.000000
2017-12-06 05:00:00,93.309998,93.650002,93.169998,93.610001,0.000000
2017-12-07 05:00:00,93.540001,93.800003,93.510002,93.800003,0.000000
2017-12-08 05:00:00,93.790001,94.089996,93.769997,93.900002,0.000000
2017-12-11 05:00:00,93.919998,93.980003,93.669998,93.870003,0.000000
2017-12-12 05:00:00,93.910004,94.220001,93.760002,94.099998,0.000000
2017-12-13 05:00:00,94.059998,94.110001,93.410004,93.430000,0.000000
2017-12-14 05:00:00,93.410004,93.760002,93.279999,93.489998,0.000000
2017-12-15 05:00:00,93.650002,94.000000,93.410004,93.930000,0.000000
2017-12-18 05:00:00,93.980003,94.029999,93.379997,93.699997,0.000000
2017-12-19 05:00:00,93.709999,93.760002,93.430000,93.470001,0.000000
2017-12-20 05:00:00,93.500000,93.540001,93.160004,93.349998,0.000000
2017-12-21 05:00:00,93.309998,93.500000,93.239998,93.279999,0.000000
2017-12-22 05:00:00,93.370003,93.559998,93.309998,93.349998,0.000000
2017-12-26 05:00:00,93.250000,93.400002,93.199997,93.260002,0.000000
2017-12-27 05:00:00,93.300003,93.309998,92.959999,93.029999,0.000000
2017-12-28 05:00:00,93.000000,93.019997,92.570000,92.599998,0.000000
2017-12-29 05:00:00,92.669998,92.669998,92.080002,92.120003,0.000000
2018-01-02 05:00:00,92.239998,92.250000,91.750000,91.849998,0.000000
2018-01-03 05:00:00,91.820000,92.260002,91.809998,92.160004,0.000000
2018-01-04 05:00:00,92.220001,92.260002,91.800003,91.849998,0.000000
2018-01-05 05:00:00,91.870003,92.099998,91.779999,91.949997,0.000000
2018-01-08 05:00:00,92.059998,92.400002,91.879997,92.330002,0.000000
2018-01-09 05:00:00,92.339996,92.639999,92.209999,92.529999,0.000000
2018-01-10 05:00:00,92.570000,92.580002,91.919998,92.330002,0.000000
2018-01-11 05:00:00,92.330002,92.550003,91.790001,91.849998,0.000000
2018-01-12 05:00:00,91.849998,91.879997,90.900002,90.970001,0.000000
2018-01-16 05:00:00,90.440002,90.830002,90.339996,90.389999,0.000000
2018-01-17 05:00:00,90.400002,90.820000,90.339996,90.540001,0.000000
2018-01-18 05:00:00,90.779999,91.000000,90.110001,90.500000,0.000000
2018-01-19 05:00:00,90.500000,90.980003,90.410004,90.570000,0.000000
2018-01-22 05:00:00,90.669998,90.699997,90.160004,90.400002,0.000000
2018-01-23 05:00:00,90.389999,90.699997,90.089996,90.120003,0.000000
2018-01-24 05:00:00,90.000000,90.589996,89.209999,89.209999,0.000000
2018-01-25 05:00:00,89.320000,90.110001,89.160004,89.389999,0.000000
2018-01-26 05:00:00,89.400002,89.580002,88.440002,89.070000,0.000000
2018-01-29 05:00:00,89.019997,89.620003,89.010002,89.309998,0.000000
2018-01-30 05:00:00,89.370003,89.639999,88.910004,89.190002,0.000000
2018-01-31 05:00:00,89.099998,89.300003,88.779999,89.129997,0.000000
2018-02-01 05:00:00,89.040001,89.330002,88.559998,88.669998,0.000000
2018-02-02 05:00:00,88.639999,89.430000,88.589996,89.199997,0.000000
2018-02-05 05:00:00,89.190002,89.669998,89.019997,89.550003,0.000000
2018-02-06 05:00:00,89.660004,90.029999,89.370003,89.589996,0.000000
2018-02-07 05:00:00,89.629997,90.400002,89.470001,90.260002,0.000000
2018-02-08 05:00:00,90.269997,90.570000,90.010002,90.230003,0.000000
2018-02-09 05:00:00,90.250000,90.559998,90.120003,90.440002,0.000000
2018-02-12 05:00:00,90.330002,90.430000,90.070000,90.209999,0.000000
2018-02-13 05:00:00,90.089996,90.180000,89.610001,89.699997,0.000000
2018-02-14 05:00:00,89.690002,90.120003,88.940002,89.120003,0.000000
2018-02-15 05:00:00,88.959999,89.000000,88.540001,88.589996,0.000000
2018-02-16 05:00:00,88.570000,89.230003,88.250000,89.099998,0.000000
2018-02-20 05:00:00,89.239998,89.800003,89.220001,89.720001,0.000000
2018-02-21 05:00:00,89.709999,90.129997,89.589996,90.080002,0.000000
2018-02-22 05:00:00,90.160004,90.239998,89.639999,89.750000,0.000000
2018-02-23 05:00:00,89.779999,90.059998,89.760002,89.879997,0.000000
2018-02-26 05:00:00,89.879997,90.050003,89.500000,89.820000,0.000000
2018-02-27 05:00:00,89.800003,90.500000,89.690002,90.360001,0.000000
2018-02-28 05:00:00,90.410004,90.699997,90.309998,90.610001,0.000000
2018-03-01 05:00:00,90.669998,90.930000,90.220001,90.320000,0.000000
2018-03-02 05:00:00,90.250000,90.290001,89.879997,89.940002,0.000000
2018-03-05 05:00:00,89.830002,90.220001,89.830002,90.080002,0.000000
2018-03-06 05:00:00,89.959999,90.059998,89.500000,89.620003,0.000000
2018-03-07 05:00:00,89.510002,89.779999,89.410004,89.639999,0.000000
2018-03-08 05:00:00,89.589996,90.230003,89.440002,90.120003,0.000000
2018-03-09 05:00:00,90.199997,90.360001,90.000000,90.089996,0.000000
2018-03-12 04:00:00,90.110001,90.190002,89.839996,89.900002,0.000000
2018-03-13 04:00:00,89.910004,90.110001,89.589996,89.660004,0.000000
2018-03-14 04:00:00,89.699997,89.889999,89.559998,89.699997,0.000000
2018-03-15 04:00:00,89.750000,90.169998,89.620003,90.139999,0.000000
2018-03-16 04:00:00,90.139999,90.379997,89.889999,90.230003,0.000000
2018-03-19 04:00:00,90.199997,90.349998,89.760002,89.900002,0.000000
2018-03-20 04:00:00,89.879997,90.449997,89.849998,90.370003,0.000000
2018-03-21 04:00:00,90.400002,90.400002,89.629997,89.779999,0.000000
2018-03-22 04:00:00,89.650002,89.959999,89.400002,89.860001,0.000000
2018-03-23 04:00:00,89.690002,89.739998,89.400002,89.440002,0.000000
2018-03-26 04:00:00,89.470001,89.519997,88.980003,89.029999,0.000000
2018-03-27 04:00:00,89.019997,89.629997,88.940002,89.370003,0.000000
2018-03-28 04:00:00,89.320000,90.150002,89.250000,90.059998,0.000000
2018-03-29 04:00:00,90.070000,90.180000,89.900002,90.150002,0.000000
2018-04-02 04:00:00,89.970001,90.150002,89.820000,90.050003,0.000000
2018-04-03 04:00:00,90.019997,90.279999,89.849998,90.199997,0.000000
2018-04-04 04:00:00,90.160004,90.230003,89.919998,90.139999,0.000000
2018-04-05 04:00:00,90.089996,90.589996,90.070000,90.459999,0.000000
2018-04-06 04:00:00,90.379997,90.599998,90.070000,90.110001,0.000000
2018-04-09 04:00:00,90.070000,90.269997,89.820000,89.839996,0.000000
2018-04-10 04:00:00,89.830002,89.970001,89.540001,89.589996,0.000000
2018-04-11 04:00:00,89.580002,89.669998,89.360001,89.570000,0.000000
2018-04-12 04:00:00,89.519997,89.959999,89.440002,89.750000,0.000000
2018-04-13 04:00:00,89.760002,89.879997,89.660004,89.800003,0.000000
2018-04-16 04:00:00,89.769997,89.849998,89.389999,89.430000,0.000000
2018-04-17 04:00:00,89.410004,89.669998,89.230003,89.519997,0.000000
2018-04-18 04:00:00,89.510002,89.779999,89.449997,89.620003,0.000000
2018-04-19 04:00:00,89.620003,89.949997,89.500000,89.940002,0.000000
2018-04-20 04:00:00,89.900002,90.480003,89.889999,90.320000,0.000000
2018-04-23 04:00:00,90.320000,90.989998,90.320000,90.940002,0.000000
2018-04-24 04:00:00,90.919998,91.080002,90.709999,90.769997,0.000000
2018-04-25 04:00:00,90.779999,91.260002,90.750000,91.169998,0.000000
2018-04-26 04:00:00,91.209999,91.639999,90.959999,91.559998,0.000000
2018-04-27 04:00:00,91.580002,91.989998,91.489998,91.540001,0.000000
2018-04-30 04:00:00,91.529999,91.919998,91.480003,91.839996,0.000000
2018-05-01 04:00:00,91.809998,92.570000,91.800003,92.449997,0.000000
2018-05-02 04:00:00,92.470001,92.830002,92.220001,92.510002,0.000000
2018-05-03 04:00:00,92.720001,92.760002,92.349998,92.410004,0.000000
2018-05-04 04:00:00,92.430000,92.900002,92.349998,92.570000,0.000000
2018-05-07 04:00:00,92.570000,92.970001,92.449997,92.750000,0.000000
2018-05-08 04:00:00,92.769997,93.279999,92.650002,93.120003,0.000000
2018-05-09 04:00:00,93.070000,93.419998,92.839996,93.040001,0.000000
2018-05-10 04:00:00,93.080002,93.160004,92.540001,92.650002,0.000000
2018-05-11 04:00:00,92.690002,92.839996,92.370003,92.540001,0.000000
2018-05-14 04:00:00,92.550003,92.690002,92.239998,92.589996,0.000000
2018-05-15 04:00:00,92.650002,93.459999,92.610001,93.220001,0.000000
2018-05-16 04:00:00,93.309998,93.629997,93.139999,93.389999,0.000000
2018-05-17 04:00:00,93.260002,93.570000,93.120003,93.470001,0.000000
2018-05-18 04:00:00,93.500000,93.830002,93.339996,93.639999,0.000000
2018-05-21 04:00:00,93.669998,94.059998,93.510002,93.680000,0.000000
2018-05-22 04:00:00,93.540001,93.730003,93.290001,93.610001,0.000000
2018-05-23 04:00:00,93.550003,94.190002,93.510002,94.010002,0.000000
2018-05-24 04:00:00,93.919998,93.980003,93.610001,93.779999,0.000000
2018-05-25 04:00:00,93.800003,94.279999,93.750000,94.190002,0.000000
2018-05-29 04:00:00,94.410004,95.029999,94.279999,94.830002,0.000000
2018-05-30 04:00:00,94.820000,94.970001,94.040001,94.150002,0.000000
2018-05-31 04:00:00,94.070000,94.250000,93.720001,93.989998,0.000000
2018-06-01 04:00:00,93.949997,94.449997,93.879997,94.190002,0.000000
2018-06-04 04:00:00,94.160004,94.199997,93.660004,94.019997,0.000000
2018-06-05 04:00:00,94.059998,94.320000,93.779999,93.889999,0.000000
2018-06-06 04:00:00,93.879997,93.889999,93.419998,93.660004,0.000000
2018-06-07 04:00:00,93.589996,93.589996,93.209999,93.400002,0.000000
2018-06-08 04:00:00,93.440002,93.820000,93.389999,93.550003,0.000000
2018-06-11 04:00:00,93.540001,93.680000,93.370003,93.580002,0.000000
2018-06-12 04:00:00,93.669998,93.910004,93.470001,93.800003,0.000000
2018-06-13 04:00:00,93.830002,94.029999,93.519997,93.709999,0.000000
2018-06-14 04:00:00,93.500000,94.870003,93.190002,94.769997,0.000000
2018-06-15 04:00:00,94.910004,95.129997,94.650002,94.790001,0.000000
2018-06-18 04:00:00,94.790001,95.050003,94.699997,94.750000,0.000000
2018-06-19 04:00:00,94.739998,95.300003,94.529999,95.089996,0.000000
2018-06-20 04:00:00,94.970001,95.300003,94.919998,95.059998,0.000000
2018-06-21 04:00:00,95.129997,95.529999,94.680000,94.870003,0.000000
2018-06-22 04:00:00,94.860001,94.879997,94.430000,94.519997,0.000000
2018-06-25 04:00:00,94.500000,94.699997,94.209999,94.279999,0.000000
2018-06-26 04:00:00,94.290001,94.769997,94.169998,94.680000,0.000000
2018-06-27 04:00:00,94.669998,95.419998,94.529999,95.290001,0.000000
2018-06-28 04:00:00,95.269997,95.529999,95.089996,95.389999,0.000000
2018-06-29 04:00:00,95.300003,95.320000,94.480003,94.629997,0.000000
2018-07-02 04:00:00,94.629997,95.139999,94.529999,94.870003,0.000000
2018-07-03 04:00:00,94.839996,94.980003,94.559998,94.589996,0.000000
2018-07-05 04:00:00,94.510002,94.589996,94.180000,94.470001,0.000000
2018-07-06 04:00:00,94.360001,94.489998,93.919998,94.040001,0.000000
2018-07-09 04:00:00,93.970001,94.209999,93.709999,94.080002,0.000000
2018-07-10 04:00:00,94.059998,94.480003,94.019997,94.110001,0.000000
2018-07-11 04:00:00,94.199997,94.769997,94.089996,94.720001,0.000000
2018-07-12 04:00:00,94.699997,94.940002,94.639999,94.809998,0.000000
2018-07-13 04:00:00,94.900002,95.239998,94.669998,94.750000,0.000000
2018-07-16 04:00:00,94.690002,94.769997,94.410004,94.510002,0.000000
2018-07-17 04:00:00,94.550003,95.059998,94.300003,94.970001,0.000000
2018-07-18 04:00:00,95.029999,95.410004,94.959999,95.080002,0.000000
2018-07-19 04:00:00,95.080002,95.650002,94.930000,95.169998,0.000000
2018-07-20 04:00:00,95.129997,95.279999,94.360001,94.459999,0.000000
2018-07-23 04:00:00,94.430000,94.720001,94.209999,94.669998,0.000000
2018-07-24 04:00:00,94.669998,94.860001,94.400002,94.610001,0.000000
2018-07-25 04:00:00,94.589996,94.669998,94.139999,94.360001,0.000000
2018-07-26 04:00:00,94.160004,94.779999,94.080002,94.750000,0.000000
2018-07-27 04:00:00,94.760002,94.910004,94.629997,94.680000,0.000000
2018-07-30 04:00:00,94.660004,94.760002,94.260002,94.360001,0.000000
2018-07-31 04:00:00,94.330002,94.570000,94.160004,94.489998,0.000000
2018-08-01 04:00:00,94.559998,94.709999,94.489998,94.620003,0.000000
2018-08-02 04:00:00,94.629997,95.190002,94.610001,95.169998,0.000000
2018-08-03 04:00:00,95.180000,95.370003,94.980003,95.139999,0.000000
2018-08-06 04:00:00,95.199997,95.519997,95.199997,95.360001,0.000000
2018-08-07 04:00:00,95.339996,95.370003,94.989998,95.220001,0.000000
2018-08-08 04:00:00,95.139999,95.419998,94.989998,95.099998,0.000000
2018-08-09 04:00:00,95.099998,95.620003,95.029999,95.500000,0.000000
2018-08-10 04:00:00,95.639999,96.449997,95.529999,96.360001,0.000000
2018-08-13 04:00:00,95.190002,96.519997,95.160004,96.389999,0.000000
2018-08-14 04:00:00,95.169998,96.790001,95.160004,96.730003,0.000000
2018-08-15 04:00:00,96.660004,96.980003,96.650002,96.699997,0.000000
2018-08-16 04:00:00,96.720001,96.769997,96.320000,96.650002,0.000000
2018-08-17 04:00:00,96.610001,96.660004,96.089996,96.099998,0.000000
2018-08-20 04:00:00,96.129997,96.400002,95.769997,95.900002,0.000000
2018-08-21 04:00:00,95.739998,95.750000,95.080002,95.260002,0.000000
2018-08-22 04:00:00,95.209999,95.379997,94.930000,95.150002,0.000000
2018-08-23 04:00:00,95.169998,95.709999,95.150002,95.620003,0.000000
2018-08-24 04:00:00,95.639999,95.690002,95.029999,95.150002,0.000000
2018-08-27 04:00:00,95.169998,95.300003,94.690002,94.779999,0.000000
2018-08-28 04:00:00,94.769997,94.910004,94.430000,94.720001,0.000000
2018-08-29 04:00:00,94.730003,94.930000,94.529999,94.599998,0.000000
2018-08-30 04:00:00,94.529999,94.900002,94.470001,94.720001,0.000000
2018-08-31 04:00:00,94.699997,95.220001,94.550003,95.139999,0.000000
2018-09-04 04:00:00,95.139999,95.739998,95.139999,95.419998,0.000000
2018-09-05 04:00:00,95.400002,95.660004,95.089996,95.129997,0.000000
2018-09-06 04:00:00,95.099998,95.209999,94.930000,95.019997,0.000000
2018-09-07 04:00:00,95.019997,95.459999,94.870003,95.370003,0.000000
2018-09-10 04:00:00,95.430000,95.559998,95.029999,95.150002,0.000000
2018-09-11 04:00:00,95.150002,95.349998,94.879997,95.059998,0.000000
2018-09-12 04:00:00,95.099998,95.279999,94.730003,94.800003,0.000000
2018-09-13 04:00:00,94.830002,94.970001,94.430000,94.540001,0.000000
2018-09-14 04:00:00,94.550003,95.000000,94.360001,94.980003,0.000000
2018-09-17 04:00:00,94.930000,94.980003,94.440002,94.510002,0.000000
2018-09-18 04:00:00,94.610001,94.730003,94.320000,94.620003,0.000000
2018-09-19 04:00:00,94.540001,94.730003,94.320000,94.550003,0.000000
2018-09-20 04:00:00,94.550003,94.559998,93.830002,93.910004,0.000000
2018-09-21 04:00:00,93.889999,94.330002,93.809998,94.220001,0.000000
2018-09-24 04:00:00,94.230003,94.370003,93.839996,94.260002,0.000000
2018-09-25 04:00:00,94.250000,94.370003,94.010002,94.129997,0.000000
2018-09-26 04:00:00,94.169998,94.400002,93.949997,94.190002,0.000000
2018-09-27 04:00:00,94.260002,95.000000,94.209999,95.000000,0.000000
2018-09-28 04:00:00,95.019997,95.370003,94.919998,95.190002,0.000000
2018-10-01 04:00:00,95.110001,95.370003,95.000000,95.300003,0.000000
2018-10-02 04:00:00,95.300003,95.739998,95.260002,95.510002,0.000000
2018-10-03 04:00:00,95.459999,96.120003,95.260002,95.760002,0.000000
2018-10-04 04:00:00,96.050003,96.120003,95.550003,95.750000,0.000000
2018-10-05 04:00:00,95.760002,95.949997,95.519997,95.620003,0.000000
2018-10-08 04:00:00,95.620003,96.029999,95.589996,95.769997,0.000000
2018-10-09 04:00:00,95.750000,96.160004,95.639999,95.680000,0.000000
2018-10-10 04:00:00,95.589996,95.790001,95.379997,95.510002,0.000000
2018-10-11 04:00:00,95.430000,95.430000,94.989998,95.019997,0.000000
2018-10-12 04:00:00,95.040001,95.370003,94.949997,95.220001,0.000000
2018-10-15 04:00:00,95.349998,95.370003,94.959999,95.070000,0.000000
2018-10-16 04:00:00,95.050003,95.199997,94.790001,95.050003,0.000000
2018-10-17 04:00:00,95.089996,95.660004,95.059998,95.580002,0.000000
2018-10-18 04:00:00,95.660004,95.989998,95.489998,95.900002,0.000000
2018-10-19 04:00:00,95.949997,96.089996,95.540001,95.709999,0.000000
2018-10-22 04:00:00,95.660004,96.089996,95.470001,96.010002,0.000000
2018-10-23 04:00:00,96.029999,96.160004,95.809998,95.959999,0.000000
2018-10-24 04:00:00,95.919998,96.529999,95.910004,96.430000,0.000000
2018-10-25 04:00:00,96.360001,96.730003,96.209999,96.680000,0.000000
2018-10-26 04:00:00,96.589996,96.860001,96.290001,96.360001,0.000000
2018-10-29 04:00:00,96.440002,96.699997,96.349998,96.580002,0.000000
2018-10-30 04:00:00,96.660004,97.019997,96.620003,97.010002,0.000000
2018-10-31 04:00:00,96.989998,97.199997,96.879997,97.129997,0.000000
2018-11-01 04:00:00,97.080002,97.120003,96.199997,96.279999,0.000000
2018-11-02 04:00:00,96.309998,96.589996,95.989998,96.540001,0.000000
2018-11-05 05:00:00,96.440002,96.680000,96.250000,96.349998,0.000000
2018-11-06 05:00:00,96.330002,96.449997,96.150002,96.320000,0.000000
2018-11-07 05:00:00,95.989998,96.459999,95.680000,96.000000,0.000000
2018-11-08 05:00:00,96.190002,96.739998,96.070000,96.639999,0.000000
2018-11-09 05:00:00,96.629997,97.010002,96.620003,96.910004,0.000000
2018-11-12 05:00:00,97.050003,97.690002,96.970001,97.540001,0.000000
2018-11-13 05:00:00,97.599998,97.660004,97.080002,97.300003,0.000000
2018-11-14 05:00:00,97.029999,97.410004,96.750000,96.800003,0.000000
2018-11-15 05:00:00,97.010002,97.389999,96.769997,96.930000,0.000000
2018-11-16 05:00:00,97.050003,97.059998,96.400002,96.470001,0.000000
2018-11-19 05:00:00,96.430000,96.570000,96.120003,96.190002,0.000000
2018-11-20 05:00:00,96.199997,96.889999,96.040001,96.809998,0.000000
2018-11-21 05:00:00,96.820000,96.870003,96.500000,96.709999,0.000000
2018-11-23 05:00:00,96.510002,96.980003,96.400002,96.919998,0.000000
2018-11-26 05:00:00,96.930000,97.099998,96.660004,97.070000,0.000000
2018-11-27 05:00:00,97.029999,97.500000,96.970001,97.370003,0.000000
2018-11-28 05:00:00,97.370003,97.540001,96.690002,96.790001,0.000000
2018-11-29 05:00:00,96.849998,97.010002,96.629997,96.779999,0.000000
2018-11-30 05:00:00,96.760002,97.309998,96.709999,97.269997,0.000000
2018-12-03 05:00:00,97.129997,97.160004,96.709999,97.040001,0.000000
2018-12-04 05:00:00,96.940002,97.129997,96.379997,96.970001,0.000000
2018-12-06 05:00:00,97.010002,97.209999,96.550003,96.809998,0.000000
2018-12-07 05:00:00,96.800003,96.919998,96.510002,96.510002,0.000000
2018-12-10 05:00:00,96.720001,97.239998,96.360001,97.220001,0.000000
2018-12-11 05:00:00,97.180000,97.550003,96.870003,97.389999,0.000000
2018-12-12 05:00:00,97.379997,97.489998,96.889999,97.040001,0.000000
2018-12-13 05:00:00,97.040001,97.290001,96.879997,97.059998,0.000000
2018-12-14 05:00:00,97.089996,97.709999,97.080002,97.440002,0.000000
2018-12-17 05:00:00,97.430000,97.459999,97.050003,97.099998,0.000000
2018-12-18 05:00:00,97.129997,97.169998,96.699997,97.139999,0.000000
2018-12-19 05:00:00,96.910004,97.099998,96.550003,97.040001,0.000000
2018-12-20 05:00:00,96.989998,97.040001,96.169998,96.279999,0.000000
2018-12-21 05:00:00,96.389999,97.050003,96.250000,96.959999,0.000000
2018-12-24 05:00:00,96.940002,96.940002,96.379997,96.550003,0.000000
2018-12-26 05:00:00,96.580002,97.120003,96.529999,97.050003,0.000000
2018-12-27 05:00:00,96.919998,96.940002,96.410004,96.480003,0.000000
2018-12-28 05:00:00,96.510002,96.519997,96.190002,96.389999,0.000000
2018-12-31 05:00:00,96.400002,96.510002,96.070000,96.169998,0.000000
2019-01-02 05:00:00,96.139999,96.959999,95.820000,96.820000,0.000000
2019-01-03 05:00:00,96.720001,96.750000,96.209999,96.309998,0.000000
2019-01-04 05:00:00,96.279999,96.610001,96.050003,96.190002,0.000000
2019-01-07 05:00:00,96.160004,96.160004,95.639999,95.709999,0.000000
2019-01-08 05:00:00,95.690002,96.029999,95.680000,95.900002,0.000000
2019-01-09 05:00:00,95.809998,95.919998,95.120003,95.220001,0.000000
2019-01-10 05:00:00,95.160004,95.620003,95.029999,95.540001,0.000000
2019-01-11 05:00:00,95.440002,95.760002,95.199997,95.669998,0.000000
2019-01-14 05:00:00,95.650002,95.720001,95.480003,95.589996,0.000000
2019-01-15 05:00:00,95.570000,96.260002,95.470001,95.970001,0.000000
2019-01-16 05:00:00,95.940002,96.180000,95.860001,96.059998,0.000000
2019-01-17 05:00:00,96.070000,96.260002,95.980003,96.070000,0.000000
2019-01-18 05:00:00,96.070000,96.389999,96.010002,96.339996,0.000000
2019-01-22 05:00:00,96.339996,96.480003,96.220001,96.300003,0.000000
2019-01-23 05:00:00,96.320000,96.370003,96.050003,96.120003,0.000000
2019-01-24 05:00:00,96.070000,96.680000,96.040001,96.599998,0.000000
2019-01-25 05:00:00,96.489998,96.529999,95.739998,95.790001,0.000000
2019-01-28 05:00:00,95.790001,95.919998,95.639999,95.750000,0.000000
2019-01-29 05:00:00,95.739998,95.870003,95.620003,95.820000,0.000000
2019-01-30 05:00:00,95.790001,95.980003,95.250000,95.339996,0.000000
2019-01-31 05:00:00,95.349998,95.620003,95.160004,95.580002,0.000000
2019-02-01 05:00:00,95.550003,95.660004,95.400002,95.580002,0.000000
2019-02-04 05:00:00,95.599998,95.919998,95.570000,95.849998,0.000000
2019-02-05 05:00:00,95.830002,96.120003,95.809998,96.099998,0.000000
2019-02-06 05:00:00,96.059998,96.419998,96.040001,96.419998,0.000000
2019-02-07 05:00:00,96.389999,96.669998,96.379997,96.510002,0.000000
2019-02-08 05:00:00,96.599998,96.690002,96.449997,96.639999,0.000000
2019-02-11 05:00:00,96.660004,97.120003,96.620003,97.059998,0.000000
2019-02-12 05:00:00,97.059998,97.199997,96.650002,96.709999,0.000000
2019-02-13 05:00:00,96.730003,97.180000,96.629997,97.129997,0.000000
2019-02-14 05:00:00,97.139999,97.290001,96.949997,96.980003,0.000000
2019-02-15 05:00:00,97.059998,97.370003,96.830002,96.919998,0.000000
2019-02-19 05:00:00,96.809998,97.089996,96.430000,96.519997,0.000000
2019-02-20 05:00:00,96.529999,96.650002,96.290001,96.449997,0.000000
2019-02-21 05:00:00,96.489998,96.660004,96.360001,96.610001,0.000000
2019-02-22 05:00:00,96.589996,96.779999,96.430000,96.510002,0.000000
2019-02-25 05:00:00,96.519997,96.599998,96.320000,96.410004,0.000000
2019-02-26 05:00:00,96.389999,96.459999,95.949997,96.000000,0.000000
2019-02-27 05:00:00,96.059998,96.190002,95.879997,96.150002,0.000000
2019-02-28 05:00:00,96.089996,96.279999,95.820000,96.160004,0.000000
2019-03-01 05:00:00,96.220001,96.550003,96.070000,96.529999,0.000000
2019-03-04 05:00:00,96.339996,96.820000,96.330002,96.680000,0.000000
2019-03-05 05:00:00,96.680000,97.010002,96.660004,96.849998,0.000000
2019-03-06 05:00:00,96.900002,96.989998,96.779999,96.870003,0.000000
2019-03-07 05:00:00,96.830002,97.709999,96.820000,97.669998,0.000000
2019-03-08 05:00:00,97.610001,97.639999,97.250000,97.370003,0.000000
2019-03-11 04:00:00,97.389999,97.449997,97.160004,97.220001,0.000000
2019-03-12 04:00:00,97.050003,97.279999,96.860001,96.940002,0.000000
2019-03-13 04:00:00,97.010002,97.019997,96.389999,96.550003,0.000000
2019-03-14 04:00:00,96.489998,96.820000,96.470001,96.790001,0.000000
2019-03-15 04:00:00,96.720001,96.790001,96.489998,96.599998,0.000000
2019-03-18 04:00:00,96.570000,96.629997,96.379997,96.519997,0.000000
2019-03-19 04:00:00,96.510002,96.519997,96.290001,96.379997,0.000000
2019-03-20 04:00:00,96.400002,96.570000,95.739998,95.760002,0.000000
2019-03-21 04:00:00,95.910004,96.629997,95.839996,96.500000,0.000000
2019-03-22 04:00:00,96.320000,96.809998,96.209999,96.650002,0.000000
2019-03-25 04:00:00,96.639999,96.680000,96.410004,96.570000,0.000000
2019-03-26 04:00:00,96.500000,96.849998,96.449997,96.739998,0.000000
2019-03-27 04:00:00,96.750000,96.980003,96.680000,96.769997,0.000000
2019-03-28 04:00:00,96.970001,97.300003,96.820000,97.199997,0.000000
2019-03-29 04:00:00,97.199997,97.339996,97.010002,97.279999,0.000000
2019-04-01 04:00:00,97.180000,97.300003,97.029999,97.250000,0.000000
2019-04-02 04:00:00,97.330002,97.519997,97.269997,97.360001,0.000000
2019-04-03 04:00:00,97.300003,97.320000,96.959999,97.089996,0.000000
2019-04-04 04:00:00,97.040001,97.339996,97.019997,97.309998,0.000000
2019-04-05 04:00:00,97.300003,97.470001,97.190002,97.400002,0.000000
2019-04-08 04:00:00,97.389999,97.400002,96.980003,97.050003,0.000000
2019-04-09 04:00:00,97.080002,97.089996,96.860001,97.010002,0.000000
2019-04-10 04:00:00,96.989998,97.220001,96.849998,96.949997,0.000000
2019-04-11 04:00:00,96.889999,97.190002,96.879997,97.180000,0.000000
2019-04-12 04:00:00,97.139999,97.180000,96.750000,96.970001,0.000000
2019-04-15 04:00:00,96.930000,97.180000,96.790001,96.940002,0.000000
2019-04-16 04:00:00,96.930000,97.089996,96.879997,97.040001,0.000000
2019-04-17 04:00:00,97.070000,97.120003,96.820000,97.010002,0.000000
2019-04-18 04:00:00,97.010002,97.489998,96.959999,97.470001,0.000000
2019-04-22 04:00:00,97.379997,97.410004,97.260002,97.279999,0.000000
2019-04-23 04:00:00,97.279999,97.779999,97.279999,97.570000,0.000000
2019-04-24 04:00:00,97.599998,98.190002,97.589996,98.099998,0.000000
2019-04-25 04:00:00,98.099998,98.320000,97.989998,98.199997,0.000000
2019-04-26 04:00:00,98.120003,98.330002,97.849998,98.010002,0.000000
2019-04-29 04:00:00,98.029999,98.099998,97.830002,97.860001,0.000000
2019-04-30 04:00:00,97.849998,97.889999,97.440002,97.480003,0.000000
2019-05-01 04:00:00,97.529999,97.730003,97.150002,97.690002,0.000000
2019-05-02 04:00:00,97.629997,97.849998,97.510002,97.830002,0.000000
2019-05-03 04:00:00,97.830002,98.099998,97.449997,97.519997,0.000000
2019-05-06 04:00:00,97.559998,97.709999,97.459999,97.519997,0.000000
2019-05-07 04:00:00,97.519997,97.739998,97.379997,97.629997,0.000000
2019-05-08 04:00:00,97.570000,97.680000,97.419998,97.620003,0.000000
2019-05-09 04:00:00,97.580002,97.699997,97.239998,97.370003,0.000000
2019-05-10 04:00:00,97.430000,97.449997,97.129997,97.330002,0.000000
2019-05-13 04:00:00,97.300003,97.370003,97.029999,97.320000,0.000000
2019-05-14 04:00:00,97.320000,97.559998,97.269997,97.529999,0.000000
2019-05-15 04:00:00,97.529999,97.699997,97.440002,97.570000,0.000000
2019-05-16 04:00:00,97.540001,97.879997,97.440002,97.839996,0.000000
2019-05-17 04:00:00,97.830002,98.029999,97.769997,98.000000,0.000000
2019-05-20 04:00:00,97.959999,98.040001,97.879997,97.930000,0.000000
2019-05-21 04:00:00,97.919998,98.129997,97.820000,98.059998,0.000000
2019-05-22 04:00:00,98.019997,98.120003,97.889999,98.110001,0.000000
2019-05-23 04:00:00,98.059998,98.370003,97.809998,97.849998,0.000000
2019-05-24 04:00:00,97.830002,97.910004,97.550003,97.610001,0.000000
2019-05-28 04:00:00,97.739998,97.980003,97.699997,97.959999,0.000000
2019-05-29 04:00:00,97.930000,98.209999,97.860001,98.139999,0.000000
2019-05-30 04:00:00,98.129997,98.279999,98.089996,98.139999,0.000000
2019-05-31 04:00:00,98.150002,98.169998,97.720001,97.750000,0.000000
2019-06-03 04:00:00,97.639999,97.800003,97.110001,97.139999,0.000000
2019-06-04 04:00:00,97.209999,97.339996,97.000000,97.070000,0.000000
2019-06-05 04:00:00,97.120003,97.370003,96.750000,97.370003,0.000000
2019-06-06 04:00:00,97.290001,97.349998,96.779999,97.029999,0.000000
2019-06-07 04:00:00,97.010002,97.180000,96.459999,96.610001,0.000000
2019-06-10 04:00:00,96.650002,96.940002,96.629997,96.760002,0.000000
2019-06-11 04:00:00,96.750000,96.879997,96.639999,96.690002,0.000000
2019-06-12 04:00:00,96.709999,97.019997,96.580002,97.000000,0.000000
2019-06-13 04:00:00,96.959999,97.080002,96.870003,97.010002,0.000000
2019-06-14 04:00:00,97.010002,97.580002,96.940002,97.570000,0.000000
2019-06-17 04:00:00,97.519997,97.599998,97.339996,97.559998,0.000000
2019-06-18 04:00:00,97.529999,97.769997,97.370003,97.639999,0.000000
2019-06-19 04:00:00,97.629997,97.680000,97.089996,97.120003,0.000000
2019-06-20 04:00:00,97.180000,97.199997,96.570000,96.629997,0.000000
2019-06-21 04:00:00,96.620003,96.709999,96.150002,96.220001,0.000000
2019-06-24 04:00:00,96.180000,96.199997,95.970001,95.980003,0.000000
2019-06-25 04:00:00,96.000000,96.360001,95.839996,96.160004,0.000000
2019-06-26 04:00:00,96.180000,96.339996,96.070000,96.209999,0.000000
2019-06-27 04:00:00,96.180000,96.389999,96.139999,96.190002,0.000000
2019-06-28 04:00:00,96.190002,96.300003,96.019997,96.129997,0.000000
2019-07-01 04:00:00,96.250000,96.870003,96.250000,96.839996,0.000000
2019-07-02 04:00:00,96.809998,96.879997,96.599998,96.730003,0.000000
2019-07-03 04:00:00,96.730003,96.870003,96.589996,96.769997,0.000000
2019-07-05 04:00:00,96.720001,97.440002,96.720001,97.250000,0.000000
2019-07-08 04:00:00,97.230003,97.419998,97.160004,97.379997,0.000000
2019-07-09 04:00:00,97.379997,97.589996,97.360001,97.489998,0.000000
2019-07-10 04:00:00,97.510002,97.550003,97.040001,97.099998,0.000000
2019-07-11 04:00:00,97.059998,97.150002,96.800003,97.050003,0.000000
2019-07-12 04:00:00,97.080002,97.120003,96.790001,96.809998,0.000000
2019-07-15 04:00:00,96.839996,96.970001,96.750000,96.930000,0.000000
2019-07-16 04:00:00,96.919998,97.440002,96.919998,97.400002,0.000000
2019-07-17 04:00:00,97.360001,97.440002,97.160004,97.220001,0.000000
2019-07-18 04:00:00,97.199997,97.260002,96.669998,96.790001,0.000000
2019-07-19 04:00:00,96.820000,97.290001,96.760002,97.150002,0.000000
2019-07-22 04:00:00,97.150002,97.300003,97.129997,97.260002,0.000000
2019-07-23 04:00:00,97.300003,97.739998,97.300003,97.709999,0.000000
2019-07-24 04:00:00,97.720001,97.809998,97.550003,97.730003,0.000000
2019-07-25 04:00:00,97.690002,97.919998,97.500000,97.820000,0.000000
2019-07-26 04:00:00,97.790001,98.089996,97.760002,98.010002,0.000000
2019-07-29 04:00:00,97.989998,98.169998,97.900002,98.040001,0.000000
2019-07-30 04:00:00,98.070000,98.209999,98.019997,98.050003,0.000000
2019-07-31 04:00:00,98.029999,98.680000,98.010002,98.519997,0.000000
2019-08-01 04:00:00,98.589996,98.930000,98.269997,98.389999,0.000000
2019-08-02 04:00:00,98.410004,98.449997,98.050003,98.099998,0.000000
2019-08-05 04:00:00,98.110001,98.139999,97.419998,97.500000,0.000000
2019-08-06 04:00:00,97.250000,97.769997,97.209999,97.629997,0.000000
2019-08-07 04:00:00,97.559998,97.849998,97.309998,97.540001,0.000000
2019-08-08 04:00:00,97.599998,97.739998,97.430000,97.620003,0.000000
2019-08-09 04:00:00,97.570000,97.639999,97.360001,97.489998,0.000000
2019-08-12 04:00:00,97.540001,97.739998,97.320000,97.379997,0.000000
2019-08-13 04:00:00,97.480003,97.849998,97.320000,97.809998,0.000000
2019-08-14 04:00:00,97.800003,98.050003,97.669998,97.989998,0.000000
2019-08-15 04:00:00,97.949997,98.239998,97.820000,98.139999,0.000000
2019-08-16 04:00:00,98.129997,98.339996,98.110001,98.139999,0.000000
2019-08-19 04:00:00,98.169998,98.389999,98.129997,98.349998,0.000000
2019-08-20 04:00:00,98.360001,98.449997,98.120003,98.190002,0.000000
2019-08-21 04:00:00,98.169998,98.330002,97.949997,98.300003,0.000000
2019-08-22 04:00:00,98.250000,98.389999,98.080002,98.169998,0.000000
2019-08-23 04:00:00,98.190002,98.449997,97.589996,97.639999,0.000000
2019-08-26 04:00:00,97.589996,98.089996,97.480003,98.080002,0.000000
2019-08-27 04:00:00,98.050003,98.050003,97.860001,98.000000,0.000000
2019-08-28 04:00:00,98.010002,98.260002,98.000000,98.209999,0.000000
2019-08-29 04:00:00,98.190002,98.550003,98.160004,98.510002,0.000000
2019-08-30 04:00:00,98.430000,99.019997,98.410004,98.919998,0.000000
2019-09-03 04:00:00,99.080002,99.370003,98.919998,98.949997,0.000000
2019-09-04 04:00:00,98.959999,98.970001,98.389999,98.449997,0.000000
2019-09-05 04:00:00,98.400002,98.540001,98.089996,98.410004,0.000000
2019-09-06 04:00:00,98.419998,98.519997,98.010002,98.389999,0.000000
2019-09-09 04:00:00,98.419998,98.510002,98.139999,98.279999,0.000000
2019-09-10 04:00:00,98.330002,98.459999,98.260002,98.330002,0.000000
2019-09-11 04:00:00,98.330002,98.750000,97.860001,98.650002,0.000000
2019-09-12 04:00:00,98.629997,99.099998,98.190002,98.309998,0.000000
2019-09-13 04:00:00,98.410004,98.430000,98.000000,98.260002,0.000000
2019-09-16 04:00:00,98.120003,98.709999,98.029999,98.650002,0.000000
2019-09-17 04:00:00,98.650002,98.739998,98.190002,98.260002,0.000000
2019-09-18 04:00:00,98.209999,98.690002,98.190002,98.599998,0.000000
2019-09-19 04:00:00,98.570000,98.620003,98.199997,98.269997,0.000000
2019-09-20 04:00:00,98.339996,98.639999,98.139999,98.510002,0.000000
2019-09-23 04:00:00,98.510002,98.830002,98.449997,98.599998,0.000000
2019-09-24 04:00:00,98.639999,98.709999,98.290001,98.339996,0.000000
2019-09-25 04:00:00,98.379997,99.059998,98.360001,99.040001,0.000000
2019-09-26 04:00:00,98.959999,99.279999,98.839996,99.209999,0.000000
2019-09-27 04:00:00,99.190002,99.309998,98.989998,99.110001,0.000000
2019-09-30 04:00:00,99.120003,99.459999,99.050003,99.379997,0.000000
2019-10-01 04:00:00,99.400002,99.669998,99.070000,99.129997,0.000000
2019-10-02 04:00:00,99.160004,99.419998,98.959999,99.040001,0.000000
2019-10-03 04:00:00,99.029999,99.190002,98.639999,98.860001,0.000000
2019-10-04 04:00:00,98.870003,99.000000,98.739998,98.809998,0.000000
2019-10-07 04:00:00,98.820000,99.010002,98.739998,98.989998,0.000000
2019-10-08 04:00:00,98.980003,99.250000,98.849998,99.139999,0.000000
2019-10-09 04:00:00,99.089996,99.160004,98.900002,99.120003,0.000000
2019-10-10 04:00:00,98.980003,99.070000,98.620003,98.709999,0.000000
2019-10-11 04:00:00,98.699997,98.739998,98.199997,98.300003,0.000000
2019-10-14 04:00:00,98.360001,98.529999,98.339996,98.449997,0.000000
2019-10-15 04:00:00,98.449997,98.650002,98.209999,98.290001,0.000000
2019-10-16 04:00:00,98.320000,98.419998,97.900002,98.010002,0.000000
2019-10-17 04:00:00,97.989998,98.110001,97.500000,97.610001,0.000000
2019-10-18 04:00:00,97.599998,97.660004,97.139999,97.279999,0.000000
2019-10-21 04:00:00,97.339996,97.400002,97.150002,97.330002,0.000000
2019-10-22 04:00:00,97.309998,97.570000,97.260002,97.529999,0.000000
2019-10-23 04:00:00,97.489998,97.650002,97.419998,97.470001,0.000000
2019-10-24 04:00:00,97.459999,97.779999,97.279999,97.629997,0.000000
2019-10-25 04:00:00,97.690002,97.900002,97.570000,97.830002,0.000000
2019-10-28 04:00:00,97.849998,97.889999,97.669998,97.760002,0.000000
2019-10-29 04:00:00,97.760002,97.930000,97.610001,97.690002,0.000000
2019-10-30 04:00:00,97.669998,98.000000,97.449997,97.650002,0.000000
2019-10-31 04:00:00,97.440002,97.449997,97.220001,97.349998,0.000000
2019-11-01 04:00:00,97.300003,97.449997,97.110001,97.239998,0.000000
2019-11-04 05:00:00,97.220001,97.580002,97.169998,97.510002,0.000000
2019-11-05 05:00:00,97.550003,98.010002,97.470001,97.980003,0.000000
2019-11-06 05:00:00,97.940002,97.980003,97.779999,97.949997,0.000000
2019-11-07 05:00:00,97.949997,98.230003,97.820000,98.139999,0.000000
2019-11-08 05:00:00,98.139999,98.400002,98.099998,98.349998,0.000000
2019-11-11 05:00:00,98.370003,98.379997,98.129997,98.199997,0.000000
2019-11-12 05:00:00,98.209999,98.419998,98.209999,98.309998,0.000000
2019-11-13 05:00:00,98.330002,98.449997,98.290001,98.370003,0.000000
2019-11-14 05:00:00,98.339996,98.419998,98.110001,98.160004,0.000000
2019-11-15 05:00:00,98.169998,98.230003,97.959999,98.000000,0.000000
2019-11-18 05:00:00,97.980003,97.980003,97.680000,97.790001,0.000000
2019-11-19 05:00:00,97.809998,97.889999,97.750000,97.860001,0.000000
2019-11-20 05:00:00,97.849998,98.040001,97.849998,97.930000,0.000000
2019-11-21 05:00:00,97.860001,98.029999,97.730003,97.989998,0.000000
2019-11-22 05:00:00,97.930000,98.309998,97.839996,98.269997,0.000000
2019-11-25 05:00:00,98.269997,98.379997,98.169998,98.320000,0.000000
2019-11-26 05:00:00,98.330002,98.379997,98.230003,98.250000,0.000000
2019-11-27 05:00:00,98.300003,98.440002,98.279999,98.410004,0.000000
2019-11-29 05:00:00,98.349998,98.540001,98.230003,98.269997,0.000000
2019-12-02 05:00:00,98.269997,98.379997,97.809998,97.860001,0.000000
2019-12-03 05:00:00,97.889999,97.940002,97.639999,97.739998,0.000000
2019-12-04 05:00:00,97.709999,97.790001,97.430000,97.650002,0.000000
2019-12-05 05:00:00,97.589996,97.599998,97.360001,97.410004,0.000000
2019-12-06 05:00:00,97.379997,97.839996,97.360001,97.699997,0.000000
2019-12-09 05:00:00,97.680000,97.720001,97.559998,97.639999,0.000000
2019-12-10 05:00:00,97.650002,97.660004,97.400002,97.410004,0.000000
2019-12-11 05:00:00,97.510002,97.599998,97.040001,97.160004,0.000000
2019-12-12 05:00:00,97.080002,97.519997,97.040001,97.400002,0.000000
2019-12-13 05:00:00,96.779999,97.239998,96.720001,97.169998,0.000000
2019-12-16 05:00:00,97.180000,97.180000,96.930000,97.070000,0.000000
2019-12-17 05:00:00,97.139999,97.300003,97.029999,97.209999,0.000000
2019-12-18 05:00:00,97.239998,97.480003,97.220001,97.410004,0.000000
2019-12-19 05:00:00,97.400002,97.489998,97.220001,97.419998,0.000000
2019-12-20 05:00:00,97.400002,97.760002,97.379997,97.709999,0.000000
2019-12-23 05:00:00,97.669998,97.820000,97.580002,97.660004,0.000000
2019-12-24 05:00:00,97.660004,97.800003,97.620003,97.650002,0.000000
2019-12-26 05:00:00,97.629997,97.709999,97.489998,97.589996,0.000000
2019-12-27 05:00:00,97.540001,97.550003,96.919998,96.919998,0.000000
2019-12-30 05:00:00,97.000000,97.000000,96.610001,96.739998,0.000000
2019-12-31 05:00:00,96.730003,96.730003,96.360001,96.389999,0.000000
2020-01-02 05:00:00,96.480003,96.870003,96.430000,96.849998,0.000000
2020-01-03 05:00:00,96.790001,97.110001,96.709999,96.839996,0.000000
2020-01-06 05:00:00,96.900002,96.900002,96.540001,96.669998,0.000000
2020-01-07 05:00:00,96.650002,97.089996,96.620003,96.980003,0.000000
2020-01-08 05:00:00,96.830002,97.330002,96.820000,97.300003,0.000000
2020-01-09 05:00:00,97.269997,97.559998,97.250000,97.449997,0.000000
2020-01-10 05:00:00,97.430000,97.580002,97.300003,97.360001,0.000000
2020-01-13 05:00:00,97.349998,97.529999,97.309998,97.349998,0.000000
2020-01-14 05:00:00,97.360001,97.559998,97.330002,97.370003,0.000000
2020-01-15 05:00:00,97.379997,97.440002,97.160004,97.230003,0.000000
2020-01-16 05:00:00,97.180000,97.360001,97.089996,97.320000,0.000000
2020-01-17 05:00:00,97.309998,97.660004,97.269997,97.610001,0.000000
2020-01-21 05:00:00,97.629997,97.660004,97.389999,97.529999,0.000000
2020-01-22 05:00:00,97.620003,97.690002,97.440002,97.529999,0.000000
2020-01-23 05:00:00,97.480003,97.800003,97.430000,97.690002,0.000000
2020-01-24 05:00:00,97.720001,97.949997,97.669998,97.849998,0.000000
2020-01-27 05:00:00,97.879997,98.000000,97.779999,97.959999,0.000000
2020-01-28 05:00:00,97.949997,98.160004,97.900002,98.019997,0.000000
2020-01-29 05:00:00,97.949997,98.190002,97.940002,97.989998,0.000000
2020-01-30 05:00:00,98.029999,98.070000,97.790001,97.870003,0.000000
2020-01-31 05:00:00,97.870003,97.970001,97.360001,97.389999,0.000000
2020-02-03 05:00:00,97.370003,97.889999,97.370003,97.800003,0.000000
2020-02-04 05:00:00,97.820000,98.010002,97.790001,97.959999,0.000000
2020-02-05 05:00:00,97.940002,98.320000,97.900002,98.269997,0.000000
2020-02-06 05:00:00,98.290001,98.570000,98.209999,98.500000,0.000000
2020-02-07 05:00:00,98.459999,98.709999,98.419998,98.680000,0.000000
2020-02-10 05:00:00,98.699997,98.879997,98.599998,98.830002,0.000000
2020-02-11 05:00:00,98.860001,98.949997,98.709999,98.720001,0.000000
2020-02-12 05:00:00,98.769997,99.050003,98.709999,99.050003,0.000000
2020-02-13 05:00:00,98.989998,99.110001,98.849998,99.070000,0.000000
2020-02-14 05:00:00,99.120003,99.160004,99.000000,99.120003,0.000000
2020-02-18 05:00:00,99.190002,99.470001,99.139999,99.459999,0.000000
2020-02-19 05:00:00,99.430000,99.720001,99.379997,99.599998,0.000000
2020-02-20 05:00:00,99.540001,99.910004,99.529999,99.870003,0.000000
2020-02-21 05:00:00,99.860001,99.870003,99.230003,99.260002,0.000000
2020-02-24 05:00:00,99.339996,99.639999,99.110001,99.290001,0.000000
2020-02-25 05:00:00,99.330002,99.389999,98.879997,98.970001,0.000000
2020-02-26 05:00:00,99.080002,99.269997,98.910004,99.000000,0.000000
2020-02-27 05:00:00,99.019997,99.050003,98.360001,98.440002,0.000000
2020-02-28 05:00:00,98.419998,98.660004,97.959999,98.129997,0.000000
2020-03-02 05:00:00,98.080002,98.089996,97.180000,97.360001,0.000000
2020-03-03 05:00:00,97.559998,97.699997,96.980003,97.150002,0.000000
2020-03-04 05:00:00,97.169998,97.589996,97.120003,97.339996,0.000000
2020-03-05 05:00:00,97.379997,97.440002,96.519997,96.820000,0.000000
2020-03-06 05:00:00,96.610001,96.699997,95.709999,95.949997,0.000000
2020-03-09 04:00:00,95.790001,95.790001,94.650002,94.900002,0.000000
2020-03-10 04:00:00,95.339996,96.580002,95.230003,96.410004,0.000000
2020-03-11 04:00:00,96.330002,96.620003,95.910004,96.510002,0.000000
2020-03-12 04:00:00,96.650002,98.309998,96.080002,97.470001,0.000000
2020-03-13 04:00:00,97.449997,98.809998,97.339996,98.750000,0.000000
2020-03-16 04:00:00,98.470001,98.470001,97.449997,98.089996,0.000000
2020-03-17 04:00:00,98.139999,99.830002,97.980003,99.580002,0.000000
2020-03-18 04:00:00,99.379997,101.739998,99.150002,101.160004,0.000000
2020-03-19 04:00:00,100.790001,102.839996,100.769997,102.760002,0.000000
2020-03-20 04:00:00,102.940002,102.989998,101.089996,102.820000,0.000000
2020-03-23 04:00:00,101.949997,102.980003,101.650002,102.489998,0.000000
2020-03-24 04:00:00,102.129997,102.209999,101.050003,101.739998,0.000000
2020-03-25 04:00:00,101.599998,101.910004,100.839996,101.050003,0.000000
2020-03-26 04:00:00,100.959999,101.019997,99.239998,99.419998,0.000000
2020-03-27 04:00:00,99.290001,99.809998,98.269997,98.370003,0.000000
2020-03-30 04:00:00,98.309998,99.320000,98.290001,99.180000,0.000000
2020-03-31 04:00:00,99.250000,99.949997,98.889999,99.050003,0.000000
2020-04-01 04:00:00,99.010002,99.839996,98.910004,99.669998,0.000000
2020-04-02 04:00:00,99.510002,100.410004,99.339996,100.180000,0.000000
2020-04-03 04:00:00,100.199997,100.849998,100.139999,100.580002,0.000000
2020-04-06 04:00:00,100.660004,100.930000,100.480003,100.690002,0.000000
2020-04-07 04:00:00,100.750000,100.790001,99.769997,99.980003,0.000000
2020-04-08 04:00:00,99.910004,100.430000,99.900002,100.120003,0.000000
2020-04-09 04:00:00,100.129997,100.300003,99.360001,99.519997,0.000000
2020-04-13 04:00:00,99.489998,99.629997,99.139999,99.349998,0.000000
2020-04-14 04:00:00,99.379997,99.430000,98.830002,98.889999,0.000000
2020-04-15 04:00:00,98.820000,99.980003,98.820000,99.459999,0.000000
2020-04-16 04:00:00,99.629997,100.300003,99.610001,100.029999,0.000000
2020-04-17 04:00:00,99.860001,100.290001,99.620003,99.779999,0.000000
2020-04-20 04:00:00,99.709999,100.070000,99.650002,99.959999,0.000000
2020-04-21 04:00:00,99.940002,100.480003,99.930000,100.260002,0.000000
2020-04-22 04:00:00,100.209999,100.500000,99.900002,100.389999,0.000000
2020-04-23 04:00:00,100.449997,100.690002,100.040001,100.430000,0.000000
2020-04-24 04:00:00,100.500000,100.870003,100.220001,100.379997,0.000000
2020-04-27 04:00:00,100.230003,100.320000,99.830002,100.040001,0.000000
2020-04-28 04:00:00,100.059998,100.209999,99.449997,99.870003,0.000000
2020-04-29 04:00:00,99.879997,99.889999,99.470001,99.570000,0.000000
2020-04-30 04:00:00,99.480003,99.730003,98.809998,99.019997,0.000000
2020-05-01 04:00:00,99.129997,99.209999,98.779999,98.800003,0.000000
2020-05-04 04:00:00,99.089996,99.599998,99.089996,99.480003,0.000000
2020-05-05 04:00:00,99.510002,99.970001,99.300003,99.709999,0.000000
2020-05-06 04:00:00,99.800003,100.199997,99.750000,100.089996,0.000000
2020-05-07 04:00:00,100.209999,100.400002,99.809998,99.889999,0.000000
2020-05-08 04:00:00,99.839996,99.940002,99.459999,99.730003,0.000000
2020-05-11 04:00:00,99.669998,100.279999,99.669998,100.239998,0.000000
2020-05-12 04:00:00,100.230003,100.440002,99.660004,99.930000,0.000000
2020-05-13 04:00:00,100.010002,100.279999,99.580002,100.239998,0.000000
2020-05-14 04:00:00,100.190002,100.559998,100.150002,100.470001,0.000000
2020-05-15 04:00:00,100.260002,100.489998,100.080002,100.400002,0.000000
2020-05-18 04:00:00,100.360001,100.470001,99.580002,99.669998,0.000000
2020-05-19 04:00:00,99.620003,99.730003,99.230003,99.370003,0.000000
2020-05-20 04:00:00,99.550003,99.559998,99.000000,99.120003,0.000000
2020-05-21 04:00:00,99.180000,99.510002,99.019997,99.370003,0.000000
2020-05-22 04:00:00,99.419998,99.870003,99.389999,99.860001,0.000000
2020-05-26 04:00:00,99.769997,99.769997,98.900002,98.910004,0.000000
2020-05-27 04:00:00,99.019997,99.339996,98.720001,99.059998,0.000000
2020-05-28 04:00:00,98.910004,99.089996,98.349998,98.379997,0.000000
2020-05-29 04:00:00,98.519997,98.550003,97.949997,98.339996,0.000000
2020-06-01 04:00:00,98.300003,98.320000,97.790001,97.830002,0.000000
2020-06-02 04:00:00,97.839996,97.910004,97.430000,97.669998,0.000000
2020-06-03 04:00:00,97.570000,97.629997,97.190002,97.279999,0.000000
2020-06-04 04:00:00,97.320000,97.629997,96.570000,96.680000,0.000000
2020-06-05 04:00:00,96.739998,97.029999,96.440002,96.940002,0.000000
2020-06-08 04:00:00,96.839996,97.070000,96.599998,96.620003,0.000000
2020-06-09 04:00:00,96.629997,97.059998,96.230003,96.320000,0.000000
2020-06-10 04:00:00,96.430000,96.459999,95.720001,95.959999,0.000000
2020-06-11 04:00:00,96.089996,96.830002,95.949997,96.730003,0.000000
2020-06-12 04:00:00,96.809998,97.449997,96.489998,97.320000,0.000000
2020-06-15 04:00:00,97.089996,97.389999,96.599998,96.680000,0.000000
2020-06-16 04:00:00,96.559998,97.250000,96.430000,96.959999,0.000000
2020-06-17 04:00:00,97.010002,97.339996,96.800003,97.160004,0.000000
2020-06-18 04:00:00,97.080002,97.580002,96.949997,97.419998,0.000000
2020-06-19 04:00:00,97.419998,97.720001,97.160004,97.620003,0.000000
2020-06-22 04:00:00,97.660004,97.739998,97.010002,97.040001,0.000000
2020-06-23 04:00:00,96.930000,97.250000,96.389999,96.690002,0.000000
2020-06-24 04:00:00,96.660004,97.239998,96.550003,97.150002,0.000000
2020-06-25 04:00:00,97.239998,97.599998,97.160004,97.430000,0.000000
2020-06-26 04:00:00,97.349998,97.680000,97.260002,97.500000,0.000000
2020-06-29 04:00:00,97.500000,97.650002,97.110001,97.540001,0.000000
2020-06-30 04:00:00,97.400002,97.800003,97.230003,97.389999,0.000000
2020-07-01 04:00:00,97.389999,97.620003,97.029999,97.199997,0.000000
2020-07-02 04:00:00,97.150002,97.339996,96.809998,97.320000,0.000000
2020-07-06 04:00:00,97.150002,97.199997,96.570000,96.790001,0.000000
2020-07-07 04:00:00,96.750000,97.150002,96.599998,96.879997,0.000000
2020-07-08 04:00:00,96.989998,97.050003,96.400002,96.430000,0.000000
2020-07-09 04:00:00,96.449997,96.809998,96.239998,96.699997,0.000000
2020-07-10 04:00:00,96.750000,96.970001,96.440002,96.650002,0.000000
2020-07-13 04:00:00,96.660004,96.680000,96.269997,96.459999,0.000000
2020-07-14 04:00:00,96.540001,96.699997,96.180000,96.260002,0.000000
2020-07-15 04:00:00,96.169998,96.250000,95.779999,96.080002,0.000000
2020-07-16 04:00:00,96.000000,96.400002,95.889999,96.349998,0.000000
2020-07-17 04:00:00,96.279999,96.330002,95.900002,95.940002,0.000000
2020-07-20 04:00:00,96.010002,96.180000,95.730003,95.830002,0.000000
2020-07-21 04:00:00,95.750000,95.919998,95.050003,95.120003,0.000000
2020-07-22 04:00:00,95.129997,95.410004,94.830002,94.970001,0.000000
2020-07-23 04:00:00,94.980003,95.180000,94.589996,94.690002,0.000000
2020-07-24 04:00:00,94.769997,94.830002,94.330002,94.440002,0.000000
2020-07-27 04:00:00,94.349998,94.419998,93.480003,93.669998,0.000000
2020-07-28 04:00:00,93.580002,94.010002,93.489998,93.760002,0.000000
2020-07-29 04:00:00,93.750000,93.800003,93.180000,93.260002,0.000000
2020-07-30 04:00:00,93.320000,93.680000,92.930000,93.019997,0.000000
2020-07-31 04:00:00,92.820000,93.540001,92.550003,93.489998,0.000000
2020-08-03 04:00:00,93.459999,93.989998,93.320000,93.500000,0.000000
2020-08-04 04:00:00,93.559998,93.830002,93.230003,93.379997,0.000000
2020-08-05 04:00:00,93.230003,93.250000,92.559998,92.830002,0.000000
2020-08-06 04:00:00,92.769997,93.089996,92.519997,92.790001,0.000000
2020-08-07 04:00:00,92.809998,93.620003,92.760002,93.440002,0.000000
2020-08-10 04:00:00,93.389999,93.699997,93.300003,93.580002,0.000000
2020-08-11 04:00:00,93.599998,93.739998,93.169998,93.629997,0.000000
2020-08-12 04:00:00,93.680000,93.910004,93.269997,93.440002,0.000000
2020-08-13 04:00:00,93.370003,93.389999,92.930000,93.339996,0.000000
2020-08-14 04:00:00,93.220001,93.410004,93.019997,93.099998,0.000000
2020-08-17 04:00:00,93.099998,93.120003,92.769997,92.849998,0.000000
2020-08-18 04:00:00,92.820000,92.820000,92.129997,92.269997,0.000000
2020-08-19 04:00:00,92.279999,93.050003,92.150002,92.889999,0.000000
2020-08-20 04:00:00,92.959999,93.239998,92.730003,92.790001,0.000000
2020-08-21 04:00:00,92.720001,93.470001,92.580002,93.250000,0.000000
2020-08-24 04:00:00,93.199997,93.339996,92.839996,93.300003,0.000000
2020-08-25 04:00:00,93.279999,93.349998,92.970001,93.019997,0.000000
2020-08-26 04:00:00,93.019997,93.360001,92.849998,93.010002,0.000000
2020-08-27 04:00:00,92.849998,93.320000,92.419998,93.010002,0.000000
2020-08-28 04:00:00,93.019997,93.099998,92.199997,92.370003,0.000000
2020-08-31 04:00:00,92.300003,92.480003,91.989998,92.139999,0.000000
2020-09-01 04:00:00,92.180000,92.400002,91.750000,92.339996,0.000000
2020-09-02 04:00:00,92.279999,92.870003,92.209999,92.849998,0.000000
2020-09-03 04:00:00,92.660004,93.070000,92.650002,92.739998,0.000000
2020-09-04 04:00:00,92.800003,93.239998,92.660004,92.720001,0.000000
2020-09-08 04:00:00,93.050003,93.500000,93.000000,93.480003,0.000000
2020-09-09 04:00:00,93.580002,93.660004,93.139999,93.260002,0.000000
2020-09-10 04:00:00,93.230003,93.449997,92.699997,93.339996,0.000000
2020-09-11 04:00:00,93.330002,93.379997,93.099998,93.330002,0.000000
2020-09-14 04:00:00,93.290001,93.330002,92.870003,93.070000,0.000000
2020-09-15 04:00:00,93.059998,93.139999,92.790001,93.050003,0.000000
2020-09-16 04:00:00,93.080002,93.279999,92.779999,93.209999,0.000000
2020-09-17 04:00:00,93.150002,93.589996,92.870003,92.970001,0.000000
2020-09-18 04:00:00,92.860001,93.010002,92.769997,92.930000,0.000000
2020-09-21 04:00:00,93.010002,93.779999,92.750000,93.540001,0.000000
2020-09-22 04:00:00,93.550003,94.080002,93.470001,93.989998,0.000000
2020-09-23 04:00:00,93.989998,94.430000,93.930000,94.389999,0.000000
2020-09-24 04:00:00,94.379997,94.589996,94.199997,94.349998,0.000000
2020-09-25 04:00:00,94.320000,94.739998,94.190002,94.580002,0.000000
2020-09-28 04:00:00,94.580002,94.639999,94.150002,94.260002,0.000000
2020-09-29 04:00:00,94.239998,94.300003,93.820000,93.889999,0.000000
2020-09-30 04:00:00,93.849998,94.190002,93.669998,93.889999,0.000000
2020-10-01 04:00:00,93.800003,93.919998,93.529999,93.709999,0.000000
2020-10-02 04:00:00,93.730003,94.029999,93.690002,93.839996,0.000000
2020-10-05 04:00:00,93.809998,93.870003,93.370003,93.510002,0.000000
2020-10-06 04:00:00,93.440002,93.849998,93.339996,93.830002,0.000000
2020-10-07 04:00:00,93.830002,93.900002,93.559998,93.629997,0.000000
2020-10-08 04:00:00,93.610001,93.779999,93.500000,93.610001,0.000000
2020-10-09 04:00:00,93.559998,93.589996,93.010002,93.059998,0.000000
2020-10-12 04:00:00,93.059998,93.239998,93.010002,93.070000,0.000000
2020-10-13 04:00:00,93.029999,93.599998,93.029999,93.529999,0.000000
2020-10-14 04:00:00,93.540001,93.669998,93.250000,93.379997,0.000000
2020-10-15 04:00:00,93.430000,93.900002,93.370003,93.860001,0.000000
2020-10-16 04:00:00,93.800003,93.879997,93.529999,93.680000,0.000000
2020-10-19 04:00:00,93.720001,93.769997,93.209999,93.430000,0.000000
2020-10-20 04:00:00,93.419998,93.500000,93.000000,93.070000,0.000000
2020-10-21 04:00:00,93.050003,93.070000,92.470001,92.610001,0.000000
2020-10-22 04:00:00,92.669998,92.970001,92.610001,92.949997,0.000000
2020-10-23 04:00:00,92.930000,93.129997,92.660004,92.769997,0.000000
2020-10-26 04:00:00,92.760002,93.110001,92.739998,93.050003,0.000000
2020-10-27 04:00:00,93.070000,93.129997,92.790001,92.940002,0.000000
2020-10-28 04:00:00,93.150002,93.650002,93.050003,93.410004,0.000000
2020-10-29 04:00:00,93.459999,94.099998,93.339996,93.959999,0.000000
2020-10-30 04:00:00,93.919998,94.080002,93.650002,94.040001,0.000000
2020-11-02 05:00:00,93.889999,94.290001,93.889999,94.050003,0.000000
2020-11-03 05:00:00,94.050003,94.050003,93.290001,93.550003,0.000000
2020-11-04 05:00:00,93.089996,94.300003,93.089996,93.410004,0.000000
2020-11-05 05:00:00,93.339996,93.550003,92.489998,92.529999,0.000000
2020-11-06 05:00:00,92.570000,92.820000,92.180000,92.230003,0.000000
2020-11-09 05:00:00,92.239998,92.959999,92.129997,92.730003,0.000000
2020-11-10 05:00:00,92.760002,92.970001,92.599998,92.750000,0.000000
2020-11-11 05:00:00,92.699997,93.209999,92.610001,93.040001,0.000000
2020-11-12 05:00:00,93.010002,93.139999,92.779999,92.959999,0.000000
2020-11-13 05:00:00,92.949997,93.010002,92.709999,92.760002,0.000000
2020-11-16 05:00:00,92.720001,92.839996,92.459999,92.570000,0.000000
2020-11-17 05:00:00,92.489998,92.610001,92.269997,92.419998,0.000000
2020-11-18 05:00:00,92.440002,92.510002,92.209999,92.320000,0.000000
2020-11-19 05:00:00,92.559998,92.720001,92.239998,92.290001,0.000000
2020-11-20 05:00:00,92.339996,92.430000,92.209999,92.389999,0.000000
2020-11-23 05:00:00,92.400002,92.800003,92.019997,92.510002,0.000000
2020-11-24 05:00:00,92.529999,92.559998,92.129997,92.230003,0.000000
2020-11-25 05:00:00,92.110001,92.260002,91.930000,91.989998,0.000000
2020-11-27 05:00:00,92.019997,92.050003,91.760002,91.790001,0.000000
2020-11-30 05:00:00,91.779999,92.050003,91.510002,91.870003,0.000000
2020-12-01 05:00:00,91.949997,91.949997,91.160004,91.309998,0.000000
2020-12-02 05:00:00,91.190002,91.500000,90.989998,91.120003,0.000000
2020-12-03 05:00:00,91.059998,91.089996,90.510002,90.709999,0.000000
2020-12-04 05:00:00,90.709999,90.870003,90.480003,90.699997,0.000000
2020-12-07 05:00:00,90.809998,91.239998,90.620003,90.790001,0.000000
2020-12-08 05:00:00,90.900002,91.019997,90.750000,90.970001,0.000000
2020-12-09 05:00:00,90.919998,91.199997,90.690002,91.089996,0.000000
2020-12-10 05:00:00,91.059998,91.150002,90.669998,90.790001,0.000000
2020-12-11 05:00:00,90.739998,91.040001,90.620003,90.980003,0.000000
2020-12-14 05:00:00,90.980003,90.980003,90.419998,90.709999,0.000000
2020-12-15 05:00:00,90.690002,90.820000,90.419998,90.470001,0.000000
2020-12-16 05:00:00,90.489998,90.699997,90.129997,90.449997,0.000000
2020-12-17 05:00:00,90.269997,90.269997,89.730003,89.820000,0.000000
2020-12-18 05:00:00,89.830002,90.129997,89.830002,90.019997,0.000000
2020-12-21 05:00:00,89.919998,91.019997,89.919998,90.040001,0.000000
2020-12-22 05:00:00,90.089996,90.720001,90.059998,90.650002,0.000000
2020-12-23 05:00:00,90.519997,90.669998,90.160004,90.410004,0.000000
2020-12-24 05:00:00,90.279999,90.379997,90.150002,90.330002,0.000000
2020-12-28 05:00:00,90.220001,90.379997,89.980003,90.339996,0.000000
2020-12-29 05:00:00,90.209999,90.230003,89.849998,90.010002,0.000000
2020-12-30 05:00:00,89.980003,89.980003,89.559998,89.629997,0.000000
2020-12-31 05:00:00,89.610001,89.980003,89.519997,89.940002,0.000000
2021-01-04 00:00:00,89.877800,89.877800,89.877800,89.877800,0.000000
2021-01-05 00:00:00,89.475400,89.475400,89.475400,89.475400,0.000000
2021-01-06 00:00:00,89.416700,89.416700,89.416700,89.416700,0.000000
2021-01-07 00:00:00,89.827000,89.827000,89.827000,89.827000,0.000000
2021-01-08 00:00:00,90.065100,90.065100,90.065100,90.065100,0.000000
2021-01-11 00:00:00,90.550000,90.550000,90.550000,90.550000,0.000000
2021-01-12 00:00:00,90.040000,90.040000,90.040000,90.040000,0.000000
2021-01-13 00:00:00,90.320000,90.320000,90.320000,90.320000,0.000000
2021-01-14 00:00:00,90.250000,90.250000,90.250000,90.250000,0.000000
2021-01-15 00:00:00,90.790000,90.790000,90.790000,90.790000,0.000000
2021-01-18 00:00:00,90.771600,90.771600,90.771600,90.771600,0.000000
2021-01-19 00:00:00,90.488200,90.488200,90.488200,90.488200,0.000000
2021-01-20 00:00:00,90.460100,90.460100,90.460100,90.460100,0.000000
2021-01-21 00:00:00,90.083900,90.083900,90.083900,90.083900,0.000000
2021-01-22 00:00:00,90.211200,90.211200,90.211200,90.211200,0.000000
2021-01-25 00:00:00,90.351000,90.351000,90.351000,90.351000,0.000000
2021-01-26 00:00:00,90.186900,90.186900,90.186900,90.186900,0.000000
2021-01-27 00:00:00,90.591700,90.591700,90.591700,90.591700,0.000000
2021-01-28 00:00:00,90.540500,90.540500,90.540500,90.540500,0.000000
2021-01-29 00:00:00,90.538200,90.538200,90.538200,90.538200,0.000000
2021-02-01 00:00:00,91.027200,91.027200,91.027200,91.027200,0.000000
2021-02-02 00:00:00,91.043100,91.043100,91.043100,91.043100,0.000000
2021-02-03 00:00:00,91.112900,91.112900,91.112900,91.112900,0.000000
2021-02-04 00:00:00,91.551300,91.551300,91.551300,91.551300,0.000000
2021-02-05 00:00:00,90.992100,90.992100,90.992100,90.992100,0.000000
2021-02-08 00:00:00,90.968200,90.968200,90.968200,90.968200,0.000000
2021-02-09 00:00:00,90.440000,90.440000,90.440000,90.440000,0.000000
2021-02-10 00:00:00,90.428700,90.428700,90.428700,90.428700,0.000000
2021-02-11 00:00:00,90.403800,90.403800,90.403800,90.403800,0.000000
2021-02-12 00:00:00,90.444300,90.444300,90.444300,90.444300,0.000000
2021-02-15 00:00:00,90.364400,90.364400,90.364400,90.364400,0.000000
2021-02-16 00:00:00,90.598700,90.598700,90.598700,90.598700,0.000000
2021-02-17 00:00:00,90.914600,90.914600,90.914600,90.914600,0.000000
2021-02-18 00:00:00,90.555500,90.555500,90.555500,90.555500,0.000000
2021-02-19 00:00:00,90.339800,90.339800,90.339800,90.339800,0.000000
2021-02-22 00:00:00,90.086900,90.086900,90.086900,90.086900,0.000000
2021-02-23 00:00:00,90.117300,90.117300,90.117300,90.117300,0.000000
2021-02-24 00:00:00,90.043500,90.043500,90.043500,90.043500,0.000000
2021-02-25 00:00:00,90.214900,90.214900,90.214900,90.214900,0.000000
2021-02-26 00:00:00,90.939900,90.939900,90.939900,90.939900,0.000000
2021-03-01 00:00:00,91.017300,91.017300,91.017300,91.017300,0.000000
2021-03-02 00:00:00,90.764600,90.764600,90.764600,90.764600,0.000000
2021-03-03 00:00:00,90.990900,90.990900,90.990900,90.990900,0.000000
2021-03-04 00:00:00,91.614100,91.614100,91.614100,91.614100,0.000000
2021-03-05 00:00:00,91.997000,91.997000,91.997000,91.997000,0.000000
2021-03-08 00:00:00,92.407400,92.407400,92.407400,92.407400,0.000000
2021-03-09 00:00:00,91.969600,91.969600,91.969600,91.969600,0.000000
2021-03-10 00:00:00,91.781800,91.781800,91.781800,91.781800,0.000000
2021-03-11 00:00:00,91.417200,91.417200,91.417200,91.417200,0.000000
2021-03-12 00:00:00,91.667600,91.667600,91.667600,91.667600,0.000000
2021-03-15 00:00:00,91.803200,91.803200,91.803200,91.803200,0.000000
2021-03-16 00:00:00,91.875200,91.875200,91.875200,91.875200,0.000000
2021-03-17 00:00:00,91.973800,91.973800,91.973800,91.973800,0.000000
2021-03-18 00:00:00,91.828300,91.828300,91.828300,91.828300,0.000000
2021-03-19 00:00:00,91.949300,91.949300,91.949300,91.949300,0.000000
2021-03-22 00:00:00,91.803100,91.803100,91.803100,91.803100,0.000000
2021-03-23 00:00:00,92.352700,92.352700,92.352700,92.352700,0.000000
2021-03-24 00:00:00,92.588600,92.588600,92.588600,92.588600,0.000000
2021-03-25 00:00:00,92.884600,92.884600,92.884600,92.884600,0.000000
2021-03-26 00:00:00,92.725200,92.725200,92.725200,92.725200,0.000000
2021-03-29 00:00:00,92.935400,92.935400,92.935400,92.935400,0.000000
2021-03-30 00:00:00,93.286000,93.286000,93.286000,93.286000,0.000000
2021-03-31 00:00:00,93.183900,93.183900,93.183900,93.183900,0.000000
2021-04-01 00:00:00,92.896300,92.896300,92.896300,92.896300,0.000000
2021-04-02 00:00:00,92.997700,92.997700,92.997700,92.997700,0.000000
2021-04-05 00:00:00,92.591100,92.591100,92.591100,92.591100,0.000000
2021-04-06 00:00:00,92.289500,92.289500,92.289500,92.289500,0.000000
2021-04-07 00:00:00,92.420100,92.420100,92.420100,92.420100,0.000000
2021-04-08 00:00:00,92.064500,92.064500,92.064500,92.064500,0.000000
2021-04-09 00:00:00,92.176600,92.176600,92.176600,92.176600,0.000000
2021-04-12 00:00:00,92.106500,92.106500,92.106500,92.106500,0.000000
2021-04-13 00:00:00,91.844400,91.844400,91.844400,91.844400,0.000000
2021-04-14 00:00:00,91.650700,91.650700,91.650700,91.650700,0.000000
2021-04-15 00:00:00,91.679500,91.679500,91.679500,91.679500,0.000000
2021-04-16 00:00:00,91.536300,91.536300,91.536300,91.536300,0.000000
2021-04-19 00:00:00,91.099200,91.099200,91.099200,91.099200,0.000000
2021-04-20 00:00:00,91.194300,91.194300,91.194300,91.194300,0.000000
2021-04-21 00:00:00,91.115100,91.115100,91.115100,91.115100,0.000000
2021-04-22 00:00:00,91.277400,91.277400,91.277400,91.277400,0.000000
2021-04-23 00:00:00,90.829500,90.829500,90.829500,90.829500,0.000000
2021-04-26 00:00:00,90.840500,90.840500,90.840500,90.840500,0.000000
2021-04-27 00:00:00,90.874900,90.874900,90.874900,90.874900,0.000000
2021-04-28 00:00:00,90.606400,90.606400,90.606400,90.606400,0.000000
2021-04-29 00:00:00,90.655500,90.655500,90.655500,90.655500,0.000000
2021-04-30 00:00:00,91.298500,91.298500,91.298500,91.298500,0.000000
2021-05-03 00:00:00,90.969800,90.969800,90.969800,90.969800,0.000000
2021-05-04 00:00:00,91.283100,91.283100,91.283100,91.283100,0.000000
2021-05-05 00:00:00,91.267000,91.267000,91.267000,91.267000,0.000000
2021-05-06 00:00:00,90.871500,90.871500,90.871500,90.871500,0.000000
2021-05-07 00:00:00,90.239500,90.239500,90.239500,90.239500,0.000000
2021-05-10 00:00:00,90.310200,90.310200,90.310200,90.310200,0.000000
2021-05-11 00:00:00,90.177700,90.177700,90.177700,90.177700,0.000000
2021-05-12 00:00:00,90.803300,90.803300,90.803300,90.803300,0.000000
2021-05-13 00:00:00,90.737000,90.737000,90.737000,90.737000,0.000000
2021-05-14 00:00:00,90.309400,90.309400,90.309400,90.309400,0.000000
2021-05-17 00:00:00,90.216300,90.216300,90.216300,90.216300,0.000000
2021-05-18 00:00:00,89.795000,89.795000,89.795000,89.795000,0.000000
2021-05-19 00:00:00,90.182800,90.182800,90.182800,90.182800,0.000000
2021-05-20 00:00:00,89.760200,89.760200,89.760200,89.760200,0.000000
2021-05-21 00:00:00,90.043200,90.043200,90.043200,90.043200,0.000000
2021-05-24 00:00:00,89.836300,89.836300,89.836300,89.836300,0.000000
2021-05-25 00:00:00,89.668500,89.668500,89.668500,89.668500,0.000000
2021-05-26 00:00:00,90.057600,90.057600,90.057600,90.057600,0.000000
2021-05-27 00:00:00,90.001500,90.001500,90.001500,90.001500,0.000000
2021-05-28 00:00:00,90.054700,90.054700,90.054700,90.054700,0.000000
2021-05-31 00:00:00,89.846700,89.846700,89.846700,89.846700,0.000000
2021-06-01 00:00:00,89.931400,89.931400,89.931400,89.931400,0.000000
2021-06-02 00:00:00,89.898500,89.898500,89.898500,89.898500,0.000000
2021-06-03 00:00:00,90.495000,90.495000,90.495000,90.495000,0.000000
2021-06-04 00:00:00,90.139300,90.139300,90.139300,90.139300,0.000000
2021-06-07 00:00:00,89.981600,89.981600,89.981600,89.981600,0.000000
2021-06-08 00:00:00,90.114400,90.114400,90.114400,90.114400,0.000000
2021-06-09 00:00:00,90.132400,90.132400,90.132400,90.132400,0.000000
2021-06-10 00:00:00,90.046500,90.046500,90.046500,90.046500,0.000000
2021-06-11 00:00:00,90.509300,90.509300,90.509300,90.509300,0.000000
2021-06-14 00:00:00,90.507700,90.507700,90.507700,90.507700,0.000000
2021-06-15 00:00:00,90.522000,90.522000,90.522000,90.522000,0.000000
2021-06-16 00:00:00,91.401900,91.401900,91.401900,91.401900,0.000000
2021-06-17 00:00:00,91.909600,91.909600,91.909600,91.909600,0.000000
2021-06-18 00:00:00,92.321700,92.321700,92.321700,92.321700,0.000000
2021-06-21 00:00:00,91.855400,91.855400,91.855400,91.855400,0.000000
2021-06-22 00:00:00,91.719300,91.719300,91.719300,91.719300,0.000000
2021-06-23 00:00:00,91.813800,91.813800,91.813800,91.813800,0.000000
2021-06-24 00:00:00,91.815300,91.815300,91.815300,91.815300,0.000000
2021-06-25 00:00:00,91.805700,91.805700,91.805700,91.805700,0.000000
2021-06-28 00:00:00,91.879500,91.879500,91.879500,91.879500,0.000000
2021-06-29 00:00:00,92.094100,92.094100,92.094100,92.094100,0.000000
2021-06-30 00:00:00,92.367100,92.367100,92.367100,92.367100,0.000000
2021-07-01 00:00:00,92.536100,92.536100,92.536100,92.536100,0.000000
2021-07-02 00:00:00,92.245200,92.245200,92.245200,92.245200,0.000000
2021-07-05 00:00:00,92.256600,92.256600,92.256600,92.256600,0.000000
2021-07-06 00:00:00,92.539500,92.539500,92.539500,92.539500,0.000000
2021-07-07 00:00:00,92.720600,92.720600,92.720600,92.720600,0.000000
2021-07-08 00:00:00,92.375700,92.375700,92.375700,92.375700,0.000000
2021-07-09 00:00:00,92.101200,92.101200,92.101200,92.101200,0.000000
2021-07-12 00:00:00,92.240000,92.240000,92.240000,92.240000,0.000000
2021-07-13 00:00:00,92.787300,92.787300,92.787300,92.787300,0.000000
2021-07-14 00:00:00,92.370100,92.370100,92.370100,92.370100,0.000000
2021-07-15 00:00:00,92.586100,92.586100,92.586100,92.586100,0.000000
2021-07-16 00:00:00,92.714300,92.714300,92.714300,92.714300,0.000000
2021-07-19 00:00:00,92.832700,92.832700,92.832700,92.832700,0.000000
2021-07-20 00:00:00,92.969500,92.969500,92.969500,92.969500,0.000000
2021-07-21 00:00:00,92.790300,92.790300,92.790300,92.790300,0.000000
2021-07-22 00:00:00,92.837700,92.837700,92.837700,92.837700,0.000000
2021-07-23 00:00:00,92.908400,92.908400,92.908400,92.908400,0.000000
2021-07-26 00:00:00,92.632500,92.632500,92.632500,92.632500,0.000000
2021-07-27 00:00:00,92.490100,92.490100,92.490100,92.490100,0.000000
2021-07-28 00:00:00,92.287100,92.287100,92.287100,92.287100,0.000000
2021-07-29 00:00:00,91.907700,91.907700,91.907700,91.907700,0.000000
2021-07-30 00:00:00,92.103200,92.103200,92.103200,92.103200,0.000000
2021-08-02 00:00:00,92.088600,92.088600,92.088600,92.088600,0.000000
2021-08-03 00:00:00,92.066800,92.066800,92.066800,92.066800,0.000000
2021-08-04 00:00:00,92.275300,92.275300,92.275300,92.275300,0.000000
2021-08-05 00:00:00,92.272600,92.272600,92.272600,92.272600,0.000000
2021-08-06 00:00:00,92.782400,92.782400,92.782400,92.782400,0.000000
2021-08-09 00:00:00,92.976600,92.976600,92.976600,92.976600,0.000000
2021-08-10 00:00:00,93.062900,93.062900,93.062900,93.062900,0.000000
2021-08-11 00:00:00,92.917500,92.917500,92.917500,92.917500,0.000000
2021-08-12 00:00:00,93.025000,93.025000,93.025000,93.025000,0.000000
2021-08-13 00:00:00,92.522600,92.522600,92.522600,92.522600,0.000000
2021-08-16 00:00:00,92.618400,92.618400,92.618400,92.618400,0.000000
2021-08-17 00:00:00,93.144300,93.144300,93.144300,93.144300,0.000000
2021-08-18 00:00:00,93.157000,93.157000,93.157000,93.157000,0.000000
2021-08-19 00:00:00,93.558600,93.558600,93.558600,93.558600,0.000000
2021-08-20 00:00:00,93.457100,93.457100,93.457100,93.457100,0.000000
2021-08-23 00:00:00,92.987500,92.987500,92.987500,92.987500,0.000000
2021-08-24 00:00:00,92.884000,92.884000,92.884000,92.884000,0.000000
2021-08-25 00:00:00,92.822000,92.822000,92.822000,92.822000,0.000000
2021-08-26 00:00:00,93.058500,93.058500,93.058500,93.058500,0.000000
2021-08-27 00:00:00,92.700700,92.700700,92.700700,92.700700,0.000000
2021-08-30 00:00:00,92.700700,92.700700,92.700700,92.700700,0.000000
2021-08-31 00:00:00,92.654000,92.654000,92.654000,92.654000,0.000000
2021-09-01 00:00:00,92.502700,92.502700,92.502700,92.502700,0.000000
2021-09-02 00:00:00,92.216700,92.216700,92.216700,92.216700,0.000000
2021-09-03 00:00:00,92.133100,92.133100,92.133100,92.133100,0.000000
2021-09-06 00:00:00,92.223500,92.223500,92.223500,92.223500,0.000000
2021-09-07 00:00:00,92.539300,92.539300,92.539300,92.539300,0.000000
2021-09-08 00:00:00,92.715700,92.715700,92.715700,92.715700,0.000000
2021-09-09 00:00:00,92.509400,92.509400,92.509400,92.509400,0.000000
2021-09-10 00:00:00,92.639800,92.639800,92.639800,92.639800,0.000000
2021-09-13 00:00:00,92.615100,92.615100,92.615100,92.615100,0.000000
2021-09-14 00:00:00,92.663900,92.663900,92.663900,92.663900,0.000000
2021-09-15 00:00:00,92.489500,92.489500,92.489500,92.489500,0.000000
2021-09-16 00:00:00,92.867700,92.867700,92.867700,92.867700,0.000000
2021-09-17 00:00:00,93.256300,93.256300,93.256300,93.256300,0.000000
2021-09-20 00:00:00,93.249800,93.249800,93.249800,93.249800,0.000000
2021-09-21 00:00:00,93.217200,93.217200,93.217200,93.217200,0.000000
2021-09-22 00:00:00,93.476300,93.476300,93.476300,93.476300,0.000000
2021-09-23 00:00:00,93.098700,93.098700,93.098700,93.098700,0.000000
2021-09-24 00:00:00,93.271000,93.271000,93.271000,93.271000,0.000000
2021-09-27 00:00:00,93.422700,93.422700,93.422700,93.422700,0.000000
2021-09-28 00:00:00,93.721500,93.721500,93.721500,93.721500,0.000000
2021-09-29 00:00:00,94.370300,94.370300,94.370300,94.370300,0.000000
2021-09-30 00:00:00,94.263800,94.263800,94.263800,94.263800,0.000000
2021-10-01 00:00:00,94.074700,94.074700,94.074700,94.074700,0.000000
2021-10-04 00:00:00,93.818200,93.818200,93.818200,93.818200,0.000000
2021-10-05 00:00:00,93.979700,93.979700,93.979700,93.979700,0.000000
2021-10-06 00:00:00,94.224300,94.224300,94.224300,94.224300,0.000000
2021-10-07 00:00:00,94.222700,94.222700,94.222700,94.222700,0.000000
2021-10-08 00:00:00,94.102700,94.102700,94.102700,94.102700,0.000000
2021-10-11 00:00:00,94.366900,94.366900,94.366900,94.366900,0.000000
2021-10-12 00:00:00,94.519600,94.519600,94.519600,94.519600,0.000000
2021-10-13 00:00:00,94.024400,94.024400,94.024400,94.024400,0.000000
2021-10-14 00:00:00,93.982300,93.982300,93.982300,93.982300,0.000000
2021-10-15 00:00:00,93.965700,93.965700,93.965700,93.965700,0.000000
2021-10-18 00:00:00,93.959100,93.959100,93.959100,93.959100,0.000000
2021-10-19 00:00:00,93.779700,93.779700,93.779700,93.779700,0.000000
2021-10-20 00:00:00,93.611200,93.611200,93.611200,93.611200,0.000000
2021-10-21 00:00:00,93.756200,93.756200,93.756200,93.756200,0.000000
2021-10-22 00:00:00,93.611600,93.611600,93.611600,93.611600,0.000000
2021-10-25 00:00:00,93.839300,93.839300,93.839300,93.839300,0.000000
2021-10-26 00:00:00,93.959100,93.959100,93.959100,93.959100,0.000000
2021-10-27 00:00:00,93.864900,93.864900,93.864900,93.864900,0.000000
2021-10-28 00:00:00,93.360600,93.360600,93.360600,93.360600,0.000000
2021-10-29 00:00:00,94.140800,94.140800,94.140800,94.140800,0.000000
2021-11-01 00:00:00,93.871700,93.871700,93.871700,93.871700,0.000000
2021-11-02 00:00:00,94.107000,94.107000,94.107000,94.107000,0.000000
2021-11-03 00:00:00,93.867100,93.867100,93.867100,93.867100,0.000000
2021-11-04 00:00:00,94.328100,94.328100,94.328100,94.328100,0.000000
2021-11-05 00:00:00,94.224100,94.224100,94.224100,94.224100,0.000000
2021-11-08 00:00:00,94.049300,94.049300,94.049300,94.049300,0.000000
2021-11-09 00:00:00,93.972000,93.972000,93.972000,93.972000,0.000000
2021-11-10 00:00:00,94.899800,94.899800,94.899800,94.899800,0.000000
2021-11-11 00:00:00,95.150700,95.150700,95.150700,95.150700,0.000000
2021-11-12 00:00:00,95.116600,95.116600,95.116600,95.116600,0.000000
2021-11-15 00:00:00,95.524200,95.524200,95.524200,95.524200,0.000000
2021-11-16 00:00:00,95.911600,95.911600,95.911600,95.911600,0.000000
2021-11-17 00:00:00,95.799100,95.799100,95.799100,95.799100,0.000000
2021-11-18 00:00:00,95.541400,95.541400,95.541400,95.541400,0.000000
2021-11-19 00:00:00,96.067200,96.067200,96.067200,96.067200,0.000000
2021-11-22 00:00:00,96.503600,96.503600,96.503600,96.503600,0.000000
2021-11-23 00:00:00,96.493400,96.493400,96.493400,96.493400,0.000000
2021-11-24 00:00:00,96.843000,96.843000,96.843000,96.843000,0.000000
2021-11-25 00:00:00,96.786000,96.786000,96.786000,96.786000,0.000000
2021-11-26 00:00:00,96.064000,96.064000,96.064000,96.064000,0.000000
2021-11-29 00:00:00,96.172000,96.172000,96.172000,96.172000,0.000000
2021-11-30 00:00:00,95.897000,95.897000,95.897000,95.897000,0.000000
2021-12-01 00:00:00,96.040700,96.040700,96.040700,96.040700,0.000000
2021-12-02 00:00:00,96.124600,96.124600,96.124600,96.124600,0.000000
2021-12-03 00:00:00,96.171500,96.171500,96.171500,96.171500,0.000000
2021-12-06 00:00:00,96.277700,96.277700,96.277700,96.277700,0.000000
2021-12-07 00:00:00,96.304600,96.304600,96.304600,96.304600,0.000000
2021-12-08 00:00:00,95.960400,95.960400,95.960400,95.960400,0.000000
2021-12-09 00:00:00,96.223300,96.223300,96.223300,96.223300,0.000000
2021-12-10 00:00:00,96.049600,96.049600,96.049600,96.049600,0.000000
2021-12-13 00:00:00,96.352900,96.352900,96.352900,96.352900,0.000000
2021-12-14 00:00:00,96.560800,96.560800,96.560800,96.560800,0.000000
2021-12-15 00:00:00,96.342100,96.342100,96.342100,96.342100,0.000000
2021-12-16 00:00:00,95.990000,95.990000,95.990000,95.990000,0.000000
2021-12-17 00:00:00,96.675600,96.675600,96.675600,96.675600,0.000000
2021-12-20 00:00:00,96.516000,96.516000,96.516000,96.516000,0.000000
2021-12-21 00:00:00,96.455700,96.455700,96.455700,96.455700,0.000000
2021-12-22 00:00:00,96.455700,96.455700,96.455700,96.455700,0.000000
2021-12-23 00:00:00,96.060200,96.060200,96.060200,96.060200,0.000000
2021-12-24 00:00:00,96.132700,96.132700,96.132700,96.132700,0.000000
2021-12-27 00:00:00,96.072400,96.072400,96.072400,96.072400,0.000000
2021-12-28 00:00:00,96.170300,96.170300,96.170300,96.170300,0.000000
2021-12-29 00:00:00,95.905900,95.905900,95.905900,95.905900,0.000000
2021-12-30 00:00:00,95.970100,95.970100,95.970100,95.970100,0.000000
2021-12-31 00:00:00,95.970100,95.970100,95.970100,95.970100,0.000000
2022-01-03 00:00:00,96.218100,96.218100,96.218100,96.218100,0.000000
2022-01-04 00:00:00,96.268500,96.268500,96.268500,96.268500,0.000000
2022-01-05 00:00:00,96.173400,96.173400,96.173400,96.173400,0.000000
2022-01-06 00:00:00,96.231600,96.231600,96.231600,96.231600,0.000000
2022-01-07 00:00:00,95.738800,95.738800,95.738800,95.738800,0.000000
2022-01-10 00:00:00,95.953000,95.953000,95.953000,95.953000,0.000000
2022-01-11 00:00:00,95.595700,95.595700,95.595700,95.595700,0.000000
2022-01-12 00:00:00,94.998400,94.998400,94.998400,94.998400,0.000000
2022-01-13 00:00:00,94.882200,94.882200,94.882200,94.882200,0.000000
2022-01-14 00:00:00,95.160600,95.160600,95.160600,95.160600,0.000000
2022-01-17 00:00:00,95.259000,95.259000,95.259000,95.259000,0.000000
2022-01-18 00:00:00,95.729800,95.729800,95.729800,95.729800,0.000000
2022-01-19 00:00:00,95.606900,95.606900,95.606900,95.606900,0.000000
2022-01-20 00:00:00,95.794800,95.794800,95.794800,95.794800,0.000000
2022-01-21 00:00:00,95.631700,95.631700,95.631700,95.631700,0.000000
2022-01-24 00:00:00,95.895800,95.895800,95.895800,95.895800,0.000000
2022-01-25 00:00:00,95.997500,95.997500,95.997500,95.997500,0.000000
2022-01-26 00:00:00,96.488600,96.488600,96.488600,96.488600,0.000000
2022-01-27 00:00:00,97.228800,97.228800,97.228800,97.228800,0.000000
2022-01-28 00:00:00,97.213500,97.213500,97.213500,97.213500,0.000000
2022-01-31 00:00:00,96.636900,96.636900,96.636900,96.636900,0.000000
2022-02-01 00:00:00,96.253000,96.253000,96.253000,96.253000,0.000000
2022-02-02 00:00:00,95.987200,95.987200,95.987200,95.987200,0.000000
2022-02-03 00:00:00,95.341000,95.341000,95.341000,95.341000,0.000000
2022-02-04 00:00:00,95.468300,95.468300,95.468300,95.468300,0.000000
2022-02-07 00:00:00,95.412000,95.412000,95.412000,95.412000,0.000000
2022-02-08 00:00:00,95.609500,95.609500,95.609500,95.609500,0.000000
2022-02-09 00:00:00,95.558800,95.558800,95.558800,95.558800,0.000000
2022-02-10 00:00:00,95.679900,95.679900,95.679900,95.679900,0.000000
2022-02-11 00:00:00,96.030900,96.030900,96.030900,96.030900,0.000000
2022-02-14 00:00:00,96.278900,96.278900,96.278900,96.278900,0.000000
2022-02-15 00:00:00,95.986300,95.986300,95.986300,95.986300,0.000000
2022-02-16 00:00:00,95.826600,95.826600,95.826600,95.826600,0.000000
2022-02-17 00:00:00,95.821600,95.821600,95.821600,95.821600,0.000000
2022-02-18 00:00:00,96.102400,96.102400,96.102400,96.102400,0.000000
2022-02-21 00:00:00,96.132100,96.132100,96.132100,96.132100,0.000000
2022-02-22 00:00:00,96.084400,96.084400,96.084400,96.084400,0.000000
2022-02-23 00:00:00,96.204200,96.204200,96.204200,96.204200,0.000000
2022-02-24 00:00:00,97.090800,97.090800,97.090800,97.090800,0.000000
2022-02-25 00:00:00,96.543300,96.543300,96.543300,96.543300,0.000000
2022-02-28 00:00:00,96.706300,96.706300,96.706300,96.706300,0.000000
2022-03-01 00:00:00,97.404400,97.404400,97.404400,97.404400,0.000000
2022-03-02 00:00:00,97.353900,97.353900,97.353900,97.353900,0.000000
2022-03-03 00:00:00,97.726700,97.726700,97.726700,97.726700,0.000000
2022-03-04 00:00:00,98.511300,98.511300,98.511300,98.511300,0.000000
2022-03-07 00:00:00,99.259900,99.259900,99.259900,99.259900,0.000000
2022-03-08 00:00:00,99.128900,99.128900,99.128900,99.128900,0.000000
2022-03-09 00:00:00,97.960100,97.960100,97.960100,97.960100,0.000000
2022-03-10 00:00:00,98.516000,98.516000,98.516000,98.516000,0.000000
2022-03-11 00:00:00,99.126300,99.126300,99.126300,99.126300,0.000000
2022-03-14 00:00:00,99.119300,99.119300,99.119300,99.119300,0.000000
2022-03-15 00:00:00,98.991600,98.991600,98.991600,98.991600,0.000000
2022-03-16 00:00:00,98.375500,98.375500,98.375500,98.375500,0.000000
2022-03-17 00:00:00,98.017500,98.017500,98.017500,98.017500,0.000000
2022-03-18 00:00:00,98.228200,98.228200,98.228200,98.228200,0.000000
2022-03-21 00:00:00,98.492300,98.492300,98.492300,98.492300,0.000000
2022-03-22 00:00:00,98.438600,98.438600,98.438600,98.438600,0.000000
2022-03-23 00:00:00,98.647000,98.647000,98.647000,98.647000,0.000000
2022-03-24 00:00:00,98.789400,98.789400,98.789400,98.789400,0.000000
2022-03-25 00:00:00,98.810300,98.810300,98.810300,98.810300,0.000000
2022-03-28 00:00:00,99.152000,99.152000,99.152000,99.152000,0.000000
2022-03-29 00:00:00,98.425700,98.425700,98.425700,98.425700,0.000000
2022-03-30 00:00:00,97.829700,97.829700,97.829700,97.829700,0.000000
2022-03-31 00:00:00,98.361800,98.361800,98.361800,98.361800,0.000000
2022-04-01 00:00:00,98.570900,98.570900,98.570900,98.570900,0.000000
2022-04-04 00:00:00,99.012200,99.012200,99.012200,99.012200,0.000000
2022-04-05 00:00:00,99.490300,99.490300,99.490300,99.490300,0.000000
2022-04-06 00:00:00,99.645700,99.645700,99.645700,99.645700,0.000000
2022-04-07 00:00:00,99.771200,99.771200,99.771200,99.771200,0.000000
2022-04-08 00:00:00,99.843000,99.843000,99.843000,99.843000,0.000000
2022-04-11 00:00:00,99.977500,99.977500,99.977500,99.977500,0.000000
2022-04-12 00:00:00,100.336700,100.336700,100.336700,100.336700,0.000000
2022-04-13 00:00:00,99.838700,99.838700,99.838700,99.838700,0.000000
2022-04-14 00:00:00,100.304800,100.304800,100.304800,100.304800,0.000000
2022-04-15 00:00:00,100.520100,100.520100,100.520100,100.520100,0.000000
2022-04-18 00:00:00,100.787700,100.787700,100.787700,100.787700,0.000000
2022-04-19 00:00:00,100.986300,100.986300,100.986300,100.986300,0.000000
2022-04-20 00:00:00,100.303700,100.303700,100.303700,100.303700,0.000000
2022-04-21 00:00:00,100.627300,100.627300,100.627300,100.627300,0.000000
2022-04-22 00:00:00,101.123300,101.123300,101.123300,101.123300,0.000000
2022-04-25 00:00:00,101.743500,101.743500,101.743500,101.743500,0.000000
2022-04-26 00:00:00,101.739300,101.739300,101.739300,101.739300,0.000000
2022-04-27 00:00:00,102.966900,102.966900,102.966900,102.966900,0.000000
2022-04-28 00:00:00,103.670400,103.670400,103.670400,103.670400,0.000000
2022-04-29 00:00:00,103.217300,103.217300,103.217300,103.217300,0.000000
2022-05-02 00:00:00,103.602700,103.602700,103.602700,103.602700,0.000000
2022-05-03 00:00:00,103.486100,103.486100,103.486100,103.486100,0.000000
2022-05-04 00:00:00,102.512200,102.512200,102.512200,102.512200,0.000000
2022-05-05 00:00:00,103.571500,103.571500,103.571500,103.571500,0.000000
2022-05-06 00:00:00,103.661700,103.661700,103.661700,103.661700,0.000000
2022-05-09 00:00:00,103.726400,103.726400,103.726400,103.726400,0.000000
2022-05-10 00:00:00,103.927800,103.927800,103.927800,103.927800,0.000000
2022-05-11 00:00:00,104.020000,104.020000,104.020000,104.020000,0.000000
2022-05-12 00:00:00,104.753600,104.753600,104.753600,104.753600,0.000000
2022-05-13 00:00:00,104.450900,104.450900,104.450900,104.450900,0.000000
2022-05-16 00:00:00,104.223000,104.223000,104.223000,104.223000,0.000000
2022-05-17 00:00:00,103.297100,103.297100,103.297100,103.297100,0.000000
2022-05-18 00:00:00,103.924500,103.924500,103.924500,103.924500,0.000000
2022-05-19 00:00:00,102.893400,102.893400,102.893400,102.893400,0.000000
2022-05-20 00:00:00,103.033400,103.033400,103.033400,103.033400,0.000000
2022-05-23 00:00:00,102.076700,102.076700,102.076700,102.076700,0.000000
2022-05-24 00:00:00,101.769200,101.769200,101.769200,101.769200,0.000000
2022-05-25 00:00:00,102.126200,102.126200,102.126200,102.126200,0.000000
2022-05-26 00:00:00,101.755700,101.755700,101.755700,101.755700,0.000000
2022-05-27 00:00:00,101.642900,101.642900,101.642900,101.642900,0.000000
2022-05-30 00:00:00,101.645400,101.645400,101.645400,101.645400,0.000000
2022-05-31 00:00:00,101.767900,101.767900,101.767900,101.767900,0.000000
2022-06-01 00:00:00,102.567900,102.567900,102.567900,102.567900,0.000000
2022-06-02 00:00:00,101.779700,101.779700,101.779700,101.779700,0.000000
2022-06-03 00:00:00,102.170400,102.170400,102.170400,102.170400,0.000000
2022-06-06 00:00:00,102.398200,102.398200,102.398200,102.398200,0.000000
2022-06-07 00:00:00,102.335200,102.335200,102.335200,102.335200,0.000000
2022-06-08 00:00:00,102.561300,102.561300,102.561300,102.561300,0.000000
2022-06-09 00:00:00,103.327900,103.327900,103.327900,103.327900,0.000000
2022-06-10 00:00:00,104.192600,104.192600,104.192600,104.192600,0.000000
2022-06-13 00:00:00,105.227700,105.227700,105.227700,105.227700,0.000000
2022-06-14 00:00:00,105.480700,105.480700,105.480700,105.480700,0.000000
2022-06-15 00:00:00,104.869400,104.869400,104.869400,104.869400,0.000000
2022-06-16 00:00:00,103.832600,103.832600,103.832600,103.832600,0.000000
2022-06-17 00:00:00,104.668200,104.668200,104.668200,104.668200,0.000000
2022-06-20 00:00:00,104.504500,104.504500,104.504500,104.504500,0.000000
2022-06-21 00:00:00,104.424400,104.424400,104.424400,104.424400,0.000000
2022-06-22 00:00:00,104.216300,104.216300,104.216300,104.216300,0.000000
2022-06-23 00:00:00,104.410500,104.410500,104.410500,104.410500,0.000000
2022-06-24 00:00:00,104.130300,104.130300,104.130300,104.130300,0.000000
2022-06-27 00:00:00,103.956900,103.956900,103.956900,103.956900,0.000000
2022-06-28 00:00:00,104.500100,104.500100,104.500100,104.500100,0.000000
2022-06-29 00:00:00,105.112900,105.112900,105.112900,105.112900,0.000000
2022-06-30 00:00:00,104.705700,104.705700,104.705700,104.705700,0.000000
2022-07-01 00:00:00,105.116000,105.116000,105.116000,105.116000,0.000000
2022-07-04 00:00:00,105.176400,105.176400,105.176400,105.176400,0.000000
2022-07-05 00:00:00,106.521000,106.521000,106.521000,106.521000,0.000000
2022-07-06 00:00:00,107.082900,107.082900,107.082900,107.082900,0.000000
2022-07-07 00:00:00,107.071600,107.071600,107.071600,107.071600,0.000000
2022-07-08 00:00:00,106.895100,106.895100,106.895100,106.895100,0.000000
2022-07-11 00:00:00,108.219300,108.219300,108.219300,108.219300,0.000000
2022-07-12 00:00:00,108.157100,108.157100,108.157100,108.157100,0.000000
2022-07-13 00:00:00,108.045200,108.045200,108.045200,108.045200,0.000000
2022-07-14 00:00:00,108.637900,108.637900,108.637900,108.637900,0.000000
2022-07-15 00:00:00,107.981700,107.981700,107.981700,107.981700,0.000000
2022-07-18 00:00:00,107.460000,107.460000,107.460000,107.460000,0.000000
2022-07-19 00:00:00,106.708900,106.708900,106.708900,106.708900,0.000000
2022-07-20 00:00:00,107.034500,107.034500,107.034500,107.034500,0.000000
2022-07-21 00:00:00,106.567300,106.567300,106.567300,106.567300,0.000000
2022-07-22 00:00:00,106.551800,106.551800,106.551800,106.551800,0.000000
2022-07-25 00:00:00,106.551800,106.551800,106.551800,106.551800,0.000000
2022-07-26 00:00:00,107.235200,107.235200,107.235200,107.235200,0.000000
2022-07-27 00:00:00,106.486100,106.486100,106.486100,106.486100,0.000000
2022-07-28 00:00:00,106.165600,106.165600,106.165600,106.165600,0.000000
2022-07-29 00:00:00,105.836100,105.836100,105.836100,105.836100,0.000000
2022-08-01 00:00:00,105.388700,105.388700,105.388700,105.388700,0.000000
2022-08-02 00:00:00,106.326700,106.326700,106.326700,106.326700,0.000000
2022-08-03 00:00:00,106.400400,106.400400,106.400400,106.400400,0.000000
2022-08-04 00:00:00,105.745300,105.745300,105.745300,105.745300,0.000000
2022-08-05 00:00:00,106.571400,106.571400,106.571400,106.571400,0.000000
2022-08-08 00:00:00,106.382700,106.382700,106.382700,106.382700,0.000000
2022-08-09 00:00:00,106.311200,106.311200,106.311200,106.311200,0.000000
2022-08-10 00:00:00,105.223000,105.223000,105.223000,105.223000,0.000000
2022-08-11 00:00:00,105.106100,105.106100,105.106100,105.106100,0.000000
2022-08-12 00:00:00,105.678800,105.678800,105.678800,105.678800,0.000000
2022-08-15 00:00:00,106.515500,106.515500,106.515500,106.515500,0.000000
2022-08-16 00:00:00,106.460200,106.460200,106.460200,106.460200,0.000000
2022-08-17 00:00:00,106.648300,106.648300,106.648300,106.648300,0.000000
2022-08-18 00:00:00,107.517000,107.517000,107.517000,107.517000,0.000000
2022-08-19 00:00:00,108.110200,108.110200,108.110200,108.110200,0.000000
2022-08-22 00:00:00,108.972800,108.972800,108.972800,108.972800,0.000000
2022-08-23 00:00:00,108.539400,108.539400,108.539400,108.539400,0.000000
2022-08-24 00:00:00,108.645600,108.645600,108.645600,108.645600,0.000000
2022-08-25 00:00:00,108.425300,108.425300,108.425300,108.425300,0.000000
2022-08-26 00:00:00,108.856400,108.856400,108.856400,108.856400,0.000000
2022-08-29 00:00:00,108.781600,108.781600,108.781600,108.781600,0.000000
2022-08-30 00:00:00,108.824900,108.824900,108.824900,108.824900,0.000000
2022-08-31 00:00:00,108.679600,108.679600,108.679600,108.679600,0.000000
2022-09-01 00:00:00,109.664900,109.664900,109.664900,109.664900,0.000000
2022-09-02 00:00:00,109.612100,109.612100,109.612100,109.612100,0.000000
2022-09-05 00:00:00,109.819000,109.819000,109.819000,109.819000,0.000000
2022-09-06 00:00:00,110.238300,110.238300,110.238300,110.238300,0.000000
2022-09-07 00:00:00,109.583100,109.583100,109.583100,109.583100,0.000000
2022-09-08 00:00:00,109.652800,109.652800,109.652800,109.652800,0.000000
2022-09-09 00:00:00,108.965500,108.965500,108.965500,108.965500,0.000000
2022-09-12 00:00:00,108.307600,108.307600,108.307600,108.307600,0.000000
2022-09-13 00:00:00,109.918800,109.918800,109.918800,109.918800,0.000000
2022-09-14 00:00:00,109.646100,109.646100,109.646100,109.646100,0.000000
2022-09-15 00:00:00,109.685600,109.685600,109.685600,109.685600,0.000000
2022-09-16 00:00:00,109.659700,109.659700,109.659700,109.659700,0.000000
2022-09-19 00:00:00,109.594900,109.594900,109.594900,109.594900,0.000000
2022-09-20 00:00:00,110.198600,110.198600,110.198600,110.198600,0.000000
2022-09-21 00:00:00,111.373100,111.373100,111.373100,111.373100,0.000000
2022-09-22 00:00:00,111.288900,111.288900,111.288900,111.288900,0.000000
2022-09-23 00:00:00,113.032400,113.032400,113.032400,113.032400,0.000000
2022-09-26 00:00:00,114.114600,114.114600,114.114600,114.114600,0.000000
2022-09-27 00:00:00,114.159600,114.159600,114.159600,114.159600,0.000000
2022-09-28 00:00:00,112.717700,112.717700,112.717700,112.717700,0.000000
2022-09-29 00:00:00,111.969900,111.969900,111.969900,111.969900,0.000000
2022-09-30 00:00:00,112.151100,112.151100,112.151100,112.151100,0.000000
2022-10-03 00:00:00,111.639200,111.639200,111.639200,111.639200,0.000000
2022-10-04 00:00:00,110.179800,110.179800,110.179800,110.179800,0.000000
2022-10-05 00:00:00,111.199200,111.199200,111.199200,111.199200,0.000000
2022-10-06 00:00:00,112.261200,112.261200,112.261200,112.261200,0.000000
2022-10-07 00:00:00,112.756200,112.756200,112.756200,112.756200,0.000000
2022-10-10 00:00:00,113.157100,113.157100,113.157100,113.157100,0.000000
2022-10-11 00:00:00,113.294100,113.294100,113.294100,113.294100,0.000000
2022-10-12 00:00:00,113.266800,113.266800,113.266800,113.266800,0.000000
2022-10-13 00:00:00,112.460100,112.460100,112.460100,112.460100,0.000000
2022-10-14 00:00:00,113.309500,113.309500,113.309500,113.309500,0.000000
2022-10-17 00:00:00,112.093100,112.093100,112.093100,112.093100,0.000000
2022-10-18 00:00:00,112.030300,112.030300,112.030300,112.030300,0.000000
2022-10-19 00:00:00,112.908900,112.908900,112.908900,112.908900,0.000000
2022-10-20 00:00:00,112.827300,112.827300,112.827300,112.827300,0.000000
2022-10-21 00:00:00,111.850500,111.850500,111.850500,111.850500,0.000000
2022-10-24 00:00:00,112.008700,112.008700,112.008700,112.008700,0.000000
2022-10-25 00:00:00,110.877500,110.877500,110.877500,110.877500,0.000000
2022-10-26 00:00:00,109.698200,109.698200,109.698200,109.698200,0.000000
2022-10-27 00:00:00,110.589400,110.589400,110.589400,110.589400,0.000000
2022-10-28 00:00:00,110.676300,110.676300,110.676300,110.676300,0.000000
2022-10-31 00:00:00,111.603600,111.603600,111.603600,111.603600,0.000000
2022-11-01 00:00:00,111.560900,111.560900,111.560900,111.560900,0.000000
2022-11-02 00:00:00,112.119300,112.119300,112.119300,112.119300,0.000000
2022-11-03 00:00:00,112.984200,112.984200,112.984200,112.984200,0.000000
2022-11-04 00:00:00,110.783900,110.783900,110.783900,110.783900,0.000000
2022-11-07 00:00:00,110.187200,110.187200,110.187200,110.187200,0.000000
2022-11-08 00:00:00,109.634200,109.634200,109.634200,109.634200,0.000000
2022-11-09 00:00:00,110.427800,110.427800,110.427800,110.427800,0.000000
2022-11-10 00:00:00,107.884700,107.884700,107.884700,107.884700,0.000000
2022-11-11 00:00:00,106.408300,106.408300,106.408300,106.408300,0.000000
2022-11-14 00:00:00,106.898600,106.898600,106.898600,106.898600,0.000000
2022-11-15 00:00:00,106.562900,106.562900,106.562900,106.562900,0.000000
2022-11-16 00:00:00,106.293400,106.293400,106.293400,106.293400,0.000000
2022-11-17 00:00:00,106.678400,106.678400,106.678400,106.678400,0.000000
2022-11-18 00:00:00,106.967800,106.967800,106.967800,106.967800,0.000000
2022-11-21 00:00:00,107.822600,107.822600,107.822600,107.822600,0.000000
2022-11-22 00:00:00,107.168700,107.168700,107.168700,107.168700,0.000000
2022-11-23 00:00:00,106.143700,106.143700,106.143700,106.143700,0.000000
2022-11-24 00:00:00,105.861700,105.861700,105.861700,105.861700,0.000000
2022-11-25 00:00:00,106.072400,106.072400,106.072400,106.072400,0.000000
2022-11-28 00:00:00,106.675200,106.675200,106.675200,106.675200,0.000000
2022-11-29 00:00:00,106.812600,106.812600,106.812600,106.812600,0.000000
2022-11-30 00:00:00,105.976500,105.976500,105.976500,105.976500,0.000000
2022-12-01 00:00:00,104.703600,104.703600,104.703600,104.703600,0.000000
2022-12-02 00:00:00,104.509800,104.509800,104.509800,104.509800,0.000000
2022-12-05 00:00:00,105.272000,105.272000,105.272000,105.272000,0.000000
2022-12-06 00:00:00,105.564100,105.564100,105.564100,105.564100,0.000000
2022-12-07 00:00:00,105.198300,105.198300,105.198300,105.198300,0.000000
2022-12-08 00:00:00,104.815600,104.815600,104.815600,104.815600,0.000000
2022-12-09 00:00:00,104.925700,104.925700,104.925700,104.925700,0.000000
2022-12-12 00:00:00,105.011600,105.011600,105.011600,105.011600,0.000000
2022-12-13 00:00:00,104.015800,104.015800,104.015800,104.015800,0.000000
2022-12-14 00:00:00,103.628600,103.628600,103.628600,103.628600,0.000000
2022-12-15 00:00:00,104.605700,104.605700,104.605700,104.605700,0.000000
2022-12-16 00:00:00,104.846600,104.846600,104.846600,104.846600,0.000000
2022-12-19 00:00:00,104.679100,104.679100,104.679100,104.679100,0.000000
2022-12-20 00:00:00,103.966500,103.966500,103.966500,103.966500,0.000000
2022-12-21 00:00:00,104.259800,104.259800,104.259800,104.259800,0.000000
2022-12-22 00:00:00,104.381000,104.381000,104.381000,104.381000,0.000000
2022-12-23 00:00:00,104.323500,104.323500,104.323500,104.323500,0.000000
2022-12-26 00:00:00,104.168100,104.168100,104.168100,104.168100,0.000000
2022-12-27 00:00:00,104.201300,104.201300,104.201300,104.201300,0.000000
2022-12-28 00:00:00,104.529100,104.529100,104.529100,104.529100,0.000000
2022-12-29 00:00:00,103.974700,103.974700,103.974700,103.974700,0.000000
2022-12-30 00:00:00,103.489500,103.489500,103.489500,103.489500,0.000000
2023-01-02 00:00:00,103.768300,103.768300,103.768300,103.768300,0.000000
2023-01-03 00:00:00,104.674400,104.674400,104.674400,104.674400,0.000000
2023-01-04 00:00:00,104.266900,104.266900,104.266900,104.266900,0.000000
2023-01-05 00:00:00,105.122800,105.122800,105.122800,105.122800,0.000000
2023-01-06 00:00:00,103.909100,103.909100,103.909100,103.909100,0.000000
2023-01-09 00:00:00,103.189200,103.189200,103.189200,103.189200,0.000000
2023-01-10 00:00:00,103.289500,103.289500,103.289500,103.289500,0.000000
2023-01-11 00:00:00,103.247200,103.247200,103.247200,103.247200,0.000000
2023-01-12 00:00:00,102.254200,102.254200,102.254200,102.254200,0.000000
2023-01-13 00:00:00,102.168200,102.168200,102.168200,102.168200,0.000000
2023-01-16 00:00:00,102.364000,102.364000,102.364000,102.364000,0.000000
2023-01-17 00:00:00,102.389400,102.389400,102.389400,102.389400,0.000000
2023-01-18 00:00:00,102.405200,102.405200,102.405200,102.405200,0.000000
2023-01-19 00:00:00,102.071200,102.071200,102.071200,102.071200,0.000000
2023-01-20 00:00:00,101.996600,101.996600,101.996600,101.996600,0.000000
2023-01-23 00:00:00,102.031800,102.031800,102.031800,102.031800,0.000000
2023-01-24 00:00:00,101.908100,101.908100,101.908100,101.908100,0.000000
2023-01-25 00:00:00,101.642700,101.642700,101.642700,101.642700,0.000000
2023-01-26 00:00:00,101.816700,101.816700,101.816700,101.816700,0.000000
2023-01-27 00:00:00,101.922000,101.922000,101.922000,101.922000,0.000000
2023-01-30 00:00:00,102.230400,102.230400,102.230400,102.230400,0.000000
2023-01-31 00:00:00,102.103700,102.103700,102.103700,102.103700,0.000000
2023-02-01 00:00:00,101.154700,101.154700,101.154700,101.154700,0.000000
2023-02-02 00:00:00,101.747800,101.747800,101.747800,101.747800,0.000000
2023-02-03 00:00:00,102.995900,102.995900,102.995900,102.995900,0.000000
2023-02-06 00:00:00,103.633300,103.633300,103.633300,103.633300,0.000000
2023-02-07 00:00:00,103.346100,103.346100,103.346100,103.346100,0.000000
2023-02-08 00:00:00,103.479400,103.479400,103.479400,103.479400,0.000000
2023-02-09 00:00:00,103.221000,103.221000,103.221000,103.221000,0.000000
2023-02-10 00:00:00,103.575700,103.575700,103.575700,103.575700,0.000000
2023-02-13 00:00:00,103.271700,103.271700,103.271700,103.271700,0.000000
2023-02-14 00:00:00,103.260300,103.260300,103.260300,103.260300,0.000000
2023-02-15 00:00:00,103.862000,103.862000,103.862000,103.862000,0.000000
2023-02-16 00:00:00,104.024600,104.024600,104.024600,104.024600,0.000000
2023-02-17 00:00:00,103.881200,103.881200,103.881200,103.881200,0.000000
2023-02-20 00:00:00,103.890300,103.890300,103.890300,103.890300,0.000000
2023-02-21 00:00:00,104.204300,104.204300,104.204300,104.204300,0.000000
2023-02-22 00:00:00,104.528100,104.528100,104.528100,104.528100,0.000000
2023-02-23 00:00:00,104.610500,104.610500,104.610500,104.610500,0.000000
2023-02-24 00:00:00,105.261800,105.261800,105.261800,105.261800,0.000000
2023-02-27 00:00:00,104.652200,104.652200,104.652200,104.652200,0.000000
2023-02-28 00:00:00,104.986800,104.986800,104.986800,104.986800,0.000000
2023-03-01 00:00:00,104.386200,104.386200,104.386200,104.386200,0.000000
2023-03-02 00:00:00,104.979500,104.979500,104.979500,104.979500,0.000000
2023-03-03 00:00:00,104.528800,104.528800,104.528800,104.528800,0.000000
2023-03-06 00:00:00,104.269400,104.269400,104.269400,104.269400,0.000000
2023-03-07 00:00:00,105.628600,105.628600,105.628600,105.628600,0.000000
2023-03-08 00:00:00,105.692800,105.692800,105.692800,105.692800,0.000000
2023-03-09 00:00:00,105.243200,105.243200,105.243200,105.243200,0.000000
2023-03-10 00:00:00,104.650200,104.650200,104.650200,104.650200,0.000000
2023-03-13 00:00:00,103.618600,103.618600,103.618600,103.618600,0.000000
2023-03-14 00:00:00,103.671200,103.671200,103.671200,103.671200,0.000000
2023-03-15 00:00:00,104.754900,104.754900,104.754900,104.754900,0.000000
2023-03-16 00:00:00,104.447200,104.447200,104.447200,104.447200,0.000000
2023-03-17 00:00:00,103.863700,103.863700,103.863700,103.863700,0.000000
2023-03-20 00:00:00,103.299200,103.299200,103.299200,103.299200,0.000000
2023-03-21 00:00:00,103.219700,103.219700,103.219700,103.219700,0.000000
2023-03-22 00:00:00,102.560800,102.560800,102.560800,102.560800,0.000000
2023-03-23 00:00:00,102.606800,102.606800,102.606800,102.606800,0.000000
2023-03-24 00:00:00,103.106000,103.106000,103.106000,103.106000,0.000000
2023-03-27 00:00:00,102.844400,102.844400,102.844400,102.844400,0.000000
2023-03-28 00:00:00,102.422000,102.422000,102.422000,102.422000,0.000000
2023-03-29 00:00:00,102.652600,102.652600,102.652600,102.652600,0.000000
2023-03-30 00:00:00,102.178600,102.178600,102.178600,102.178600,0.000000
2023-03-31 00:00:00,102.597000,102.597000,102.597000,102.597000,0.000000
2023-04-03 00:00:00,102.065400,102.065400,102.065400,102.065400,0.000000
2023-04-04 00:00:00,101.578800,101.578800,101.578800,101.578800,0.000000
2023-04-05 00:00:00,101.895900,101.895900,101.895900,101.895900,0.000000
2023-04-06 00:00:00,101.917200,101.917200,101.917200,101.917200,0.000000
2023-04-07 00:00:00,102.105300,102.105300,102.105300,102.105300,0.000000
2023-04-10 00:00:00,102.552900,102.552900,102.552900,102.552900,0.000000
2023-04-11 00:00:00,102.151300,102.151300,102.151300,102.151300,0.000000
2023-04-12 00:00:00,101.529700,101.529700,101.529700,101.529700,0.000000
2023-04-13 00:00:00,101.014800,101.014800,101.014800,101.014800,0.000000
2023-04-14 00:00:00,101.577500,101.577500,101.577500,101.577500,0.000000
2023-04-17 00:00:00,102.104100,102.104100,102.104100,102.104100,0.000000
2023-04-18 00:00:00,101.736800,101.736800,101.736800,101.736800,0.000000
2023-04-19 00:00:00,101.950000,101.950000,101.950000,101.950000,0.000000
2023-04-20 00:00:00,101.787900,101.787900,101.787900,101.787900,0.000000
2023-04-21 00:00:00,101.720100,101.720100,101.720100,101.720100,0.000000
2023-04-24 00:00:00,101.341100,101.341100,101.341100,101.341100,0.000000
2023-04-25 00:00:00,101.847600,101.847600,101.847600,101.847600,0.000000
2023-04-26 00:00:00,101.445300,101.445300,101.445300,101.445300,0.000000
2023-04-27 00:00:00,101.481200,101.481200,101.481200,101.481200,0.000000
2023-04-28 00:00:00,101.664500,101.664500,101.664500,101.664500,0.000000
2023-05-01 00:00:00,102.100700,102.100700,102.100700,102.100700,0.000000
2023-05-02 00:00:00,101.953500,101.953500,101.953500,101.953500,0.000000
2023-05-03 00:00:00,101.272800,101.272800,101.272800,101.272800,0.000000
2023-05-04 00:00:00,101.433700,101.433700,101.433700,101.433700,0.000000
2023-05-05 00:00:00,101.290400,101.290400,101.290400,101.290400,0.000000
2023-05-08 00:00:00,101.390800,101.390800,101.390800,101.390800,0.000000
2023-05-09 00:00:00,101.654900,101.654900,101.654900,101.654900,0.000000
2023-05-10 00:00:00,101.437500,101.437500,101.437500,101.437500,0.000000
2023-05-11 00:00:00,102.078900,102.078900,102.078900,102.078900,0.000000
2023-05-12 00:00:00,102.704000,102.704000,102.704000,102.704000,0.000000
2023-05-15 00:00:00,102.437700,102.437700,102.437700,102.437700,0.000000
2023-05-16 00:00:00,102.604900,102.604900,102.604900,102.604900,0.000000
2023-05-17 00:00:00,102.883200,102.883200,102.883200,102.883200,0.000000
2023-05-18 00:00:00,103.552900,103.552900,103.552900,103.552900,0.000000
2023-05-19 00:00:00,103.192100,103.192100,103.192100,103.192100,0.000000
2023-05-22 00:00:00,103.246100,103.246100,103.246100,103.246100,0.000000
2023-05-23 00:00:00,103.529900,103.529900,103.529900,103.529900,0.000000
2023-05-24 00:00:00,103.910200,103.910200,103.910200,103.910200,0.000000
2023-05-25 00:00:00,104.226900,104.226900,104.226900,104.226900,0.000000
2023-05-26 00:00:00,104.213400,104.213400,104.213400,104.213400,0.000000
2023-05-29 00:00:00,104.290700,104.290700,104.290700,104.290700,0.000000
2023-05-30 00:00:00,104.049400,104.049400,104.049400,104.049400,0.000000
2023-05-31 00:00:00,104.220800,104.220800,104.220800,104.220800,0.000000
2023-06-01 00:00:00,103.551500,103.551500,103.551500,103.551500,0.000000
2023-06-02 00:00:00,104.046000,104.046000,104.046000,104.046000,0.000000
2023-06-05 00:00:00,104.011500,104.011500,104.011500,104.011500,0.000000
2023-06-06 00:00:00,104.150800,104.150800,104.150800,104.150800,0.000000
2023-06-07 00:00:00,104.124100,104.124100,104.124100,104.124100,0.000000
2023-06-08 00:00:00,103.320400,103.320400,103.320400,103.320400,0.000000
2023-06-09 00:00:00,103.556200,103.556200,103.556200,103.556200,0.000000
2023-06-12 00:00:00,103.627500,103.627500,103.627500,103.627500,0.000000
2023-06-13 00:00:00,103.288500,103.288500,103.288500,103.288500,0.000000
2023-06-14 00:00:00,103.013900,103.013900,103.013900,103.013900,0.000000
2023-06-15 00:00:00,102.141500,102.141500,102.141500,102.141500,0.000000
2023-06-16 00:00:00,102.315300,102.315300,102.315300,102.315300,0.000000
2023-06-19 00:00:00,102.496900,102.496900,102.496900,102.496900,0.000000
2023-06-20 00:00:00,102.539400,102.539400,102.539400,102.539400,0.000000
2023-06-21 00:00:00,102.085900,102.085900,102.085900,102.085900,0.000000
2023-06-22 00:00:00,102.400900,102.400900,102.400900,102.400900,0.000000
2023-06-23 00:00:00,102.881700,102.881700,102.881700,102.881700,0.000000
2023-06-26 00:00:00,102.700600,102.700600,102.700600,102.700600,0.000000
2023-06-27 00:00:00,102.508000,102.508000,102.508000,102.508000,0.000000
2023-06-28 00:00:00,102.998400,102.998400,102.998400,102.998400,0.000000
2023-06-29 00:00:00,103.378800,103.378800,103.378800,103.378800,0.000000
2023-06-30 00:00:00,103.378800,103.378800,103.378800,103.378800,0.000000
2023-07-03 00:00:00,102.973000,102.973000,102.973000,102.973000,0.000000
2023-07-04 00:00:00,103.104200,103.104200,103.104200,103.104200,0.000000
2023-07-05 00:00:00,103.361000,103.361000,103.361000,103.361000,0.000000
2023-07-06 00:00:00,103.112600,103.112600,103.112600,103.112600,0.000000
2023-07-07 00:00:00,102.225430,102.225430,102.225430,102.225430,0.000000
2023-07-10 00:00:00,101.952700,101.952700,101.952700,101.952700,0.000000
2023-07-11 00:00:00,101.650900,101.650900,101.650900,101.650900,0.000000
2023-07-12 00:00:00,100.594800,100.594800,100.594800,100.594800,0.000000
2023-07-13 00:00:00,99.756900,99.756900,99.756900,99.756900,0.000000
2023-07-14 00:00:00,99.963300,99.963300,99.963300,99.963300,0.000000
2023-07-17 00:00:00,99.898200,99.898200,99.898200,99.898200,0.000000
2023-07-18 00:00:00,99.944700,99.944700,99.944700,99.944700,0.000000
2023-07-19 00:00:00,100.289100,100.289100,100.289100,100.289100,0.000000
2023-07-20 00:00:00,100.827400,100.827400,100.827400,100.827400,0.000000
2023-07-21 00:00:00,101.085700,101.085700,101.085700,101.085700,0.000000
2023-07-24 00:00:00,101.390500,101.390500,101.390500,101.390500,0.000000
2023-07-25 00:00:00,101.267500,101.267500,101.267500,101.267500,0.000000
2023-07-26 00:00:00,101.027600,101.027600,101.027600,101.027600,0.000000
2023-07-27 00:00:00,101.760000,101.760000,101.760000,101.760000,0.000000
2023-07-28 00:00:00,101.713000,101.713000,101.713000,101.713000,0.000000
2023-07-31 00:00:00,101.878400,101.878400,101.878400,101.878400,0.000000
2023-08-01 00:00:00,102.212500,102.212500,102.212500,102.212500,0.000000
2023-08-02 00:00:00,102.634800,102.634800,102.634800,102.634800,0.000000
2023-08-03 00:00:00,102.478900,102.478900,102.478900,102.478900,0.000000
2023-08-04 00:00:00,102.003700,102.003700,102.003700,102.003700,0.000000
2023-08-07 00:00:00,102.073100,102.073100,102.073100,102.073100,0.000000
2023-08-08 00:00:00,102.536700,102.536700,102.536700,102.536700,0.000000
2023-08-09 00:00:00,102.503200,102.503200,102.503200,102.503200,0.000000
2023-08-10 00:00:00,102.639100,102.639100,102.639100,102.639100,0.000000
2023-08-11 00:00:00,102.877000,102.877000,102.877000,102.877000,0.000000
2023-08-14 00:00:00,103.163300,103.163300,103.163300,103.163300,0.000000
2023-08-15 00:00:00,103.206600,103.206600,103.206600,103.206600,0.000000
2023-08-16 00:00:00,103.444900,103.444900,103.444900,103.444900,0.000000
2023-08-17 00:00:00,103.422800,103.422800,103.422800,103.422800,0.000000
2023-08-18 00:00:00,103.443300,103.443300,103.443300,103.443300,0.000000
2023-08-21 00:00:00,103.334400,103.334400,103.334400,103.334400,0.000000
2023-08-22 00:00:00,103.600100,103.600100,103.600100,103.600100,0.000000
2023-08-23 00:00:00,103.376300,103.376300,103.376300,103.376300,0.000000
2023-08-24 00:00:00,103.986500,103.986500,103.986500,103.986500,0.000000
2023-08-25 00:00:00,104.193900,104.193900,104.193900,104.193900,0.000000
2023-08-28 00:00:00,104.009300,104.009300,104.009300,104.009300,0.000000
2023-08-29 00:00:00,103.468100,103.468100,103.468100,103.468100,0.000000
2023-08-30 00:00:00,103.165900,103.165900,103.165900,103.165900,0.000000
2023-08-31 00:00:00,103.627900,103.627900,103.627900,103.627900,0.000000
2023-09-01 00:00:00,104.275500,104.275500,104.275500,104.275500,0.000000
2023-09-04 00:00:00,104.120300,104.120300,104.120300,104.120300,0.000000
2023-09-05 00:00:00,104.796800,104.796800,104.796800,104.796800,0.000000
2023-09-06 00:00:00,104.837100,104.837100,104.837100,104.837100,0.000000
2023-09-07 00:00:00,105.059700,105.059700,105.059700,105.059700,0.000000
2023-09-08 00:00:00,105.065000,105.065000,105.065000,105.065000,0.000000
2023-09-11 00:00:00,104.539900,104.539900,104.539900,104.539900,0.000000
2023-09-12 00:00:00,104.570600,104.570600,104.570600,104.570600,0.000000
2023-09-13 00:00:00,104.774800,104.774800,104.774800,104.774800,0.000000
2023-09-14 00:00:00,105.344700,105.344700,105.344700,105.344700,0.000000
2023-09-15 00:00:00,105.335900,105.335900,105.335900,105.335900,0.000000
2023-09-18 00:00:00,105.079500,105.079500,105.079500,105.079500,0.000000
2023-09-19 00:00:00,105.150200,105.150200,105.150200,105.150200,0.000000
2023-09-20 00:00:00,105.357900,105.357900,105.357900,105.357900,0.000000
2023-09-21 00:00:00,105.381100,105.381100,105.381100,105.381100,0.000000
2023-09-22 00:00:00,105.609800,105.609800,105.609800,105.609800,0.000000
2023-09-25 00:00:00,105.948500,105.948500,105.948500,105.948500,0.000000
2023-09-26 00:00:00,106.178600,106.178600,106.178600,106.178600,0.000000
2023-09-27 00:00:00,106.705100,106.705100,106.705100,106.705100,0.000000
2023-09-28 00:00:00,106.134600,106.134600,106.134600,106.134600,0.000000
2023-09-29 00:00:00,106.191900,106.191900,106.191900,106.191900,0.000000
2023-10-02 00:00:00,107.031500,107.031500,107.031500,107.031500,0.000000
2023-10-03 00:00:00,107.074000,107.074000,107.074000,107.074000,0.000000
2023-10-04 00:00:00,106.799400,106.799400,106.799400,106.799400,0.000000
2023-10-05 00:00:00,106.338300,106.338300,106.338300,106.338300,0.000000
2023-10-06 00:00:00,106.107100,106.107100,106.107100,106.107100,0.000000
2023-10-09 00:00:00,106.072600,106.072600,106.072600,106.072600,0.000000
2023-10-10 00:00:00,105.772700,105.772700,105.772700,105.772700,0.000000
2023-10-11 00:00:00,105.713700,105.713700,105.713700,105.713700,0.000000
2023-10-12 00:00:00,106.580400,106.580400,106.580400,106.580400,0.000000
2023-10-13 00:00:00,106.676700,106.676700,106.676700,106.676700,0.000000
2023-10-16 00:00:00,106.195700,106.195700,106.195700,106.195700,0.000000
2023-10-17 00:00:00,106.188200,106.188200,106.188200,106.188200,0.000000
2023-10-18 00:00:00,106.568300,106.568300,106.568300,106.568300,0.000000
2023-10-19 00:00:00,106.230500,106.230500,106.230500,106.230500,0.000000
2023-10-20 00:00:00,106.155400,106.155400,106.155400,106.155400,0.000000
2023-10-23 00:00:00,105.597700,105.597700,105.597700,105.597700,0.000000
2023-10-24 00:00:00,106.268300,106.268300,106.268300,106.268300,0.000000
2023-10-25 00:00:00,106.557900,106.557900,106.557900,106.557900,0.000000
2023-10-26 00:00:00,106.622700,106.622700,106.622700,106.622700,0.000000
2023-10-27 00:00:00,106.579000,106.579000,106.579000,106.579000,0.000000
2023-10-30 00:00:00,106.136900,106.136900,106.136900,106.136900,0.000000
2023-10-31 00:00:00,106.722700,106.722700,106.722700,106.722700,0.000000
2023-11-01 00:00:00,106.660000,106.660000,106.660000,106.660000,0.000000
2023-11-02 00:00:00,106.139900,106.139900,106.139900,106.139900,0.000000
2023-11-03 00:00:00,105.054100,105.054100,105.054100,105.054100,0.000000
2023-11-06 00:00:00,105.284300,105.284300,105.284300,105.284300,0.000000
2023-11-07 00:00:00,105.511800,105.511800,105.511800,105.511800,0.000000
2023-11-08 00:00:00,105.532100,105.532100,105.532100,105.532100,0.000000
2023-11-09 00:00:00,105.920100,105.920100,105.920100,105.920100,0.000000
2023-11-10 00:00:00,105.810200,105.810200,105.810200,105.810200,0.000000
2023-11-13 00:00:00,105.670300,105.670300,105.670300,105.670300,0.000000
2023-11-14 00:00:00,104.076500,104.076500,104.076500,104.076500,0.000000
2023-11-15 00:00:00,104.400500,104.400500,104.400500,104.400500,0.000000
2023-11-16 00:00:00,104.375700,104.375700,104.375700,104.375700,0.000000
2023-11-17 00:00:00,103.821800,103.821800,103.821800,103.821800,0.000000
2023-11-20 00:00:00,103.489200,103.489200,103.489200,103.489200,0.000000
2023-11-21 00:00:00,103.609200,103.609200,103.609200,103.609200,0.000000
2023-11-22 00:00:00,103.873100,103.873100,103.873100,103.873100,0.000000
2023-11-23 00:00:00,103.760900,103.760900,103.760900,103.760900,0.000000
2023-11-24 00:00:00,103.435900,103.435900,103.435900,103.435900,0.000000
2023-11-27 00:00:00,103.216300,103.216300,103.216300,103.216300,0.000000
2023-11-28 00:00:00,102.730900,102.730900,102.730900,102.730900,0.000000
2023-11-29 00:00:00,102.861800,102.861800,102.861800,102.861800,0.000000
2023-11-30 00:00:00,103.506400,103.506400,103.506400,103.506400,0.000000
2023-12-01 00:00:00,103.195200,103.195200,103.195200,103.195200,0.000000
2023-12-04 00:00:00,103.635400,103.635400,103.635400,103.635400,0.000000
2023-12-05 00:00:00,103.947400,103.947400,103.947400,103.947400,0.000000
2023-12-06 00:00:00,104.177900,104.177900,104.177900,104.177900,0.000000
2023-12-07 00:00:00,103.646700,103.646700,103.646700,103.646700,0.000000
2023-12-08 00:00:00,103.998000,103.998000,103.998000,103.998000,0.000000
2023-12-11 00:00:00,104.081100,104.081100,104.081100,104.081100,0.000000
2023-12-12 00:00:00,103.812300,103.812300,103.812300,103.812300,0.000000
2023-12-13 00:00:00,102.946800,102.946800,102.946800,102.946800,0.000000
2023-12-14 00:00:00,101.951300,101.951300,101.951300,101.951300,0.000000
2023-12-15 00:00:00,102.593600,102.593600,102.593600,102.593600,0.000000
2023-12-18 00:00:00,102.502300,102.502300,102.502300,102.502300,0.000000
2023-12-19 00:00:00,102.123400,102.123400,102.123400,102.123400,0.000000
2023-12-20 00:00:00,102.426800,102.426800,102.426800,102.426800,0.000000
2023-12-21 00:00:00,101.746800,101.746800,101.746800,101.746800,0.000000
2023-12-22 00:00:00,101.703100,101.703100,101.703100,101.703100,0.000000
2023-12-25 00:00:00,101.702700,101.702700,101.702700,101.702700,0.000000
2023-12-26 00:00:00,101.459500,101.459500,101.459500,101.459500,0.000000
2023-12-27 00:00:00,100.943800,100.943800,100.943800,100.943800,0.000000
2023-12-28 00:00:00,101.241800,101.241800,101.241800,101.241800,0.000000
2023-12-29 00:00:00,101.377800,101.377800,101.377800,101.377800,0.000000
2024-01-01 00:00:00,101.322000,101.322000,101.322000,101.322000,0.000000
2024-01-02 00:00:00,102.246000,102.246000,102.246000,102.246000,0.000000
2024-01-03 00:00:00,102.469100,102.469100,102.469100,102.469100,0.000000
2024-01-04 00:00:00,102.425300,102.425300,102.425300,102.425300,0.000000
2024-01-05 00:00:00,102.439500,102.439500,102.439500,102.439500,0.000000
2024-01-08 00:00:00,102.290300,102.290300,102.290300,102.290300,0.000000
2024-01-09 00:00:00,102.512500,102.512500,102.512500,102.512500,0.000000
2024-01-10 00:00:00,102.352900,102.352900,102.352900,102.352900,0.000000
2024-01-11 00:00:00,102.310000,102.310000,102.310000,102.310000,0.000000
2024-01-12 00:00:00,102.440300,102.440300,102.440300,102.440300,0.000000
2024-01-15 00:00:00,102.591200,102.591200,102.591200,102.591200,0.000000
2024-01-16 00:00:00,103.336000,103.336000,103.336000,103.336000,0.000000
2024-01-17 00:00:00,103.372800,103.372800,103.372800,103.372800,0.000000
2024-01-18 00:00:00,103.404800,103.404800,103.404800,103.404800,0.000000
2024-01-19 00:00:00,103.231700,103.231700,103.231700,103.231700,0.000000
2024-01-22 00:00:00,103.346600,103.346600,103.346600,103.346600,0.000000
2024-01-23 00:00:00,103.549100,103.549100,103.549100,103.549100,0.000000
2024-01-24 00:00:00,103.258300,103.258300,103.258300,103.258300,0.000000
2024-01-25 00:00:00,103.483900,103.483900,103.483900,103.483900,0.000000
2024-01-26 00:00:00,103.474400,103.474400,103.474400,103.474400,0.000000
2024-01-29 00:00:00,103.468000,103.468000,103.468000,103.468000,0.000000
2024-01-30 00:00:00,103.396900,103.396900,103.396900,103.396900,0.000000
2024-01-31 00:00:00,103.523500,103.523500,103.523500,103.523500,0.000000
2024-02-01 00:00:00,103.062900,103.062900,103.062900,103.062900,0.000000
2024-02-02 00:00:00,103.965500,103.965500,103.965500,103.965500,0.000000
2024-02-05 00:00:00,104.455700,104.455700,104.455700,104.455700,0.000000
2024-02-06 00:00:00,104.176400,104.176400,104.176400,104.176400,0.000000
2024-02-07 00:00:00,104.049900,104.049900,104.049900,104.049900,0.000000
2024-02-08 00:00:00,104.140500,104.140500,104.140500,104.140500,0.000000
2024-02-09 00:00:00,104.073600,104.073600,104.073600,104.073600,0.000000
2024-02-12 00:00:00,104.144600,104.144600,104.144600,104.144600,0.000000
2024-02-13 00:00:00,104.864600,104.864600,104.864600,104.864600,0.000000
2024-02-14 00:00:00,104.725200,104.725200,104.725200,104.725200,0.000000
2024-02-15 00:00:00,104.265200,104.265200,104.265200,104.265200,0.000000
2024-02-16 00:00:00,104.276600,104.276600,104.276600,104.276600,0.000000
2024-02-19 00:00:00,104.252500,104.252500,104.252500,104.252500,0.000000
2024-02-20 00:00:00,104.059900,104.059900,104.059900,104.059900,0.000000
2024-02-21 00:00:00,103.986000,103.986000,103.986000,103.986000,0.000000
2024-02-22 00:00:00,103.940600,103.940600,103.940600,103.940600,0.000000
2024-02-23 00:00:00,103.973800,103.973800,103.973800,103.973800,0.000000
2024-02-26 00:00:00,103.777700,103.777700,103.777700,103.777700,0.000000
2024-02-27 00:00:00,103.811600,103.811600,103.811600,103.811600,0.000000
2024-02-28 00:00:00,103.936500,103.936500,103.936500,103.936500,0.000000
2024-02-29 00:00:00,104.135900,104.135900,104.135900,104.135900,0.000000
2024-03-01 00:00:00,103.884900,103.884900,103.884900,103.884900,0.000000
2024-03-04 00:00:00,103.834300,103.834300,103.834300,103.834300,0.000000
2024-03-05 00:00:00,103.783000,103.783000,103.783000,103.783000,0.000000
2024-03-06 00:00:00,103.367000,103.367000,103.367000,103.367000,0.000000
2024-03-07 00:00:00,102.805800,102.805800,102.805800,102.805800,0.000000
2024-03-08 00:00:00,102.742000,102.742000,102.742000,102.742000,0.000000
2024-03-11 00:00:00,102.844500,102.844500,102.844500,102.844500,0.000000
2024-03-12 00:00:00,102.932100,102.932100,102.932100,102.932100,0.000000
2024-03-13 00:00:00,102.811900,102.811900,102.811900,102.811900,0.000000
2024-03-14 00:00:00,103.367200,103.367200,103.367200,103.367200,0.000000
2024-03-15 00:00:00,103.453100,103.453100,103.453100,103.453100,0.000000
2024-03-18 00:00:00,103.587300,103.587300,103.587300,103.587300,0.000000
2024-03-19 00:00:00,103.814200,103.814200,103.814200,103.814200,0.000000
2024-03-20 00:00:00,103.402300,103.402300,103.402300,103.402300,0.000000
2024-03-21 00:00:00,104.007400,104.007400,104.007400,104.007400,0.000000
2024-03-22 00:00:00,104.433200,104.433200,104.433200,104.433200,0.000000
2024-03-25 00:00:00,104.226800,104.226800,104.226800,104.226800,0.000000
2024-03-26 00:00:00,104.307600,104.307600,104.307600,104.307600,0.000000
2024-03-27 00:00:00,104.287700,104.287700,104.287700,104.287700,0.000000
2024-03-28 00:00:00,104.539000,104.539000,104.539000,104.539000,0.000000
2024-03-29 00:00:00,104.507000,104.507000,104.507000,104.507000,0.000000
2024-04-01 00:00:00,104.959500,104.959500,104.959500,104.959500,0.000000
2024-04-02 00:00:00,104.773000,104.773000,104.773000,104.773000,0.000000
2024-04-03 00:00:00,104.244200,104.244200,104.244200,104.244200,0.000000
2024-04-04 00:00:00,104.223900,104.223900,104.223900,104.223900,0.000000
2024-04-05 00:00:00,104.296800,104.296800,104.296800,104.296800,0.000000
2024-04-08 00:00:00,104.142600,104.142600,104.142600,104.142600,0.000000
2024-04-09 00:00:00,104.111900,104.111900,104.111900,104.111900,0.000000
2024-04-10 00:00:00,105.197500,105.197500,105.197500,105.197500,0.000000
2024-04-11 00:00:00,105.283900,105.283900,105.283900,105.283900,0.000000
2024-04-12 00:00:00,106.022800,106.022800,106.022800,106.022800,0.000000
2024-04-15 00:00:00,106.206100,106.206100,106.206100,106.206100,0.000000
2024-04-16 00:00:00,106.367100,106.367100,106.367100,106.367100,0.000000
2024-04-17 00:00:00,105.942600,105.942600,105.942600,105.942600,0.000000
2024-04-18 00:00:00,106.167500,106.167500,106.167500,106.167500,0.000000
2024-04-19 00:00:00,106.114900,106.114900,106.114900,106.114900,0.000000
2024-04-22 00:00:00,106.130000,106.130000,106.130000,106.130000,0.000000
2024-04-23 00:00:00,105.699800,105.699800,105.699800,105.699800,0.000000
2024-04-24 00:00:00,105.816000,105.816000,105.816000,105.816000,0.000000
2024-04-25 00:00:00,105.575900,105.575900,105.575900,105.575900,0.000000
2024-04-26 00:00:00,106.090200,106.090200,106.090200,106.090200,0.000000
2024-04-29 00:00:00,105.651500,105.651500,105.651500,105.651500,0.000000
2024-04-30 00:00:00,106.336900,106.336900,106.336900,106.336900,0.000000
2024-05-01 00:00:00,105.654200,105.654200,105.654200,105.654200,0.000000
2024-05-02 00:00:00,105.384800,105.384800,105.384800,105.384800,0.000000
2024-05-03 00:00:00,105.085100,105.085100,105.085100,105.085100,0.000000
2024-05-06 00:00:00,105.092700,105.092700,105.092700,105.092700,0.000000
2024-05-07 00:00:00,105.388600,105.388600,105.388600,105.388600,0.000000
2024-05-08 00:00:00,105.507900,105.507900,105.507900,105.507900,0.000000
2024-05-09 00:00:00,105.224200,105.224200,105.224200,105.224200,0.000000
2024-05-10 00:00:00,105.327700,105.327700,105.327700,105.327700,0.000000
2024-05-13 00:00:00,105.215400,105.215400,105.215400,105.215400,0.000000
2024-05-14 00:00:00,104.998900,104.998900,104.998900,104.998900,0.000000
2024-05-15 00:00:00,104.301500,104.301500,104.301500,104.301500,0.000000
2024-05-16 00:00:00,104.505200,104.505200,104.505200,104.505200,0.000000
2024-05-17 00:00:00,104.493200,104.493200,104.493200,104.493200,0.000000
2024-05-20 00:00:00,104.618400,104.618400,104.618400,104.618400,0.000000
2024-05-21 00:00:00,104.651400,104.651400,104.651400,104.651400,0.000000
2024-05-22 00:00:00,104.932100,104.932100,104.932100,104.932100,0.000000
2024-05-23 00:00:00,105.027400,105.027400,105.027400,105.027400,0.000000
2024-05-24 00:00:00,104.742100,104.742100,104.742100,104.742100,0.000000
2024-05-27 00:00:00,104.590800,104.590800,104.590800,104.590800,0.000000
2024-05-28 00:00:00,104.624200,104.624200,104.624200,104.624200,0.000000
2024-05-29 00:00:00,105.129300,105.129300,105.129300,105.129300,0.000000
2024-05-30 00:00:00,104.748900,104.748900,104.748900,104.748900,0.000000
2024-05-31 00:00:00,104.631800,104.631800,104.631800,104.631800,0.000000
2024-06-03 00:00:00,104.060800,104.060800,104.060800,104.060800,0.000000
2024-06-04 00:00:00,104.151800,104.151800,104.151800,104.151800,0.000000
2024-06-05 00:00:00,104.316300,104.316300,104.316300,104.316300,0.000000
2024-06-06 00:00:00,104.116800,104.116800,104.116800,104.116800,0.000000
2024-06-07 00:00:00,104.939500,104.939500,104.939500,104.939500,0.000000
2024-06-10 00:00:00,105.125000,105.125000,105.125000,105.125000,0.000000
2024-06-11 00:00:00,105.270600,105.270600,105.270600,105.270600,0.000000
2024-06-12 00:00:00,104.708100,104.708100,104.708100,104.708100,0.000000
2024-06-13 00:00:00,105.230200,105.230200,105.230200,105.230200,0.000000
2024-06-14 00:00:00,105.526700,105.526700,105.526700,105.526700,0.000000
2024-06-17 00:00:00,105.328700,105.328700,105.328700,105.328700,0.000000
2024-06-18 00:00:00,105.266600,105.266600,105.266600,105.266600,0.000000
2024-06-19 00:00:00,105.252000,105.252000,105.252000,105.252000,0.000000
2024-06-20 00:00:00,105.663700,105.663700,105.663700,105.663700,0.000000
2024-06-21 00:00:00,105.825100,105.825100,105.825100,105.825100,0.000000
2024-06-24 00:00:00,105.487400,105.487400,105.487400,105.487400,0.000000
2024-06-25 00:00:00,105.627100,105.627100,105.627100,105.627100,0.000000
2024-06-26 00:00:00,106.054500,106.054500,106.054500,106.054500,0.000000
2024-06-27 00:00:00,105.930400,105.930400,105.930400,105.930400,0.000000
2024-06-28 00:00:00,105.842700,105.842700,105.842700,105.842700,0.000000
2024-07-01 00:00:00,105.810900,105.810900,105.810900,105.810900,0.000000
2024-07-02 00:00:00,105.690700,105.690700,105.690700,105.690700,0.000000
2024-07-03 00:00:00,105.353400,105.353400,105.353400,105.353400,0.000000
2024-07-04 00:00:00,105.151700,105.151700,105.151700,105.151700,0.000000
2024-07-05 00:00:00,104.868900,104.868900,104.868900,104.868900,0.000000
2024-07-08 00:00:00,105.020300,105.020300,105.020300,105.020300,0.000000
2024-07-09 00:00:00,105.127900,105.127900,105.127900,105.127900,0.000000
2024-07-10 00:00:00,105.002300,105.002300,105.002300,105.002300,0.000000
2024-07-11 00:00:00,104.448800,104.448800,104.448800,104.448800,0.000000
2024-07-12 00:00:00,104.099700,104.099700,104.099700,104.099700,0.000000
2024-07-15 00:00:00,104.263300,104.263300,104.263300,104.263300,0.000000
2024-07-16 00:00:00,104.228300,104.228300,104.228300,104.228300,0.000000
2024-07-17 00:00:00,103.726100,103.726100,103.726100,103.726100,0.000000
2024-07-18 00:00:00,104.194700,104.194700,104.194700,104.194700,0.000000
2024-07-19 00:00:00,104.365400,104.365400,104.365400,104.365400,0.000000
2024-07-22 00:00:00,104.294100,104.294100,104.294100,104.294100,0.000000
2024-07-23 00:00:00,104.437900,104.437900,104.437900,104.437900,0.000000
2024-07-24 00:00:00,104.356000,104.356000,104.356000,104.356000,0.000000
2024-07-25 00:00:00,104.405300,104.405300,104.405300,104.405300,0.000000
2024-07-26 00:00:00,104.323300,104.323300,104.323300,104.323300,0.000000
2024-07-29 00:00:00,104.574400,104.574400,104.574400,104.574400,0.000000
2024-07-30 00:00:00,104.469000,104.469000,104.469000,104.469000,0.000000
2024-07-31 00:00:00,104.057400,104.057400,104.057400,104.057400,0.000000
2024-08-01 00:00:00,104.340200,104.340200,104.340200,104.340200,0.000000
2024-08-02 00:00:00,103.229500,103.229500,103.229500,103.229500,0.000000
2024-08-05 00:00:00,102.726600,102.726600,102.726600,102.726600,0.000000
2024-08-06 00:00:00,102.894300,102.894300,102.894300,102.894300,0.000000
2024-08-07 00:00:00,103.182000,103.182000,103.182000,103.182000,0.000000
2024-08-08 00:00:00,103.218900,103.218900,103.218900,103.218900,0.000000
2024-08-09 00:00:00,103.151800,103.151800,103.151800,103.151800,0.000000
2024-08-12 00:00:00,103.130700,103.130700,103.130700,103.130700,0.000000
2024-08-13 00:00:00,102.614100,102.614100,102.614100,102.614100,0.000000
2024-08-14 00:00:00,102.605300,102.605300,102.605300,102.605300,0.000000
2024-08-15 00:00:00,103.051700,103.051700,103.051700,103.051700,0.000000
2024-08-16 00:00:00,102.404000,102.404000,102.404000,102.404000,0.000000
2024-08-19 00:00:00,101.857800,101.857800,101.857800,101.857800,0.000000
2024-08-20 00:00:00,101.367700,101.367700,101.367700,101.367700,0.000000
2024-08-21 00:00:00,101.175600,101.175600,101.175600,101.175600,0.000000
2024-08-22 00:00:00,101.514900,101.514900,101.514900,101.514900,0.000000
2024-08-23 00:00:00,100.682400,100.682400,100.682400,100.682400,0.000000
2024-08-26 00:00:00,100.878300,100.878300,100.878300,100.878300,0.000000
2024-08-27 00:00:00,100.554900,100.554900,100.554900,100.554900,0.000000
2024-08-28 00:00:00,101.063100,101.063100,101.063100,101.063100,0.000000
2024-08-29 00:00:00,101.379600,101.379600,101.379600,101.379600,0.000000
2024-08-30 00:00:00,101.732000,101.732000,101.732000,101.732000,0.000000
2024-09-02 00:00:00,101.645200,101.645200,101.645200,101.645200,0.000000
2024-09-03 00:00:00,101.751200,101.751200,101.751200,101.751200,0.000000
2024-09-04 00:00:00,101.286400,101.286400,101.286400,101.286400,0.000000
2024-09-05 00:00:00,101.060000,101.060000,101.060000,101.060000,0.000000
2024-09-06 00:00:00,101.183000,101.183000,101.183000,101.183000,0.000000
2024-09-09 00:00:00,101.644800,101.644800,101.644800,101.644800,0.000000
2024-09-10 00:00:00,101.671200,101.671200,101.671200,101.671200,0.000000
2024-09-11 00:00:00,101.741400,101.741400,101.741400,101.741400,0.000000
2024-09-12 00:00:00,101.242000,101.242000,101.242000,101.242000,0.000000
2024-09-13 00:00:00,101.111000,101.111000,101.111000,101.111000,0.000000
2024-09-16 00:00:00,100.662500,100.662500,100.662500,100.662500,0.000000
2024-09-17 00:00:00,101.018600,101.018600,101.018600,101.018600,0.000000
2024-09-18 00:00:00,100.942000,100.942000,100.942000,100.942000,0.000000
2024-09-19 00:00:00,100.637700,100.637700,100.637700,100.637700,0.000000
2024-09-20 00:00:00,100.733500,100.733500,100.733500,100.733500,0.000000
2024-09-23 00:00:00,100.938300,100.938300,100.938300,100.938300,0.000000
2024-09-24 00:00:00,100.352700,100.352700,100.352700,100.352700,0.000000
2024-09-25 00:00:00,100.925200,100.925200,100.925200,100.925200,0.000000
2024-09-26 00:00:00,100.557600,100.557600,100.557600,100.557600,0.000000
2024-09-27 00:00:00,100.419900,100.419900,100.419900,100.419900,0.000000
2024-09-30 00:00:00,100.760400,100.760400,100.760400,100.760400,0.000000
2024-10-01 00:00:00,101.206300,101.206300,101.206300,101.206300,0.000000
2024-10-02 00:00:00,101.637500,101.637500,101.637500,101.637500,0.000000
2024-10-03 00:00:00,101.966300,101.966300,101.966300,101.966300,0.000000
2024-10-04 00:00:00,102.493000,102.493000,102.493000,102.493000,0.000000
2024-10-07 00:00:00,102.485300,102.485300,102.485300,102.485300,0.000000
2024-10-08 00:00:00,102.461900,102.461900,102.461900,102.461900,0.000000
2024-10-09 00:00:00,102.900800,102.900800,102.900800,102.900800,0.000000
2024-10-10 00:00:00,102.852900,102.852900,102.852900,102.852900,0.000000
2024-10-11 00:00:00,102.925400,102.925400,102.925400,102.925400,0.000000
2024-10-14 00:00:00,103.195300,103.195300,103.195300,103.195300,0.000000
2024-10-15 00:00:00,103.211200,103.211200,103.211200,103.211200,0.000000
2024-10-16 00:00:00,103.521800,103.521800,103.521800,103.521800,0.000000
2024-10-17 00:00:00,103.775200,103.775200,103.775200,103.775200,0.000000
2024-10-18 00:00:00,103.461500,103.461500,103.461500,103.461500,0.000000
2024-10-21 00:00:00,103.986600,103.986600,103.986600,103.986600,0.000000
2024-10-22 00:00:00,104.076600,104.076600,104.076600,104.076600,0.000000
2024-10-23 00:00:00,104.424000,104.424000,104.424000,104.424000,0.000000
2024-10-24 00:00:00,104.025500,104.025500,104.025500,104.025500,0.000000
2024-10-25 00:00:00,104.315300,104.315300,104.315300,104.315300,0.000000
2024-10-28 00:00:00,104.312200,104.312200,104.312200,104.312200,0.000000
2024-10-29 00:00:00,104.264800,104.264800,104.264800,104.264800,0.000000
2024-10-30 00:00:00,104.121500,104.121500,104.121500,104.121500,0.000000
2024-10-31 00:00:00,103.893900,103.893900,103.893900,103.893900,0.000000
2024-11-01 00:00:00,104.322800,104.322800,104.322800,104.322800,0.000000
2024-11-04 00:00:00,103.897100,103.897100,103.897100,103.897100,0.000000
2024-11-05 00:00:00,103.409700,103.409700,103.409700,103.409700,0.000000
2024-11-06 00:00:00,105.154800,105.154800,105.154800,105.154800,0.000000
2024-11-07 00:00:00,104.338900,104.338900,104.338900,104.338900,0.000000
2024-11-08 00:00:00,104.952100,104.952100,104.952100,104.952100,0.000000
2024-11-11 00:00:00,105.506900,105.506900,105.506900,105.506900,0.000000
2024-11-12 00:00:00,105.934300,105.934300,105.934300,105.934300,0.000000
2024-11-13 00:00:00,106.483900,106.483900,106.483900,106.483900,0.000000
2024-11-14 00:00:00,106.868200,106.868200,106.868200,106.868200,0.000000
2024-11-15 00:00:00,106.684200,106.684200,106.684200,106.684200,0.000000
2024-11-18 00:00:00,106.214900,106.214900,106.214900,106.214900,0.000000
2024-11-19 00:00:00,106.176500,106.176500,106.176500,106.176500,0.000000
2024-11-20 00:00:00,106.647500,106.647500,106.647500,106.647500,0.000000
2024-11-21 00:00:00,107.063100,107.063100,107.063100,107.063100,0.000000
2024-11-22 00:00:00,107.491100,107.491100,107.491100,107.491100,0.000000
2024-11-25 00:00:00,106.894200,106.894200,106.894200,106.894200,0.000000
2024-11-26 00:00:00,106.884300,106.884300,106.884300,106.884300,0.000000
2024-11-27 00:00:00,106.056000,106.056000,106.056000,106.056000,0.000000
2024-11-28 00:00:00,106.169300,106.169300,106.169300,106.169300,0.000000
2024-11-29 00:00:00,105.776100,105.776100,105.776100,105.776100,0.000000
2024-12-02 00:00:00,106.402600,106.402600,106.402600,106.402600,0.000000
2024-12-03 00:00:00,106.339700,106.339700,106.339700,106.339700,0.000000
2024-12-04 00:00:00,106.366500,106.366500,106.366500,106.366500,0.000000
2024-12-05 00:00:00,105.722200,105.722200,105.722200,105.722200,0.000000
2024-12-06 00:00:00,105.970200,105.970200,105.970200,105.970200,0.000000
2024-12-09 00:00:00,106.157100,106.157100,106.157100,106.157100,0.000000
2024-12-10 00:00:00,106.411000,106.411000,106.411000,106.411000,0.000000
2024-12-11 00:00:00,106.655900,106.655900,106.655900,106.655900,0.000000
2024-12-12 00:00:00,107.017000,107.017000,107.017000,107.017000,0.000000
2024-12-13 00:00:00,106.942800,106.942800,106.942800,106.942800,0.000000
2024-12-16 00:00:00,106.861600,106.861600,106.861600,106.861600,0.000000
2024-12-17 00:00:00,106.947300,106.947300,106.947300,106.947300,0.000000
2024-12-18 00:00:00,108.262100,108.262100,108.262100,108.262100,0.000000
2024-12-19 00:00:00,108.415700,108.415700,108.415700,108.415700,0.000000
2024-12-20 00:00:00,107.840800,107.840800,107.840800,107.840800,0.000000
2024-12-23 00:00:00,108.082500,108.082500,108.082500,108.082500,0.000000
2024-12-24 00:00:00,108.111800,108.111800,108.111800,108.111800,0.000000
2024-12-25 00:00:00,108.097500,108.097500,108.097500,108.097500,0.000000
2024-12-26 00:00:00,108.094900,108.094900,108.094900,108.094900,0.000000
2024-12-27 00:00:00,108.015100,108.015100,108.015100,108.015100,0.000000
2024-12-30 00:00:00,108.035100,108.035100,108.035100,108.035100,0.000000
2024-12-31 00:00:00,108.481600,108.481600,108.481600,108.481600,0.000000
2025-01-01 00:00:00,108.489200,108.489200,108.489200,108.489200,0.000000
2025-01-02 00:00:00,109.241100,109.241100,109.241100,109.241100,0.000000
2025-01-03 00:00:00,108.921200,108.921200,108.921200,108.921200,0.000000
2025-01-06 00:00:00,108.241300,108.241300,108.241300,108.241300,0.000000
2025-01-07 00:00:00,108.703800,108.703800,108.703800,108.703800,0.000000
2025-01-08 00:00:00,108.995900,108.995900,108.995900,108.995900,0.000000
2025-01-09 00:00:00,109.176600,109.176600,109.176600,109.176600,0.000000
2025-01-10 00:00:00,109.656700,109.656700,109.656700,109.656700,0.000000
2025-01-13 00:00:00,109.620800,109.620800,109.620800,109.620800,0.000000
2025-01-14 00:00:00,109.182500,109.182500,109.182500,109.182500,0.000000
2025-01-15 00:00:00,109.107300,109.107300,109.107300,109.107300,0.000000
2025-01-16 00:00:00,108.941400,108.941400,108.941400,108.941400,0.000000
2025-01-17 00:00:00,109.379200,109.379200,109.379200,109.379200,0.000000
2025-01-20 00:00:00,108.074400,108.074400,108.074400,108.074400,0.000000
2025-01-21 00:00:00,107.969600,107.969600,107.969600,107.969600,0.000000
2025-01-22 00:00:00,108.252500,108.252500,108.252500,108.252500,0.000000
2025-01-23 00:00:00,108.147200,108.147200,108.147200,108.147200,0.000000
2025-01-24 00:00:00,107.480400,107.480400,107.480400,107.480400,0.000000
2025-01-27 00:00:00,107.332700,107.332700,107.332700,107.332700,0.000000
2025-01-28 00:00:00,107.901000,107.901000,107.901000,107.901000,0.000000
2025-01-29 00:00:00,107.955500,107.955500,107.955500,107.955500,0.000000
2025-01-30 00:00:00,108.150500,108.150500,108.150500,108.150500,0.000000
2025-01-31 00:00:00,108.516000,108.516000,108.516000,108.516000,0.000000
2025-02-03 00:00:00,108.427400,108.427400,108.427400,108.427400,0.000000
2025-02-04 00:00:00,107.998400,107.998400,107.998400,107.998400,0.000000
2025-02-05 00:00:00,107.618800,107.618800,107.618800,107.618800,0.000000
2025-02-06 00:00:00,107.704700,107.704700,107.704700,107.704700,0.000000
2025-02-07 00:00:00,108.100100,108.100100,108.100100,108.100100,0.000000
2025-02-10 00:00:00,108.332000,108.332000,108.332000,108.332000,0.000000
2025-02-11 00:00:00,107.924800,107.924800,107.924800,107.924800,0.000000
2025-02-12 00:00:00,108.010000,108.010000,108.010000,108.010000,0.000000
2025-02-13 00:00:00,107.055900,107.055900,107.055900,107.055900,0.000000
2025-02-14 00:00:00,106.803700,106.803700,106.803700,106.803700,0.000000
2025-02-17 00:00:00,106.729600,106.729600,106.729600,106.729600,0.000000
2025-02-18 00:00:00,107.055300,107.055300,107.055300,107.055300,0.000000
2025-02-19 00:00:00,107.198100,107.198100,107.198100,107.198100,0.000000
2025-02-20 00:00:00,106.353800,106.353800,106.353800,106.353800,0.000000
2025-02-21 00:00:00,106.650100,106.650100,106.650100,106.650100,0.000000
2025-02-24 00:00:00,106.670100,106.670100,106.670100,106.670100,0.000000
2025-02-25 00:00:00,106.282100,106.282100,106.282100,106.282100,0.000000
2025-02-26 00:00:00,106.498700,106.498700,106.498700,106.498700,0.000000
2025-02-27 00:00:00,107.286600,107.286600,107.286600,107.286600,0.000000
2025-02-28 00:00:00,107.564400,107.564400,107.564400,107.564400,0.000000
2025-03-03 00:00:00,106.534500,106.534500,106.534500,106.534500,0.000000
2025-03-04 00:00:00,105.537200,105.537200,105.537200,105.537200,0.000000
2025-03-05 00:00:00,104.321800,104.321800,104.321800,104.321800,0.000000
2025-03-06 00:00:00,104.205500,104.205500,104.205500,104.205500,0.000000
2025-03-07 00:00:00,103.894500,103.894500,103.894500,103.894500,0.000000
2025-03-10 00:00:00,103.925000,103.925000,103.925000,103.925000,0.000000
2025-03-11 00:00:00,103.385500,103.385500,103.385500,103.385500,0.000000
2025-03-12 00:00:00,103.587200,103.587200,103.587200,103.587200,0.000000
2025-03-13 00:00:00,103.836300,103.836300,103.836300,103.836300,0.000000
2025-03-14 00:00:00,103.736300,103.736300,103.736300,103.736300,0.000000
2025-03-17 00:00:00,103.398600,103.398600,103.398600,103.398600,0.000000
2025-03-18 00:00:00,103.253700,103.253700,103.253700,103.253700,0.000000
2025-03-19 00:00:00,103.462900,103.462900,103.462900,103.462900,0.000000
2025-03-20 00:00:00,103.817000,103.817000,103.817000,103.817000,0.000000
2025-03-21 00:00:00,104.154000,104.154000,104.154000,104.154000,0.000000
2025-03-24 00:00:00,104.306800,104.306800,104.306800,104.306800,0.000000
2025-03-25 00:00:00,104.209900,104.209900,104.209900,104.209900,0.000000
2025-03-26 00:00:00,104.558600,104.558600,104.558600,104.558600,0.000000
2025-03-27 00:00:00,104.259700,104.259700,104.259700,104.259700,0.000000
2025-03-28 00:00:00,104.033600,104.033600,104.033600,104.033600,0.000000
2025-03-31 00:00:00,104.192100,104.192100,104.192100,104.192100,0.000000
2025-04-01 00:00:00,104.226300,104.226300,104.226300,104.226300,0.000000
2025-04-02 00:00:00,103.660800,103.660800,103.660800,103.660800,0.000000
2025-04-03 00:00:00,101.945100,101.945100,101.945100,101.945100,0.000000
2025-04-04 00:00:00,102.918900,102.918900,102.918900,102.918900,0.000000
2025-04-07 00:00:00,103.501000,103.501000,103.501000,103.501000,0.000000
2025-04-08 00:00:00,102.956000,102.956000,102.956000,102.956000,0.000000
2025-04-09 00:00:00,102.971000,102.971000,102.971000,102.971000,0.000000
2025-04-10 00:00:00,100.937400,100.937400,100.937400,100.937400,0.000000
2025-04-11 00:00:00,99.769000,99.769000,99.769000,99.769000,0.000000
2025-04-14 00:00:00,99.692000,99.692000,99.692000,99.692000,0.000000
2025-04-15 00:00:00,100.167000,100.167000,100.167000,100.167000,0.000000
2025-04-16 00:00:00,99.266700,99.266700,99.266700,99.266700,0.000000
2025-04-17 00:00:00,99.424000,99.424000,99.424000,99.424000,0.000000
2025-04-18 00:00:00,99.228600,99.228600,99.228600,99.228600,0.000000
2025-04-21 00:00:00,98.351800,98.351800,98.351800,98.351800,0.000000
2025-04-22 00:00:00,98.975700,98.975700,98.975700,98.975700,0.000000
2025-04-23 00:00:00,99.909600,99.909600,99.909600,99.909600,0.000000
2025-04-24 00:00:00,99.288000,99.288000,99.288000,99.288000,0.000000
2025-04-25 00:00:00,99.583600,99.583600,99.583600,99.583600,0.000000
2025-04-28 00:00:00,98.935700,98.935700,98.935700,98.935700,0.000000
2025-04-29 00:00:00,99.210000,99.210000,99.210000,99.210000,0.000000
2025-04-30 00:00:00,99.640300,99.640300,99.640300,99.640300,0.000000
2025-05-01 00:00:00,100.186600,100.186600,100.186600,100.186600,0.000000
2025-05-02 00:00:00,100.042400,100.042400,100.042400,100.042400,0.000000
2025-05-05 00:00:00,99.791100,99.791100,99.791100,99.791100,0.000000
2025-05-06 00:00:00,99.265400,99.265400,99.265400,99.265400,0.000000
2025-05-07 00:00:00,99.900600,99.900600,99.900600,99.900600,0.000000
2025-05-08 00:00:00,100.632500,100.632500,100.632500,100.632500,0.000000
2025-05-09 00:00:00,100.421800,100.421800,100.421800,100.421800,0.000000
2025-05-12 00:00:00,101.814000,101.814000,101.814000,101.814000,0.000000
2025-05-13 00:00:00,100.982700,100.982700,100.982700,100.982700,0.000000
2025-05-14 00:00:00,101.065500,101.065500,101.065500,101.065500,0.000000
2025-05-15 00:00:00,100.819600,100.819600,100.819600,100.819600,0.000000
2025-05-16 00:00:00,100.982800,100.982800,100.982800,100.982800,0.000000
2025-05-19 00:00:00,100.372600,100.372600,100.372600,100.372600,0.000000
2025-05-20 00:00:00,100.021900,100.021900,100.021900,100.021900,0.000000
2025-05-21 00:00:00,99.601400,99.601400,99.601400,99.601400,0.000000
2025-05-22 00:00:00,99.938800,99.938800,99.938800,99.938800,0.000000
2025-05-23 00:00:00,99.123100,99.123100,99.123100,99.123100,0.000000
2025-05-26 00:00:00,98.978700,98.978700,98.978700,98.978700,0.000000
2025-05-27 00:00:00,99.614700,99.614700,99.614700,99.614700,0.000000
2025-05-28 00:00:00,99.897800,99.897800,99.897800,99.897800,0.000000
2025-05-29 00:00:00,99.363300,99.363300,99.363300,99.363300,0.000000
2025-05-30 00:00:00,99.439300,99.439300,99.439300,99.439300,0.000000
2025-06-02 00:00:00,98.689300,98.689300,98.689300,98.689300,0.000000
2025-06-03 00:00:00,99.278100,99.278100,99.278100,99.278100,0.000000
2025-06-04 00:00:00,98.812800,98.812800,98.812800,98.812800,0.000000
2025-06-05 00:00:00,98.744400,98.744400,98.744400,98.744400,0.000000
2025-06-06 00:00:00,99.203100,99.203100,99.203100,99.203100,0.000000
2025-06-09 00:00:00,99.018700,99.018700,99.018700,99.018700,0.000000
2025-06-10 00:00:00,99.052200,99.052200,99.052200,99.052200,0.000000
2025-06-11 00:00:00,98.645400,98.645400,98.645400,98.645400,0.000000
2025-06-12 00:00:00,97.865500,97.865500,97.865500,97.865500,0.000000
2025-06-13 00:00:00,98.145000,98.145000,98.145000,98.145000,0.000000
2025-06-16 00:00:00,98.154800,98.154800,98.154800,98.154800,0.000000
2025-06-17 00:00:00,98.830400,98.830400,98.830400,98.830400,0.000000
2025-06-18 00:00:00,98.891100,98.891100,98.891100,98.891100,0.000000
2025-06-19 00:00:00,98.777300,98.777300,98.777300,98.777300,0.000000
2025-06-20 00:00:00,98.763900,98.763900,98.763900,98.763900,0.000000
2025-06-23 00:00:00,98.380100,98.380100,98.380100,98.380100,0.000000
2025-06-24 00:00:00,97.968100,97.968100,97.968100,97.968100,0.000000
2025-06-25 00:00:00,97.697700,97.697700,97.697700,97.697700,0.000000
2025-06-26 00:00:00,97.298500,97.298500,97.298500,97.298500,0.000000
2025-06-27 00:00:00,97.261200,97.261200,97.261200,97.261200,0.000000
2025-06-30 00:00:00,96.772300,96.772300,96.772300,96.772300,0.000000
2025-07-01 00:00:00,96.645100,96.645100,96.645100,96.645100,0.000000
2025-07-02 00:00:00,96.778800,96.778800,96.778800,96.778800,0.000000
2025-07-03 00:00:00,97.118500,97.118500,97.118500,97.118500,0.000000
2025-07-04 00:00:00,96.988000,96.988000,96.988000,96.988000,0.000000
2025-07-07 00:00:00,97.553700,97.553700,97.553700,97.553700,0.000000
2025-07-08 00:00:00,97.492100,97.492100,97.492100,97.492100,0.000000
2025-07-09 00:00:00,97.493100,97.493100,97.493100,97.493100,0.000000
2025-07-10 00:00:00,97.590400,97.590400,97.590400,97.590400,0.000000
2025-07-11 00:00:00,97.873100,97.873100,97.873100,97.873100,0.000000
2025-07-14 00:00:00,98.108200,98.108200,98.108200,98.108200,0.000000
2025-07-15 00:00:00,98.630600,98.630600,98.630600,98.630600,0.000000
2025-07-16 00:00:00,98.285900,98.285900,98.285900,98.285900,0.000000
2025-07-17 00:00:00,98.641900,98.641900,98.641900,98.641900,0.000000
2025-07-18 00:00:00,98.460000,98.460000,98.460000,98.460000,0.000000
2025-07-21 00:00:00,97.834200,97.834200,97.834200,97.834200,0.000000
2025-07-22 00:00:00,97.355000,97.355000,97.355000,97.355000,0.000000
2025-07-23 00:00:00,97.204800,97.204800,97.204800,97.204800,0.000000
2025-07-24 00:00:00,97.488400,97.488400,97.488400,97.488400,0.000000
2025-07-25 00:00:00,97.670100,97.670100,97.670100,97.670100,0.000000
2025-07-28 00:00:00,98.669400,98.669400,98.669400,98.669400,0.000000
2025-07-29 00:00:00,98.923400,98.923400,98.923400,98.923400,0.000000
2025-07-30 00:00:00,99.968400,99.968400,99.968400,99.968400,0.000000
2025-07-31 00:00:00,100.048900,100.048900,100.048900,100.048900,0.000000
2025-08-01 00:00:00,98.690000,98.690000,98.690000,98.690000,0.000000
2025-08-04 00:00:00,98.742700,98.742700,98.742700,98.742700,0.000000
2025-08-05 00:00:00,98.755900,98.755900,98.755900,98.755900,0.000000
2025-08-06 00:00:00,98.223000,98.223000,98.223000,98.223000,0.000000
2025-08-07 00:00:00,98.087200,98.087200,98.087200,98.087200,0.000000
2025-08-08 00:00:00,98.267000,98.267000,98.267000,98.267000,0.000000
2025-08-11 00:00:00,98.501300,98.501300,98.501300,98.501300,0.000000
2025-08-12 00:00:00,98.070700,98.070700,98.070700,98.070700,0.000000
2025-08-13 00:00:00,97.788400,97.788400,97.788400,97.788400,0.000000
2025-08-14 00:00:00,98.204100,98.204100,98.204100,98.204100,0.000000
2025-08-15 00:00:00,97.846700,97.846700,97.846700,97.846700,0.000000
2025-08-18 00:00:00,98.153500,98.153500,98.153500,98.153500,0.000000
2025-08-19 00:00:00,98.279000,98.279000,98.279000,98.279000,0.000000
2025-08-20 00:00:00,98.240600,98.240600,98.240600,98.240600,0.000000
2025-08-21 00:00:00,98.652600,98.652600,98.652600,98.652600,0.000000
2025-08-22 00:00:00,97.724400,97.724400,97.724400,97.724400,0.000000
2025-08-25 00:00:00,98.426200,98.426200,98.426200,98.426200,0.000000
2025-08-26 00:00:00,98.237500,98.237500,98.237500,98.237500,0.000000
2025-08-27 00:00:00,98.192600,98.192600,98.192600,98.192600,0.000000
2025-08-28 00:00:00,97.867900,97.867900,97.867900,97.867900,0.000000
2025-08-29 00:00:00,97.847700,97.847700,97.847700,97.847700,0.000000
2025-09-01 00:00:00,97.679300,97.679300,97.679300,97.679300,0.000000
2025-09-02 00:00:00,98.314700,98.314700,98.314700,98.314700,0.000000
2025-09-03 00:00:00,98.148500,98.148500,98.148500,98.148500,0.000000
2025-09-04 00:00:00,98.274800,98.274800,98.274800,98.274800,0.000000
2025-09-05 00:00:00,97.735700,97.735700,97.735700,97.735700,0.000000
2025-09-08 00:00:00,97.447800,97.447800,97.447800,97.447800,0.000000
2025-09-09 00:00:00,97.766900,97.766900,97.766900,97.766900,0.000000
2025-09-10 00:00:00,97.843300,97.843300,97.843300,97.843300,0.000000
2025-09-11 00:00:00,97.529900,97.529900,97.529900,97.529900,0.000000
2025-09-12 00:00:00,97.617800,97.617800,97.617800,97.617800,0.000000
2025-09-15 00:00:00,97.358600,97.358600,97.358600,97.358600,0.000000
2025-09-16 00:00:00,96.643400,96.643400,96.643400,96.643400,0.000000
2025-09-17 00:00:00,97.035100,97.035100,97.035100,97.035100,0.000000
2025-09-18 00:00:00,97.369600,97.369600,97.369600,97.369600,0.000000
2025-09-19 00:00:00,97.651900,97.651900,97.651900,97.651900,0.000000
2025-09-22 00:00:00,97.311000,97.311000,97.311000,97.311000,0.000000
2025-09-23 00:00:00,97.235100,97.235100,97.235100,97.235100,0.000000
2025-09-24 00:00:00,97.865700,97.865700,97.865700,97.865700,0.000000
2025-09-25 00:00:00,98.462100,98.462100,98.462100,98.462100,0.000000
2025-09-26 00:00:00,98.192600,98.192600,98.192600,98.192600,0.000000
2025-09-29 00:00:00,97.932500,97.932500,97.932500,97.932500,0.000000
2025-09-30 00:00:00,97.822400,97.822400,97.822400,97.822400,0.000000
2025-10-01 00:00:00,97.741200,97.741200,97.741200,97.741200,0.000000
2025-10-02 00:00:00,97.891600,97.891600,97.891600,97.891600,0.000000
2025-10-03 00:00:00,97.722900,97.722900,97.722900,97.722900,0.000000
2025-10-06 00:00:00,98.104100,98.104100,98.104100,98.104100,0.000000
2025-10-07 00:00:00,98.585900,98.585900,98.585900,98.585900,0.000000
2025-10-08 00:00:00,98.849000,98.849000,98.849000,98.849000,0.000000
2025-10-09 00:00:00,99.404400,99.404400,99.404400,99.404400,0.000000
2025-10-10 00:00:00,98.822300,98.822300,98.822300,98.822300,0.000000
2025-10-13 00:00:00,99.259500,99.259500,99.259500,99.259500,0.000000
2025-10-14 00:00:00,99.045300,99.045300,99.045300,99.045300,0.000000
2025-10-15 00:00:00,98.665900,98.665900,98.665900,98.665900,0.000000
2025-10-16 00:00:00,98.352600,98.352600,98.352600,98.352600,0.000000
2025-10-17 00:00:00,98.555600,98.555600,98.555600,98.555600,0.000000
2025-10-20 00:00:00,98.621900,98.621900,98.621900,98.621900,0.000000
2025-10-21 00:00:00,98.971200,98.971200,98.971200,98.971200,0.000000
2025-10-22 00:00:00,98.907100,98.907100,98.907100,98.907100,0.000000
2025-10-23 00:00:00,98.933400,98.933400,98.933400,98.933400,0.000000
2025-10-24 00:00:00,98.941700,98.941700,98.941700,98.941700,0.000000
2025-10-27 00:00:00,98.820700,98.820700,98.820700,98.820700,0.000000
2025-10-28 00:00:00,98.721500,98.721500,98.721500,98.721500,0.000000
2025-10-29 00:00:00,99.149500,99.149500,99.149500,99.149500,0.000000
2025-10-30 00:00:00,99.545600,99.545600,99.545600,99.545600,0.000000
2025-10-31 00:00:00,99.730800,99.730800,99.730800,99.730800,0.000000
2025-11-03 00:00:00,99.876200,99.876200,99.876200,99.876200,0.000000
2025-11-04 00:00:00,100.209200,100.209200,100.209200,100.209200,0.000000
2025-11-05 00:00:00,100.159300,100.159300,100.159300,100.159300,0.000000
2025-11-06 00:00:00,99.696800,99.696800,99.696800,99.696800,0.000000
2025-11-07 00:00:00,99.547700,99.547700,99.547700,99.547700,0.000000
2025-11-10 00:00:00,99.616700,99.616700,99.616700,99.616700,0.000000
2025-11-11 00:00:00,99.479200,99.479200,99.479200,99.479200,0.000000
2025-11-12 00:00:00,99.477100,99.477100,99.477100,99.477100,0.000000
2025-11-13 00:00:00,99.176000,99.176000,99.176000,99.176000,0.000000
2025-11-14 00:00:00,99.284500,99.284500,99.284500,99.284500,0.000000
2025-11-17 00:00:00,99.531700,99.531700,99.531700,99.531700,0.000000
2025-11-18 00:00:00,99.593200,99.593200,99.593200,99.593200,0.000000
2025-11-19 00:00:00,100.124900,100.124900,100.124900,100.124900,0.000000
2025-11-20 00:00:00,100.219300,100.219300,100.219300,100.219300,0.000000
2025-11-21 00:00:00,100.152700,100.152700,100.152700,100.152700,0.000000
2025-11-24 00:00:00,100.202600,100.202600,100.202600,100.202600,0.000000
2025-11-25 00:00:00,99.812300,99.812300,99.812300,99.812300,0.000000
2025-11-26 00:00:00,99.588500,99.588500,99.588500,99.588500,0.000000
2025-11-27 00:00:00,99.552700,99.552700,99.552700,99.552700,0.000000
2025-11-28 00:00:00,99.439100,99.439100,99.439100,99.439100,0.000000
2025-12-01 00:00:00,99.408100,99.408100,99.408100,99.408100,0.000000
2025-12-02 00:00:00,99.320800,99.320800,99.320800,99.320800,0.000000
2025-12-03 00:00:00,98.865900,98.865900,98.865900,98.865900,0.000000
2025-12-04 00:00:00,99.060200,99.060200,99.060200,99.060200,0.000000
2025-12-05 00:00:00,98.983000,98.983000,98.983000,98.983000,0.000000
2025-12-08 00:00:00,99.102600,99.102600,99.102600,99.102600,0.000000
2025-12-09 00:00:00,99.240700,99.240700,99.240700,99.240700,0.000000
2025-12-10 00:00:00,98.640300,98.640300,98.640300,98.640300,0.000000
2025-12-11 00:00:00,98.344800,98.344800,98.344800,98.344800,0.000000
2025-12-12 00:00:00,98.401200,98.401200,98.401200,98.401200,0.000000
2025-12-15 00:00:00,98.279700,98.279700,98.279700,98.279700,0.000000
2025-12-16 00:00:00,98.219900,98.219900,98.219900,98.219900,0.000000
2025-12-17 00:00:00,98.398300,98.398300,98.398300,98.398300,0.000000
2025-12-18 00:00:00,98.440100,98.440100,98.440100,98.440100,0.000000
2025-12-19 00:00:00,98.712500,98.712500,98.712500,98.712500,0.000000
2025-12-22 00:00:00,98.260300,98.260300,98.260300,98.260300,0.000000
2025-12-23 00:00:00,97.909300,97.909300,97.909300,97.909300,0.000000
2025-12-24 00:00:00,97.953500,97.953500,97.953500,97.953500,0.000000
2025-12-25 00:00:00,97.907900,97.907900,97.907900,97.907900,0.000000
2025-12-26 00:00:00,98.034100,98.034100,98.034100,98.034100,0.000000
2025-12-29 00:00:00,97.997500,97.997500,97.997500,97.997500,0.000000
2025-12-30 00:00:00,98.218100,98.218100,98.218100,98.218100,0.000000
2025-12-31 00:00:00,98.269600,98.269600,98.269600,98.269600,0.000000
2026-01-01 00:00:00,98.249000,98.249000,98.249000,98.249000,0.000000
2026-01-02 00:00:00,98.459400,98.459400,98.459400,98.459400,0.000000
2026-01-05 00:00:00,98.329100,98.329100,98.329100,98.329100,0.000000
2026-01-06 00:00:00,98.599700,98.599700,98.599700,98.599700,0.000000
2026-01-07 00:00:00,98.742600,98.742600,98.742600,98.742600,0.000000
2026-01-08 00:00:00,98.864000,98.864000,98.864000,98.864000,0.000000
2026-01-09 00:00:00,99.136800,99.136800,99.136800,99.136800,0.000000
2026-01-12 00:00:00,98.894300,98.894300,98.894300,98.894300,0.000000
2026-01-13 00:00:00,99.184200,99.184200,99.184200,99.184200,0.000000
2026-01-14 00:00:00,99.075300,99.075300,99.075300,99.075300,0.000000
2026-01-15 00:00:00,99.342400,99.342400,99.342400,99.342400,0.000000
2026-01-16 00:00:00,99.369100,99.369100,99.369100,99.369100,0.000000
2026-01-19 00:00:00,99.042300,99.042300,99.042300,99.042300,0.000000
2026-01-20 00:00:00,98.541300,98.541300,98.541300,98.541300,0.000000
2026-01-21 00:00:00,98.769300,98.769300,98.769300,98.769300,0.000000
2026-01-22 00:00:00,98.277800,98.277800,98.277800,98.277800,0.000000
2026-01-23 00:00:00,97.505300,97.505300,97.505300,97.505300,0.000000
2026-01-26 00:00:00,97.050600,97.050600,97.050600,97.050600,0.000000
2026-01-27 00:00:00,95.772500,95.772500,95.772500,95.772500,0.000000
2026-01-28 00:00:00,96.352000,96.352000,96.352000,96.352000,0.000000
2026-01-29 00:00:00,96.164300,96.164300,96.164300,96.164300,0.000000
2026-01-30 00:00:00,97.115200,97.115200,97.115200,97.115200,0.000000
2026-02-02 00:00:00,97.612900,97.612900,97.612900,97.612900,0.000000
2026-02-03 00:00:00,97.387200,97.387200,97.387200,97.387200,0.000000
2026-02-04 00:00:00,97.651800,97.651800,97.651800,97.651800,0.000000
2026-02-05 00:00:00,97.958500,97.958500,97.958500,97.958500,0.000000
2026-02-06 00:00:00,97.610200,97.610200,97.610200,97.610200,0.000000
2026-02-09 00:00:00,96.852600,96.852600,96.852600,96.852600,0.000000
2026-02-10 00:00:00,96.865000,96.865000,96.865000,96.865000,0.000000
2026-02-11 00:00:00,96.919400,96.919400,96.919400,96.919400,0.000000
2026-02-12 00:00:00,96.906500,96.906500,96.906500,96.906500,0.000000
2026-02-13 00:00:00,96.859200,96.859200,96.859200,96.859200,0.000000
2026-02-16 00:00:00,97.089000,97.089000,97.089000,97.089000,0.000000
2026-02-17 00:00:00,97.122200,97.122200,97.122200,97.122200,0.000000
2026-02-18 00:00:00,97.740000,97.740000,97.740000,97.740000,0.000000
2026-02-19 00:00:00,97.845500,97.845500,97.845500,97.845500,0.000000
2026-02-20 00:00:00,97.743800,97.743800,97.743800,97.743800,0.000000
2026-02-23 00:00:00,97.742500,97.742500,97.742500,97.742500,0.000000
2026-02-24 00:00:00,97.893100,97.893100,97.893100,97.893100,0.000000
2026-02-25 00:00:00,97.659400,97.659400,97.659400,97.659400,0.000000
2026-02-26 00:00:00,97.784600,97.784600,97.784600,97.784600,0.000000
2026-02-27 00:00:00,97.644300,97.644300,97.644300,97.644300,0.000000
2026-03-02 00:00:00,98.549100,98.549100,98.549100,98.549100,0.000000
2026-03-03 00:00:00,99.062300,99.062300,99.062300,99.062300,0.000000
2026-03-04 00:00:00,98.796800,98.796800,98.796800,98.796800,0.000000
2026-03-05 00:00:00,99.043400,99.043400,99.043400,99.043400,0.000000
2026-03-06 00:00:00,98.955800,98.955800,98.955800,98.955800,0.000000
2026-03-09 00:00:00,98.714800,98.714800,98.714800,98.714800,0.000000
2026-03-10 00:00:00,98.943500,98.943500,98.943500,98.943500,0.000000
2026-03-11 00:00:00,99.262200,99.262200,99.262200,99.262200,0.000000
2026-03-12 00:00:00,99.739800,99.739800,99.739800,99.739800,0.000000
2026-03-13 00:00:00,100.504000,100.504000,100.504000,100.504000,0.000000
2026-03-16 00:00:00,99.801800,99.801800,99.801800,99.801800,0.000000
2026-03-17 00:00:00,99.556700,99.556700,99.556700,99.556700,0.000000
2026-03-18 00:00:00,100.298100,100.298100,100.298100,100.298100,0.000000
2026-03-19 00:00:00,99.184700,99.184700,99.184700,99.184700,0.000000
2026-03-20 00:00:00,99.510000,99.510000,99.510000,99.510000,0.000000
2026-03-23 00:00:00,99.159700,99.159700,99.159700,99.159700,0.000000
2026-03-24 00:00:00,99.228300,99.228300,99.228300,99.228300,0.000000
2026-03-25 00:00:00,99.632900,99.632900,99.632900,99.632900,0.000000
2026-03-26 00:00:00,99.917200,99.917200,99.917200,99.917200,0.000000
2026-03-27 00:00:00,100.174500,100.174500,100.174500,100.174500,0.000000
2026-03-30 00:00:00,100.505400,100.505400,100.505400,100.505400,0.000000
2026-03-31 00:00:00,99.881700,99.881700,99.881700,99.881700,0.000000
2026-04-01 00:00:00,99.553900,99.553900,99.553900,99.553900,0.000000
2026-04-02 00:00:00,100.010000,100.010000,100.010000,100.010000,0.000000
2026-04-03 00:00:00,100.194300,100.194300,100.194300,100.194300,0.000000
2026-04-06 00:00:00,99.989100,99.989100,99.989100,99.989100,0.000000
2026-04-07 00:00:00,99.653400,99.653400,99.653400,99.653400,0.000000
2026-04-08 00:00:00,99.028000,99.028000,99.028000,99.028000,0.000000
2026-04-09 00:00:00,98.815700,98.815700,98.815700,98.815700,0.000000
2026-04-10 00:00:00,98.699700,98.699700,98.699700,98.699700,0.000000
2026-04-13 00:00:00,98.409400,98.409400,98.409400,98.409400,0.000000
2026-04-14 00:00:00,98.099500,98.099500,98.099500,98.099500,0.000000
2026-04-15 00:00:00,98.079200,98.079200,98.079200,98.079200,0.000000
2026-04-16 00:00:00,98.203500,98.203500,98.203500,98.203500,0.000000
2026-04-17 00:00:00,98.228900,98.228900,98.228900,98.228900,0.000000
2026-04-20 00:00:00,98.054100,98.054100,98.054100,98.054100,0.000000
2026-04-21 00:00:00,98.376700,98.376700,98.376700,98.376700,0.000000
2026-04-22 00:00:00,98.605900,98.605900,98.605900,98.605900,0.000000
2026-04-23 00:00:00,98.827900,98.827900,98.827900,98.827900,0.000000
2026-04-24 00:00:00,98.526700,98.526700,98.526700,98.526700,0.000000
2026-04-27 00:00:00,98.490000,98.490000,98.490000,98.490000,0.000000
2026-04-28 00:00:00,98.629300,98.629300,98.629300,98.629300,0.000000
2026-04-29 00:00:00,98.953200,98.953200,98.953200,98.953200,0.000000
2026-04-30 00:00:00,98.099700,98.099700,98.099700,98.099700,0.000000
2026-05-01 00:00:00,98.209200,98.209200,98.209200,98.209200,0.000000
2026-05-04 00:00:00,98.463300,98.463300,98.463300,98.463300,0.000000
2026-05-05 00:00:00,98.495400,98.495400,98.495400,98.495400,0.000000
2026-05-06 00:00:00,98.026600,98.026600,98.026600,98.026600,0.000000
2026-05-07 00:00:00,98.280700,98.280700,98.280700,98.280700,0.000000
2026-05-08 00:00:00,97.848500,97.848500,97.848500,97.848500,0.000000
2026-05-11 00:00:00,97.941300,97.941300,97.941300,97.941300,0.000000
2026-05-12 00:00:00,98.283900,98.283900,98.283900,98.283900,0.000000
2026-05-13 00:00:00,98.478000,98.478000,98.478000,98.478000,0.000000
2026-05-14 00:00:00,98.882000,98.882000,98.882000,98.882000,0.000000
2026-05-15 00:00:00,99.266800,99.266800,99.266800,99.266800,0.000000
2026-05-18 00:00:00,98.980300,98.980300,98.980300,98.980300,0.000000
2026-05-19 00:00:00,99.311200,99.311200,99.311200,99.311200,0.000000
2026-05-20 00:00:00,99.129600,99.129600,99.129600,99.129600,0.000000
2026-05-21 00:00:00,99.204600,99.204600,99.204600,99.204600,0.000000
2026-05-22 00:00:00,99.335100,99.335100,99.335100,99.335100,0.000000
2026-05-25 00:00:00,98.975600,98.975600,98.975600,98.975600,0.000000
2026-05-26 00:00:00,99.146400,99.146400,99.146400,99.146400,0.000000
2026-05-27 00:00:00,99.228500,99.228500,99.228500,99.228500,0.000000
2026-05-28 00:00:00,99.006500,99.006500,99.006500,99.006500,0.000000
2026-05-29 00:00:00,98.925900,98.925900,98.925900,98.925900,0.000000
2026-06-01 00:00:00,99.189100,99.189100,99.189100,99.189100,0.000000
2026-06-02 00:00:00,99.215800,99.215800,99.215800,99.215800,0.000000
2026-06-03 00:00:00,99.473300,99.473300,99.473300,99.473300,0.000000
2026-06-04 00:00:00,99.426800,99.426800,99.426800,99.426800,0.000000
2026-06-05 00:00:00,100.078600,100.078600,100.078600,100.078600,0.000000
2026-06-08 00:00:00,100.014900,100.014900,100.014900,100.014900,0.000000
2026-06-09 00:00:00,99.997000,99.997000,99.997000,99.997000,0.000000
2026-06-10 00:00:00,100.043500,100.043500,100.043500,100.043500,0.000000
2026-06-11 00:00:00,99.693200,99.693200,99.693200,99.693200,0.000000
2026-06-12 00:00:00,99.803700,99.803700,99.803700,99.803700,0.000000
2026-06-15 00:00:00,99.663800,99.663800,99.663800,99.663800,0.000000
2026-06-16 00:00:00,99.517100,99.517100,99.517100,99.517100,0.000000
2026-06-17 00:00:00,100.383000,100.383000,100.383000,100.383000,0.000000
2026-06-18 00:00:00,100.832500,100.832500,100.832500,100.832500,0.000000
2026-06-19 00:00:00,100.752800,100.752800,100.752800,100.752800,0.000000
2026-06-22 00:00:00,101.003900,101.003900,101.003900,101.003900,0.000000
2026-06-23 00:00:00,101.374000,101.374000,101.374000,101.374000,0.000000
2026-06-24 00:00:00,101.574500,101.574500,101.574500,101.574500,0.000000
2026-06-25 00:00:00,101.455900,101.455900,101.455900,101.455900,0.000000
2026-06-26 00:00:00,101.356500,101.356500,101.356500,101.356500,0.000000
2026-06-29 00:00:00,101.102700,101.102700,101.102700,101.102700,0.000000
2026-06-30 00:00:00,101.186100,101.186100,101.186100,101.186100,0.000000
2026-07-01 00:00:00,101.414000,101.414000,101.414000,101.414000,0.000000
2026-07-02 00:00:00,100.865200,100.865200,100.865200,100.865200,0.000000
2026-07-03 00:00:00,100.874900,100.874900,100.874900,100.874900,0.000000
2026-07-06 00:00:00,100.872100,100.872100,100.872100,100.872100,0.000000
2026-07-07 00:00:00,101.092000,101.092000,101.092000,101.092000,0.000000
2026-07-08 00:00:00,101.070500,101.070500,101.070500,101.070500,0.000000
2026-07-09 00:00:00,100.935200,100.935200,100.935200,100.935200,0.000000
2026-07-10 00:00:00,100.960900,100.960900,100.960900,100.960900,0.000000
2026-07-13 00:00:00,101.305000,101.305000,101.305000,101.305000,0.000000
2026-07-14 00:00:00,100.927100,100.927100,100.927100,100.927100,0.000000
2026-07-15 00:00:00,100.512300,100.512300,100.512300,100.512300,0.000000
2026-07-16 00:00:00,100.717400,100.717400,100.717400,100.717400,0.000000
2026-07-17 00:00:00,100.761700,100.761700,100.761700,100.761700,0.000000
2026-07-20 00:00:00,100.968100,100.968100,100.968100,100.968100,0.000000
2026-07-21 00:00:00,101.207400,101.207400,101.207400,101.207400,0.000000
2026-07-22 00:00:00,101.118200,101.118200,101.118200,101.118200,0.000000
2026-07-23 00:00:00,101.446900,101.446900,101.446900,101.446900,0.000000
2026-07-24 00:00:00,101.464700,101.464700,101.464700,101.464700,0.000000
2026-07-27 00:00:00,101.529200,101.529200,101.529200,101.529200,0.000000
2026-07-28 00:00:00,101.420300,101.420300,101.420300,101.420300,0.000000
2026-07-29 00:00:00,100.821900,100.821900,100.821900,100.821900,0.000000
2026-07-30 00:00:00,99.981000,99.981000,99.981000,99.981000,0.000000
2026-07-31 00:00:00,99.784900,99.784900,99.784900,99.784900,0.000000
2026-08-03 00:00:00,99.964600,99.964600,99.964600,99.964600,0.000000
2026-08-04 00:00:00,99.859200,99.859200,99.859200,99.859200,0.000000
2026-08-05 00:00:00,99.690200,99.690200,99.690200,99.690200,0.000000
2026-08-06 00:00:00,99.943200,99.943200,99.943200,99.943200,0.000000
2026-08-07 00:00:00,99.599600,99.599600,99.599600,99.599600,0.000000
2026-08-10 00:00:00,99.811400,99.811400,99.811400,99.811400,0.000000
2026-08-11 00:00:00,99.811200,99.811200,99.811200,99.811200,0.000000
