date,上证50,沪深300,中证500,中证1000,恒生指数,中债国债,中债企业债,中证转债,布伦特原油,沪金,标普500,美元兑人民币
2018-01-01,,,,,,,,285.990000,66.620000,,,6.505700
2018-01-02,2908.732000,4087.401000,6332.227000,7092.095000,30515.311000,147.443700,165.023700,285.990000,66.550000,279.400000,2695.810059,6.505800
2018-01-03,2913.260000,4111.393000,6388.253000,7159.876000,30560.949000,147.405400,165.077400,289.670000,67.920000,280.350000,2713.060059,6.494000
2018-01-04,2919.479000,4128.812000,6417.535000,7174.865000,30736.480000,147.224600,165.104300,290.190000,67.980000,279.000000,2723.989990,6.503100
2018-01-05,2932.356000,4138.751000,6417.254000,7176.868000,30814.641000,147.401100,165.165800,292.840000,67.790000,279.850000,2743.149902,6.493300
2018-01-08,2947.761000,4160.160000,6446.182000,7188.291000,30899.529000,147.569100,165.277400,292.970000,67.920000,280.200000,2747.709961,6.487500
2018-01-09,2969.318000,4189.298000,6445.746000,7176.742000,31011.410000,147.585800,165.382000,291.520000,69.160000,280.550000,2751.290039,6.497600
2018-01-10,2995.564000,4207.813000,6405.940000,7138.781000,31073.721000,147.557000,165.378700,291.690000,69.100000,279.950000,2748.229980,6.529400
2018-01-11,2997.045000,4205.586000,6425.940000,7175.398000,31120.391000,147.446700,165.338800,290.970000,69.110000,280.850000,2767.560059,6.507200
2018-01-12,3018.596000,4225.001000,6399.374000,7127.828000,31412.539000,147.464100,165.326900,291.260000,69.810000,281.550000,2786.239990,6.490200
2018-01-15,3048.808000,4225.239000,6253.376000,6929.307000,31338.869000,147.446100,165.411700,289.480000,70.220000,282.050000,,6.456200
2018-01-16,3063.861000,4258.473000,6301.133000,6960.677000,31904.750000,147.446300,165.410900,291.080000,69.320000,281.850000,2776.419922,6.435200
2018-01-17,3076.182000,4248.116000,6267.460000,6942.863000,31983.410000,147.369400,165.382200,291.860000,69.450000,280.800000,2802.560059,6.442300
2018-01-18,3106.552000,4271.417000,6286.801000,6955.232000,32121.939000,147.311600,165.406100,294.790000,69.140000,279.250000,2798.030029,6.432100
2018-01-19,3117.821000,4285.395000,6272.380000,6938.312000,32254.891000,147.429100,165.377600,298.240000,68.650000,278.350000,2810.300049,6.420600
2018-01-22,3130.330000,4336.597000,6347.638000,7014.548000,32393.410000,147.523100,165.421900,301.470000,69.230000,278.500000,2832.969971,6.403000
2018-01-23,3176.504000,4382.613000,6354.998000,7019.975000,32930.699000,147.622700,165.454600,306.450000,69.840000,279.400000,2839.129883,6.404400
2018-01-24,3180.332000,4389.885000,6394.300000,7072.406000,32958.691000,147.592500,165.465900,310.070000,70.750000,280.700000,2837.540039,6.402900
2018-01-25,3157.459000,4365.079000,6382.717000,7062.635000,32654.449000,147.657200,165.471300,309.760000,70.040000,281.750000,2839.250000,6.369300
2018-01-26,3172.778000,4381.300000,6383.631000,7056.013000,33154.121000,147.696400,165.472200,309.820000,69.940000,279.950000,2872.870117,6.322800
2018-01-29,3120.695000,4302.018000,6309.884000,6972.479000,32966.891000,147.751000,165.552200,304.240000,69.160000,278.700000,2853.530029,6.315900
2018-01-30,3079.118000,4256.102000,6313.442000,6955.243000,32607.289000,147.720600,165.571300,300.950000,68.110000,276.350000,2822.429932,6.336300
2018-01-31,3116.833000,4275.899000,6189.341000,6791.009000,32887.270000,147.801900,165.610400,302.240000,68.880000,276.600000,2823.810059,6.321100
2018-02-01,3141.230000,4245.898000,5984.743000,6506.453000,32642.090000,147.838200,165.605700,299.420000,69.780000,276.050000,2821.979980,6.288200
2018-02-02,3149.641000,4271.233000,6004.849000,6487.867000,32601.779000,147.869200,165.701900,302.540000,68.230000,276.400000,2762.129883,6.298400
2018-02-05,3181.339000,4274.146000,5998.224000,6461.813000,32245.221000,147.813300,165.738400,306.710000,66.920000,274.000000,2648.939941,6.307600
2018-02-06,3117.491000,4148.886000,5704.264000,6142.668000,30595.420000,147.991600,165.817800,302.220000,67.220000,276.000000,2695.139893,6.289700
2018-02-07,3029.601000,4050.497000,5711.332000,6158.257000,30323.199000,148.076900,165.841200,300.050000,65.350000,272.300000,2681.659912,6.282500
2018-02-08,2945.844000,4012.047000,5766.480000,6238.221000,30451.270000,148.083400,165.947800,295.020000,64.310000,271.700000,2581.000000,6.267600
2018-02-09,2810.027000,3840.653000,5554.897000,6053.020000,29507.420000,148.112100,165.966400,287.810000,62.710000,273.050000,2619.550049,6.326300
2018-02-11,,,,,,148.144100,166.074200,,,,,
2018-02-12,2805.211000,3890.105000,5699.098000,6203.752000,29459.631000,148.204300,166.091300,292.000000,62.660000,272.900000,2656.000000,6.286900
2018-02-13,2852.717000,3935.632000,5736.951000,6216.510000,29839.529000,148.235800,166.119300,294.050000,62.600000,274.250000,2662.939941,6.326500
2018-02-14,2871.787000,3966.961000,5754.834000,6230.663000,30515.600000,148.297900,166.164500,294.960000,64.350000,276.100000,2698.629883,6.340000
2018-02-15,,,,,31115.430000,,,,64.530000,,2731.199951,6.346000
2018-02-16,,,,,,,,,64.900000,,2732.219971,6.347200
2018-02-19,,,,,,,,,65.620000,,,6.340100
2018-02-20,,,,,30873.631000,,,,65.110000,,2716.260010,6.348400
2018-02-21,,,,,31431.891000,,,,65.060000,,2701.330078,6.346200
2018-02-22,2931.882000,4052.733000,5875.727000,6347.083000,30965.680000,148.354700,166.447500,298.590000,66.180000,273.650000,2703.959961,6.346600
2018-02-23,2957.171000,4071.089000,5897.677000,6365.916000,31267.170000,148.390100,166.473800,298.810000,67.100000,274.600000,2747.300049,6.350200
2018-02-24,,,,,,148.421200,166.527600,,,,,
2018-02-26,2973.786000,4118.419000,6029.680000,6507.128000,31498.600000,148.677100,166.642700,301.160000,67.530000,275.850000,2779.600098,6.327300
2018-02-27,2927.097000,4058.981000,6010.557000,6529.380000,31268.660000,148.908300,166.735100,298.730000,66.330000,274.400000,2744.280029,6.314100
2018-02-28,2878.667000,4023.642000,6023.677000,6563.808000,30844.721000,149.087900,166.845600,297.470000,64.750000,272.050000,2713.830078,6.316700
2018-03-01,2891.298000,4049.086000,6090.225000,6658.578000,31044.250000,149.061600,166.930800,297.830000,64.200000,271.700000,2677.669922,6.330900
2018-03-02,2864.183000,4016.461000,6056.335000,6632.371000,30583.449000,149.063000,166.948800,295.530000,64.560000,272.700000,2691.250000,6.357400
2018-03-05,2863.991000,4018.097000,6064.098000,6674.277000,29886.391000,148.966800,167.008600,294.160000,65.560000,273.650000,2720.939941,6.350300
2018-03-06,2892.475000,4066.565000,6145.577000,6735.859000,30510.730000,148.974600,167.043000,297.080000,65.530000,273.300000,2728.120117,6.348900
2018-03-07,2878.151000,4036.654000,6086.487000,6688.545000,30196.920000,149.080200,167.103200,296.170000,64.570000,274.500000,2726.800049,6.309400
2018-03-08,2898.254000,4077.600000,6131.514000,6725.183000,30654.520000,149.131800,167.140100,296.740000,63.870000,274.000000,2738.969971,6.325000
2018-03-09,2908.197000,4108.865000,6206.975000,6837.126000,30996.211000,149.310500,167.124000,298.170000,65.490000,272.550000,2786.570068,6.341600
2018-03-12,2909.579000,4127.666000,6295.778000,6947.460000,31594.330000,149.436800,167.214200,299.430000,64.950000,272.500000,2783.020020,6.328500
2018-03-13,2883.377000,4091.253000,6254.146000,6911.666000,31601.449000,149.411900,167.198900,298.850000,64.730000,272.300000,2765.310059,6.329100
2018-03-14,2871.334000,4073.345000,6189.317000,6834.835000,31435.010000,149.407100,167.246200,297.270000,64.900000,272.750000,2749.479980,6.320400
2018-03-15,2894.983000,4096.163000,6180.111000,6824.052000,31541.100000,149.390600,167.256600,296.830000,65.010000,272.500000,2747.330078,6.316000
2018-03-16,2870.732000,4056.423000,6146.306000,6805.926000,31501.971000,149.392400,167.281700,296.830000,65.990000,271.350000,2752.010010,6.320900
2018-03-19,2897.256000,4074.248000,6153.834000,6820.502000,31513.760000,149.442400,167.339200,296.930000,66.100000,270.050000,2712.919922,6.338200
2018-03-20,2904.397000,4077.704000,6173.698000,6822.255000,31549.930000,149.558200,167.371500,296.580000,67.590000,271.200000,2716.939941,6.331600
2018-03-21,2894.184000,4061.050000,6129.204000,6771.055000,31414.520000,149.545800,167.425600,296.030000,69.820000,271.150000,2711.929932,6.332900
2018-03-22,2866.670000,4020.349000,6101.228000,6764.690000,31071.051000,149.671700,167.499700,295.040000,68.300000,273.500000,2643.689941,6.320600
2018-03-23,2791.467000,3904.936000,5787.152000,6402.893000,30309.289000,149.974800,167.743300,290.820000,69.750000,276.500000,2588.260010,6.334700
2018-03-26,2738.868000,3879.893000,5902.959000,6515.251000,30548.770000,150.003500,167.942400,291.610000,69.520000,276.150000,2658.550049,6.320000
2018-03-27,2747.587000,3913.269000,6034.775000,6680.844000,30790.830000,149.937200,167.941100,292.630000,68.890000,275.800000,2612.620117,6.272400
2018-03-28,2694.826000,3842.716000,5973.341000,6635.873000,30022.529000,149.868000,168.036600,291.460000,69.000000,274.200000,2605.000000,6.281800
2018-03-29,2738.791000,3894.050000,6034.857000,6684.275000,30093.381000,149.796600,168.093400,293.080000,69.350000,271.050000,2640.870117,6.295600
2018-03-30,2722.153000,3898.498000,6114.738000,6798.668000,,149.840200,168.101700,293.860000,69.350000,271.550000,,6.288900
2018-04-02,2711.374000,3886.919000,6121.964000,6835.875000,,149.907300,168.287400,295.180000,67.690000,271.750000,2581.879883,6.282200
2018-04-03,2697.272000,3862.480000,6059.709000,6769.558000,30180.100000,149.903200,168.394400,294.590000,68.190000,273.750000,2614.449951,6.279400
2018-04-04,2702.369000,3854.863000,6017.686000,6708.922000,29518.689000,149.964300,168.499500,295.280000,68.230000,273.400000,2644.689941,6.288400
2018-04-05,,,,,,,,,68.500000,,2662.840088,6.304200
2018-04-06,,,,,29844.939000,,,,67.440000,,2604.469971,6.302400
2018-04-08,,,,,,150.030100,168.632100,,,,,
2018-04-09,2715.732000,3852.929000,6025.649000,6718.649000,30229.580000,150.324900,168.782100,295.940000,68.550000,272.550000,2613.159912,6.308600
2018-04-10,2780.804000,3927.173000,6063.742000,6720.774000,30728.740000,150.374100,168.907300,297.730000,71.150000,272.700000,2656.870117,6.305400
2018-04-11,2785.339000,3938.343000,6086.613000,6759.812000,30897.711000,150.460300,168.947900,298.670000,72.000000,274.300000,2642.189941,6.281600
2018-04-12,2749.699000,3898.635000,6051.335000,6727.645000,30831.279000,150.587400,169.037500,297.040000,72.080000,275.200000,2663.989990,6.268600
2018-04-13,2726.396000,3871.144000,6027.187000,6721.663000,30808.381000,150.871300,169.100500,295.690000,72.500000,273.150000,2656.300049,6.291000
2018-04-16,2664.705000,3808.863000,6012.405000,6717.931000,30315.590000,151.155200,169.271900,293.860000,72.010000,274.250000,2677.840088,6.274100
2018-04-17,2635.703000,3748.641000,5890.857000,6564.692000,30062.750000,151.296800,169.364900,292.920000,71.440000,274.650000,2706.389893,6.275700
2018-04-18,2653.769000,3766.282000,5970.658000,6661.291000,30284.250000,152.310900,170.074700,295.730000,73.200000,274.500000,2708.639893,6.280500
2018-04-19,2682.552000,3811.843000,6004.733000,6677.090000,30708.439000,152.293600,170.112500,295.820000,73.580000,275.200000,2693.129883,6.273400
2018-04-20,2647.376000,3760.854000,5880.836000,6535.963000,30418.330000,152.378900,170.139800,293.560000,73.710000,273.850000,2670.139893,6.278100
2018-04-23,2664.918000,3766.326000,5823.921000,6466.519000,30254.400000,152.393400,170.155700,290.580000,75.030000,272.550000,2670.290039,6.295500
2018-04-24,2722.847000,3843.489000,5957.193000,6606.584000,30636.240000,152.493500,170.126000,294.770000,73.880000,271.850000,2634.560059,6.316100
2018-04-25,2702.980000,3828.702000,5959.422000,6632.019000,30328.150000,152.466200,170.168700,294.250000,74.060000,271.600000,2639.399902,6.305900
2018-04-26,2666.024000,3755.494000,5847.977000,6510.534000,30007.680000,152.356500,170.099000,292.130000,74.740000,271.900000,2666.939941,6.324700
2018-04-27,2653.544000,3756.877000,5860.984000,6517.054000,30280.670000,152.253200,170.042400,293.210000,74.420000,271.150000,2669.909912,6.335400
2018-04-28,,,,,,152.332000,169.992900,,,,,
2018-04-30,,,,,30808.449000,,,,74.670000,,2648.050049,6.337000
2018-05-01,,,,,,,,,73.380000,,2654.800049,6.332100
2018-05-02,2652.731000,3763.646000,5855.323000,6486.814000,30723.881000,152.223200,169.995900,292.150000,73.060000,270.400000,2635.669922,6.332300
2018-05-03,2663.975000,3793.000000,5910.606000,6545.274000,30313.369000,152.428300,169.952500,293.350000,73.720000,274.150000,2629.729980,6.361500
2018-05-04,2646.355000,3774.598000,5909.294000,6531.293000,29926.500000,152.563900,169.937800,294.170000,74.960000,274.300000,2663.419922,6.352700
2018-05-07,2683.849000,3834.188000,6019.141000,6646.584000,29994.260000,152.368900,170.011500,296.630000,75.530000,275.150000,2672.629883,6.361700
2018-05-08,2722.880000,3878.677000,6041.814000,6678.145000,30402.811000,152.144300,169.885700,298.260000,75.950000,274.950000,2671.919922,6.366100
2018-05-09,2717.239000,3871.615000,6029.233000,6674.909000,30536.141000,151.922000,169.780000,297.720000,77.350000,274.600000,2697.790039,6.369700
2018-05-10,2729.400000,3893.057000,6040.572000,6703.211000,30809.221000,151.998900,169.700500,297.350000,77.500000,274.800000,2723.070068,6.361400
2018-05-11,2724.716000,3872.838000,5991.342000,6636.767000,31122.061000,152.095500,169.648800,296.620000,76.990000,275.200000,2727.719971,6.348200
2018-05-14,2753.535000,3909.293000,5967.554000,6591.730000,31541.080000,152.058400,169.683800,295.810000,78.520000,275.150000,2730.129883,6.333100
2018-05-15,2750.831000,3924.098000,6020.570000,6661.129000,31152.029000,152.024900,169.629700,296.370000,78.120000,273.800000,2711.449951,6.338300
2018-05-16,2716.782000,3892.844000,6004.070000,6622.641000,31110.199000,151.934200,169.596400,295.210000,79.330000,271.250000,2722.459961,6.376800
2018-05-17,2700.877000,3864.051000,5973.779000,6591.255000,30942.150000,151.834200,169.589900,294.640000,79.560000,269.850000,2720.129883,6.370500
2018-05-18,2740.535000,3903.064000,5995.150000,6620.775000,31047.910000,151.751300,169.601800,295.590000,78.710000,270.300000,2712.969971,6.366200
2018-05-21,2745.804000,3921.242000,6072.199000,6697.144000,31234.350000,151.888900,169.683400,296.920000,79.430000,269.500000,2733.010010,6.382800
2018-05-22,2728.000000,3906.208000,6092.907000,6724.398000,,152.048700,169.682200,296.600000,79.440000,270.250000,2724.439941,6.381100
2018-05-23,2683.693000,3854.583000,6013.847000,6652.292000,30665.641000,152.058400,169.712900,294.460000,79.690000,270.500000,2733.290039,6.364200
2018-05-24,2665.676000,3827.217000,5992.621000,6628.502000,30760.410000,152.175900,169.782800,292.780000,78.820000,272.250000,2727.760010,6.388800
2018-05-25,2661.291000,3816.498000,5917.798000,6541.450000,30588.039000,152.242900,169.794500,291.140000,76.420000,273.550000,2721.330078,6.376400
2018-05-28,2673.199000,3833.260000,5891.263000,6490.405000,30792.260000,152.303500,169.856800,290.210000,75.320000,272.350000,,6.368600
2018-05-29,2663.403000,3804.009000,5835.446000,6436.773000,30484.580000,152.265700,169.830200,287.330000,75.560000,273.250000,2689.860107,6.398300
2018-05-30,2605.901000,3723.372000,5682.588000,6232.416000,30056.789000,152.369200,169.827200,284.340000,77.860000,274.150000,2724.010010,6.416600
2018-05-31,2658.292000,3802.376000,5754.475000,6315.172000,30468.561000,152.260100,169.747000,285.600000,77.610000,274.500000,2705.270020,6.418000
2018-06-01,2647.187000,3770.589000,5685.116000,6243.732000,30492.910000,152.228900,169.725200,285.040000,76.710000,273.850000,2734.620117,6.409300
2018-06-04,2694.577000,3807.578000,5683.149000,6215.609000,30997.980000,152.103800,169.762200,283.320000,75.370000,272.400000,2746.870117,6.419400
2018-06-05,2707.017000,3845.316000,5779.078000,6316.419000,31093.449000,152.075200,169.683400,285.370000,74.960000,271.900000,2748.800049,6.407000
2018-06-06,2692.181000,3837.351000,5774.258000,6320.474000,31259.100000,151.992600,169.708700,285.370000,75.860000,272.400000,2772.350098,6.405000
2018-06-07,2695.237000,3831.013000,5738.018000,6274.884000,31512.631000,151.953700,169.668500,286.500000,77.440000,272.150000,2770.370117,6.387900
2018-06-08,2652.082000,3779.616000,5669.303000,6205.956000,30958.211000,152.225200,169.633400,284.170000,76.340000,272.100000,2779.030029,6.392100
2018-06-11,2660.408000,3779.982000,5632.357000,6151.938000,31063.699000,152.178500,169.620300,283.740000,76.360000,272.700000,2782.000000,6.405700
2018-06-12,2687.702000,3825.953000,5693.346000,6199.154000,31103.061000,151.939400,169.605900,285.030000,75.430000,272.400000,2786.850098,6.391600
2018-06-13,2671.627000,3788.339000,5607.017000,6092.345000,30725.150000,152.014100,169.569700,284.270000,76.560000,272.100000,2775.629883,6.400500
2018-06-14,2671.298000,3773.366000,5586.931000,6060.129000,30440.170000,152.177600,169.589600,283.350000,75.900000,273.350000,2782.489990,6.397300
2018-06-15,2667.975000,3753.434000,5483.945000,5928.073000,30309.490000,152.331700,169.609700,281.460000,73.000000,273.650000,2779.659912,6.404500
2018-06-18,,,,,,,,281.460000,75.460000,,2773.750000,6.433000
2018-06-19,2599.780000,3621.117000,5141.710000,5522.529000,29468.150000,152.605500,169.732400,274.060000,75.070000,271.400000,2762.590088,6.438800
2018-06-20,2598.328000,3635.444000,5198.394000,5588.270000,29696.170000,152.528900,169.725000,275.040000,74.300000,270.200000,2767.320068,6.485500
2018-06-21,2579.052000,3592.965000,5089.252000,5456.911000,29296.051000,152.607400,169.744200,274.590000,73.400000,269.450000,2749.760010,6.471600
2018-06-22,2583.708000,3608.905000,5160.123000,5541.374000,29338.699000,152.691300,169.718500,275.450000,75.530000,270.550000,2754.879883,6.492100
2018-06-25,2536.460000,3560.478000,5125.033000,5512.433000,28961.391000,152.689800,169.734500,275.650000,74.750000,271.150000,2717.070068,6.504300
2018-06-26,2506.717000,3531.111000,5160.283000,5558.714000,28881.400000,152.687800,169.703200,275.090000,76.480000,271.250000,2723.060059,6.539000
2018-06-27,2452.639000,3459.262000,5109.498000,5508.915000,28356.260000,152.722700,169.724300,272.630000,77.130000,271.600000,2699.629883,6.578300
2018-06-28,2425.176000,3423.526000,5055.109000,5443.849000,28497.320000,152.986400,169.814700,272.490000,77.550000,270.900000,2716.310059,6.601900
2018-06-29,2479.912000,3510.985000,5217.764000,5608.536000,28955.109000,153.315900,169.912600,276.760000,79.080000,271.400000,2718.370117,6.627400
2018-07-02,2386.377000,3407.964000,5138.783000,5538.092000,,153.375600,170.120300,274.090000,77.490000,272.100000,2726.709961,6.624300
2018-07-03,2388.976000,3409.280000,5197.131000,5601.591000,28545.570000,153.488900,170.247100,275.720000,77.880000,271.900000,2713.219971,6.666700
2018-07-04,2368.425000,3363.747000,5121.344000,5500.665000,28241.670000,153.512000,170.294700,275.290000,78.160000,272.650000,,6.641000
2018-07-05,2374.355000,3342.438000,4982.763000,5352.660000,28182.090000,153.537000,170.448600,275.400000,77.540000,272.750000,2736.610107,6.631300
2018-07-06,2402.617000,3365.123000,4996.630000,5374.580000,28315.619000,153.526000,170.526000,275.800000,77.290000,273.250000,2759.820068,6.636800
2018-07-09,2471.285000,3459.184000,5107.551000,5487.549000,28688.500000,153.461800,170.622400,279.310000,78.180000,273.100000,2784.169922,6.639200
2018-07-10,2471.230000,3467.516000,5136.533000,5524.802000,28682.250000,153.387400,170.651700,279.810000,78.860000,272.000000,2793.840088,6.615200
2018-07-11,2432.279000,3407.530000,5036.157000,5396.312000,28311.689000,153.496700,170.679800,278.710000,74.170000,272.850000,2774.020020,6.631400
2018-07-12,2474.625000,3481.056000,5172.503000,5541.360000,28480.830000,153.550800,170.714900,281.130000,74.530000,271.900000,2798.290039,6.682800
2018-07-13,2476.864000,3492.690000,5204.186000,5561.685000,28525.439000,153.800200,170.698500,281.370000,74.920000,271.700000,2801.310059,6.665900
2018-07-16,2448.765000,3472.086000,5195.200000,5566.960000,28539.660000,153.881900,170.837200,280.660000,71.870000,272.050000,2798.429932,6.694600
2018-07-17,2430.445000,3449.377000,5196.197000,5575.474000,28181.680000,153.783900,170.810800,281.010000,71.600000,271.550000,2809.550049,6.691600
2018-07-18,2420.759000,3431.323000,5156.636000,5544.519000,28117.420000,153.838700,170.836000,281.410000,73.060000,269.050000,2815.620117,6.706800
2018-07-19,2426.163000,3428.343000,5111.327000,5480.767000,28010.859000,153.920200,171.044900,282.530000,72.620000,270.300000,2804.489990,6.717700
2018-07-20,2493.765000,3492.894000,5175.252000,5541.212000,28224.480000,153.875700,171.258500,286.390000,73.000000,270.650000,2801.830078,6.771700
2018-07-23,2526.813000,3525.750000,5214.004000,5582.307000,28256.119000,153.914700,171.402100,288.420000,72.930000,271.900000,2806.979980,6.758100
2018-07-24,2563.584000,3581.706000,5304.641000,5672.222000,28662.570000,153.801000,171.529900,288.400000,73.750000,271.700000,2820.399902,6.792000
2018-07-25,2563.687000,3577.752000,5308.657000,5685.586000,28920.900000,153.784800,171.599100,287.660000,74.840000,271.700000,2846.070068,6.790500
2018-07-26,2530.991000,3536.246000,5273.479000,5663.178000,28781.141000,153.847500,171.833800,285.070000,75.060000,272.100000,2837.439941,6.768700
2018-07-27,2525.092000,3521.227000,5249.290000,5630.227000,28804.279000,153.995300,171.923600,285.010000,74.920000,271.500000,2818.820068,6.782800
2018-07-30,2541.308000,3515.079000,5185.151000,5549.037000,28733.131000,154.119000,172.111400,284.330000,75.350000,271.550000,2802.600098,6.812700
2018-07-31,2545.124000,3517.657000,5188.717000,5542.543000,28583.010000,154.306000,172.289500,285.210000,74.190000,271.650000,2816.290039,6.814900
2018-08-01,2490.245000,3447.388000,5105.374000,5456.205000,28340.740000,154.567100,172.496800,283.580000,72.620000,271.450000,2813.360107,6.811700
2018-08-02,2440.313000,3370.958000,4996.012000,5325.801000,27714.561000,154.645000,172.697700,282.240000,73.390000,270.750000,2827.219971,6.822600
2018-08-03,2413.503000,3315.284000,4929.750000,5255.631000,27676.320000,154.798200,172.822300,281.860000,73.420000,270.200000,2840.350098,6.832800
2018-08-06,2406.537000,3273.273000,4825.251000,5144.642000,27819.561000,154.826200,173.090900,281.080000,73.670000,270.250000,2850.399902,6.833200
2018-08-07,2479.780000,3368.870000,4956.872000,5279.642000,28248.881000,154.881600,173.327300,284.610000,74.460000,270.100000,2858.449951,6.854100
2018-08-08,2446.998000,3314.508000,4880.569000,5191.786000,28359.141000,154.511200,173.383300,283.150000,72.230000,269.500000,2857.699951,6.833600
2018-08-09,2504.617000,3397.530000,5004.773000,5307.967000,28607.301000,154.201600,173.299500,285.120000,72.030000,269.550000,2853.580078,6.835200
2018-08-10,2503.206000,3405.019000,5030.515000,5342.047000,28366.619000,154.107700,173.135400,284.730000,72.960000,269.400000,2833.280029,6.817200
2018-08-13,2478.509000,3390.344000,5055.275000,5369.176000,27936.570000,153.838000,173.055700,284.130000,72.830000,270.100000,2821.929932,6.846200
2018-08-14,2469.200000,3372.914000,5037.883000,5351.019000,27752.930000,153.913300,172.978600,283.380000,72.160000,267.650000,2839.959961,6.889400
2018-08-15,2408.722000,3291.976000,4932.806000,5242.087000,27323.590000,153.902900,172.996700,282.100000,70.810000,267.400000,2818.370117,6.884700
2018-08-16,2405.164000,3276.728000,4888.371000,5178.237000,27100.061000,153.863900,172.955100,281.850000,71.430000,264.000000,2840.689941,6.933800
2018-08-17,2374.173000,3229.620000,4803.029000,5084.207000,27213.410000,153.628600,172.805700,280.720000,71.860000,263.400000,2850.129883,6.881500
2018-08-20,2409.129000,3267.250000,4832.651000,5103.634000,27598.020000,153.510300,172.793500,280.530000,72.100000,265.150000,2857.050049,6.876600
2018-08-21,2452.383000,3326.649000,4891.980000,5162.026000,27752.789000,153.239100,172.661900,282.290000,72.820000,266.350000,2862.959961,6.856800
2018-08-22,2450.154000,3307.955000,4837.018000,5102.359000,27927.580000,153.362700,172.631200,282.000000,74.920000,266.250000,2861.820068,6.845500
2018-08-23,2461.067000,3320.026000,4863.665000,5133.329000,27790.461000,153.643300,172.717800,282.580000,74.710000,266.200000,2856.979980,6.843200
2018-08-24,2471.999000,3325.335000,4852.289000,5116.139000,27671.869000,153.681800,172.834500,283.160000,75.440000,266.300000,2874.689941,6.877500
2018-08-27,2522.340000,3406.574000,4960.066000,5229.361000,28271.270000,153.700000,172.948100,284.810000,76.250000,267.450000,2896.739990,6.800600
2018-08-28,2511.145000,3400.171000,4974.207000,5233.503000,28351.619000,153.630500,172.908300,285.180000,75.920000,268.300000,2897.520020,6.813300
2018-08-29,2503.480000,3386.574000,4941.961000,5203.712000,28416.439000,153.677000,172.903100,284.420000,77.690000,267.050000,2914.040039,6.804200
2018-08-30,2479.210000,3351.094000,4867.121000,5114.266000,28164.051000,153.861000,172.982400,283.190000,77.750000,267.450000,2901.129883,6.818700
2018-08-31,2474.477000,3334.504000,4814.824000,5057.985000,27888.551000,153.966300,173.077600,283.150000,77.710000,267.800000,2901.520020,6.843100
2018-09-03,2465.880000,3321.825000,4838.873000,5054.105000,27712.539000,153.887500,173.128200,282.870000,78.010000,266.600000,,6.834600
2018-09-04,2500.438000,3363.898000,4890.281000,5113.147000,27973.340000,153.710900,173.160900,283.770000,77.860000,265.600000,2896.719971,6.822100
2018-09-05,2441.230000,3298.141000,4815.034000,5032.502000,27243.850000,153.667700,173.227200,282.650000,77.120000,265.600000,2888.600098,6.842500
2018-09-06,2416.033000,3262.881000,4793.345000,5012.509000,26974.820000,153.599400,173.296500,282.470000,76.630000,266.400000,2878.050049,6.830000
2018-09-07,2437.677000,3277.644000,4791.778000,5022.284000,26973.471000,153.582400,173.311100,282.480000,77.100000,267.200000,2871.679932,6.834400
2018-09-10,2413.426000,3230.068000,4704.878000,4923.644000,26613.420000,153.366300,173.359600,281.010000,77.360000,266.250000,2877.129883,6.839100
2018-09-11,2398.768000,3224.212000,4702.903000,4925.301000,26422.551000,153.200800,173.313800,280.560000,79.500000,267.000000,2887.889893,6.855300
2018-09-12,2381.388000,3202.025000,4693.974000,4919.806000,26345.039000,153.188900,173.312400,280.420000,79.750000,266.800000,2888.919922,6.874400
2018-09-13,2415.312000,3236.566000,4721.212000,4958.165000,27014.490000,153.271400,173.336600,280.700000,78.430000,268.100000,2904.179932,6.859900
2018-09-14,2425.421000,3242.090000,4670.080000,4907.934000,27286.410000,153.333700,173.383100,280.300000,78.100000,268.650000,2904.979980,6.842900
2018-09-17,2399.881000,3204.922000,4602.390000,4831.563000,26932.850000,153.444700,173.525000,279.400000,78.000000,267.350000,2888.800049,6.865600
2018-09-18,2458.768000,3269.432000,4683.506000,4917.350000,27084.660000,153.469400,173.589000,280.330000,78.900000,267.650000,2904.310059,6.855500
2018-09-19,2487.077000,3312.482000,4736.893000,4970.012000,27407.369000,153.432400,173.625900,281.760000,79.340000,267.950000,2907.949951,6.860200
2018-09-20,2487.422000,3310.126000,4733.481000,4951.585000,27477.670000,153.326400,173.637500,281.870000,78.710000,268.200000,2930.750000,6.846900
2018-09-21,2573.603000,3410.486000,4805.215000,5011.691000,27953.580000,153.394200,173.640900,284.070000,78.770000,269.050000,2929.669922,6.845900
2018-09-24,,,,,27499.391000,,,,80.730000,,2919.370117,6.856700
2018-09-25,2547.791000,3379.804000,4792.551000,4995.695000,,153.509200,173.729700,283.650000,80.890000,267.950000,2915.560059,6.873400
2018-09-26,2582.767000,3417.241000,4815.631000,5017.058000,27816.869000,153.596600,173.774000,284.240000,81.180000,268.350000,2905.969971,6.866300
2018-09-27,2575.449000,3403.590000,4755.380000,4945.691000,27715.670000,153.773600,173.855700,282.960000,81.300000,267.400000,2914.000000,6.876100
2018-09-28,2606.668000,3438.865000,4800.729000,4987.273000,27788.520000,153.911900,173.940300,284.190000,82.950000,264.900000,2913.979980,6.880300
2018-09-29,,,,,,153.905200,173.955500,,,,,
2018-09-30,,,,,,153.910100,173.954800,,,,,
2018-10-01,,,,,,,,,84.950000,,2924.590088,6.867900
2018-10-02,,,,,27126.381000,,,,84.640000,,2923.429932,6.867900
2018-10-03,,,,,27091.260000,,,,86.100000,,2925.510010,6.867900
2018-10-04,,,,,26623.869000,,,,84.880000,,2901.610107,6.867800
2018-10-05,,,,,26572.570000,,,,84.110000,,2885.570068,6.867900
2018-10-08,2486.822000,3290.899000,4646.493000,4817.434000,26202.570000,154.076000,174.245500,281.000000,83.760000,268.650000,2884.429932,6.858900
2018-10-09,2491.663000,3288.691000,4634.894000,4818.733000,26172.910000,154.098500,174.302500,280.090000,84.860000,267.900000,2880.340088,6.929800
2018-10-10,2494.056000,3281.598000,4629.888000,4812.427000,26193.070000,154.155300,174.401400,280.530000,82.600000,267.900000,2785.679932,6.921800
2018-10-11,2390.503000,3124.114000,4307.421000,4456.608000,25266.369000,154.395900,174.502500,277.150000,80.360000,269.450000,2728.370117,6.923300
2018-10-12,2444.131000,3170.726000,4278.035000,4427.680000,25801.490000,154.450900,174.610700,278.300000,80.600000,272.850000,2767.129883,6.888600
2018-10-15,2412.479000,3126.452000,4199.153000,4358.869000,25445.061000,154.483600,174.721700,277.210000,80.760000,275.350000,2750.790039,6.921200
2018-10-16,2415.492000,3100.974000,4099.683000,4261.173000,25462.260000,154.518700,174.800700,276.060000,81.560000,275.250000,2809.919922,6.915900
2018-10-17,2429.215000,3118.246000,4133.383000,4292.197000,,154.523800,174.864400,276.650000,80.360000,274.500000,2809.209961,6.911000
2018-10-18,2369.068000,3044.392000,4018.461000,4149.444000,25454.551000,154.789000,174.966800,275.050000,79.320000,274.750000,2768.780029,6.926300
2018-10-19,2446.320000,3134.946000,4127.985000,4241.234000,25561.400000,154.809600,175.014700,277.420000,80.030000,276.050000,2767.780029,6.936700
2018-10-22,2540.152000,3270.273000,4333.145000,4452.737000,26153.150000,154.747900,175.115400,280.310000,79.980000,275.850000,2755.879883,6.928600
2018-10-23,2464.812000,3183.426000,4253.556000,4379.056000,25346.551000,154.808800,175.135400,279.130000,76.240000,276.950000,2740.689941,6.946500
2018-10-24,2477.488000,3188.202000,4245.488000,4377.551000,25249.779000,154.843100,175.190900,279.910000,75.680000,277.150000,2656.100098,6.937400
2018-10-25,2485.099000,3194.308000,4234.421000,4345.327000,24994.461000,154.927800,175.257600,280.130000,76.700000,278.500000,2705.570068,6.943000
2018-10-26,2468.910000,3173.635000,4233.959000,4359.474000,24717.631000,155.040500,175.261500,280.690000,77.820000,278.300000,2658.689941,6.948000
2018-10-29,2389.577000,3076.889000,4162.526000,4296.699000,24812.039000,155.328600,175.418700,279.860000,76.870000,277.850000,2641.250000,6.942500
2018-10-30,2415.649000,3110.261000,4204.542000,4336.650000,24585.529000,155.354700,175.557200,280.140000,76.180000,277.250000,2682.629883,6.951900
2018-10-31,2451.121000,3153.823000,4272.552000,4400.613000,24979.689000,155.361600,175.583900,280.540000,74.590000,274.900000,2711.739990,6.966300
2018-11-01,2460.162000,3177.034000,4298.984000,4428.736000,25416.000000,155.382800,175.688900,281.380000,72.750000,275.300000,2740.370117,6.974700
2018-11-02,2542.768000,3290.246000,4437.946000,4564.177000,26486.350000,155.289700,175.684200,284.570000,72.610000,275.400000,2723.060059,6.922400
2018-11-05,2511.590000,3262.835000,4440.827000,4598.201000,25934.391000,155.322200,175.755700,284.620000,72.710000,275.600000,2738.310059,6.889900
2018-11-06,2499.679000,3243.150000,4438.097000,4603.109000,26120.961000,155.403400,175.803200,283.820000,71.650000,275.850000,2755.449951,6.924800
2018-11-07,2482.334000,3221.910000,4415.136000,4592.836000,26147.689000,155.594700,175.912700,283.760000,72.000000,275.900000,2813.889893,6.918500
2018-11-08,2485.998000,3212.774000,4382.329000,4572.378000,26227.721000,155.651000,176.019500,283.350000,70.960000,279.400000,2806.830078,6.910000
2018-11-09,2434.212000,3167.444000,4368.614000,4561.213000,25601.920000,155.734900,176.099900,281.850000,69.880000,278.700000,2781.010010,6.933500
2018-11-12,2444.967000,3205.141000,4481.688000,4697.346000,25633.180000,155.827600,176.212300,283.020000,68.970000,276.550000,2726.219971,6.955900
2018-11-13,2462.973000,3237.382000,4563.535000,4790.448000,25792.869000,155.923400,176.267800,284.400000,65.350000,275.450000,2722.179932,6.962500
2018-11-14,2429.986000,3204.943000,4545.509000,4791.226000,25654.430000,156.574000,176.439500,284.850000,65.860000,275.500000,2701.580078,6.955200
2018-11-15,2459.141000,3242.372000,4619.814000,4871.089000,26103.340000,156.609200,176.525400,286.880000,66.630000,277.050000,2730.199951,6.949500
2018-11-16,2461.445000,3257.674000,4659.097000,4923.986000,26183.529000,156.779700,176.692200,288.200000,67.040000,277.500000,2736.270020,6.938200
2018-11-19,2492.084000,3294.603000,4670.737000,4942.492000,26372.000000,156.757400,176.922900,288.680000,67.010000,278.250000,2690.729980,6.937000
2018-11-20,2446.791000,3218.408000,4537.449000,4811.882000,25840.340000,156.585500,177.010400,285.810000,62.440000,279.300000,2641.889893,6.941000
2018-11-21,2451.272000,3226.492000,4554.675000,4847.036000,25971.471000,156.647500,177.044400,286.050000,63.460000,279.000000,2649.929932,6.944400
2018-11-22,2437.639000,3214.427000,4551.326000,4850.131000,26019.410000,156.588100,177.096900,285.650000,62.520000,279.650000,,6.926200
2018-11-23,2399.203000,3143.475000,4374.764000,4642.117000,25927.680000,156.577000,177.109900,284.180000,59.190000,279.650000,2632.560059,6.931000
2018-11-26,2401.898000,3141.243000,4367.462000,4633.731000,26376.180000,156.664600,177.172600,284.460000,60.410000,279.500000,2673.449951,6.947500
2018-11-27,2394.294000,3137.241000,4387.652000,4671.644000,26331.961000,156.669300,177.188400,284.660000,60.880000,278.900000,2682.169922,6.930800
2018-11-28,2421.134000,3178.933000,4441.857000,4728.576000,26682.561000,156.702100,177.255500,286.020000,58.960000,277.550000,2743.790039,6.950600
2018-11-29,2401.852000,3137.654000,4345.703000,4617.348000,26451.029000,156.892800,177.290100,284.670000,59.700000,279.550000,2737.800049,6.952900
2018-11-30,2428.045000,3172.690000,4376.651000,4648.184000,26506.750000,156.978800,177.367200,284.870000,59.150000,279.450000,2760.169922,6.941500
2018-12-03,2488.057000,3260.950000,4515.174000,4802.293000,27182.039000,157.000200,177.455500,287.300000,61.900000,278.350000,2790.370117,6.958000
2018-12-04,2496.143000,3267.710000,4536.210000,4846.170000,27260.439000,157.406700,177.500300,287.310000,61.920000,278.350000,2700.060059,6.882300
2018-12-05,2481.792000,3252.004000,4502.702000,4816.992000,26819.680000,157.509700,177.726800,287.380000,61.610000,278.900000,,6.836300
2018-12-06,2434.491000,3181.673000,4411.088000,4730.913000,26156.381000,157.631800,177.745800,286.640000,60.310000,279.900000,2695.949951,6.855800
2018-12-07,2430.722000,3181.565000,4410.959000,4731.902000,26063.760000,157.868900,177.858800,286.500000,61.330000,280.250000,2633.080078,6.881700
2018-12-10,2408.606000,3144.763000,4359.312000,4676.615000,25752.381000,158.080200,177.978700,285.490000,59.810000,283.100000,2637.719971,6.874700
2018-12-11,2415.578000,3159.816000,4395.570000,4720.469000,25771.670000,158.099300,178.040800,285.330000,60.460000,282.650000,2636.780029,6.911000
2018-12-12,2423.318000,3170.609000,4393.324000,4718.822000,26186.711000,158.123600,178.085700,285.570000,60.180000,281.200000,2651.070068,6.899000
2018-12-13,2457.905000,3219.692000,4443.157000,4763.717000,26524.350000,157.930000,178.045700,287.100000,61.710000,280.800000,2650.540039,6.879000
2018-12-14,2423.381000,3165.911000,4337.103000,4641.888000,26094.789000,157.949500,177.981700,286.170000,60.270000,280.350000,2599.949951,6.880700
2018-12-17,2425.945000,3161.197000,4330.647000,4627.228000,26087.980000,157.818500,177.975300,285.650000,58.660000,280.200000,2545.939941,6.906600
2018-12-18,2397.868000,3128.427000,4307.268000,4596.610000,25814.250000,157.841200,177.888400,283.890000,56.080000,281.900000,2546.159912,6.896200
2018-12-19,2369.548000,3091.126000,4247.899000,4533.396000,25865.391000,157.857400,177.913700,282.730000,56.550000,282.550000,2506.959961,6.894200
2018-12-20,2334.922000,3067.417000,4259.761000,4550.597000,25623.529000,157.941200,178.028300,281.260000,54.700000,282.150000,2467.419922,6.891000
2018-12-21,2306.145000,3029.395000,4231.144000,4517.780000,25753.420000,158.098900,178.086600,279.670000,53.480000,284.800000,2416.620117,6.884100
2018-12-24,2309.233000,3038.198000,4274.722000,4558.317000,25651.381000,158.065700,178.149700,280.250000,50.490000,285.450000,2351.100098,6.905400
2018-12-25,2297.333000,3017.282000,4225.512000,4514.618000,,158.025900,178.162100,279.650000,52.890000,287.100000,,6.898100
2018-12-26,2281.558000,3002.033000,4208.405000,4494.498000,,158.068800,178.156700,279.220000,55.180000,287.500000,2467.699951,6.898300
2018-12-27,2276.057000,2990.506000,4161.270000,4424.653000,25478.881000,158.375200,178.181400,278.860000,53.580000,286.300000,2488.830078,6.898100
2018-12-28,2293.099000,3010.654000,4168.036000,4430.024000,25504.199000,158.707900,178.391800,279.600000,53.060000,287.850000,2485.739990,6.865300
2018-12-29,,,,,,158.710500,178.427000,,,,,
2018-12-30,,,,,,158.732000,178.453700,,,,,
2018-12-31,,,,,25845.699000,158.746500,178.480700,,,,2506.850098,6.877200
2019-01-01,,,,,,,,,,,,6.877600
2019-01-02,2262.791000,2969.535000,4131.957000,4408.525000,25130.350000,159.122100,178.711800,277.910000,54.680000,288.300000,2510.030029,6.877500
2019-01-03,2269.243000,2964.842000,4112.807000,4376.858000,25064.359000,159.231900,178.936000,278.900000,55.550000,290.700000,2447.889893,6.861100
2019-01-04,2314.647000,3035.874000,4210.879000,4497.893000,25626.029000,159.292000,179.141100,282.110000,57.450000,290.550000,2531.939941,6.871100
2019-01-07,2314.319000,3054.303000,4288.323000,4594.148000,25835.699000,159.071100,179.370600,284.840000,57.570000,288.650000,2549.689941,6.868400
2019-01-08,2305.171000,3047.704000,4277.297000,4585.033000,25875.449000,159.433900,179.588000,285.340000,58.590000,287.250000,2574.409912,6.850000
2019-01-09,2332.719000,3078.476000,4288.772000,4594.739000,26462.320000,159.359200,179.674100,287.050000,61.340000,286.200000,2584.959961,6.852200
2019-01-10,2331.851000,3072.686000,4281.861000,4582.483000,26521.430000,159.327900,179.784200,287.940000,61.180000,286.900000,2596.639893,6.815600
2019-01-11,2354.499000,3094.778000,4314.876000,4621.611000,26667.270000,159.350200,179.847800,289.080000,60.530000,284.950000,2596.260010,6.787500
2019-01-14,2331.136000,3067.785000,4286.547000,4594.190000,26298.330000,159.259900,179.933900,287.920000,59.320000,285.050000,2582.610107,6.762000
2019-01-15,2378.370000,3127.990000,4347.356000,4644.166000,26830.289000,159.188200,179.924000,289.470000,60.530000,284.300000,2610.300049,6.767100
2019-01-16,2381.218000,3128.652000,4336.878000,4637.197000,26902.100000,159.474600,179.999100,289.620000,61.300000,284.600000,2616.100098,6.751000
2019-01-17,2371.348000,3111.417000,4303.731000,4595.490000,26755.631000,159.614900,180.125700,288.770000,61.150000,285.100000,2635.959961,6.756000
2019-01-18,2417.363000,3168.174000,4347.811000,4626.413000,27090.811000,159.422000,180.175800,290.150000,62.610000,285.050000,2670.709961,6.775400
2019-01-21,2432.487000,3185.636000,4373.633000,4655.111000,27196.539000,159.452600,180.217200,290.770000,62.810000,283.200000,,6.777800
2019-01-22,2401.233000,3143.317000,4308.252000,4603.203000,27005.449000,159.527400,180.208900,289.970000,61.610000,283.250000,2632.899902,6.797300
2019-01-23,2397.049000,3141.053000,4315.685000,4609.672000,27008.199000,159.651600,180.219400,290.210000,60.990000,283.600000,2638.699951,6.807000
2019-01-24,2411.562000,3158.782000,4338.170000,4635.747000,27120.980000,159.663300,180.212300,292.220000,61.190000,283.300000,2642.330078,6.791000
2019-01-25,2441.640000,3184.470000,4318.442000,4607.945000,27569.189000,159.630000,180.191200,295.040000,61.500000,282.900000,2664.760010,6.787600
2019-01-28,2437.026000,3183.778000,4307.220000,4570.399000,27576.961000,159.604900,180.247500,294.070000,59.950000,285.600000,2643.850098,6.746400
2019-01-29,2455.897000,3193.970000,4254.288000,4490.051000,27531.680000,159.683800,180.274400,293.540000,61.160000,286.600000,2640.000000,6.744300
2019-01-30,2440.015000,3168.483000,4211.624000,4423.136000,27642.850000,159.854100,180.352100,293.850000,61.660000,287.550000,2681.050049,6.732000
2019-01-31,2483.471000,3201.633000,4176.474000,4355.736000,27942.471000,159.985900,180.449300,294.240000,61.220000,287.850000,2704.100098,6.715500
2019-02-01,2499.644000,3247.397000,4294.270000,4482.985000,27930.740000,160.006900,180.547100,297.250000,62.850000,289.200000,2706.530029,6.699800
2019-02-02,,,,,,160.073200,180.581900,,,,,
2019-02-03,,,,,,160.093800,180.618600,,,,,
2019-02-04,,,,,27990.211000,,,,62.820000,,2724.870117,6.743800
2019-02-05,,,,,,,,,62.110000,,2737.699951,6.743800
2019-02-06,,,,,,,,,62.550000,,2731.610107,6.734800
2019-02-07,,,,,,,,,61.680000,,2706.050049,6.743800
2019-02-08,,,,,27946.320000,,,,62.060000,,2707.879883,6.743800
2019-02-11,2527.474000,3306.473000,4402.867000,4611.830000,28143.840000,160.212500,180.869700,299.470000,61.580000,288.750000,2709.800049,6.743800
2019-02-12,2533.182000,3330.335000,4439.485000,4675.792000,28171.330000,160.258700,180.988200,300.630000,62.610000,288.850000,2744.729980,6.791400
2019-02-13,2580.612000,3397.028000,4512.409000,4759.826000,28497.590000,160.273700,181.056800,303.010000,63.600000,288.250000,2753.030029,6.773000
2019-02-14,2576.306000,3402.140000,4532.170000,4780.044000,28432.051000,160.275900,181.134700,304.080000,64.560000,287.600000,2745.729980,6.759400
2019-02-15,2517.462000,3338.705000,4502.735000,4773.514000,27900.840000,160.316100,181.189100,302.120000,66.360000,289.600000,2775.600098,6.771200
2019-02-18,2582.851000,3445.745000,4660.999000,4942.876000,28347.010000,160.157300,181.291900,307.190000,66.500000,290.950000,,6.772100
2019-02-19,2579.046000,3439.608000,4667.284000,4963.751000,28228.131000,160.141400,181.289000,305.730000,66.440000,291.350000,2779.760010,6.765700
2019-02-20,2588.166000,3451.927000,4667.624000,4967.039000,28514.051000,160.179400,181.360200,305.910000,67.180000,293.350000,2784.699951,6.757700
2019-02-21,2577.226000,3442.706000,4659.143000,4947.658000,28629.920000,160.161300,181.393100,307.000000,66.940000,291.500000,2774.879883,6.720300
2019-02-22,2623.074000,3520.118000,4777.298000,5059.509000,28816.301000,160.131300,181.385400,311.630000,66.910000,289.600000,2792.669922,6.719100
2019-02-25,2787.699000,3729.483000,5044.347000,5324.247000,28959.301000,159.658000,181.395700,322.730000,64.760000,289.300000,2796.110107,6.713200
2019-02-26,2733.901000,3684.694000,5038.544000,5323.757000,28772.061000,159.362200,181.215300,318.990000,65.790000,289.000000,2793.899902,6.688400
2019-02-27,2750.339000,3678.392000,5017.884000,5310.275000,28757.439000,159.521800,181.217700,317.120000,66.470000,288.650000,2792.379883,6.699200
2019-02-28,2743.972000,3669.370000,5025.291000,5330.339000,28633.180000,159.468300,181.184000,317.210000,66.280000,286.850000,2784.489990,6.686200
2019-03-01,2819.468000,3749.714000,5067.225000,5364.366000,28812.170000,159.239300,181.117900,320.760000,64.870000,285.850000,2803.689941,6.693000
2019-03-04,2832.588000,3794.104000,5158.247000,5482.299000,28959.590000,159.289800,181.026900,324.680000,65.550000,281.800000,2792.810059,6.705400
2019-03-05,2828.869000,3816.013000,5295.288000,5654.306000,28961.600000,159.150000,180.933100,327.800000,65.570000,280.800000,2789.649902,6.706300
2019-03-06,2840.272000,3848.090000,5390.029000,5776.973000,29037.600000,159.120300,180.881500,329.460000,65.930000,282.350000,2771.449951,6.706600
2019-03-07,2789.700000,3808.850000,5458.615000,5877.297000,28779.449000,159.364500,180.950100,327.230000,66.220000,280.900000,2748.929932,6.710900
2019-03-08,2685.592000,3657.579000,5245.700000,5633.319000,28228.420000,159.468800,181.067800,319.410000,65.700000,283.550000,2743.070068,6.714100
2019-03-11,2708.598000,3729.955000,5456.381000,5876.342000,28503.301000,159.506900,181.207700,325.090000,66.630000,284.750000,2783.300049,6.720600
2019-03-12,2719.773000,3755.352000,5551.003000,6006.178000,28920.869000,159.487000,181.200000,328.080000,66.820000,284.200000,2791.520020,6.725500
2019-03-13,2723.962000,3724.194000,5424.864000,5866.633000,28807.449000,159.484300,181.202200,324.680000,67.640000,285.650000,2810.919922,6.707600
2019-03-14,2729.132000,3698.486000,5298.502000,5688.950000,28851.391000,159.453800,181.209200,321.340000,67.180000,285.100000,2808.479980,6.706100
2019-03-15,2755.805000,3745.005000,5359.009000,5777.109000,29012.260000,159.460000,181.189300,323.710000,67.020000,284.900000,2822.479980,6.722000
2019-03-18,2825.184000,3851.748000,5501.183000,5916.344000,29409.010000,159.509100,181.268500,329.950000,67.420000,285.200000,2832.939941,6.712800
2019-03-19,2806.896000,3833.963000,5522.180000,5941.909000,29466.279000,159.517000,181.286700,331.480000,67.420000,285.950000,2832.570068,6.703100
2019-03-20,2812.918000,3835.440000,5515.786000,5926.170000,29320.971000,159.491400,181.291200,330.810000,68.300000,285.550000,2824.229980,6.711000
2019-03-21,2802.965000,3836.891000,5589.478000,5990.639000,29071.561000,159.624300,181.337900,333.540000,67.740000,287.400000,2854.879883,6.693600
2019-03-22,2795.391000,3833.801000,5622.140000,6014.546000,29113.359000,159.749800,181.384900,333.190000,67.080000,286.350000,2800.709961,6.698200
2019-03-25,2718.181000,3742.825000,5549.671000,5961.435000,28523.350000,159.921700,181.533100,328.850000,67.300000,288.050000,2798.360107,6.717100
2019-03-26,2706.154000,3700.439000,5394.879000,5788.360000,28566.910000,160.111400,181.609100,322.560000,68.040000,288.300000,2818.459961,6.708400
2019-03-27,2741.591000,3743.388000,5447.880000,5826.527000,28728.250000,160.147400,181.693600,322.980000,67.300000,288.250000,2805.370117,6.714700
2019-03-28,2733.974000,3728.395000,5370.123000,5747.863000,28775.211000,160.224300,181.724300,321.700000,67.310000,287.450000,2815.439941,6.726200
2019-03-29,2838.505000,3872.341000,5547.656000,5911.212000,29051.359000,160.262700,181.815300,328.470000,67.550000,282.000000,2834.399902,6.738100
2019-04-01,2892.619000,3973.928000,5757.838000,6137.733000,29562.020000,159.868900,181.881300,337.010000,69.160000,282.100000,2867.189941,6.711100
2019-04-02,2888.530000,3971.285000,5775.550000,6174.942000,29624.670000,159.645400,181.739900,338.250000,69.570000,282.150000,2867.239990,6.710500
2019-04-03,2920.001000,4022.157000,5836.037000,6237.016000,29986.391000,159.314300,181.672300,339.260000,69.520000,282.900000,2873.399902,6.722400
2019-04-04,2951.985000,4062.231000,5871.558000,6260.070000,29936.320000,159.093600,181.569400,341.220000,69.310000,282.950000,2879.389893,6.701400
2019-04-05,,,,,,,,,70.480000,,2892.739990,6.716600
2019-04-08,2962.275000,4057.229000,5847.630000,6230.214000,30077.150000,159.127000,181.607500,340.010000,71.100000,284.150000,2895.770020,6.716900
2019-04-09,2967.514000,4075.430000,5858.046000,6245.432000,30157.490000,158.793000,181.553300,337.330000,70.830000,284.400000,2878.199951,6.715400
2019-04-10,2979.099000,4085.847000,5850.761000,6235.707000,30119.561000,158.888000,181.479800,335.130000,71.570000,285.800000,2888.209961,6.710800
2019-04-11,2928.427000,3997.578000,5727.175000,6106.950000,29839.449000,159.007800,181.508400,331.690000,70.980000,286.150000,2888.320068,6.715400
2019-04-12,2920.515000,3988.617000,5714.368000,6101.205000,29909.760000,158.935000,181.577600,331.470000,71.550000,283.300000,2907.409912,6.718500
2019-04-15,2924.926000,3975.524000,5655.983000,6052.053000,29810.721000,158.569900,181.418400,330.730000,71.300000,281.750000,2905.580078,6.703200
2019-04-16,3023.025000,4085.789000,5777.011000,6179.801000,30129.869000,158.411800,181.274500,333.090000,71.860000,281.500000,2907.060059,6.707700
2019-04-17,3017.416000,4087.240000,5807.729000,6234.111000,30124.680000,158.392900,181.181900,334.300000,71.640000,280.000000,2900.449951,6.711200
2019-04-18,3004.925000,4072.075000,5775.171000,6202.845000,29963.260000,158.688000,181.207100,333.650000,72.010000,278.200000,2905.030029,6.687200
2019-04-19,3042.432000,4120.608000,5810.180000,6255.252000,,158.741900,181.314300,334.390000,,279.500000,,6.708100
2019-04-22,2970.488000,4025.611000,5723.042000,6192.144000,,158.500400,181.405400,330.640000,74.250000,,2907.969971,6.703400
2019-04-23,2978.845000,4019.005000,5628.062000,6078.267000,29963.240000,158.465700,181.364800,326.990000,74.360000,279.000000,2933.679932,6.708500
2019-04-24,2974.847000,4030.089000,5679.726000,6153.391000,29805.830000,158.299700,181.394000,326.250000,74.480000,278.850000,2927.250000,6.724900
2019-04-25,2927.995000,3941.816000,5458.419000,5899.907000,29549.801000,158.414900,181.392900,321.750000,73.620000,280.400000,2926.169922,6.720900
2019-04-26,2892.857000,3889.275000,5408.031000,5834.377000,29605.010000,158.649700,181.422200,318.550000,71.130000,281.450000,2939.879883,6.742100
2019-04-28,,,,,,158.656400,181.469900,,,,,
2019-04-29,2939.405000,3900.334000,5265.601000,5622.484000,29892.811000,158.588100,181.472200,318.170000,71.420000,281.300000,2943.030029,6.728800
2019-04-30,2945.244000,3913.211000,5307.560000,5682.236000,29699.109000,158.697700,181.528900,320.540000,71.660000,281.600000,2945.830078,6.732400
2019-05-01,,,,,,,,,72.050000,,2923.729980,6.733800
2019-05-02,,,,,29944.180000,,,,70.350000,,2917.520020,6.734000
2019-05-03,,,,,30081.551000,,,,70.780000,,2945.639893,6.733900
2019-05-05,,,,,,158.787000,181.692700,,,,,
2019-05-06,2805.035000,3684.617000,4908.798000,5246.830000,29209.820000,159.119700,181.837500,311.760000,70.980000,282.700000,2932.469971,6.733600
2019-05-07,2806.258000,3720.668000,4973.404000,5312.496000,29363.020000,158.990600,181.978000,313.240000,69.870000,282.400000,2884.050049,6.763600
2019-05-08,2758.244000,3667.457000,4947.742000,5292.746000,29003.199000,159.125700,182.125300,313.690000,70.320000,283.950000,2879.419922,6.776000
2019-05-09,2698.780000,3599.700000,4888.413000,5237.825000,28311.070000,159.283500,182.303300,313.820000,70.320000,284.100000,2870.719971,6.782000
2019-05-10,2793.759000,3730.451000,5064.323000,5445.526000,28550.240000,159.298100,182.406200,319.330000,70.860000,284.450000,2881.399902,6.826500
2019-05-13,2741.112000,3668.726000,5005.904000,5405.615000,,159.512500,182.588200,317.460000,69.950000,289.200000,2811.870117,6.823100
2019-05-14,2724.734000,3645.150000,4965.612000,5368.229000,28122.020000,159.355200,182.708200,318.020000,70.990000,292.750000,2834.409912,6.877300
2019-05-15,2783.544000,3727.092000,5076.555000,5486.387000,28268.711000,159.476600,182.800000,321.040000,71.950000,291.250000,2850.959961,6.874900
2019-05-16,2791.415000,3743.964000,5108.359000,5527.275000,28275.070000,159.652300,182.879400,321.190000,72.770000,292.350000,2876.320068,6.875200
2019-05-17,2735.212000,3648.761000,4942.579000,5330.986000,27946.461000,159.635100,182.943700,318.000000,72.170000,291.700000,2859.530029,6.882800
2019-05-20,2715.432000,3617.792000,4923.559000,5313.149000,27787.609000,159.688700,183.094900,316.380000,72.060000,289.400000,2840.229980,6.917700
2019-05-21,2739.785000,3666.776000,5009.873000,5418.045000,27657.240000,159.601300,183.118400,317.370000,72.040000,289.150000,2864.360107,6.911300
2019-05-22,2725.734000,3649.380000,4976.393000,5395.430000,27705.939000,159.503300,183.100200,317.440000,70.910000,288.900000,2856.270020,
2019-05-23,2685.934000,3583.965000,4872.920000,5267.827000,27267.131000,159.630700,183.167500,315.520000,68.000000,289.350000,2822.239990,6.905400
2019-05-24,2702.025000,3593.914000,4841.757000,5200.774000,27353.930000,159.701400,183.207100,315.260000,69.260000,291.100000,2826.060059,6.909500
2019-05-27,2722.335000,3637.197000,4962.947000,5354.634000,27288.090000,159.480300,183.219400,315.100000,68.680000,291.250000,,6.899300
2019-05-28,2748.799000,3672.261000,4955.486000,5354.525000,27390.811000,159.562600,183.123600,315.340000,68.690000,291.000000,2802.389893,6.897200
2019-05-29,2755.808000,3663.909000,4956.864000,5376.513000,27235.711000,159.894000,183.217400,315.040000,68.170000,291.450000,2783.020020,6.909100
2019-05-30,2742.964000,3641.183000,4926.403000,5341.980000,27114.881000,160.052600,183.277900,313.310000,65.210000,290.100000,2788.860107,6.913400
2019-05-31,2728.946000,3629.789000,4912.001000,5334.248000,26901.090000,160.032200,183.336600,312.850000,61.760000,293.450000,2752.060059,6.900900
2019-06-03,2743.064000,3632.013000,4853.815000,5255.074000,26893.859000,160.251900,183.452000,310.040000,60.890000,296.700000,2744.449951,6.904100
2019-06-04,2721.314000,3598.467000,4795.413000,5160.977000,26761.520000,160.362000,183.479200,307.750000,60.930000,299.750000,2803.270020,6.902800
2019-06-05,2719.595000,3597.105000,4783.825000,5158.465000,26895.439000,160.494600,183.539600,307.370000,59.680000,301.700000,2826.149902,6.907300
2019-06-06,2706.762000,3564.678000,4678.784000,5030.801000,26965.279000,160.544100,183.591800,306.070000,60.560000,301.700000,2843.489990,6.908100
2019-06-07,,,,,,,,,63.320000,,2873.340088,6.909000
2019-06-10,2743.375000,3610.744000,4725.264000,5098.938000,27578.641000,160.463400,183.688200,307.840000,62.860000,300.850000,2886.729980,6.908800
2019-06-11,2812.899000,3719.276000,4901.472000,5289.624000,27789.340000,160.209900,183.702100,312.370000,62.370000,299.550000,2885.719971,6.930100
2019-06-12,2796.732000,3691.096000,4863.492000,5264.886000,27308.461000,160.274600,183.655300,311.320000,60.860000,302.600000,2879.840088,6.910400
2019-06-13,2794.536000,3685.393000,4877.651000,5294.113000,27294.711000,160.366600,183.578700,310.660000,61.350000,303.200000,2891.639893,6.916900
2019-06-14,2785.606000,3654.880000,4795.527000,5173.069000,27118.350000,160.544700,183.463400,309.020000,62.020000,307.750000,2886.979980,6.920800
2019-06-17,2793.704000,3654.825000,4802.819000,5160.673000,27227.160000,160.718600,183.575600,308.780000,60.930000,304.100000,2889.669922,6.924500
2019-06-18,2806.454000,3667.619000,4797.147000,5160.878000,27498.770000,160.732000,183.597300,308.650000,62.260000,306.150000,2917.750000,6.924900
2019-06-19,2842.736000,3715.938000,4858.916000,5234.275000,28202.141000,160.673000,183.666500,310.640000,62.180000,304.300000,2926.459961,6.902300
2019-06-20,2942.629000,3828.518000,4954.734000,5317.310000,28550.430000,160.767100,183.719500,315.440000,64.660000,311.250000,2954.179932,6.902700
2019-06-21,2938.773000,3833.938000,5021.305000,5406.040000,28473.711000,160.845300,183.816400,317.210000,65.280000,313.600000,2950.459961,6.851000
2019-06-24,2949.518000,3841.266000,5024.205000,5403.798000,28513.000000,160.780700,183.944400,316.710000,64.740000,315.800000,2945.350098,6.868900
2019-06-25,2910.121000,3801.310000,4974.988000,5351.690000,28185.980000,160.837200,183.991800,315.080000,65.070000,321.800000,2917.379883,6.876100
2019-06-26,2903.487000,3794.331000,4962.594000,5351.391000,28221.980000,160.820100,184.086800,315.530000,65.500000,316.400000,2913.780029,6.878800
2019-06-27,2937.128000,3834.817000,5007.483000,5397.571000,28621.420000,160.770300,184.146600,317.560000,65.420000,315.600000,2924.919922,6.879100
2019-06-28,2930.598000,3825.587000,4950.480000,5321.433000,28542.619000,160.823600,184.187100,316.790000,64.500000,316.850000,2941.760010,6.867100
2019-07-01,3002.940000,3935.812000,5100.262000,5481.409000,,160.886900,184.341300,319.690000,65.190000,308.850000,2964.330078,6.865800
2019-07-02,2999.076000,3937.169000,5084.410000,5483.515000,28875.561000,161.287200,184.405200,320.390000,62.810000,312.050000,2973.010010,6.850800
2019-07-03,2964.731000,3893.534000,5040.723000,5428.514000,28855.141000,161.436500,184.514300,319.390000,63.830000,321.100000,2995.820068,6.872000
2019-07-04,2953.272000,3873.102000,5025.021000,5404.384000,28795.770000,161.484600,184.591100,318.880000,63.170000,317.650000,,6.880200
2019-07-05,2961.922000,3893.203000,5042.660000,5424.250000,28774.830000,161.353900,184.625300,318.960000,64.380000,318.000000,2990.409912,6.870600
2019-07-08,2897.512000,3802.790000,4870.781000,5244.266000,28331.689000,161.332900,184.659700,315.950000,63.880000,316.350000,2975.949951,6.892600
2019-07-09,2881.552000,3793.130000,4881.624000,5260.344000,28116.279000,161.372500,184.645200,315.890000,64.520000,313.450000,2979.629883,6.880900
2019-07-10,2878.781000,3786.739000,4843.865000,5214.644000,28204.689000,161.360500,184.615600,315.570000,66.690000,313.200000,2993.070068,6.888300
2019-07-11,2887.831000,3785.221000,4844.547000,5206.399000,28431.801000,161.386800,184.643800,315.430000,66.780000,319.000000,2999.909912,6.872200
2019-07-12,2902.130000,3808.731000,4861.568000,5219.189000,28471.619000,161.491800,184.659500,317.160000,66.910000,316.650000,3013.770020,6.869200
2019-07-15,2902.610000,3824.188000,4925.324000,5273.815000,28554.881000,161.438400,184.736300,317.750000,66.160000,317.750000,3014.300049,6.879800
2019-07-16,2884.561000,3806.845000,4932.046000,5285.229000,28619.619000,161.451100,184.752300,317.580000,64.350000,317.750000,3004.040039,6.876900
2019-07-17,2875.030000,3804.638000,4929.085000,5289.424000,28593.170000,161.455000,184.740100,318.220000,63.560000,315.800000,2984.419922,6.875300
2019-07-18,2859.165000,3768.402000,4844.109000,5194.602000,28461.660000,161.537400,184.759300,317.340000,62.520000,319.100000,2995.110107,6.872800
2019-07-19,2895.625000,3807.955000,4878.690000,5220.027000,28765.400000,161.602300,184.790000,318.200000,62.500000,323.300000,2976.610107,6.879100
2019-07-22,2881.904000,3781.683000,4776.575000,5073.333000,28371.260000,161.696300,184.878500,317.350000,63.300000,320.650000,2985.030029,6.881100
2019-07-23,2881.098000,3789.914000,4823.918000,5131.097000,28466.480000,161.730500,184.917900,317.560000,64.200000,318.700000,3005.469971,6.880100
2019-07-24,2906.550000,3819.833000,4873.027000,5194.829000,28524.039000,161.702100,184.974700,318.320000,63.100000,319.650000,3019.560059,6.878300
2019-07-25,2931.176000,3851.067000,4891.643000,5211.086000,28594.301000,161.730800,184.989600,320.340000,62.910000,320.300000,3003.669922,6.871500
2019-07-26,2939.355000,3858.569000,4898.110000,5216.602000,28397.740000,161.729500,185.025400,322.620000,63.160000,319.100000,3025.860107,6.871600
2019-07-29,2930.489000,3854.270000,4897.018000,5218.983000,28106.410000,161.728200,185.096800,323.300000,63.720000,319.600000,3020.969971,6.878200
2019-07-30,2944.025000,3870.318000,4922.918000,5239.718000,28146.500000,161.717300,185.089100,324.770000,64.930000,320.850000,3013.179932,6.892400
2019-07-31,2912.661000,3835.359000,4903.203000,5200.095000,27777.750000,161.824500,185.132100,324.670000,64.200000,322.250000,2980.379883,6.883600
2019-08-01,2887.867000,3803.469000,4870.469000,5173.229000,27565.699000,161.932200,185.176900,323.890000,61.020000,316.600000,2953.560059,6.883400
2019-08-02,2843.770000,3747.438000,4809.920000,5091.063000,26918.580000,162.256500,185.272400,322.720000,61.120000,324.250000,2932.050049,6.897800
2019-08-05,2786.720000,3675.688000,4751.985000,5032.642000,26151.320000,162.520900,185.441900,319.900000,60.050000,334.000000,2844.739990,6.939200
2019-08-06,2760.680000,3636.329000,4650.563000,4899.816000,25976.240000,162.512400,185.529300,319.020000,58.600000,335.550000,2881.770020,7.049700
2019-08-07,2747.249000,3621.431000,4626.364000,4885.440000,25997.029000,162.560700,185.614900,320.390000,57.430000,341.800000,2883.979980,7.025600
2019-08-08,2786.872000,3669.294000,4656.101000,4923.327000,26120.770000,162.566400,185.690800,321.800000,57.740000,344.350000,2938.090088,7.059100
2019-08-09,2772.149000,3633.530000,4600.353000,4869.792000,25939.301000,162.763500,185.743600,321.830000,58.380000,345.900000,2918.649902,7.044300
2019-08-12,2824.804000,3699.105000,4685.045000,4952.217000,25824.721000,162.720300,185.826700,323.760000,58.350000,344.250000,2882.699951,7.061500
2019-08-13,2792.914000,3665.752000,4658.388000,4928.465000,25281.301000,162.878900,185.901000,323.000000,60.880000,352.300000,2926.320068,7.057200
2019-08-14,2804.355000,3682.402000,4683.840000,4961.751000,25302.279000,162.883800,185.963800,323.320000,58.950000,342.950000,2840.600098,7.033500
2019-08-15,2814.388000,3694.001000,4706.550000,4985.421000,25495.461000,162.901900,186.068400,323.810000,58.330000,347.400000,2847.600098,7.023500
2019-08-16,2824.226000,3710.539000,4722.663000,5013.582000,25734.221000,162.832000,186.088900,324.650000,58.640000,347.750000,2888.679932,7.024000
2019-08-19,2877.231000,3791.095000,4875.036000,5173.177000,26291.840000,162.899100,186.160800,327.290000,59.710000,346.400000,2923.649902,7.041900
2019-08-20,2875.653000,3787.732000,4872.606000,5185.265000,26231.539000,162.865000,186.221200,327.050000,60.050000,344.750000,2900.510010,7.049800
2019-08-21,2869.220000,3781.758000,4882.721000,5186.622000,26270.039000,162.700100,186.230300,326.910000,60.370000,345.350000,2924.429932,7.059600
2019-08-22,2878.005000,3793.506000,4887.914000,5208.552000,26048.721000,162.717500,186.265600,326.250000,60.050000,346.450000,2922.949951,7.062400
2019-08-23,2917.377000,3820.864000,4887.902000,5197.548000,26179.330000,162.710200,186.266400,327.630000,58.790000,346.250000,2847.110107,7.082700
2019-08-26,2863.479000,3765.911000,4855.458000,5168.680000,25680.330000,162.865200,186.374200,325.480000,58.820000,358.250000,2878.379883,7.095000
2019-08-27,2887.239000,3816.946000,4936.124000,5266.658000,25664.070000,162.838700,186.374500,327.190000,60.050000,358.700000,2869.159912,7.150300
2019-08-28,2867.027000,3802.584000,4928.194000,5256.177000,25615.480000,162.809200,186.392700,327.430000,59.830000,358.850000,2887.939941,7.161400
2019-08-29,2855.450000,3790.187000,4934.184000,5260.950000,25703.500000,163.004400,186.462000,326.890000,60.350000,362.800000,2924.580078,7.155300
2019-08-30,2872.401000,3799.586000,4886.494000,5182.956000,25724.730000,162.806800,186.473100,326.850000,59.130000,356.700000,2926.459961,7.143600
2019-09-02,2894.958000,3848.320000,5008.296000,5317.533000,25626.551000,162.761300,186.556100,328.880000,58.600000,355.800000,,7.155700
2019-09-03,2892.182000,3853.611000,5044.181000,5357.060000,25527.850000,162.739900,186.552700,329.120000,58.190000,357.450000,2906.270020,7.171000
2019-09-04,2919.678000,3886.001000,5093.266000,5394.706000,26523.230000,162.823700,186.567700,329.780000,60.430000,359.000000,2937.780029,7.178000
2019-09-05,2955.840000,3925.323000,5138.405000,5445.574000,26515.529000,163.157100,186.640900,332.760000,60.750000,360.900000,2976.000000,7.145100
2019-09-06,2981.073000,3948.508000,5154.638000,5468.459000,26690.760000,163.251200,186.666100,334.270000,61.770000,349.200000,2978.709961,7.147700
2019-09-09,2981.586000,3972.948000,5263.459000,5602.242000,26681.400000,163.182800,186.766100,336.500000,62.620000,350.600000,2978.429932,7.114700
2019-09-10,2969.805000,3959.265000,5245.305000,5614.576000,26683.680000,163.057900,186.821200,335.880000,62.680000,344.850000,2979.389893,7.121100
2019-09-11,2957.144000,3930.100000,5217.291000,5566.408000,27159.061000,163.072200,186.858100,334.830000,61.000000,345.950000,3000.929932,7.111700
2019-09-12,2999.562000,3972.380000,5242.612000,5592.922000,27087.631000,162.861100,186.894000,335.180000,60.440000,346.150000,3009.570068,7.115800
2019-09-13,,,,,27352.689000,,,,60.180000,,3007.389893,7.078400
2019-09-16,2982.448000,3957.715000,5250.340000,5627.235000,27124.551000,162.908700,187.004300,333.970000,66.360000,346.250000,2997.959961,7.078400
2019-09-17,2937.008000,3891.221000,5140.450000,5492.222000,26790.240000,162.862700,187.025900,330.150000,64.140000,344.950000,3005.699951,7.066400
2019-09-18,2954.358000,3910.084000,5141.038000,5485.879000,26754.119000,162.781700,187.067000,330.340000,62.600000,346.500000,3006.729980,7.090900
2019-09-19,2956.829000,3924.382000,5191.669000,5550.407000,26468.949000,162.804000,187.035500,331.400000,64.800000,346.000000,3006.790039,7.085000
2019-09-20,2963.435000,3935.651000,5204.485000,5556.478000,26435.670000,162.918300,187.024900,332.100000,64.430000,346.700000,2992.070068,7.095600
2019-09-23,2930.913000,3890.662000,5171.484000,5501.215000,26222.400000,162.975500,187.094300,330.400000,63.260000,350.300000,2991.780029,7.090600
2019-09-24,2940.081000,3901.076000,5180.742000,5528.893000,26281.000000,162.918500,187.111200,330.460000,61.360000,352.050000,2966.600098,7.117600
2019-09-25,2928.835000,3870.984000,5087.009000,5421.625000,25945.350000,162.951500,187.142000,329.410000,61.560000,353.850000,2984.870117,7.115500
2019-09-26,2927.877000,3841.139000,4970.240000,5244.077000,26041.930000,162.867900,187.170900,328.190000,61.590000,349.550000,2977.620117,7.130800
2019-09-27,2929.466000,3852.653000,5005.630000,5291.436000,25954.811000,162.812000,187.198400,328.660000,61.140000,346.350000,2961.790039,7.131600
2019-09-29,,,,,,162.899100,187.237100,,,,,
2019-09-30,2897.703000,3814.528000,4940.903000,5232.387000,26092.270000,162.834500,187.296500,328.270000,59.380000,345.050000,2976.739990,7.121800
2019-10-01,,,,,,,,,59.200000,,2940.250000,7.147500
2019-10-02,,,,,26042.689000,,,,57.520000,,2887.610107,7.147400
2019-10-03,,,,,26110.311000,,,,57.590000,,2910.629883,7.147600
2019-10-04,,,,,25821.029000,,,,58.430000,,2952.010010,7.147500
2019-10-07,,,,,,,,,58.410000,,2938.790039,7.147400
2019-10-08,2922.348000,3837.679000,4941.761000,5237.182000,25893.400000,163.113000,187.499100,328.530000,58.120000,344.500000,2893.060059,7.147400
2019-10-09,2922.980000,3843.239000,4982.954000,5285.149000,25682.811000,163.134700,187.533700,329.610000,58.260000,349.500000,2919.399902,7.143500
2019-10-10,2940.800000,3874.639000,5046.359000,5366.925000,25707.930000,163.069900,187.568700,331.440000,59.530000,347.700000,2938.129883,7.131400
2019-10-11,2983.120000,3911.725000,5055.517000,5370.654000,26308.439000,162.940000,187.581700,333.140000,60.600000,345.850000,2970.270020,7.115500
2019-10-12,,,,,,162.862500,187.592100,,,,,
2019-10-14,3013.533000,3953.241000,5131.131000,5455.606000,26521.850000,162.892400,187.617000,336.080000,59.150000,340.700000,2966.149902,7.087200
2019-10-15,3015.420000,3936.250000,5061.003000,5375.529000,26503.930000,162.874300,187.617800,334.750000,58.840000,341.650000,2995.679932,7.066600
2019-10-16,3004.723000,3922.685000,5038.356000,5353.015000,26664.279000,163.026100,187.633000,334.040000,59.050000,340.200000,2989.689941,7.080800
2019-10-17,3011.754000,3925.222000,5029.854000,5347.267000,26848.490000,163.131100,187.662100,333.620000,59.850000,342.700000,2997.949951,7.092700
2019-10-18,2963.175000,3869.378000,4961.807000,5280.532000,26719.580000,163.128400,187.692000,332.460000,59.300000,342.000000,2986.199951,7.076400
2019-10-21,2968.905000,3880.840000,4951.035000,5247.298000,26725.680000,162.888600,187.747700,331.650000,59.060000,341.750000,3006.719971,7.080700
2019-10-22,2973.217000,3895.881000,5005.553000,5312.458000,26786.199000,162.829600,187.739300,332.330000,59.540000,340.450000,2995.989990,7.066300
2019-10-23,2954.305000,3871.085000,4967.195000,5269.723000,26566.730000,162.898500,187.737000,331.410000,61.070000,341.950000,3004.520020,7.076200
2019-10-24,2959.032000,3870.668000,4958.247000,5259.455000,26797.949000,162.928200,187.698800,331.380000,61.390000,341.500000,3010.290039,7.064600
2019-10-25,2967.052000,3896.792000,4994.568000,5300.094000,26667.391000,162.904200,187.705600,332.570000,61.650000,344.650000,3022.550049,7.068100
2019-10-28,2981.362000,3926.585000,5084.468000,5425.754000,26891.260000,162.612800,187.743500,334.120000,61.130000,344.600000,3039.419922,7.064700
2019-10-29,2968.283000,3910.226000,5007.713000,5366.754000,26786.760000,162.570200,187.710800,333.740000,61.250000,340.900000,3036.889893,7.066900
2019-10-30,2952.118000,3891.226000,4947.895000,5313.417000,26667.711000,162.375500,187.661000,331.410000,60.170000,340.550000,3046.770020,7.064900
2019-10-31,2954.734000,3886.752000,4917.417000,5253.881000,26906.721000,162.623300,187.548900,329.990000,59.460000,341.100000,3037.560059,7.054400
2019-11-01,3002.649000,3952.387000,4962.350000,5303.991000,27100.760000,162.771600,187.596600,331.620000,61.520000,344.050000,3066.909912,7.038200
2019-11-04,3022.275000,3978.122000,4987.836000,5337.083000,27547.301000,162.648700,187.680900,332.730000,62.110000,343.700000,3078.270020,7.036400
2019-11-05,3039.977000,4002.813000,5025.303000,5352.061000,27683.400000,162.876800,187.717600,335.350000,62.920000,341.400000,3074.620117,7.029400
2019-11-06,3032.792000,3984.882000,4974.734000,5304.838000,27688.641000,162.862500,187.818900,335.210000,61.740000,336.550000,3076.780029,7.008800
2019-11-07,3033.299000,3991.875000,5007.067000,5340.171000,27847.230000,162.918200,187.896100,336.020000,62.310000,338.350000,3085.179932,6.997200
2019-11-08,3012.459000,3973.011000,4988.294000,5321.778000,27651.141000,162.878600,187.943100,335.610000,62.540000,332.100000,3093.080078,
2019-11-11,2965.708000,3902.978000,4876.159000,5183.571000,26926.551000,163.039600,188.058200,333.360000,62.250000,331.500000,3087.010010,6.995000
2019-11-12,2971.361000,3903.689000,4881.614000,5196.715000,27065.279000,163.123500,188.127000,332.600000,61.980000,328.300000,3091.840088,7.009600
2019-11-13,2967.670000,3899.982000,4875.543000,5181.492000,26571.461000,163.157700,188.178100,332.440000,62.590000,331.850000,3094.040039,7.006800
2019-11-14,2968.569000,3905.857000,4912.108000,5216.644000,26323.689000,163.135800,188.220900,332.780000,62.410000,332.700000,3096.629883,7.022600
2019-11-15,2954.701000,3877.089000,4868.437000,5152.564000,26326.660000,163.190100,188.256000,331.530000,63.390000,331.900000,3120.459961,7.019800
2019-11-18,2980.946000,3907.929000,4892.461000,5189.352000,26681.090000,163.473500,188.398300,332.820000,62.270000,332.050000,3122.030029,7.007300
2019-11-19,3000.745000,3947.039000,4975.113000,5286.149000,27093.801000,163.682200,188.469200,334.460000,60.780000,334.050000,3120.179932,7.025000
2019-11-20,2968.124000,3907.864000,4946.276000,5259.470000,26889.609000,163.766000,188.570600,333.760000,62.440000,336.500000,3108.459961,7.026800
2019-11-21,2949.337000,3889.598000,4945.719000,5250.665000,26466.881000,163.836300,188.671500,332.820000,63.730000,336.000000,3103.540039,7.035000
2019-11-22,2922.267000,3849.995000,4904.083000,5181.109000,26595.080000,163.856700,188.717900,332.040000,63.500000,334.950000,3110.290039,7.028200
2019-11-25,2951.247000,3878.206000,4901.502000,5151.368000,26993.039000,163.733300,188.808600,332.730000,62.440000,332.650000,3133.639893,7.038300
2019-11-26,2946.567000,3891.653000,4882.162000,5147.728000,26913.920000,163.812400,188.845500,332.900000,63.020000,332.350000,3140.520020,7.035500
2019-11-27,2944.322000,3875.619000,4904.257000,5145.967000,26954.000000,163.823700,188.881700,332.330000,63.070000,333.150000,3153.629883,7.032500
2019-11-28,2930.482000,3862.303000,4889.260000,5131.128000,26893.730000,163.865300,188.914700,331.720000,63.280000,332.050000,,7.027900
2019-11-29,2894.715000,3828.671000,4894.942000,5126.615000,26346.490000,163.927000,188.932200,331.450000,60.720000,333.100000,3140.979980,7.034400
2019-12-02,2899.439000,3836.059000,4905.421000,5137.784000,26444.721000,163.793500,189.033000,331.490000,60.870000,333.500000,3113.870117,7.031500
2019-12-03,2909.623000,3851.087000,4926.455000,5171.356000,26391.301000,163.805200,189.049000,331.850000,61.160000,334.200000,3093.199951,7.038300
2019-12-04,2901.066000,3849.819000,4920.668000,5179.694000,26062.561000,163.937700,189.081000,331.680000,63.000000,340.400000,3112.760010,7.060200
2019-12-05,2921.947000,3879.364000,4967.602000,5238.130000,26217.039000,163.972200,189.127000,333.110000,63.210000,338.750000,3117.429932,7.048900
2019-12-06,2939.818000,3902.385000,5010.510000,5275.510000,26498.369000,163.983400,189.151000,334.040000,64.270000,336.400000,3145.909912,7.043800
2019-12-09,2933.042000,3895.447000,5024.604000,5294.282000,26494.730000,164.010900,189.245000,333.930000,64.040000,333.600000,3135.959961,7.034300
2019-12-10,2936.993000,3900.384000,5049.051000,5326.361000,26436.619000,163.974500,189.285300,334.680000,64.130000,333.900000,3132.520020,7.038200
2019-12-11,2949.647000,3902.749000,5027.278000,5304.882000,26645.430000,164.069500,189.343100,335.380000,63.950000,334.120000,3141.629883,7.033300
2019-12-12,2938.044000,3891.024000,5012.001000,5304.423000,26994.141000,164.147100,189.386200,335.470000,64.420000,336.020000,3168.570068,7.037800
2019-12-13,3006.313000,3968.221000,5073.686000,5375.977000,27687.760000,164.146800,189.413400,338.070000,64.920000,331.760000,3168.800049,7.019500
2019-12-16,2999.202000,3987.546000,5166.039000,5476.988000,27508.090000,164.173600,189.496800,341.130000,65.280000,335.320000,3191.449951,6.971900
2019-12-17,3033.142000,4041.800000,5236.062000,5545.618000,27843.711000,164.141400,189.508300,343.860000,65.790000,335.140000,3192.520020,6.981600
2019-12-18,3025.785000,4032.783000,5235.125000,5543.787000,27884.211000,164.149600,189.526400,344.450000,66.120000,335.600000,3191.139893,6.996200
2019-12-19,3017.713000,4027.150000,5241.738000,5568.113000,27800.490000,164.206000,189.543900,344.180000,66.560000,335.180000,3205.370117,7.004000
2019-12-20,3012.626000,4017.253000,5184.675000,5501.158000,27871.350000,164.429500,189.578600,344.010000,66.040000,336.080000,3221.219971,7.009400
2019-12-23,2984.243000,3967.096000,5084.351000,5377.087000,27906.410000,164.666000,189.679000,342.500000,65.580000,337.180000,3224.010010,7.005700
2019-12-24,2996.765000,3992.958000,5162.070000,5471.735000,27864.211000,164.795400,189.735800,344.010000,67.200000,338.680000,3223.379883,7.011800
2019-12-25,2986.004000,3990.867000,5183.099000,5504.417000,,164.935600,189.780000,344.350000,,340.620000,,7.006400
2019-12-26,3011.636000,4025.988000,5219.140000,5543.664000,,165.177100,189.835900,346.410000,66.780000,340.920000,3239.909912,6.988300
2019-12-27,3017.779000,4022.028000,5179.193000,5498.925000,28225.420000,165.215100,189.901400,346.200000,66.850000,345.300000,3240.020020,6.996300
2019-12-30,3062.750000,4081.633000,5241.938000,5529.996000,28319.391000,165.260800,190.002800,347.870000,66.670000,345.460000,3221.290039,6.994800
2019-12-31,3063.219000,4096.582000,5267.662000,5567.033000,28189.750000,165.332100,190.039300,349.910000,66.020000,347.480000,3230.780029,6.985700
2020-01-01,,,,,,,,,,,,6.962300
2020-01-02,3090.833000,4152.241000,5366.138000,5676.558000,28543.520000,165.218000,190.120400,353.840000,66.290000,346.240000,3257.850098,6.962200
2020-01-03,3078.279000,4144.965000,5380.637000,5706.044000,28451.500000,165.118000,190.191300,354.530000,68.670000,351.160000,3234.850098,6.963400
2020-01-06,3056.836000,4129.295000,5434.850000,5764.733000,28226.189000,165.213300,190.321700,354.550000,68.530000,358.340000,3246.280029,6.964500
2020-01-07,3074.015000,4160.227000,5499.840000,5852.361000,28322.061000,165.236500,190.357600,355.370000,68.510000,354.940000,3237.179932,6.974500
2020-01-08,3037.853000,4112.317000,5423.797000,5772.474000,28087.920000,165.296400,190.410900,353.490000,65.770000,360.680000,3253.050049,6.944400
2020-01-09,3067.546000,4164.370000,5497.543000,5864.182000,28561.000000,165.354600,190.465000,354.850000,65.320000,348.040000,3274.699951,6.945200
2020-01-10,3067.881000,4163.185000,5480.228000,5851.893000,28638.199000,165.540300,190.540000,353.190000,65.080000,349.300000,3265.350098,6.951700
2020-01-13,3090.128000,4203.988000,5559.627000,5926.722000,28954.939000,165.556100,190.668100,354.160000,64.230000,349.420000,3288.129883,6.909300
2020-01-14,3080.602000,4189.886000,5542.332000,5914.113000,28885.141000,165.485300,190.707500,354.170000,64.410000,344.700000,3283.149902,6.892700
2020-01-15,3058.008000,4166.734000,5530.027000,5913.518000,28773.590000,165.496500,190.740100,352.650000,64.240000,347.540000,3289.290039,6.900300
2020-01-16,3043.093000,4149.043000,5527.668000,5902.132000,28883.039000,165.525800,190.773800,351.990000,64.670000,347.960000,3316.810059,6.889800
2020-01-17,3053.173000,4154.853000,5510.045000,5879.412000,29056.420000,165.671900,190.812200,352.950000,65.150000,347.780000,3329.620117,6.878100
2020-01-19,,,,,,165.723300,190.847400,,,,,
2020-01-20,3065.991000,4185.830000,5587.536000,5954.867000,28795.910000,165.894400,190.910700,355.890000,65.200000,347.940000,,6.858700
2020-01-21,3012.112000,4114.309000,5523.942000,5901.859000,27985.330000,166.180500,190.967800,354.800000,64.480000,351.340000,3320.790039,6.865800
2020-01-22,3017.879000,4131.931000,5575.513000,5919.587000,28341.039000,166.210800,191.037400,354.950000,62.660000,348.320000,3321.750000,6.904800
2020-01-23,2932.493000,4003.901000,5377.741000,5699.008000,27909.119000,166.509300,191.070900,350.420000,62.050000,350.720000,3325.540039,6.905700
2020-01-24,,,,,27949.641000,,,,60.680000,,3295.469971,6.935600
2020-01-27,,,,,,,,,58.060000,,3243.629883,6.935700
2020-01-28,,,,,,,,,59.300000,,3276.239990,6.935700
2020-01-29,,,,,27160.631000,,,,58.670000,,3273.399902,6.935700
2020-01-30,,,,,26449.131000,,,,58.090000,,3283.659912,6.935700
2020-01-31,,,,,26312.631000,,,,56.650000,,3225.520020,6.935700
2020-02-03,2727.093000,3688.358000,4910.901000,5200.162000,26356.980000,167.716200,192.049000,338.050000,54.190000,359.300000,3248.919922,6.935700
2020-02-04,2794.661000,3785.638000,4996.474000,5212.100000,26675.980000,167.751100,192.036900,344.850000,53.790000,356.200000,3297.590088,7.020600
2020-02-05,2812.899000,3828.527000,5123.962000,5348.341000,26786.740000,167.722100,192.108200,347.480000,55.560000,354.220000,3334.689941,6.997500
2020-02-06,2854.888000,3899.775000,5282.892000,5515.641000,27493.699000,167.813700,192.157400,350.230000,55.050000,352.400000,3345.780029,6.972800
2020-02-07,2851.711000,3899.869000,5327.037000,5583.596000,27404.270000,168.025400,192.249600,349.640000,54.470000,354.300000,3327.709961,6.969800
2020-02-10,2850.064000,3916.005000,5388.435000,5661.562000,27241.340000,168.213600,192.433600,351.030000,53.350000,355.560000,3352.090088,7.000600
2020-02-11,2879.858000,3952.464000,5361.277000,5623.259000,27583.881000,168.101800,192.490100,352.450000,54.250000,354.600000,3357.750000,6.983500
2020-02-12,2895.586000,3984.433000,5459.946000,5754.258000,27823.660000,168.001200,192.627200,356.350000,56.340000,354.000000,3379.449951,6.964900
2020-02-13,2875.479000,3959.919000,5412.842000,5707.533000,27730.000000,167.982000,192.712400,355.240000,56.460000,356.520000,3373.939941,6.971000
2020-02-14,2895.064000,3987.734000,5420.803000,5727.829000,27815.600000,167.991000,192.822100,355.060000,57.230000,356.780000,3380.159912,6.976400
2020-02-17,2950.070000,4077.424000,5594.437000,5936.483000,27959.600000,167.818600,192.955400,359.110000,57.530000,357.900000,,6.986100
2020-02-18,2924.398000,4057.511000,5660.814000,6072.193000,27530.199000,167.788700,193.005900,360.410000,57.660000,359.680000,3370.290039,6.979300
2020-02-19,2923.763000,4051.311000,5603.263000,6018.051000,27655.811000,167.785800,193.089000,360.210000,59.330000,364.060000,3386.149902,6.996200
2020-02-20,2978.183000,4144.656000,5706.713000,6134.388000,27609.160000,167.658400,193.166600,362.890000,59.130000,365.060000,3373.229980,6.997200
2020-02-21,2968.138000,4149.490000,5784.032000,6243.478000,27308.811000,167.777400,193.211000,364.810000,58.420000,371.900000,3337.750000,7.022400
2020-02-24,2930.033000,4132.839000,5865.467000,6380.415000,26820.881000,168.041900,193.327900,366.220000,55.530000,379.700000,3225.889893,7.026200
2020-02-25,2909.324000,4123.854000,5897.722000,6407.143000,26893.230000,168.050700,193.405000,365.770000,54.160000,371.740000,3128.209961,7.028400
2020-02-26,2901.673000,4073.015000,5743.393000,6221.835000,26696.490000,168.120600,193.478600,363.360000,52.780000,374.260000,3116.389893,7.036400
2020-02-27,2912.036000,4084.876000,5753.728000,6232.089000,26778.619000,168.322600,193.561000,362.960000,50.950000,374.300000,2978.760010,7.039800
2020-02-28,2821.042000,3940.049000,5451.290000,5870.966000,26129.930000,168.748300,193.635500,357.460000,49.920000,369.980000,2954.219971,7.003500
2020-03-02,2907.886000,4069.666000,5656.419000,6113.411000,26291.680000,168.745900,193.758200,359.930000,53.060000,361.240000,3090.229980,6.990900
2020-03-03,2921.444000,4091.362000,5710.024000,6195.892000,26284.820000,168.749300,193.794900,361.390000,51.600000,360.260000,3003.370117,6.999800
2020-03-04,2947.567000,4115.052000,5716.511000,6226.533000,26222.070000,169.098600,193.937700,361.340000,51.500000,368.540000,3130.120117,6.961000
2020-03-05,3018.070000,4206.725000,5801.120000,6315.835000,26767.869000,169.110600,193.984900,365.780000,50.160000,368.620000,3023.939941,6.965400
2020-03-06,2964.835000,4138.507000,5763.860000,6296.739000,26146.670000,169.499000,194.027400,365.480000,45.440000,376.080000,2972.370117,6.936000
2020-03-09,2868.830000,3997.133000,5525.817000,6049.621000,25040.461000,170.243300,194.269800,359.040000,33.300000,373.420000,2746.560059,6.931100
2020-03-10,2924.217000,4082.732000,5675.111000,6206.408000,25392.510000,169.728400,194.229100,361.810000,37.780000,368.640000,2882.229980,6.945600
2020-03-11,2888.361000,4028.429000,5589.531000,6122.909000,25231.609000,169.702400,194.156500,361.320000,35.830000,371.220000,2741.379883,6.955600
2020-03-12,2841.982000,3950.911000,5493.884000,5999.640000,24309.070000,169.617900,194.158100,358.570000,34.520000,367.260000,2480.639893,6.959600
2020-03-13,2798.770000,3895.313000,5457.201000,5945.465000,24032.910000,169.184000,193.936600,356.400000,36.320000,356.400000,2711.020020,7.028600
2020-03-16,2694.023000,3727.840000,5200.114000,5657.775000,23063.570000,169.290800,193.873000,350.830000,29.720000,347.180000,2386.129883,7.007200
2020-03-17,2685.591000,3709.682000,5212.062000,5642.919000,23263.730000,169.169200,193.757100,349.590000,28.800000,330.880000,2529.189941,6.992700
2020-03-18,2625.747000,3636.257000,5119.472000,5556.108000,22291.820000,169.143800,193.787300,349.060000,28.200000,339.080000,2398.100098,7.006200
2020-03-19,2569.789000,3589.093000,5157.824000,5617.195000,21709.131000,169.110700,193.774500,348.090000,28.080000,336.620000,2409.389893,7.046400
2020-03-20,2628.416000,3653.224000,5219.281000,5670.471000,22805.070000,169.212900,193.781500,353.100000,29.350000,339.780000,2304.919922,7.107700
2020-03-23,2559.619000,3530.306000,4998.910000,5416.571000,21696.131000,169.591900,193.933800,346.480000,29.790000,339.620000,2237.399902,7.094800
2020-03-24,2639.383000,3625.115000,5096.041000,5517.255000,22663.490000,169.658500,194.051400,348.420000,30.210000,358.460000,2447.330078,7.091300
2020-03-25,2700.187000,3722.518000,5217.424000,5646.625000,23527.189000,169.785100,194.071500,354.100000,30.050000,364.400000,2475.560059,7.062000
2020-03-26,2689.280000,3698.047000,5166.109000,5595.433000,23352.340000,170.246300,194.122200,352.570000,29.310000,363.340000,2630.070068,7.113500
2020-03-27,2701.445000,3710.061000,5137.337000,5553.612000,23484.279000,170.173700,194.203400,351.490000,28.250000,367.580000,2541.469971,7.073100
2020-03-30,2690.042000,3674.111000,5027.486000,5415.411000,23175.109000,170.281900,194.250400,350.170000,26.450000,364.700000,2626.649902,7.095300
2020-03-31,2689.379000,3686.155000,5041.453000,5427.132000,23603.480000,170.629700,194.302600,349.970000,25.820000,364.900000,2584.590088,7.099200
2020-04-01,2682.080000,3675.076000,5019.219000,5403.303000,23085.789000,170.932500,194.361700,350.230000,25.560000,358.620000,2470.500000,7.081400
2020-04-02,2719.886000,3734.531000,5147.202000,5538.604000,23280.061000,170.732600,194.443400,350.850000,29.650000,360.700000,2526.899902,7.099300
2020-04-03,2708.825000,3713.218000,5107.039000,5507.119000,23236.109000,170.803000,194.444700,349.390000,34.590000,363.480000,2488.649902,7.083200
2020-04-06,,,,,23749.119000,,,,33.270000,,2663.679932,7.091300
2020-04-07,2757.406000,3798.021000,5267.073000,5695.169000,24253.289000,171.919000,194.885500,353.070000,32.360000,373.880000,2659.409912,7.091300
2020-04-08,2743.887000,3780.345000,5271.796000,5718.128000,23970.369000,172.621000,195.161000,352.710000,33.560000,370.200000,2749.979980,7.044800
2020-04-09,2752.588000,3792.811000,5322.461000,5789.265000,24300.330000,172.574500,195.328200,353.370000,31.610000,371.460000,2789.820068,7.064900
2020-04-10,2749.847000,3769.178000,5208.510000,5637.532000,,172.467400,195.385700,350.550000,,373.740000,,7.042200
2020-04-13,2739.167000,3753.257000,5169.176000,5578.856000,,172.602700,195.440100,347.340000,31.830000,373.260000,2761.629883,7.035100
2020-04-14,2785.720000,3825.699000,5288.593000,5692.001000,24435.400000,172.814800,195.487200,348.660000,31.720000,377.600000,2846.060059,7.051600
2020-04-15,2764.488000,3797.362000,5268.750000,5657.948000,24145.340000,173.066900,195.393400,348.500000,27.900000,376.320000,2783.360107,7.048300
2020-04-16,2768.262000,3802.381000,5316.971000,5700.960000,24006.449000,173.290400,195.475500,349.940000,28.310000,379.380000,2799.550049,7.066500
2020-04-17,2809.076000,3839.487000,5318.455000,5710.053000,24380.000000,173.262800,195.553600,350.830000,28.260000,372.180000,2874.560059,7.078800
2020-04-20,2819.794000,3853.455000,5381.786000,5803.402000,24330.020000,173.210300,195.582300,352.030000,26.000000,370.800000,2823.159912,7.072200
2020-04-21,2784.533000,3808.047000,5343.881000,5773.008000,23793.551000,173.368200,195.635700,351.150000,19.340000,374.420000,2736.560059,7.072400
2020-04-22,2804.237000,3839.383000,5387.623000,5826.560000,23893.359000,173.910400,195.654600,352.300000,20.550000,373.180000,2799.310059,7.070800
2020-04-23,2797.661000,3829.753000,5357.790000,5789.482000,23977.320000,174.232200,195.836800,351.940000,24.950000,379.800000,2797.800049,7.083100
2020-04-24,2776.025000,3796.972000,5273.547000,5675.510000,23831.330000,174.451400,195.930200,350.140000,25.070000,382.780000,2836.739990,7.065200
2020-04-26,,,,,,174.444500,195.998600,,,,,
2020-04-27,2805.220000,3822.769000,5265.725000,5645.657000,24280.141000,174.460200,196.017600,351.110000,22.950000,380.140000,2878.479980,7.080900
2020-04-28,2825.139000,3849.147000,5227.846000,5561.198000,24575.961000,174.542300,196.024200,350.990000,23.160000,377.100000,2863.389893,7.085300
2020-04-29,2844.814000,3867.032000,5226.812000,5547.628000,24643.590000,174.958500,196.072900,351.210000,24.400000,378.740000,2939.510010,7.078100
2020-04-30,2861.908000,3912.577000,5353.860000,5678.166000,,174.891900,196.116400,353.380000,26.610000,380.280000,2912.429932,7.075400
2020-05-01,,,,,,,,,26.600000,,2830.709961,7.061300
2020-05-04,,,,,23613.801000,,,,27.960000,,2842.739990,7.061500
2020-05-05,,,,,23868.660000,,,,31.980000,,2868.439941,7.061500
2020-05-06,2863.845000,3936.254000,5451.316000,5802.419000,24137.480000,174.569900,196.233400,354.160000,29.830000,380.080000,2848.419922,7.061500
2020-05-07,2854.423000,3924.895000,5445.752000,5795.872000,23980.631000,174.041400,196.118100,352.620000,29.340000,378.180000,2881.189941,7.103600
2020-05-08,2873.013000,3963.622000,5507.697000,5862.767000,24230.170000,174.028100,195.967500,353.230000,30.850000,383.380000,2929.800049,7.083800
2020-05-09,,,,,,173.932700,195.948900,,,,,
2020-05-11,2871.848000,3960.180000,5496.192000,5851.804000,24602.061000,173.428600,195.776100,352.500000,30.130000,381.740000,2930.189941,7.073100
2020-05-12,2869.597000,3960.238000,5512.464000,5869.507000,24245.680000,173.383900,195.672000,351.420000,29.400000,380.880000,2870.120117,7.098000
2020-05-13,2867.712000,3968.253000,5536.280000,5917.027000,24180.301000,173.305400,195.726100,350.890000,29.440000,381.860000,2820.000000,7.082100
2020-05-14,2834.533000,3925.218000,5487.107000,5863.236000,23829.740000,173.388500,195.670600,348.290000,31.450000,384.460000,2852.500000,7.091300
2020-05-15,2819.691000,3912.816000,5507.934000,5889.977000,23797.471000,173.618300,195.724400,347.790000,32.700000,390.160000,2863.699951,7.094700
2020-05-18,2837.172000,3922.912000,5478.822000,5860.043000,23934.770000,173.195200,195.775200,345.220000,35.440000,401.160000,2953.909912,7.101200
2020-05-19,2860.668000,3956.250000,5547.876000,5936.599000,24388.131000,172.944600,195.734400,344.820000,34.550000,394.500000,2922.939941,7.108600
2020-05-20,2856.140000,3935.222000,5489.702000,5865.841000,24399.949000,172.897700,195.736500,341.950000,35.770000,398.720000,2971.610107,7.098200
2020-05-21,2846.824000,3913.795000,5426.175000,5791.640000,24280.029000,172.800000,195.760500,341.080000,35.920000,395.060000,2948.510010,7.092500
2020-05-22,2775.810000,3824.064000,5328.227000,5683.996000,22930.141000,173.410000,195.861400,339.220000,35.350000,394.380000,2955.449951,7.114300
2020-05-25,2789.710000,3829.325000,5316.604000,5671.972000,22952.240000,172.928300,195.924800,336.320000,36.130000,393.540000,,7.129400
2020-05-26,2808.842000,3872.770000,5420.213000,5808.549000,23384.660000,172.334800,195.782800,338.400000,36.590000,395.340000,2991.770020,7.135700
2020-05-27,2795.481000,3845.614000,5369.499000,5772.084000,23301.359000,171.892800,195.689200,338.410000,34.950000,391.200000,3036.129883,7.134100
2020-05-28,2809.665000,3856.632000,5361.167000,5758.927000,23132.760000,171.984200,195.628400,338.670000,36.110000,394.180000,3029.729980,7.168200
2020-05-29,2806.664000,3867.023000,5406.340000,5816.400000,22961.471000,172.192000,195.621700,341.900000,37.610000,394.420000,3044.310059,7.145200
2020-06-01,2870.356000,3971.340000,5569.480000,5993.785000,23732.520000,172.116000,195.632700,346.030000,38.530000,398.000000,3055.729980,7.136300
2020-06-02,2885.921000,3983.568000,5566.444000,6002.836000,23995.939000,171.225300,195.342600,346.370000,39.540000,396.960000,3080.820068,7.126700
2020-06-03,2889.109000,3983.648000,5572.313000,5994.638000,24325.619000,170.888200,194.893500,345.450000,39.420000,393.040000,3122.870117,7.099900
2020-06-04,2883.363000,3982.185000,5576.754000,6006.765000,24366.301000,170.404900,194.714000,344.150000,39.870000,389.740000,3112.350098,7.114700
2020-06-05,2896.350000,4001.251000,5585.423000,6015.327000,24770.410000,170.069400,194.325100,343.320000,41.900000,390.180000,3193.929932,7.109200
2020-06-08,2909.587000,4021.955000,5575.304000,6001.432000,24776.770000,170.341200,194.263000,343.370000,40.790000,386.280000,3232.389893,7.081000
2020-06-09,2928.304000,4047.029000,5610.377000,6042.335000,25057.221000,170.384200,194.388500,343.340000,40.820000,386.300000,3207.179932,7.070300
2020-06-10,2908.475000,4039.705000,5615.242000,6049.322000,25049.730000,170.352300,194.443400,342.740000,41.360000,390.400000,3190.139893,7.076300
2020-06-11,2876.513000,3995.885000,5589.102000,6027.409000,24480.150000,170.545400,194.543400,341.610000,38.320000,393.700000,3002.100098,7.060000
2020-06-12,2884.116000,4003.083000,5591.487000,6031.171000,24301.381000,170.672800,194.673100,342.130000,38.800000,393.620000,3041.310059,7.064100
2020-06-15,2838.607000,3954.988000,5590.644000,6028.956000,23776.949000,170.650600,194.836500,342.530000,39.830000,392.540000,3066.590088,7.082400
2020-06-16,2878.992000,4014.570000,5695.301000,6151.686000,24344.090000,169.912300,194.788500,344.290000,40.660000,392.400000,3124.739990,7.090800
2020-06-17,2881.132000,4017.594000,5735.418000,6178.141000,24481.410000,169.641200,194.725000,344.200000,40.530000,392.860000,3113.489990,7.086000
2020-06-18,2888.958000,4044.384000,5734.403000,6149.289000,24464.939000,169.851000,194.744000,344.330000,41.450000,392.180000,3115.340088,7.084500
2020-06-19,2925.936000,4098.710000,5787.148000,6187.108000,24643.891000,169.870600,194.718000,345.120000,41.900000,392.940000,3097.739990,7.088400
2020-06-22,2921.892000,4102.046000,5784.027000,6228.016000,24511.340000,169.595200,194.699800,344.390000,42.860000,397.500000,3117.860107,7.071300
2020-06-23,2925.416000,4121.794000,5804.343000,6238.897000,24907.340000,169.501200,194.445700,342.740000,42.440000,396.960000,3131.290039,7.067400
2020-06-24,2943.473000,4138.990000,5789.089000,6227.569000,24781.580000,169.955000,194.459000,343.350000,40.500000,400.060000,3050.330078,7.057400
2020-06-25,,,,,,,,,41.390000,,3083.760010,7.077200
2020-06-26,,,,,24549.990000,,,,40.610000,,3009.050049,7.077200
2020-06-28,,,,,,170.097200,194.573500,,,,,
2020-06-29,2925.483000,4109.716000,5762.438000,6211.381000,24301.279000,170.059700,194.610700,341.540000,41.850000,400.140000,3053.239990,7.077200
2020-06-30,2942.074000,4163.964000,5864.416000,6319.556000,24427.189000,170.296900,194.641100,343.460000,41.600000,400.720000,3100.290039,7.079600
2020-07-01,3009.861000,4247.784000,5881.888000,6339.369000,,170.193700,194.724700,347.040000,41.910000,403.100000,3115.860107,7.064400
2020-07-02,3084.238000,4335.845000,5975.279000,6413.952000,25124.189000,170.295400,194.813500,352.950000,42.920000,399.060000,3130.010010,7.070100
2020-07-03,3159.158000,4419.596000,6051.510000,6478.354000,25373.119000,170.101800,194.870900,358.000000,42.780000,400.540000,,7.065500
2020-07-06,3374.136000,4670.095000,6299.855000,6725.996000,26339.160000,169.218200,194.703700,370.160000,43.060000,399.660000,3179.719971,7.065400
2020-07-07,3381.761000,4698.126000,6380.028000,6817.865000,25975.660000,168.868600,194.398500,370.170000,42.970000,400.320000,3145.320068,7.017300
2020-07-08,3429.945000,4774.004000,6535.415000,6973.997000,26129.180000,168.630300,194.270300,374.010000,43.320000,402.360000,3169.939941,7.012900
2020-07-09,3442.021000,4840.771000,6693.745000,7182.177000,26210.160000,168.234300,193.900800,377.530000,42.330000,404.940000,3152.050049,7.003500
2020-07-10,3351.780000,4753.133000,6676.437000,7150.424000,25727.410000,168.491600,193.738900,372.290000,43.170000,401.880000,3185.040039,6.993100
2020-07-13,3390.115000,4852.961000,6899.518000,7403.086000,25772.119000,168.139000,193.571800,377.810000,42.170000,403.740000,3155.219971,6.992000
2020-07-14,3348.031000,4806.690000,6807.727000,7344.988000,25477.891000,168.513000,193.513900,374.420000,43.050000,403.020000,3197.520020,6.996400
2020-07-15,3313.765000,4744.469000,6638.838000,7131.464000,25481.580000,168.829400,193.534900,369.260000,43.630000,403.620000,3226.560059,6.995800
2020-07-16,3162.025000,4516.253000,6319.998000,6758.140000,24970.689000,169.129500,193.632400,358.990000,43.400000,402.120000,3215.570068,6.987800
2020-07-17,3185.891000,4544.701000,6344.591000,6772.532000,25089.170000,169.236700,193.736200,359.320000,43.100000,399.760000,3224.729980,6.988200
2020-07-20,3287.915000,4680.305000,6526.833000,7003.667000,25057.990000,169.381400,193.902800,366.400000,43.170000,401.780000,3251.840088,6.991200
2020-07-21,3286.815000,4691.043000,6563.324000,7058.791000,25635.660000,169.688200,194.126000,366.710000,43.950000,404.540000,3257.300049,6.982300
2020-07-22,3291.361000,4714.445000,6620.689000,7125.569000,25057.939000,169.918400,194.340200,368.810000,44.280000,414.220000,3276.020020,6.979700
2020-07-23,3284.110000,4712.436000,6620.086000,7119.671000,25263.000000,169.869200,194.532200,368.360000,43.320000,416.520000,3235.659912,6.998700
2020-07-24,3158.285000,4505.591000,6283.983000,6784.635000,24705.330000,170.189500,194.719900,360.920000,43.630000,420.400000,3215.629883,7.003100
2020-07-27,3163.231000,4528.450000,6298.735000,6786.529000,24603.260000,170.090700,194.859400,359.700000,43.950000,430.060000,3239.409912,7.016100
2020-07-28,3185.890000,4568.258000,6359.664000,6857.943000,24772.760000,169.773500,194.918400,362.160000,43.610000,429.940000,3218.439941,6.993200
2020-07-29,3243.385000,4679.008000,6530.271000,7060.535000,24883.141000,169.720900,194.876400,366.640000,44.100000,431.380000,3258.439941,6.999700
2020-07-30,3231.519000,4656.151000,6511.436000,7048.981000,24710.590000,169.606700,194.857700,367.060000,43.600000,428.940000,3246.219971,7.000300
2020-07-31,3249.338000,4695.046000,6579.670000,7141.592000,24595.350000,169.438900,194.812600,369.130000,43.660000,432.860000,3271.120117,7.007300
2020-08-03,3281.101000,4771.311000,6739.809000,7373.341000,24458.131000,169.427000,194.842900,374.040000,43.850000,431.400000,3294.610107,6.974200
2020-08-04,3312.134000,4775.802000,6697.707000,7326.189000,24946.631000,169.457800,194.840500,373.900000,44.340000,431.960000,3306.510010,6.979400
2020-08-05,3292.309000,4777.109000,6772.842000,7427.189000,25102.539000,169.174900,194.879800,376.240000,45.330000,444.060000,3327.770020,6.972700
2020-08-06,3292.200000,4762.764000,6770.302000,7432.766000,24930.580000,168.932400,194.927500,376.630000,45.080000,447.560000,3349.159912,6.934600
2020-08-07,3263.746000,4707.926000,6688.882000,7339.811000,24531.619000,168.833700,194.967200,373.190000,44.600000,449.720000,3351.280029,6.952400
2020-08-10,3285.760000,4724.870000,6725.296000,7358.862000,24377.430000,168.999300,195.064800,373.560000,44.920000,446.380000,3360.469971,6.967000
2020-08-11,3262.824000,4681.784000,6600.847000,7213.445000,24890.680000,169.022000,195.138600,370.730000,44.520000,436.940000,3333.689941,6.960800
2020-08-12,3249.738000,4647.645000,6528.400000,7092.355000,25244.020000,168.861900,195.178400,368.470000,45.320000,417.160000,3380.350098,6.945300
2020-08-13,3241.845000,4635.713000,6552.657000,7113.930000,25230.670000,168.976900,195.251600,370.150000,45.010000,416.740000,3373.429932,6.936200
2020-08-14,3288.514000,4704.629000,6623.563000,7183.958000,25183.010000,169.128500,195.320600,371.620000,44.910000,420.300000,3372.850098,6.943600
2020-08-17,3368.849000,4815.226000,6744.547000,7339.693000,25347.340000,169.287700,195.465200,375.260000,45.270000,424.440000,3381.989990,6.949400
2020-08-18,3367.331000,4812.756000,6789.398000,7410.241000,25367.381000,169.188700,195.532600,376.750000,45.000000,433.940000,3389.780029,6.931800
2020-08-19,3307.659000,4740.678000,6666.274000,7256.131000,25178.910000,168.910300,195.530600,374.480000,45.150000,429.160000,3374.850098,6.920800
2020-08-20,3264.533000,4679.154000,6593.785000,7151.261000,24791.391000,168.696600,195.515800,371.160000,44.850000,418.280000,3385.510010,6.919200
2020-08-21,3284.727000,4718.843000,6643.944000,7194.274000,25113.840000,168.836600,195.510500,372.030000,44.180000,419.480000,3397.159912,6.914800
2020-08-24,3298.721000,4755.849000,6688.965000,7253.640000,25551.580000,168.823700,195.524100,372.830000,45.010000,415.540000,3431.280029,6.918500
2020-08-25,3310.839000,4761.951000,6652.548000,7213.682000,25486.221000,168.462300,195.413400,372.330000,46.390000,416.500000,3443.620117,6.918900
2020-08-26,3277.890000,4706.130000,6525.879000,7037.978000,25491.789000,168.386200,195.331200,368.660000,46.290000,415.660000,3478.729980,6.911900
2020-08-27,3290.786000,4731.345000,6578.791000,7113.804000,25281.150000,168.302000,195.250000,369.190000,45.630000,420.540000,3484.550049,6.884900
2020-08-28,3368.438000,4844.265000,6691.210000,7204.782000,25422.061000,168.204900,195.172500,371.630000,45.790000,420.400000,3508.010010,6.889200
2020-08-31,3343.888000,4816.215000,6668.433000,7224.046000,25177.051000,168.477600,195.171900,372.290000,45.570000,422.680000,3500.310059,6.864400
2020-09-01,3355.096000,4842.122000,6710.460000,7258.887000,25184.850000,168.355700,195.197300,373.530000,45.770000,426.980000,3526.649902,6.847700
2020-09-02,3347.304000,4843.887000,6717.558000,7272.624000,25120.090000,167.989600,195.159000,374.730000,44.400000,422.600000,3580.840088,6.827500
2020-09-03,3334.412000,4817.095000,6662.252000,7189.861000,25007.600000,167.843200,195.091900,373.610000,43.970000,415.300000,3455.060059,6.837300
2020-09-04,3309.210000,4770.219000,6618.576000,7182.105000,24695.449000,167.733200,195.082500,372.600000,42.350000,416.540000,3426.959961,6.845800
2020-09-07,3253.426000,4669.368000,6478.812000,7057.194000,24589.650000,167.637700,195.074600,368.010000,42.050000,416.360000,,6.841500
2020-09-08,3289.914000,4694.389000,6525.098000,7103.086000,24624.340000,167.740900,195.080600,367.450000,39.700000,416.560000,3331.840088,6.829500
2020-09-09,3235.703000,4584.589000,6349.223000,6877.602000,24468.930000,168.079200,195.133000,363.330000,40.590000,416.500000,3398.959961,6.845100
2020-09-10,3245.502000,4581.978000,6235.569000,6633.890000,24313.539000,168.270000,195.213900,361.520000,39.710000,419.460000,3339.189941,6.831800
2020-09-11,3265.497000,4627.283000,6311.967000,6742.059000,24503.311000,168.117800,195.253900,362.950000,39.780000,418.340000,3340.969971,6.833300
2020-09-14,3294.151000,4651.051000,6351.242000,6848.359000,24640.279000,168.010800,195.312100,363.740000,39.680000,418.440000,3383.540039,6.833400
2020-09-15,3317.640000,4688.483000,6387.881000,6881.586000,24732.760000,168.385900,195.371300,363.730000,40.660000,419.800000,3401.199951,6.809100
2020-09-16,3295.584000,4657.358000,6353.836000,6812.912000,24725.631000,168.440800,195.456200,362.490000,42.300000,418.640000,3385.489990,6.780300
2020-09-17,3264.686000,4632.714000,6367.021000,6825.152000,24340.850000,168.399200,195.501400,361.620000,43.260000,415.620000,3357.010010,6.753700
2020-09-18,3347.778000,4737.089000,6469.469000,6929.767000,24455.410000,168.640300,195.522800,363.380000,43.520000,416.920000,3319.469971,6.764100
2020-09-21,3311.594000,4691.428000,6445.965000,6927.190000,23950.689000,168.904800,195.626200,362.540000,41.730000,417.040000,3281.060059,6.768000
2020-09-22,3270.519000,4635.761000,6358.652000,6815.777000,23716.850000,169.028300,195.668500,360.860000,41.750000,407.580000,3315.570068,6.803700
2020-09-23,3275.739000,4652.327000,6392.033000,6862.966000,23742.510000,169.014600,195.682000,360.890000,41.980000,400.900000,3236.919922,6.778400
2020-09-24,3218.716000,4563.066000,6244.639000,6675.152000,23311.070000,168.976800,195.709500,356.690000,42.260000,396.580000,3246.590088,6.808900
2020-09-25,3229.777000,4570.022000,6236.890000,6634.389000,23235.420000,168.759500,195.757800,355.740000,42.230000,401.060000,3298.459961,6.827700
2020-09-27,,,,,,168.799300,195.786000,,,,,
2020-09-28,3250.502000,4581.909000,6178.469000,6550.369000,23476.051000,168.772500,195.814700,354.580000,42.870000,400.140000,3351.600098,6.822800
2020-09-29,3241.323000,4591.799000,6228.771000,6621.032000,23275.529000,168.685500,195.854200,357.910000,41.310000,405.900000,3335.469971,6.810800
2020-09-30,3232.418000,4587.395000,6192.505000,6617.159000,23459.051000,168.452100,195.854900,359.210000,42.120000,406.100000,3363.000000,6.815400
2020-10-01,,,,,,,,,40.710000,,3380.800049,6.789700
2020-10-02,,,,,,,,,38.900000,,3348.419922,6.789400
2020-10-05,,,,,23767.779000,,,,41.530000,,3408.600098,6.789800
2020-10-06,,,,,23980.650000,,,,41.860000,,3360.969971,6.789800
2020-10-07,,,,,24242.859000,,,,42.150000,,3419.439941,6.789800
2020-10-08,,,,,24193.350000,,,,43.450000,,3446.830078,6.789700
2020-10-09,3286.857000,4681.141000,6357.971000,6822.365000,24119.131000,168.108100,196.065700,362.730000,42.720000,405.360000,3477.139893,6.789200
2020-10-10,,,,,,168.132100,196.005800,,,,,
2020-10-12,3387.885000,4823.158000,6541.176000,7036.275000,24649.680000,168.185300,196.097600,367.630000,41.740000,410.020000,3534.219971,6.693700
2020-10-13,3386.893000,4839.201000,6551.399000,7053.871000,,168.234800,196.132100,369.060000,42.420000,408.540000,3511.929932,6.744400
2020-10-14,3369.498000,4807.102000,6508.374000,6988.609000,24667.090000,168.068200,196.153100,368.680000,43.430000,404.040000,3488.669922,6.745500
2020-10-15,3371.401000,4798.736000,6460.041000,6926.846000,24158.539000,168.043000,196.192000,368.450000,43.000000,403.620000,3483.340088,6.713600
2020-10-16,3380.169000,4791.676000,6428.682000,6906.388000,24386.789000,168.103300,196.238300,368.510000,42.790000,404.980000,3483.810059,6.723900
2020-10-19,3354.308000,4755.488000,6358.321000,6858.356000,24542.260000,168.250000,196.326400,366.960000,42.460000,404.900000,3426.919922,6.696600
2020-10-20,3363.503000,4793.467000,6423.113000,6923.384000,24569.539000,168.331500,196.378200,368.570000,42.780000,403.580000,3443.120117,6.680700
2020-10-21,3377.425000,4792.828000,6350.013000,6815.093000,24754.420000,168.495400,196.444500,368.490000,41.710000,404.660000,3435.560059,6.675200
2020-10-22,3369.530000,4777.985000,6317.144000,6771.807000,24786.131000,168.807400,196.546300,369.910000,42.390000,404.860000,3453.489990,6.650000
2020-10-23,3346.608000,4718.488000,6213.263000,6641.329000,24918.779000,168.763500,196.601800,366.850000,41.850000,403.580000,3465.389893,6.683500
2020-10-26,3304.704000,4691.236000,6214.378000,6648.521000,,168.775200,196.681900,367.230000,40.790000,401.560000,3400.969971,6.685700
2020-10-27,3294.088000,4699.279000,6221.341000,6682.538000,24787.189000,168.941800,196.706400,368.940000,41.090000,405.300000,3390.679932,6.711300
2020-10-28,3313.231000,4737.272000,6245.999000,6685.429000,24708.801000,168.811300,196.736800,368.860000,39.560000,405.360000,3271.030029,6.704400
2020-10-29,3324.440000,4772.920000,6255.193000,6674.742000,24586.600000,168.829800,196.747600,369.530000,38.110000,399.780000,3310.110107,6.727900
2020-10-30,3280.384000,4695.334000,6111.480000,6511.158000,24107.420000,168.906700,196.765500,365.840000,37.840000,397.100000,3269.959961,6.714000
2020-11-02,3265.896000,4720.831000,6143.116000,6513.788000,24460.010000,169.004900,196.846800,364.610000,39.250000,400.680000,3310.239990,6.689100
2020-11-03,3307.485000,4777.561000,6241.768000,6647.575000,24939.730000,169.120200,196.890600,365.730000,40.070000,402.600000,3369.159912,6.689700
2020-11-04,3332.190000,4813.656000,6234.158000,6632.682000,24886.141000,169.163600,196.948100,366.030000,41.200000,404.280000,3443.439941,6.676600
2020-11-05,3369.503000,4885.112000,6351.979000,6754.950000,25695.920000,169.075500,196.996000,368.950000,40.800000,404.220000,3510.449951,6.652000
2020-11-06,3359.119000,4885.718000,6301.248000,6688.662000,25712.971000,168.929900,197.023700,367.430000,39.570000,408.300000,3509.439941,6.605200
2020-11-09,3418.275000,4981.350000,6421.651000,6851.983000,26016.170000,168.839400,197.058100,370.650000,42.020000,407.420000,3550.500000,6.610400
2020-11-10,3416.141000,4953.876000,6373.085000,6779.491000,26301.480000,168.879700,197.029200,369.370000,44.030000,396.540000,3545.530029,6.628100
2020-11-11,3411.230000,4904.898000,6294.606000,6663.731000,26226.980000,168.885400,196.994700,368.700000,43.700000,395.640000,3572.659912,6.614800
2020-11-12,3397.354000,4908.463000,6315.494000,6676.422000,26169.381000,168.739900,196.867200,368.370000,43.260000,394.980000,3537.010010,6.630800
2020-11-13,3338.310000,4856.851000,6306.970000,6686.391000,26156.859000,168.667200,196.592400,366.130000,42.630000,396.880000,3585.149902,6.610600
2020-11-16,3377.110000,4904.172000,6387.371000,6747.811000,26381.670000,168.667100,196.540600,367.010000,43.890000,396.640000,3626.909912,6.605400
2020-11-17,3379.274000,4894.786000,6336.941000,6681.723000,26415.090000,168.601600,196.440400,364.840000,43.780000,396.180000,3609.530029,6.583800
2020-11-18,3387.045000,4891.672000,6341.014000,6682.125000,26544.289000,168.319900,196.312900,365.340000,44.120000,393.640000,3567.790039,6.555100
2020-11-19,3410.094000,4927.989000,6360.600000,6718.458000,26356.971000,168.040100,196.157300,365.590000,44.110000,392.000000,3581.870117,6.559500
2020-11-20,3411.932000,4943.288000,6422.985000,6766.061000,26451.539000,168.161800,195.966100,366.020000,45.140000,392.180000,3557.540039,6.582400
2020-11-23,3469.805000,5005.027000,6472.930000,6807.718000,26486.199000,168.438300,196.046000,368.930000,45.510000,392.800000,3577.590088,6.561900
2020-11-24,3442.723000,4974.286000,6475.188000,6807.997000,26588.199000,168.327400,196.074100,369.700000,47.840000,383.320000,3635.409912,6.584500
2020-11-25,3420.292000,4910.700000,6350.367000,6691.874000,26669.750000,168.438900,196.085500,368.190000,48.730000,379.240000,3629.649902,6.590200
2020-11-26,3445.739000,4919.591000,6334.304000,6643.185000,26819.449000,168.433000,196.106100,367.370000,47.750000,380.220000,,6.577500
2020-11-27,3498.659000,4980.765000,6351.612000,6641.773000,26894.680000,168.359600,196.119200,368.390000,48.270000,381.140000,3638.350098,6.574500
2020-11-30,3469.418000,4960.252000,6320.944000,6622.359000,26341.490000,168.912300,196.321100,368.390000,47.660000,371.340000,3621.629883,6.576000
2020-12-01,3554.014000,5067.098000,6426.616000,6713.230000,26567.680000,168.824300,196.427300,371.030000,47.230000,374.200000,3662.449951,6.577800
2020-12-02,3545.340000,5067.145000,6434.979000,6735.712000,26532.580000,168.681300,196.448700,371.030000,47.960000,379.640000,3669.010010,6.570800
2020-12-03,3536.814000,5057.060000,6440.881000,6711.843000,26728.500000,168.688900,196.474200,369.280000,48.800000,383.700000,3666.719971,6.562400
2020-12-04,3541.521000,5065.916000,6464.735000,6746.630000,26835.920000,168.808400,196.494300,369.000000,48.950000,384.460000,3699.120117,6.541400
2020-12-07,3509.942000,5022.235000,6424.682000,6733.002000,26506.850000,168.816800,196.586200,368.230000,48.610000,383.380000,3691.959961,6.530600
2020-12-08,3499.057000,5009.879000,6423.651000,6734.372000,26304.561000,168.937800,196.592100,367.500000,48.810000,389.180000,3702.250000,6.528700
2020-12-09,3468.527000,4942.699000,6307.221000,6602.517000,26502.840000,168.912100,196.623700,366.170000,49.010000,387.000000,3672.820068,6.531700
2020-12-10,3459.035000,4940.525000,6320.096000,6605.192000,26410.590000,168.985500,196.693800,365.300000,50.400000,383.260000,3668.100098,6.542200
2020-12-11,3427.857000,4889.629000,6209.427000,6498.239000,26505.869000,168.756100,196.696100,362.740000,49.910000,382.780000,3663.459961,6.544400
2020-12-14,3467.767000,4934.835000,6259.018000,6576.816000,26389.520000,168.842600,196.763300,362.920000,50.310000,382.820000,3647.489990,6.545700
2020-12-15,3468.829000,4945.100000,6265.582000,6596.503000,26207.289000,169.026400,196.831400,360.950000,50.720000,385.660000,3694.620117,6.549700
2020-12-16,3485.405000,4953.867000,6235.435000,6543.362000,26460.289000,169.118100,196.902800,360.320000,51.090000,388.400000,3701.169922,6.538300
2020-12-17,3539.540000,5017.478000,6308.901000,6597.860000,26678.381000,169.083200,196.915800,362.110000,51.480000,390.500000,3722.479980,6.531300
2020-12-18,3507.974000,4999.968000,6291.918000,6573.404000,26498.600000,169.023500,196.949100,363.320000,52.300000,393.580000,3709.409912,6.532100
2020-12-21,3522.262000,5046.840000,6398.599000,6691.588000,26306.680000,169.243900,197.047900,366.260000,50.800000,398.360000,3694.919922,6.536000
2020-12-22,3470.902000,4964.773000,6250.061000,6549.969000,26119.250000,169.589400,197.134700,364.100000,49.800000,392.760000,3687.260010,6.548200
2020-12-23,3494.587000,5007.124000,6307.604000,6601.243000,26343.100000,169.650600,197.212700,364.830000,51.150000,391.440000,3690.010010,6.542200
2020-12-24,3489.274000,5000.015000,6205.225000,6496.326000,26386.561000,169.533300,197.263500,361.950000,51.350000,393.040000,3703.060059,6.539600
2020-12-25,3512.486000,5042.014000,6278.498000,6561.275000,,169.758700,197.288300,363.960000,,395.000000,,6.529000
2020-12-28,3523.837000,5064.415000,6244.482000,6519.471000,26314.631000,169.907700,197.396400,363.250000,50.890000,395.780000,3735.360107,6.540800
2020-12-29,3517.350000,5042.936000,6199.852000,6477.262000,26568.490000,169.986200,197.448700,361.550000,51.240000,393.860000,3727.040039,6.535600
2020-12-30,3574.131000,5113.711000,6269.248000,6526.879000,27147.109000,170.287900,197.542200,364.530000,51.460000,393.700000,3732.040039,6.530000
2020-12-31,3640.639000,5211.289000,6367.115000,6646.474000,27231.131000,170.212400,197.600600,368.300000,51.710000,394.980000,3756.070068,6.522200
2021-01-01,,,,,,,,,,,,6.531700
2021-01-04,3643.359200,5267.718100,6482.786800,6646.474000,27472.810000,170.212400,197.740100,371.962300,51.710000,400.040000,3700.650000,6.540800
2021-01-05,3683.363400,5368.504900,6539.731500,6654.962210,27649.860000,170.575234,197.794100,374.193100,54.669522,402.320000,3726.860000,6.476000
2021-01-06,3736.648000,5417.667700,6528.142500,6574.313217,27692.300000,170.728475,197.861400,374.555900,55.261427,402.880000,3748.140000,6.460400
2021-01-07,3808.069500,5513.656800,6538.116200,6468.343497,27548.520000,170.859874,197.969500,374.328200,55.639021,399.060000,3803.790000,6.460800
2021-01-08,3788.319100,5495.430600,6557.596400,6437.848527,27878.220000,170.722971,198.055500,374.039300,57.516787,396.060000,3824.680000,6.470800
2021-01-11,3776.529300,5441.158300,6455.398700,6330.895244,27908.220000,170.625207,198.129800,372.408400,56.761599,385.000000,3799.610000,6.476400
2021-01-12,3906.122500,5596.352500,6543.228600,6417.687183,28276.750000,170.780720,198.141500,374.916800,57.945408,387.420000,3801.190000,6.482300
2021-01-13,3873.228500,5577.971100,6496.913100,6367.736208,28235.600000,171.108869,198.165500,373.202900,57.057551,387.540000,3809.840000,6.460500
2021-01-14,3811.224200,5470.456300,6439.885400,6361.075720,28496.860000,171.231357,198.266600,372.760400,57.618840,385.300000,3795.540000,6.474600
2021-01-15,3817.934500,5458.081200,6417.501100,6382.225320,28573.860000,170.823355,198.308400,373.881100,56.128873,387.900000,3768.250000,6.463300
2021-01-18,3849.398200,5518.520500,6514.464400,6503.091028,28862.770000,170.657620,198.289300,375.846800,55.914563,386.820000,,6.484500
2021-01-19,3808.694000,5437.523400,6476.373600,6465.917387,29642.280000,170.718340,198.234000,374.371700,57.077961,387.720000,3798.910000,6.488300
2021-01-20,3814.653700,5476.433600,6535.418500,6522.009940,29962.470000,170.863456,198.241800,374.954900,56.833035,388.820000,3851.850000,6.483600
2021-01-21,3850.055900,5564.969300,6622.495900,6594.019977,29927.760000,171.106685,198.269800,377.298700,57.322887,392.720000,3853.070000,6.469600
2021-01-22,3846.394500,5569.776000,6637.805200,6571.347667,29447.850000,171.182607,198.283200,377.314300,56.343183,390.900000,3841.470000,6.461700
2021-01-25,3898.147300,5625.923200,6645.313700,6508.151283,30159.010000,171.158319,198.339200,376.589700,57.057551,389.000000,3855.360000,6.481900
2021-01-26,3813.290200,5512.967800,6532.961000,6387.735368,29391.260000,170.868873,198.200500,374.063400,57.016730,390.140000,3849.620000,6.484700
2021-01-27,3818.268200,5528.003400,6557.160800,6391.309964,29297.530000,170.858302,198.161200,373.620100,56.435031,387.940000,3750.770000,6.466500
2021-01-28,3735.033700,5377.142700,6414.381100,6255.787876,28550.770000,170.581087,198.020000,367.575700,56.159489,386.300000,3787.380000,6.484500
2021-01-29,3713.247100,5351.964600,6346.137100,6162.907637,28283.710000,170.692742,197.909500,362.974400,56.230926,388.340000,3714.240000,6.470900
2021-02-01,3746.371700,5417.648400,6393.278000,6203.669756,28892.860000,170.863544,197.967100,363.660200,57.363708,392.640000,3773.860000,6.462300
2021-02-02,3771.470000,5501.091500,6454.785300,6273.711591,29248.700000,170.838295,198.041300,363.150600,59.006754,389.500000,3826.310000,6.473600
2021-02-03,3775.722400,5485.200800,6399.331500,6166.106541,29307.460000,170.571302,198.038600,361.358100,59.874200,385.100000,3830.170000,6.466900
2021-02-04,3801.617800,5473.947500,6328.788100,6029.590820,29113.500000,170.435010,197.982900,356.284600,60.323231,382.260000,3871.740000,6.460500
2021-02-05,3840.766300,5483.414000,6239.870900,5909.884057,29288.680000,170.475985,197.917700,354.758400,60.843698,377.860000,3886.830000,6.471000
2021-02-08,3890.465400,5564.561800,6323.162200,5952.430883,29319.470000,170.467336,197.918000,357.097500,61.905044,381.000000,3915.590000,6.467800
2021-02-09,3952.827600,5686.250200,6457.881400,6113.923313,29476.190000,170.597600,197.928800,362.352400,62.547975,385.600000,3911.230000,6.453300
2021-02-10,4028.528900,5807.719100,6525.165800,6162.114119,30038.720000,170.523513,197.929600,364.911500,62.354075,385.660000,3909.880000,6.439100
2021-02-11,,,,,30173.570000,,,,62.109149,,3916.380000,
2021-02-12,,,,,,,,,63.997121,,3934.830000,
2021-02-15,,,,,,,,,64.629846,,,
2021-02-16,,,,,30746.660000,,,,64.864567,,3932.590000,
2021-02-17,,,,,31084.940000,,,,66.221865,,3931.330000,
2021-02-18,4014.324100,5768.381400,6614.544300,6261.133785,30595.270000,170.275217,198.075600,367.959200,64.833951,374.180000,3913.970000,6.453600
2021-02-19,4014.456400,5778.842000,6703.482100,6381.429064,30644.730000,170.527968,198.085600,371.000200,64.129789,372.460000,3906.710000,6.462400
2021-02-22,3881.868100,5597.332700,6657.056000,6388.201292,30319.830000,170.488479,198.157400,372.827000,66.272891,376.660000,3876.500000,6.456300
2021-02-23,3897.716400,5579.668100,6631.228600,6344.588198,30632.640000,170.520367,198.197700,371.454000,65.517703,380.660000,3881.370000,6.451600
2021-02-24,3805.471900,5437.568300,6536.186100,6293.630978,29718.240000,170.582572,198.251000,367.704900,67.813884,379.600000,3925.430000,6.461500
2021-02-25,3851.029000,5469.558400,6499.152800,6256.003046,30074.170000,170.521765,198.287500,367.653400,67.405674,375.940000,3829.340000,6.452200
2021-02-26,3756.859700,5336.760900,6364.352900,6183.717326,28980.210000,170.443572,198.289300,365.443000,65.956529,369.500000,3811.150000,6.471300
2021-03-01,3787.869500,5418.783700,6488.438800,6349.666831,29452.570000,170.750054,198.390200,368.285800,64.609436,367.940000,3901.820000,6.475400
2021-03-02,3718.773900,5349.630100,6433.328200,6321.780979,29095.860000,170.791466,198.461800,367.109800,63.905273,361.740000,3870.290000,6.462500
2021-03-03,3817.412800,5452.212500,6524.751300,6406.797303,29880.420000,170.776614,198.513900,370.521200,65.303393,363.500000,3819.720000,6.456500
2021-03-04,3708.660600,5280.705800,6401.991700,6290.754194,29236.790000,170.728562,198.548000,367.376100,68.640509,360.340000,3768.470000,6.475800
2021-03-05,3688.681800,5262.795800,6403.496400,6311.660274,29098.290000,170.896481,198.621400,367.169700,71.120385,356.600000,3841.940000,6.490400
2021-03-08,3573.431000,5080.024600,6256.409200,6185.911745,28540.830000,171.009096,198.714800,364.168800,69.518161,360.360000,3821.350000,6.479500
2021-03-09,3509.613700,4970.999400,6108.002700,5989.056091,28773.230000,170.984110,198.762400,362.515700,68.681330,359.040000,3875.440000,6.533800
2021-03-10,3532.052300,5003.612100,6062.255200,5942.093346,28907.520000,171.032773,198.831000,363.097300,69.579392,362.900000,3898.810000,6.510600
2021-03-11,3625.305200,5128.215600,6213.831900,6080.344796,29385.610000,171.046052,198.853600,366.941400,71.048948,365.880000,3939.340000,6.497000
2021-03-12,3632.578400,5146.378600,6222.380200,6081.140954,28739.720000,170.998874,198.864300,368.339100,70.650943,360.760000,3943.340000,6.484500
2021-03-15,3566.877300,5035.544100,6173.872100,6039.358611,28833.760000,170.959559,198.932900,367.837700,70.201912,363.860000,3968.940000,6.501000
2021-03-16,3599.164600,5079.362400,6195.243800,6093.835192,29027.690000,171.028754,198.964900,368.463300,69.875344,364.560000,3962.710000,6.502900
2021-03-17,3590.833900,5100.858100,6225.358800,6136.965352,29034.120000,171.134817,198.978300,368.728300,69.130361,366.200000,3974.120000,6.497800
2021-03-18,3605.604700,5141.768100,6273.855600,6157.792442,29405.720000,171.185752,198.994100,369.893900,63.976710,369.240000,3915.460000,6.485900
2021-03-19,3512.020300,5007.090700,6206.602300,6110.798218,28990.940000,171.341876,199.015800,368.395700,65.680987,367.660000,3913.100000,6.509800
2021-03-22,3538.427100,5057.152000,6305.691900,6217.146954,28885.340000,171.463490,199.107600,370.845000,65.548319,365.700000,3940.590000,6.519100
2021-03-23,3516.362600,5009.245900,6219.166600,6148.129352,28497.380000,171.565360,199.169600,368.351600,61.680529,366.800000,3910.520000,6.503600
2021-03-24,3466.042200,4928.685300,6142.543900,6057.472371,27918.140000,171.744549,199.206700,364.784900,65.415650,366.240000,3889.140000,6.522800
2021-03-25,3463.872700,4926.346900,6157.407200,6052.041802,27899.610000,171.790678,199.249100,363.934100,62.966390,367.220000,3909.520000,6.528200
2021-03-26,3529.728200,5037.989900,6251.794100,6160.193135,28336.430000,171.746296,199.296700,366.293300,65.538113,366.240000,3974.540000,6.537600
2021-03-29,3537.711000,5046.877300,6254.942600,6184.895041,28338.300000,171.764119,199.352800,367.084800,66.528022,366.440000,3971.090000,6.541600
2021-03-30,3577.243400,5094.729100,6280.359000,6160.431082,28577.500000,171.760624,199.366900,367.207900,65.334008,361.500000,3958.550000,6.564100
2021-03-31,3539.369600,5048.360700,6254.069500,6152.421994,28378.350000,171.903556,199.407900,366.833300,64.364510,357.380000,3972.890000,6.571300
2021-04-01,3582.649900,5110.776800,6311.664400,6193.871367,28938.740000,171.872978,199.443100,368.198000,65.976939,364.980000,4019.870000,6.558400
2021-04-02,3616.763600,5161.556900,6326.605900,6218.761265,,171.885471,199.466500,368.439700,,369.980000,,6.564900
2021-04-05,,,,,,,,,63.578705,,4077.910000,
2021-04-06,3594.709300,5140.341800,6343.096200,6277.647312,,171.877521,199.567300,368.984400,63.935889,367.300000,4073.940000,6.552700
2021-04-07,3558.468800,5103.742800,6348.076100,6278.893654,28674.800000,171.813656,199.601400,369.579500,64.191020,369.100000,4079.950000,6.538400
2021-04-08,3573.037000,5112.208600,6356.752600,6260.677735,29008.070000,171.798891,199.578900,370.197500,64.670667,370.080000,4097.170000,6.546300
2021-04-09,3514.110600,5035.337400,6335.239300,6256.174321,28698.800000,171.914040,199.594500,369.817800,64.344099,371.960000,4128.800000,6.540900
2021-04-12,3477.065400,4947.745900,6226.418200,6123.100731,28453.280000,172.096374,199.679200,367.717400,64.497178,369.180000,4127.990000,6.557800
2021-04-13,3461.459200,4939.643800,6209.780100,6091.563639,28497.250000,172.416922,199.760800,366.522000,65.272777,365.800000,4141.590000,6.545400
2021-04-14,3469.172700,4980.627900,6277.211100,6178.499482,28900.830000,172.481661,199.844400,367.449000,67.640395,369.540000,4124.660000,6.536200
2021-04-15,3431.493100,4948.974100,6276.460900,6155.566152,28793.140000,172.525257,199.912900,367.292100,68.211889,369.540000,4170.420000,6.529700
2021-04-16,3448.104200,4966.181100,6339.590600,6226.185651,28969.710000,172.657268,199.954300,368.770800,68.089426,372.860000,4185.470000,6.528800
2021-04-19,3513.395300,5087.016500,6425.260600,6332.296340,29106.150000,172.795307,200.078100,372.174600,68.538457,375.500000,4163.260000,6.523300
2021-04-20,3510.123900,5083.365400,6428.541100,6312.980328,29135.730000,172.922513,200.176700,372.522800,67.671010,372.100000,4134.940000,6.510300
2021-04-21,3516.097600,5098.744900,6420.258700,6313.063717,28621.920000,173.023858,200.243500,371.752300,66.415765,375.980000,4173.420000,6.504600
2021-04-22,3487.427100,5089.243500,6445.465700,6339.944303,28755.340000,172.998085,200.299700,371.897200,67.099516,376.400000,4134.980000,6.490200
2021-04-23,3524.021600,5135.453400,6462.755800,6308.750349,29078.750000,172.941035,200.338900,371.430600,67.477111,375.200000,4180.170000,6.493400
2021-04-26,3467.660500,5077.237200,6442.645100,6287.034229,28952.830000,172.668276,200.394100,371.001900,67.140337,373.140000,4187.620000,6.491300
2021-04-27,3476.301800,5090.519500,6446.282200,6257.526147,28941.540000,172.644250,200.407800,369.802800,67.446495,373.480000,4186.720000,6.492400
2021-04-28,3473.038900,5119.242100,6489.744100,6293.054194,29071.340000,172.719036,200.400900,370.376000,67.885321,371.400000,4183.180000,6.485300
2021-04-29,3517.210400,5164.169200,6491.928100,6261.630309,29303.260000,172.833050,200.443600,372.038700,69.416108,372.680000,4211.470000,6.471500
2021-04-30,3491.187700,5123.489000,6485.707500,6239.178349,28724.880000,173.014423,200.480500,371.423600,67.803679,370.760000,4181.170000,6.467200
2021-05-03,,,,,28357.540000,,,,69.048719,,4192.660000,
2021-05-04,,,,,28557.140000,,,,70.916280,,4164.660000,
2021-05-05,,,,,28417.980000,,,,69.956986,,4167.590000,
2021-05-06,3449.938500,5061.124400,6489.348500,6255.114212,28637.460000,173.203746,200.702900,372.842900,69.681445,376.280000,4201.620000,6.489500
2021-05-07,3406.310300,4996.052700,6444.442900,6178.681022,28610.650000,173.244634,200.741900,372.474900,69.671239,380.400000,4232.600000,6.467800
2021-05-10,3399.984900,4992.422000,6475.993800,6196.591246,28595.660000,173.377606,200.849200,373.813800,69.620213,381.760000,4188.430000,6.442500
2021-05-11,3437.713500,5023.059500,6456.037600,6201.761969,28013.810000,173.500181,200.917100,373.744500,70.059039,381.540000,4152.100000,6.425400
2021-05-12,3447.861700,5044.548100,6512.050100,6276.523462,28231.040000,173.568851,201.042300,375.333400,70.416223,382.440000,4063.040000,6.425800
2021-05-13,3413.888600,4992.973800,6439.027300,6232.216271,27718.670000,173.501317,201.115100,373.795300,68.426199,380.680000,4112.500000,6.461200
2021-05-14,3503.037000,5110.590100,6525.803600,6317.718756,28027.570000,173.562037,201.179700,375.765200,70.242733,382.960000,4173.850000,6.452500
2021-05-17,3539.912500,5184.985300,6578.140200,6312.635626,28194.090000,173.508481,201.264300,376.388100,71.028538,387.300000,4163.290000,6.430700
2021-05-18,3537.696300,5187.601300,6599.598500,6341.518533,28593.810000,173.564134,201.334300,377.288400,69.997807,389.960000,4127.830000,6.435700
2021-05-19,3511.467400,5172.272000,6584.386900,6343.598280,,173.747516,201.399900,377.103400,68.058810,390.300000,4115.680000,6.425500
2021-05-20,3522.451200,5186.412000,6548.711100,6337.622111,28450.290000,173.946712,201.467900,376.377000,66.385149,390.400000,4159.120000,6.446400
2021-05-21,3481.861900,5134.148300,6527.864000,6335.215553,28458.440000,174.184000,201.543700,376.603000,68.099631,390.400000,4155.860000,6.430000
2021-05-24,3497.746900,5155.587500,6544.121800,6391.410950,28412.260000,174.196406,201.701000,377.131500,69.773292,391.660000,4197.050000,6.440800
2021-05-25,3641.291800,5318.478000,6619.670700,6467.523975,28910.860000,174.201299,201.718500,379.973200,69.854934,389.820000,4188.130000,6.428300
2021-05-26,3657.189800,5320.592700,6628.206500,6495.910457,29166.010000,174.341609,201.794600,381.679700,70.099860,393.400000,4195.990000,6.409900
2021-05-27,3664.941700,5338.232900,6685.405400,6554.853986,29113.200000,174.246118,201.850500,383.022400,70.630533,390.960000,4200.880000,6.403000
2021-05-28,3659.295700,5321.088600,6668.169600,6544.394249,29124.410000,174.148791,201.876300,382.818200,70.436633,391.380000,4204.110000,6.385800
2021-05-31,3650.224500,5331.569600,6728.990600,6661.723294,29151.800000,174.289364,201.949200,383.242700,70.885664,394.380000,,6.368200
2021-06-01,3650.903400,5341.679800,6739.762400,6701.189506,29468.000000,174.379177,201.996200,383.652700,72.079678,396.900000,4202.040000,6.357200
2021-06-02,3622.397600,5289.973600,6681.428500,6608.049030,29297.620000,174.244632,202.035400,382.623100,72.661378,389.980000,4208.120000,6.377300
2021-06-03,3591.156100,5255.285500,6667.726400,6602.780449,28966.030000,174.305527,202.092400,383.059900,72.855277,387.500000,4192.850000,6.381100
2021-06-04,3612.701400,5282.277200,6693.057400,6633.803420,28918.100000,174.001491,202.071900,383.117800,73.294103,382.620000,4229.890000,6.407200
2021-06-07,3601.109100,5277.627100,6721.501900,6708.146696,28787.280000,173.804741,202.053000,382.752900,72.967535,385.320000,4226.520000,6.396300
2021-06-08,3580.283600,5232.116500,6684.562600,6657.325168,28781.380000,173.801421,202.052300,381.739600,73.528824,387.900000,4227.260000,6.390900
2021-06-09,3587.532100,5236.449300,6692.904900,6670.564906,28742.630000,173.796529,202.026700,381.890200,73.498208,387.700000,4219.550000,6.395600
2021-06-10,3607.679200,5271.466100,6765.643600,6743.688234,28738.880000,173.875945,202.048600,382.899900,73.886007,386.460000,4239.180000,6.397200
2021-06-11,3576.777300,5224.703000,6725.915200,6699.468147,28842.130000,173.624417,202.063300,382.486700,74.110523,389.920000,4247.440000,6.385600
2021-06-14,,,,,,,,,74.569759,,4255.150000,
2021-06-15,3528.668300,5166.559700,6663.662300,6662.461968,28638.530000,173.675351,202.186400,379.784000,75.794389,382.660000,4246.590000,6.407000
2021-06-16,3486.287600,5080.490900,6566.286000,6523.765808,28436.840000,173.614195,202.169900,375.860000,75.386179,382.240000,4223.700000,6.407800
2021-06-17,3481.600400,5101.892400,6616.174000,6635.626547,28558.590000,173.419192,202.146500,375.595900,74.488117,375.660000,4221.860000,6.429800
2021-06-18,3454.588500,5102.465700,6657.763500,6709.970311,28801.270000,173.573744,202.147500,376.198500,74.722838,371.620000,4166.450000,6.436100
2021-06-21,3431.252200,5090.385400,6707.176200,6812.208433,28489.000000,173.901194,202.213900,377.546200,76.376088,371.940000,4224.790000,6.454600
2021-06-22,3464.705700,5122.158300,6739.793900,6843.448139,28309.760000,173.966981,202.234500,380.021200,76.274036,373.440000,4246.440000,6.461300
2021-06-23,3471.341100,5147.393800,6789.946400,6888.342184,28817.070000,174.057755,202.280600,381.585000,76.243420,374.020000,4241.840000,6.462100
2021-06-24,3483.909300,5155.973800,6754.865700,6818.411991,28882.460000,174.112971,202.343500,382.240900,76.386294,371.940000,4266.490000,6.482400
2021-06-25,3535.018500,5239.968400,6813.413800,6843.622054,29288.220000,174.146869,202.391300,383.715100,76.855735,371.400000,4280.700000,6.474400
2021-06-28,3520.743400,5251.760400,6828.516200,6905.250856,29268.300000,174.062473,202.524100,384.432600,75.529053,372.160000,4290.610000,6.457800
2021-06-29,3482.733300,5190.544500,6765.420100,6847.409180,28994.100000,174.139530,202.562100,382.760400,76.202599,370.800000,4291.800000,6.456700
2021-06-30,3498.648500,5224.041000,6808.183100,6925.026830,28827.950000,174.231440,202.600900,383.174600,76.202599,367.500000,4297.500000,6.460100
2021-07-01,3535.249000,5229.664200,6716.665800,6813.416063,,174.197192,202.696400,381.656500,77.161893,371.780000,4319.940000,6.470900
2021-07-02,3408.236900,5081.117200,6658.045100,6754.173681,28310.420000,174.225412,202.791300,380.021000,77.529282,372.640000,4352.340000,6.471200
2021-07-05,3404.790700,5085.792400,6711.013600,6849.751608,28143.500000,174.397437,202.924900,380.735300,78.682475,373.880000,,6.469500
2021-07-06,3405.278800,5083.104300,6709.498300,6822.733376,28072.860000,174.379963,203.023100,381.349600,76.467936,377.460000,4343.540000,6.461300
2021-07-07,3424.389700,5140.489900,6764.131900,6930.858118,27960.620000,174.678146,203.093600,384.093600,74.845301,377.300000,4358.130000,6.476200
2021-07-08,3373.255500,5088.256600,6748.654000,6940.385712,27153.130000,175.442953,203.324200,385.314200,75.876031,376.620000,4320.820000,6.470500
2021-07-09,3361.594600,5069.436100,6804.538900,6982.900473,27344.540000,175.244806,203.402300,387.209400,77.131277,377.780000,4369.550000,6.475500
2021-07-12,3384.507400,5132.708800,6904.381800,7121.069805,27515.240000,175.869128,203.649300,389.889900,76.743477,377.000000,4384.630000,6.478500
2021-07-13,3391.742000,5142.099100,6961.847500,7167.497704,27963.410000,176.069896,203.841000,392.518900,77.917081,378.800000,4369.210000,6.475700
2021-07-14,3339.381000,5083.084900,6898.750200,7081.556766,27787.460000,176.122666,204.010400,391.235500,76.069931,379.500000,4374.300000,6.480600
2021-07-15,3411.288800,5151.462600,6932.406000,7079.412790,27996.270000,175.891319,204.070100,392.293600,74.794275,382.480000,4360.030000,6.464000
2021-07-16,3369.899400,5094.772700,6925.123200,7066.449811,28004.680000,175.997906,204.144100,392.448400,74.804480,381.480000,4327.160000,6.470500
2021-07-19,3385.366400,5113.494500,6889.337500,7043.871839,27489.780000,176.073653,204.277700,391.053600,70.161091,377.840000,4258.490000,6.470000
2021-07-20,3378.629200,5108.994100,6901.131800,7090.804962,27259.250000,176.310591,204.353600,390.932100,70.038628,380.680000,4323.060000,6.485500
2021-07-21,3388.520100,5144.042800,6984.541800,7233.077184,27224.580000,176.448805,204.444100,394.701200,73.732929,379.280000,4358.690000,6.483500
2021-07-22,3392.716500,5151.751700,7026.548200,7279.682127,27723.840000,176.419013,204.522500,397.184600,75.182074,376.300000,4367.480000,6.465100
2021-07-23,3357.447000,5089.228200,6985.749900,7214.485280,27321.980000,176.580205,204.581600,397.962900,75.712747,378.020000,4411.790000,6.465000
2021-07-26,3228.369800,4925.299000,6868.207400,7122.939856,26192.320000,177.022018,204.725600,394.956700,76.355678,379.040000,4422.300000,6.476300
2021-07-27,3126.375700,4751.313000,6719.255700,6934.968927,25086.430000,176.761054,204.755400,390.635500,75.304537,375.840000,4401.460000,6.473400
2021-07-28,3154.635300,4760.482600,6621.984500,6789.931269,25473.880000,176.565877,204.772700,388.266200,75.416795,379.900000,4400.640000,6.492900
2021-07-29,3182.796000,4850.274600,6758.886900,7046.037028,26315.320000,176.826404,204.811000,393.477700,76.376088,381.160000,4419.150000,6.494200
2021-07-30,3132.820500,4811.169500,6767.316000,7099.707674,25961.030000,177.289884,204.886900,394.445900,76.763888,382.500000,4395.260000,6.460200
2021-08-02,3211.144100,4933.736000,6872.000400,7236.543461,26235.800000,177.692731,205.034600,398.625900,74.743248,377.840000,4387.160000,6.466000
2021-08-03,3223.825700,4934.458300,6816.010700,7145.236768,26194.820000,177.568758,205.135900,396.595600,73.763545,377.820000,4423.150000,6.461000
2021-08-04,3233.103000,4978.847900,6931.336500,7310.697473,26426.550000,177.520881,205.174600,399.902100,71.753110,378.660000,4402.660000,6.465500
2021-08-05,3227.359200,4948.670300,6911.829200,7281.107664,26204.690000,177.846409,205.245300,398.849400,72.640967,378.040000,4429.100000,6.469100
2021-08-06,3195.696000,4921.564700,6938.867900,7314.575125,26179.400000,177.773196,205.321600,399.431200,71.936805,375.900000,4436.520000,6.462500
2021-08-09,3235.206400,4985.562700,6979.525600,7338.925877,26283.400000,177.342653,205.372600,399.373000,70.620328,365.600000,4432.350000,6.484000
2021-08-10,3288.651300,5043.148000,7019.228400,7380.444170,26605.620000,177.226456,205.357900,400.762800,72.314399,363.920000,4436.750000,6.484200
2021-08-11,3262.575100,5015.340600,7073.521900,7435.547099,26660.160000,177.137167,205.399400,402.618900,73.089998,363.520000,4447.700000,6.483100
2021-08-12,3226.113500,4973.350900,7095.202400,7486.000365,26517.820000,177.335227,205.444600,403.248600,72.610351,367.160000,4460.830000,6.475400
2021-08-13,3217.836600,4945.982900,7088.887600,7470.740122,26391.620000,177.164251,205.480900,403.880700,71.691879,368.040000,4468.000000,6.479900
2021-08-16,3222.622200,4941.067600,7052.487600,7398.613262,26181.460000,177.096804,205.576400,403.393700,70.997922,371.240000,4479.710000,6.471700
2021-08-17,3149.878300,4837.403400,6894.404200,7195.170342,25745.870000,177.193256,205.632300,399.179300,70.528480,375.020000,4448.080000,6.476500
2021-08-18,3190.551800,4894.238400,6941.008000,7239.604817,25867.010000,177.539840,205.681500,400.784400,68.885435,375.400000,4400.270000,6.491500
2021-08-19,3144.374600,4862.139400,6947.056400,7301.474304,25316.330000,177.693430,205.741400,400.454000,67.926142,374.280000,4405.800000,6.485300
2021-08-20,3072.754500,4769.267800,6920.024800,7300.094323,24849.720000,177.656824,205.785200,399.471600,66.334123,375.500000,4441.670000,6.498400
2021-08-23,3099.886700,4835.878200,7024.564700,7481.143549,25109.590000,177.559061,205.854000,402.213000,70.191707,374.880000,4479.530000,6.496900
2021-08-24,3147.768500,4888.390200,7090.781700,7542.257742,25727.920000,177.638127,205.868200,404.619900,72.661378,377.680000,4486.230000,6.480500
2021-08-25,3159.803400,4898.157200,7153.004300,7595.589357,25693.950000,177.719204,205.898200,405.908400,73.406361,375.540000,4496.190000,6.472800
2021-08-26,3088.831400,4801.609400,7118.844200,7497.732937,25415.690000,177.436310,205.837500,405.471200,71.967421,373.960000,4470.000000,6.473000
2021-08-27,3123.049000,4827.043300,7180.108800,7508.046522,25407.890000,177.547615,205.813100,406.751600,73.141024,377.780000,4509.370000,6.486300
2021-08-30,3112.702200,4813.270300,7226.882300,7554.646088,25539.540000,177.738948,205.889100,408.664500,73.590055,379.040000,4528.790000,6.467700
2021-08-31,3097.058400,4805.609900,7255.341800,7555.307239,25878.990000,177.805959,205.917500,409.605400,73.171640,378.840000,4522.680000,6.467900
2021-09-01,3165.037100,4869.458700,7193.100000,7436.482369,26028.290000,178.050061,205.948900,410.499000,72.773635,379.120000,4524.090000,6.468000
2021-09-02,3167.097200,4869.411300,7307.008400,7518.585835,26090.430000,178.046741,205.996200,416.401300,74.335038,378.920000,4536.950000,6.459400
2021-09-03,3175.879100,4843.062400,7278.680900,7459.912613,25901.990000,178.014590,206.017300,415.674600,73.967649,378.540000,4535.430000,6.457700
2021-09-06,3211.198000,4933.726200,7355.401300,7561.835556,26163.630000,178.043246,206.086100,418.126900,73.579850,380.960000,,6.452900
2021-09-07,3248.052400,4992.829400,7498.925500,7701.876015,26353.630000,177.849817,206.100200,423.456200,72.998151,379.420000,4520.030000,6.453300
2021-09-08,3213.256700,4972.132400,7544.041100,7717.422597,26320.930000,177.760441,206.108600,424.616700,74.151344,374.960000,4514.070000,6.467400
2021-09-09,3204.278200,4970.013300,7617.450500,7723.274414,25716.000000,177.732571,206.090300,424.631600,72.834867,373.200000,4493.280000,6.461500
2021-09-10,3252.324600,5013.521900,7607.674900,7754.962056,26205.910000,177.774681,206.061500,424.423800,74.447296,375.500000,4458.580000,6.456600
2021-09-13,3242.036400,4991.659800,7648.748100,7769.459869,25813.810000,177.695440,206.128100,425.223600,75.182074,373.300000,4468.730000,6.449700
2021-09-14,3188.260700,4917.161700,7556.615700,7739.559768,25502.230000,177.617334,206.113600,421.003500,75.427000,373.820000,4443.050000,6.450000
2021-09-15,3146.633700,4867.318700,7592.305900,7793.656746,25033.210000,177.597589,206.097100,420.696700,77.049635,374.820000,4480.700000,6.449200
2021-09-16,3128.588600,4807.697800,7446.935300,7581.238282,24667.850000,177.642146,206.108500,413.464600,77.223124,371.760000,4473.750000,6.433000
2021-09-17,3161.922100,4855.940200,7395.564500,7557.069071,24920.760000,177.756334,206.104500,413.346200,77.039430,367.860000,4432.990000,6.452700
2021-09-20,,,,,24099.140000,,,,75.773979,,4357.730000,
2021-09-21,,,,,24221.540000,,,,76.212804,,4354.190000,
2021-09-22,3122.337100,4821.767500,7453.624700,7595.035351,,178.000699,206.183500,415.105500,77.406819,372.520000,4395.640000,6.469300
2021-09-23,3127.820700,4853.195700,7502.839100,7631.931647,24510.980000,178.085707,206.197100,417.195100,78.039544,369.260000,4448.980000,6.474900
2021-09-24,3145.112000,4849.427700,7380.384300,7523.237942,24192.160000,178.040625,206.185400,414.166000,78.784527,366.780000,4455.480000,6.459900
2021-09-27,3199.974700,4877.369800,7170.589900,7300.540793,24208.780000,178.026123,206.193600,407.599100,80.243878,367.860000,4443.110000,6.469500
2021-09-28,3211.153800,4883.828000,7198.896600,7301.435297,24500.390000,177.979119,206.181300,409.153300,79.019248,364.220000,4352.630000,6.460800
2021-09-29,3199.225900,4833.928100,7010.219200,7037.919817,24663.500000,178.096802,206.150700,402.752700,79.498895,364.480000,4359.460000,6.466200
2021-09-30,3196.990500,4866.382600,7103.607600,7239.582039,24575.640000,178.101170,206.212000,407.652400,79.968336,362.780000,4307.540000,6.485400
2021-10-01,,,,,,,,,80.866398,,4357.040000,
2021-10-04,,,,,24036.370000,,,,82.938064,,4300.460000,
2021-10-05,,,,,24104.150000,,,,84.254541,,4345.720000,
2021-10-06,,,,,23966.490000,,,,82.489033,,4363.550000,
2021-10-07,,,,,24701.730000,,,,84.172899,,4399.760000,
2021-10-08,3256.261300,4929.940900,7091.335600,7259.335919,24837.850000,177.970295,206.412200,407.765300,84.274952,367.540000,4391.340000,6.460400
2021-10-11,3276.407100,4936.191800,7090.467300,7219.425192,25325.090000,177.555828,206.336500,407.133900,85.407734,366.160000,4361.190000,6.447900
2021-10-12,3259.379600,4883.836900,6952.190300,7047.005243,24962.590000,177.446532,206.280900,401.303000,85.091372,368.220000,4350.650000,6.444700
2021-10-13,3292.762400,4940.108900,6981.594700,7126.083037,,177.392714,206.282900,401.076600,85.081166,368.100000,4363.800000,6.461200
2021-10-14,3270.692000,4913.612300,7008.332600,7177.789978,,177.392889,206.304400,402.559000,85.795534,373.240000,4438.260000,6.441400
2021-10-15,3294.833300,4932.108400,7024.159600,7185.765730,25330.960000,177.256685,206.336300,404.455100,86.662980,372.580000,4471.370000,6.438600
2021-10-18,3229.631300,4874.775300,7068.104800,7263.204088,25409.750000,176.526736,206.340700,406.645000,85.877176,367.580000,4486.460000,6.430000
2021-10-19,3256.668000,4922.723200,7120.379400,7335.965801,25787.210000,176.840907,206.317400,408.860100,86.897701,368.760000,4519.630000,6.430700
2021-10-20,3254.998100,4910.184600,7118.795900,7355.035752,26136.020000,177.020096,206.384800,409.148100,87.652889,367.660000,4536.190000,6.406900
2021-10-21,3278.541900,4928.015600,7098.254200,7335.457254,26017.530000,177.251355,206.439800,408.914500,86.489491,369.540000,4549.780000,6.389000
2021-10-22,3318.127500,4959.725400,7026.067600,7271.860738,26126.930000,177.218418,206.502400,407.155600,87.530426,371.080000,4544.900000,6.403200
2021-10-25,3312.303100,4979.523500,7103.985600,7363.649584,26132.030000,177.217894,206.620200,409.287800,86.918111,370.140000,4566.480000,6.392400
2021-10-26,3290.036300,4963.098400,7102.433500,7340.496099,26038.270000,177.294951,206.698600,409.738200,87.173243,371.640000,4574.790000,6.389000
2021-10-27,3247.096600,4898.164400,7048.604000,7267.036574,25628.740000,177.356020,206.792200,408.757300,85.213835,368.920000,4551.680000,6.385600
2021-10-28,3239.610400,4864.138000,6950.276800,7105.052802,25555.730000,177.490303,206.881200,405.544900,85.622045,372.560000,4596.420000,6.395700
2021-10-29,3267.249100,4908.770100,7022.499200,7219.876159,25377.240000,177.556527,206.990400,408.121300,85.244450,370.480000,4605.380000,6.390700
2021-11-01,3250.915000,4890.685100,7060.756000,7288.606933,25154.320000,177.885200,207.114900,411.240000,86.285386,368.780000,4613.670000,6.419200
2021-11-02,3212.025800,4839.845700,6985.099800,7203.545346,25099.670000,178.122313,207.208800,409.436100,85.815944,371.260000,4630.650000,6.400900
2021-11-03,3181.450500,4821.111900,7017.854100,7219.773022,25024.750000,178.118644,207.334000,410.477100,83.050322,368.040000,4660.570000,6.407900
2021-11-04,3207.263900,4868.741900,7073.852200,7316.059709,25225.190000,178.230997,207.422200,413.727200,82.611496,366.580000,4680.060000,6.394300
2021-11-05,3201.546200,4842.345800,6991.907700,7224.061950,24870.510000,178.615847,207.539100,410.765300,84.244336,371.740000,4697.530000,6.398000
2021-11-08,3196.270100,4848.179500,7026.971500,7256.635689,24763.770000,178.632272,207.650700,412.567700,85.397529,375.900000,4701.700000,6.395900
2021-11-09,3186.957700,4846.744400,7081.753900,7363.244564,24813.130000,178.579153,207.637500,414.926700,86.948727,377.460000,4685.250000,6.390300
2021-11-10,3170.404600,4821.192500,7062.331300,7366.440926,24996.140000,178.573911,207.688100,415.019100,84.417825,377.460000,4646.710000,6.394800
2021-11-11,3233.370200,4898.652900,7119.858900,7423.634062,25247.990000,178.381006,207.702200,419.086500,84.336183,383.360000,4649.270000,6.414500
2021-11-12,3220.548100,4888.374900,7156.612700,7525.379473,25327.970000,178.411584,207.721000,421.723800,83.632021,383.600000,4682.850000,6.406500
2021-11-15,3221.686600,4882.377700,7098.212900,7504.533613,25390.910000,178.578717,207.826500,420.926700,83.856536,382.200000,4682.800000,6.389600
2021-11-16,3222.173100,4883.320600,7045.938700,7419.185883,25713.780000,178.621963,207.871700,418.364500,83.958589,384.020000,4700.900000,6.392400
2021-11-17,3208.775900,4885.754400,7104.534400,7552.052515,25650.080000,178.613226,207.920700,420.053300,81.856307,382.260000,4688.670000,6.393500
2021-11-18,3173.375800,4837.618500,7084.682700,7541.987338,25319.720000,178.718591,207.978900,420.193300,82.713548,383.540000,4704.540000,6.380300
2021-11-19,3212.907700,4890.057500,7169.875900,7628.960525,25049.970000,178.667132,208.025700,423.801400,80.274494,382.740000,4697.960000,6.382500
2021-11-22,3212.151400,4912.399000,7255.073600,7769.352821,24951.340000,178.835837,208.105200,427.436700,81.131735,379.140000,4682.940000,6.395200
2021-11-23,3224.154600,4913.345700,7261.379100,7763.670031,24651.580000,178.818276,208.161200,426.995100,83.866742,371.780000,4690.700000,6.392900
2021-11-24,3231.835400,4916.657900,7256.111700,7760.947414,24685.500000,179.052506,208.228400,426.867300,82.662522,369.760000,4701.460000,6.390300
2021-11-25,3218.051400,4896.441600,7233.542300,7748.225413,24740.160000,179.092170,208.288000,426.429300,82.642112,369.780000,,6.398000
2021-11-26,3187.357900,4860.126500,7219.862200,7762.917376,24080.520000,179.371569,208.339400,426.708600,73.273693,372.700000,4594.620000,6.393600
2021-11-29,3187.048500,4851.423000,7221.897800,7820.639101,23852.240000,179.373316,208.443200,428.464900,74.763659,371.420000,4655.270000,6.387200
2021-11-30,3165.349600,4832.026000,7252.755200,7873.876573,23475.260000,179.325614,208.444000,429.025100,71.661263,370.240000,4567.000000,6.379400
2021-12-01,3180.418000,4843.851000,7272.837000,7875.372594,23658.920000,179.253187,208.500800,431.223300,70.354991,368.740000,4513.040000,6.369300
2021-12-02,3190.871800,4856.163000,7229.988000,7789.748789,23788.930000,179.116982,208.563500,431.690000,71.916394,367.000000,4577.100000,6.371900
2021-12-03,3221.422300,4901.017500,7301.917300,7844.228889,23766.690000,179.002969,208.592500,433.964300,71.579621,365.920000,4538.430000,6.373800
2021-12-06,3228.142200,4892.620900,7240.455800,7729.647195,23349.380000,179.524548,208.747500,429.921400,75.110637,368.680000,4591.670000,6.370200
2021-12-07,3254.499400,4922.101500,7206.825700,7607.139509,23983.660000,179.403283,208.793400,423.936300,76.876146,367.880000,4686.750000,6.373800
2021-12-08,3304.708000,4995.929800,7302.990500,7745.088880,23996.870000,179.283591,208.809300,427.187700,77.488461,368.280000,4701.210000,6.367700
2021-12-09,3360.183600,5078.690100,7320.317700,7754.087397,24254.860000,179.261312,208.839200,430.108200,75.529053,366.720000,4667.450000,6.349800
2021-12-10,3353.630200,5055.117200,7306.646000,7771.066750,23995.720000,179.382315,208.880100,431.133800,76.814914,365.620000,4712.020000,6.370200
2021-12-13,3366.067800,5083.800700,7353.030600,7806.039814,23954.580000,179.342825,208.985200,432.901700,75.845415,368.140000,4668.970000,6.366900
2021-12-14,3350.497300,5049.695300,7324.133100,7803.036821,23635.950000,179.444957,209.005800,431.011400,74.773864,368.520000,4634.090000,6.367500
2021-12-15,3318.980100,5005.899100,7314.258600,7777.378529,23420.760000,179.459634,209.044200,431.336600,75.947468,364.360000,4709.850000,6.371600
2021-12-16,3330.856100,5034.732100,7380.997400,7826.643619,23475.500000,179.415252,209.063400,432.793400,76.151573,368.080000,4668.670000,6.363700
2021-12-17,3278.898500,4954.759900,7314.560100,7717.277716,23192.630000,179.503667,209.110700,431.912800,74.365654,372.780000,4620.640000,6.365100
2021-12-20,3255.351500,4880.417800,7195.973200,7578.309294,22744.860000,179.516335,209.192200,428.489600,73.559440,372.340000,4568.020000,6.393300
2021-12-21,3273.031300,4913.485300,7275.467500,7673.216392,22971.330000,179.503230,209.152500,431.562200,75.529053,369.720000,4649.230000,6.372900
2021-12-22,3260.571100,4914.454400,7302.463000,7753.163565,23102.330000,179.632533,209.138300,433.578100,77.202714,368.900000,4696.560000,6.370300
2021-12-23,3287.187700,4948.738900,7337.190000,7754.972223,23193.640000,179.836709,209.194900,436.245200,78.080365,372.780000,4725.790000,6.365100
2021-12-24,3290.235700,4921.344900,7278.755600,7602.412616,23223.760000,179.857764,209.203900,434.941400,77.141482,373.560000,,6.369200
2021-12-27,3278.436500,4919.323800,7272.749300,7602.241340,,180.016771,209.287500,432.996000,80.233673,373.440000,4791.190000,6.368600
2021-12-28,3303.400200,4955.964400,7286.033600,7687.389054,23280.560000,180.160664,209.324800,433.335900,80.437778,374.460000,4786.350000,6.372800
2021-12-29,3240.845200,4883.480400,7247.774100,7679.469905,23086.540000,180.317138,209.413500,431.962900,80.825577,372.580000,4793.060000,6.373500
2021-12-30,3261.793700,4921.510900,7310.960000,7747.020325,23112.010000,180.539835,209.496100,433.762800,80.764346,370.800000,4778.730000,6.367400
2021-12-31,3274.320900,4940.373300,7359.402400,7830.894519,23397.670000,180.508820,209.552000,436.367700,79.539716,374.700000,4766.180000,6.375700
2022-01-03,,,,,23274.750000,,,,80.529625,,4796.560000,
2022-01-04,3264.065700,4917.765300,7354.456200,7804.249241,23289.840000,180.494230,209.738000,437.685600,81.805281,371.740000,4793.540000,6.379400
2022-01-05,3254.279300,4868.120200,7222.674700,7607.370418,22907.250000,180.455352,209.804300,434.633500,81.886923,373.100000,4700.580000,6.377900
2022-01-06,3210.385300,4818.231800,7229.960100,7668.801646,23072.860000,180.291627,209.846700,435.656700,83.662637,370.640000,4696.050000,6.372800
2022-01-07,3223.267000,4822.368900,7175.676000,7510.607053,23493.380000,180.273629,209.870900,434.691300,83.611610,368.140000,4677.030000,6.374200
2022-01-10,3236.116300,4844.045100,7191.451100,7560.942909,23746.540000,180.430627,209.989200,436.170700,82.662522,368.560000,4670.290000,6.365300
2022-01-11,3214.528700,4797.773500,7135.223200,7475.409435,23739.060000,180.571025,210.038800,433.620500,85.468966,371.940000,4713.070000,6.368400
2022-01-12,3236.308100,4845.578700,7196.932700,7605.264569,24402.170000,180.714132,210.127400,436.428200,86.581338,373.920000,4726.350000,6.365800
2022-01-13,3184.106900,4765.919100,7097.759400,7473.546226,24429.770000,180.762795,210.181600,433.059100,85.836355,374.920000,4659.030000,6.354200
2022-01-14,3139.045300,4726.731700,7081.140800,7503.444567,24383.320000,180.798528,210.218300,429.284500,88.244794,374.580000,4662.850000,6.367700
2022-01-17,3147.698700,4767.276200,7157.859300,7633.187179,24218.030000,180.892797,210.355700,432.375500,88.306025,372.520000,,6.359900
2022-01-18,3187.524400,4813.347200,7163.158600,7584.814246,24112.780000,181.371653,210.430600,433.787800,90.387896,371.760000,4577.110000,6.352100
2022-01-19,3187.192100,4780.378400,7118.762000,7493.486828,24127.850000,181.676563,210.622700,434.187200,89.520450,373.060000,4532.760000,6.362400
2022-01-20,3233.701100,4823.509100,7056.785400,7324.777166,24952.350000,181.703122,210.702600,434.832500,89.275524,378.400000,4482.730000,6.348500
2022-01-21,3218.735200,4779.314200,6976.615500,7223.238517,24965.550000,181.943555,210.776200,432.878700,89.704144,378.220000,4397.940000,6.349200
2022-01-24,3209.744500,4786.737700,6979.245600,7259.075095,24656.460000,182.346577,210.929900,433.759700,88.959161,377.200000,4410.130000,6.341100
2022-01-25,3144.949000,4678.451100,6743.956600,6973.287632,24243.610000,182.230292,211.008000,428.161900,89.887839,377.920000,4356.450000,6.341800
2022-01-26,3163.674300,4712.310900,6782.576300,7010.399880,24289.900000,181.991782,211.043100,430.090700,90.347075,378.580000,4349.930000,6.324600
2022-01-27,3119.238600,4619.876500,6605.915900,6804.205113,23807.000000,181.859771,211.052500,426.242900,90.704259,371.580000,4326.510000,6.338200
2022-01-28,3054.020900,4563.772000,6580.530000,6816.816939,23550.080000,182.099941,211.098600,426.069400,90.704259,370.100000,4431.850000,6.374600
2022-01-31,,,,,23802.260000,,,,91.143085,,4515.550000,
2022-02-01,,,,,,,,,91.122674,,4546.540000,
2022-02-02,,,,,,,,,91.173700,,4589.380000,
2022-02-03,,,,,,,,,92.939209,,4477.440000,
2022-02-04,,,,,24573.290000,,,,94.418970,,4500.530000,
2022-02-07,3114.260300,4634.089900,6676.612200,6903.442100,24579.550000,182.178746,211.439500,430.318300,94.857796,372.140000,4483.870000,6.358000
2022-02-08,3116.504800,4608.772900,6742.192100,6922.014257,24329.490000,182.211858,211.460400,431.315900,93.194340,374.800000,4521.540000,6.356900
2022-02-09,3139.563600,4652.060900,6843.027100,7049.895909,24829.990000,182.088759,211.495400,435.401500,93.684192,376.580000,4587.180000,6.365300
2022-02-10,3145.112600,4639.862500,6840.485000,7014.885306,24924.350000,182.119686,211.525800,436.645700,93.327008,377.400000,4504.080000,6.359900
2022-02-11,3142.911700,4601.395300,6745.023500,6876.295118,24906.660000,181.505062,211.372900,433.808200,97.051924,375.240000,4418.640000,6.368100
2022-02-14,3103.997000,4551.687800,6695.695800,6849.141097,24556.570000,181.429228,211.391800,420.731300,97.817318,381.700000,4401.670000,6.366400
2022-02-15,3119.927600,4600.102500,6760.277600,6965.254299,24355.710000,181.464611,211.372100,414.319800,95.419084,385.580000,4471.070000,6.360500
2022-02-16,3136.082100,4617.989300,6772.033600,7022.206261,24718.900000,181.516682,211.367000,416.598100,93.990349,379.840000,4475.010000,6.346300
2022-02-17,3139.177100,4629.164900,6768.788800,7058.867054,24792.770000,181.655158,211.417300,417.456200,94.847590,383.540000,4380.260000,6.332100
2022-02-18,3162.821500,4651.235800,6835.021700,7089.354203,24327.710000,181.561239,211.440400,420.739900,95.531342,386.640000,4348.870000,6.334300
2022-02-21,3144.864900,4634.314100,6867.112900,7170.298431,24170.070000,181.152800,211.422400,422.394900,99.348105,386.000000,,6.340100
2022-02-22,3102.324900,4574.152700,6784.762200,7116.182683,23520.000000,181.078451,211.338700,420.004000,98.480659,390.720000,4304.760000,6.348700
2022-02-23,3118.037600,4623.046500,6887.423600,7283.512951,23660.280000,181.216053,211.345900,423.353500,96.674330,387.580000,4225.500000,6.331300
2022-02-24,3059.640900,4529.318900,6764.875600,7121.932635,22901.560000,181.314777,211.361800,420.950400,97.858139,396.040000,4288.700000,6.328000
2022-02-25,3075.587200,4573.424700,6819.431100,7197.051538,22767.180000,181.422850,211.368600,422.442100,96.500841,391.420000,4384.650000,6.334600
2022-02-28,3080.777400,4581.645900,6853.308100,7253.628493,22713.020000,181.550318,211.449000,423.058200,100.133910,389.020000,4373.940000,6.322200
2022-03-01,3125.690500,4619.686200,6874.044700,7263.025773,22761.710000,181.367634,211.438300,424.329600,109.859513,389.140000,4306.260000,6.301400
2022-03-02,3107.240500,4578.600700,6875.240400,7248.230282,22343.920000,181.216665,211.419700,423.127600,116.890930,394.500000,4386.540000,6.335100
2022-03-03,3097.088700,4551.628300,6859.552200,7178.141034,22467.340000,181.027429,211.316500,420.784700,112.706777,393.200000,4363.490000,6.301600
2022-03-04,3062.382400,4496.430100,6803.833700,7079.353548,21905.290000,181.096623,211.231400,416.057900,120.472972,394.640000,4328.870000,6.328800
2022-03-07,2974.676200,4352.777500,6659.390200,6927.013216,21057.630000,181.170535,211.246500,407.519300,126.922690,403.300000,4201.090000,6.347800
2022-03-08,2933.163700,4265.391000,6429.888800,6717.306811,20765.870000,181.237545,211.209200,399.751800,132.127367,412.200000,4170.700000,6.318500
2022-03-09,2907.178100,4226.346300,6305.609300,6643.809941,20627.710000,181.066219,211.082900,396.963900,114.819264,417.160000,4277.880000,6.317800
2022-03-10,2933.461100,4292.837400,6414.940200,6796.785909,20890.260000,181.020701,210.983500,402.400700,111.420916,404.000000,4259.520000,6.310500
2022-03-11,2935.684000,4306.521700,6474.126900,6834.186647,20553.790000,181.422064,210.904700,402.813300,114.421259,404.780000,4204.310000,6.330600
2022-03-14,2851.876900,4174.757700,6323.577900,6648.263302,19531.660000,181.789877,211.138400,400.264900,108.175646,402.500000,4173.110000,6.350600
2022-03-15,2702.853200,3983.812000,5964.981300,6328.476563,18415.080000,181.270483,211.061400,393.703000,100.776840,394.460000,4262.450000,6.376000
2022-03-16,2827.749700,4156.081000,6156.271400,6543.045845,20087.500000,181.328494,210.999200,400.702500,100.052268,391.040000,4357.860000,6.380000
2022-03-17,2877.219200,4237.695600,6267.524400,6665.811325,21501.230000,181.353131,210.989900,403.599100,109.206377,395.440000,4411.670000,6.340600
2022-03-18,2913.185400,4265.901700,6332.216600,6725.270049,21412.400000,181.449934,211.040900,406.559700,107.563331,395.900000,4463.120000,6.342500
2022-03-21,2892.106900,4258.745900,6358.943000,6798.628881,21221.340000,181.376720,211.100400,406.859500,114.768238,394.760000,4461.180000,6.367700
2022-03-22,2900.767600,4255.295000,6358.109300,6768.359541,21889.280000,181.179621,211.104100,406.267600,113.206834,397.160000,4511.610000,6.366400
2022-03-23,2916.508100,4276.517400,6398.100900,6810.894832,22154.080000,181.204870,211.112700,404.805000,120.074967,394.720000,4456.240000,6.355800
2022-03-24,2903.617000,4251.306100,6344.115000,6746.230484,21945.950000,181.344657,211.124800,400.783700,116.952161,399.020000,4520.160000,6.364000
2022-03-25,2856.427700,4174.574200,6268.237600,6667.050824,21404.880000,181.446264,211.152500,397.405300,119.227932,401.700000,4543.060000,6.373900
2022-03-28,2853.181900,4148.466300,6283.281400,6615.666785,21684.970000,181.556259,211.245400,395.690900,108.787961,397.680000,4575.520000,6.373200
2022-03-29,2842.153100,4134.144100,6253.069200,6575.023737,21927.630000,181.557307,211.291600,395.225900,110.788190,395.540000,4631.600000,6.364000
2022-03-30,2915.490600,4254.098900,6377.874400,6710.980173,22232.030000,181.714742,211.325700,400.193700,113.278271,394.740000,4602.450000,6.356600
2022-03-31,2898.826100,4222.596800,6324.960900,6620.372855,21996.850000,181.673767,211.407800,399.896800,107.818463,394.340000,4530.410000,6.348200
2022-04-01,2943.243700,4276.158000,6364.520600,6620.899781,22039.550000,181.822989,211.511000,404.045300,106.899990,396.260000,4545.860000,6.350900
2022-04-04,,,,,22502.310000,,,,110.196286,,4582.640000,
2022-04-05,,,,,,,,,107.849078,,4525.120000,
2022-04-06,2931.198300,4263.841100,6356.927100,6612.770155,22080.520000,182.094001,211.746200,404.992100,103.736363,394.500000,4481.150000,6.379900
2022-04-07,2902.481800,4209.099800,6221.590800,6475.219253,21808.980000,182.314776,211.854200,401.840100,103.491437,394.940000,4500.210000,6.365900
2022-04-08,2925.491300,4230.766900,6224.116700,6427.998716,21872.010000,182.317135,211.966400,402.015400,104.501756,396.040000,4488.280000,6.365300
2022-04-11,2846.380000,4100.070300,6029.893500,6186.318329,21208.300000,182.258425,212.091200,398.095600,101.389155,399.600000,4412.530000,6.364500
2022-04-12,2894.258300,4179.972700,6126.906500,6270.737437,21319.130000,182.239553,212.144600,399.222600,107.083685,401.780000,4397.450000,6.379500
2022-04-13,2882.278800,4139.737000,6044.326300,6145.440657,21374.370000,182.291799,212.208900,397.737700,111.114758,403.700000,4446.590000,6.375200
2022-04-14,2928.596200,4191.568400,6126.490200,6217.252632,21518.080000,182.398648,212.326500,399.351300,113.951818,404.320000,4392.590000,6.354000
2022-04-15,2930.578400,4188.747200,6070.748900,6134.512650,,182.443904,212.400800,398.966900,,405.820000,,6.389600
2022-04-18,2887.720800,4166.384400,6074.006900,6184.323438,,182.154546,212.439600,399.581000,115.156037,408.020000,4391.690000,6.376300
2022-04-19,2861.567000,4134.901700,6092.396300,6203.642286,21027.760000,182.223653,212.478300,400.370300,109.808486,405.100000,4462.210000,6.372000
2022-04-20,2835.351700,4070.788900,5956.920800,6094.605932,20944.670000,182.187046,212.470100,397.759900,109.430892,400.060000,4459.450000,6.399600
2022-04-21,2797.529300,3995.830000,5759.801300,5847.402983,20682.220000,182.318358,212.483200,393.963200,111.063732,405.060000,4393.660000,6.409800
2022-04-22,2814.127300,4013.249800,5740.984400,5759.833460,20638.520000,182.298351,212.547900,394.158100,107.889899,406.800000,4271.780000,6.459600
2022-04-25,2683.412700,3814.912700,5369.717100,5309.941419,19869.340000,182.474133,212.620500,386.261800,104.481346,404.420000,4296.120000,6.490900
2022-04-26,2681.028100,3784.119800,5234.005900,5148.582236,19934.710000,182.491431,212.693200,384.402400,107.022453,401.300000,4175.200000,6.559000
2022-04-27,2734.540300,3895.536100,5437.037400,5416.606799,19946.360000,182.405899,212.749400,389.229700,107.093890,400.900000,4183.960000,6.559800
2022-04-28,2769.712200,3921.107300,5418.764100,5370.845526,20276.170000,182.255541,212.767600,389.647700,109.318634,400.820000,4287.500000,6.562800
2022-04-29,2805.335900,4016.241000,5627.902100,5606.042076,21089.390000,182.370341,212.812800,394.301400,108.257288,405.820000,4131.930000,6.617700
2022-05-02,,,,,,,,,109.849307,,4155.380000,
2022-05-03,,,,,21101.890000,,,,108.114415,,4175.480000,
2022-05-04,,,,,20869.520000,,,,112.482262,,4300.170000,
2022-05-05,2800.929100,4010.210200,5686.702300,5706.182561,20793.400000,182.491693,212.982100,395.888800,113.339503,404.520000,4146.870000,6.567200
2022-05-06,2719.761100,3908.815000,5563.769300,5635.564432,20001.960000,182.490995,213.048200,393.160300,115.543837,403.600000,4123.340000,6.633200
2022-05-09,2695.132500,3877.436400,5608.516200,5710.055911,,182.636198,213.193300,393.080000,107.410253,405.360000,3991.240000,6.689900
2022-05-10,2718.370600,3919.868400,5690.086800,5817.374133,19633.690000,182.758861,213.284300,394.953200,103.685336,402.300000,4001.050000,6.713400
2022-05-11,2741.232400,3976.423100,5737.817300,5868.562066,19824.570000,182.691501,213.363800,397.621700,109.716639,399.940000,3935.180000,6.729000
2022-05-12,2721.769900,3958.740000,5743.100700,5899.399978,19380.340000,182.823162,213.467200,397.508500,110.135054,404.240000,3930.080000,6.729200
2022-05-13,2748.236900,3988.600200,5796.801400,5935.663669,19898.770000,182.829103,213.581900,399.372200,113.502787,399.660000,4023.890000,6.789800
2022-05-16,2720.405500,3956.537800,5791.080900,5946.627066,19950.210000,182.837141,213.738400,399.631000,116.370462,395.840000,4008.010000,6.787100
2022-05-17,2756.740000,4005.893400,5816.337900,5981.405489,20602.520000,182.943903,213.834900,401.331500,115.145832,397.980000,4088.850000,6.785400
2022-05-18,2745.527900,3991.906900,5797.489600,5990.542532,20644.280000,183.090592,213.949700,401.189900,111.492352,393.320000,3923.680000,6.742100
2022-05-19,2744.545000,3999.598400,5838.407400,6041.751777,20120.680000,183.165552,214.052900,401.444800,113.788534,394.960000,3900.790000,6.752400
2022-05-20,2807.942000,4077.599800,5929.488200,6123.143844,20717.240000,183.096271,214.115200,403.307500,115.227474,397.180000,3901.360000,6.748700
2022-05-23,2782.547800,4053.982300,5965.727700,6201.375329,20470.060000,183.287778,214.242700,404.200500,115.798968,397.160000,3973.750000,6.675600
2022-05-24,2734.192300,3959.154100,5745.675100,5945.415232,20112.100000,183.341683,214.325800,399.258500,116.176562,398.080000,3941.480000,6.656600
2022-05-25,2743.416600,3983.178400,5844.254600,6049.653915,20171.270000,183.452552,214.359600,401.146600,113.798739,398.840000,3978.730000,6.655000
2022-05-26,2744.898400,3993.044600,5911.560700,6087.614134,20116.200000,183.893841,214.447200,402.216800,116.809288,400.360000,4057.840000,6.676600
2022-05-27,2763.071700,4001.298800,5899.915000,6070.989357,20697.360000,183.938048,214.524400,402.328200,117.686939,402.140000,4158.240000,6.738700
2022-05-30,2778.450700,4029.017900,5942.831700,6141.632416,21123.930000,183.797300,214.593100,402.195200,120.115788,399.920000,,6.704800
2022-05-31,2813.218800,4091.517600,6026.237300,6211.033628,21415.200000,183.532317,214.529000,403.196300,118.656438,399.040000,4132.150000,6.660700
2022-06-01,2798.068100,4083.177200,6023.644000,6230.557675,21294.940000,183.477626,214.459700,402.795100,118.278843,396.360000,4101.230000,6.665100
2022-06-02,2790.316400,4089.568200,6078.434900,6298.613905,21082.130000,183.441369,214.422400,403.518100,120.717898,398.980000,4176.820000,6.709500
2022-06-03,,,,,,,,,123.565163,,4108.540000,
2022-06-06,2825.650500,4166.085000,6187.444100,6457.026308,21653.900000,183.364311,214.368500,406.320100,122.452791,398.000000,4121.430000,6.669100
2022-06-07,2846.809800,4179.128500,6186.567200,6450.045264,21531.670000,183.396550,214.280800,406.873200,123.483521,396.000000,4160.680000,6.664900
2022-06-08,2879.311300,4219.812200,6217.827600,6460.854884,22014.590000,183.426254,214.284200,407.510400,126.483864,398.020000,4115.770000,6.663400
2022-06-09,2868.423600,4175.674700,6130.686200,6344.992729,21869.050000,183.511175,214.371800,406.954300,125.453134,398.820000,4017.820000,6.681100
2022-06-10,2899.578500,4238.993600,6240.103200,6479.288026,21806.180000,183.552849,214.466500,409.441800,124.432609,397.540000,3900.860000,6.699400
2022-06-13,2844.723600,4189.352700,6233.619400,6525.289887,21067.580000,183.528735,214.541100,409.089100,124.871435,404.220000,3749.630000,6.718200
2022-06-14,2882.703100,4222.311400,6275.565200,6515.953218,21067.990000,183.490469,214.563900,408.858700,123.575368,396.900000,3735.480000,6.748200
2022-06-15,2923.988900,4278.217800,6261.061300,6504.719319,21308.210000,183.468103,214.593800,411.364200,121.422060,394.460000,3789.990000,6.751800
2022-06-16,2891.335400,4250.061400,6264.822000,6546.757305,20845.430000,183.541142,214.635100,411.866000,121.473087,395.760000,3666.770000,6.709900
2022-06-17,2936.199900,4309.044400,6316.309200,6622.985296,21075.000000,183.606142,214.740200,413.389600,115.941841,398.580000,3674.840000,6.692300
2022-06-20,2924.915100,4330.432800,6330.394200,6695.344629,21163.910000,183.540705,214.825800,412.041900,116.554156,397.000000,,6.712000
2022-06-21,2926.475000,4325.565700,6277.001400,6627.293776,21559.590000,183.531182,214.855800,410.823200,117.248113,396.260000,3764.790000,6.685100
2022-06-22,2892.286100,4270.622700,6179.570000,6541.917108,21008.340000,183.577748,214.904800,410.214300,112.288362,396.200000,3759.890000,6.710900
2022-06-23,2935.882900,4343.878100,6300.474600,6692.118548,21273.870000,183.602648,214.972900,412.239200,108.379751,396.700000,3795.730000,6.707900
2022-06-24,2974.753700,4394.772300,6368.282700,6776.387106,21719.060000,183.500429,215.002100,414.413800,111.227016,393.640000,3911.740000,6.700000
2022-06-27,3013.948000,4444.263900,6407.744700,6846.070259,22229.520000,183.221991,215.015500,417.459200,113.492581,396.320000,3900.110000,6.685000
2022-06-28,3039.413300,4490.516600,6501.352000,6921.140869,22418.970000,183.159874,214.978900,419.824800,116.339846,393.860000,3821.550000,6.693000
2022-06-29,3009.235900,4421.357000,6374.297400,6746.412317,21996.890000,183.195170,215.002300,416.494200,114.604954,393.340000,3818.830000,6.703500
2022-06-30,3058.397600,4485.010800,6454.077800,6838.831813,21859.790000,183.331112,215.031700,418.617000,111.441326,392.700000,3785.380000,6.711400
2022-07-01,3045.268700,4466.717900,6438.537500,6837.826058,,183.380125,215.109700,418.640600,113.768123,388.940000,3825.330000,6.686300
2022-07-04,3050.151600,4496.030300,6523.131100,6917.814290,21830.350000,183.188617,215.130700,420.863500,116.166357,390.920000,,6.707100
2022-07-05,3052.111300,4489.538300,6511.529700,6878.397545,21853.070000,183.142051,215.129200,420.564600,106.951016,390.520000,3831.390000,6.698600
2022-07-06,2996.727900,4423.969800,6418.545300,6798.213010,21586.660000,183.237717,215.200000,417.513800,101.848392,382.860000,3845.080000,6.724600
2022-07-07,2989.208100,4443.473600,6452.986300,6884.130779,21643.580000,183.249686,215.253100,419.582300,106.236649,377.440000,3902.620000,6.714300
2022-07-08,2993.306300,4428.781000,6404.439300,6843.969396,21725.780000,183.187569,215.298800,419.386300,109.349250,377.040000,3899.380000,6.709800
2022-07-11,2942.295900,4354.616700,6319.140200,6739.219134,21124.200000,183.349983,215.428300,416.456400,108.594062,377.000000,3854.430000,6.696000
2022-07-12,2922.004500,4313.618400,6241.479300,6627.695081,20844.740000,183.558964,215.509600,414.528600,101.256487,378.200000,3818.800000,6.728700
2022-07-13,2914.294900,4321.461700,6268.494300,6681.802519,20797.950000,183.663630,215.633500,415.228700,101.899418,375.600000,3801.780000,6.728200
2022-07-14,2895.299000,4322.074200,6302.431900,6765.847891,20751.210000,183.840198,215.736300,416.917300,101.756544,376.100000,3790.380000,6.726500
2022-07-15,2839.393600,4248.527300,6196.799900,6699.315153,20297.720000,183.954473,215.832600,416.131600,103.205690,373.380000,3863.160000,6.750300
2022-07-18,2878.639300,4292.585800,6312.355700,6798.165792,20846.180000,184.057740,215.975600,418.819400,107.859284,374.980000,3830.850000,6.744700
2022-07-19,2865.602900,4269.340100,6335.709300,6852.317027,20661.060000,184.071108,216.066800,419.201100,109.471713,373.840000,3936.690000,6.745100
2022-07-20,2874.077500,4283.802700,6410.708800,6950.839974,20890.220000,184.251782,216.164700,420.590200,108.798167,373.520000,3959.900000,6.746500
2022-07-21,2836.661500,4236.057800,6347.598400,6916.809708,20574.630000,184.388685,216.269300,419.505900,106.022339,370.320000,3998.950000,6.762000
2022-07-22,2848.436000,4238.234100,6289.532500,6877.024505,20609.140000,184.293456,216.337400,418.453800,100.776840,375.980000,3961.630000,6.752200
2022-07-25,2837.259600,4212.644100,6231.235500,6793.255208,20562.940000,184.398995,216.503300,416.950200,102.011676,377.180000,3966.840000,6.754300
2022-07-26,2854.638700,4245.975800,6307.956000,6870.006704,20905.880000,184.544897,216.630600,419.581300,101.766750,377.460000,3921.050000,6.748300
2022-07-27,2829.921700,4225.035700,6332.232700,6940.408197,20670.040000,184.602908,216.714700,421.490000,104.430320,376.640000,4023.610000,6.773100
2022-07-28,2827.106700,4225.673300,6348.165500,6990.035587,20622.680000,184.493001,216.755700,422.546400,104.501756,380.720000,4072.430000,6.741100
2022-07-29,2792.328700,4170.101900,6294.114400,6958.005589,20156.510000,184.793193,216.862200,422.924700,106.134596,386.100000,4130.290000,6.743700
2022-08-01,2781.682200,4188.678400,6347.221100,7019.614252,20165.840000,185.126933,217.067700,424.440200,101.981060,385.800000,4118.630000,6.746700
2022-08-02,2730.755300,4107.024000,6169.996100,6802.125073,19689.210000,185.227230,217.202700,421.654900,101.970855,389.160000,4091.190000,6.746200
2022-08-03,2710.723800,4066.975400,6124.314600,6761.738939,19767.090000,185.316082,217.303200,419.660100,99.092974,387.300000,4155.170000,6.781300
2022-08-04,2741.087200,4101.536700,6158.734600,6804.402784,20174.040000,185.485486,217.437500,420.441000,95.521137,387.900000,4151.940000,6.763600
2022-08-05,2774.335100,4156.911100,6270.511300,6931.188644,20201.940000,185.334516,217.487700,421.503900,96.602893,391.100000,4145.190000,6.740500
2022-08-08,2761.157100,4148.074600,6323.074600,7015.362277,20045.770000,185.298434,217.582500,423.847500,98.501070,388.700000,4140.060000,6.769500
2022-08-09,2764.068000,4156.290700,6341.480600,7045.952465,20003.440000,185.216397,217.524200,424.373100,98.511275,390.460000,4122.470000,6.758400
2022-08-10,2730.960800,4109.737300,6322.055800,7050.526755,19610.840000,185.255450,217.547400,423.862600,99.052153,391.180000,4210.240000,6.761200
2022-08-11,2787.063100,4193.542800,6439.358600,7131.091870,20082.430000,185.246713,217.535000,426.211800,101.460592,389.560000,4207.270000,6.732400
2022-08-12,2796.888700,4191.152000,6420.853000,7066.910651,20175.620000,185.283669,217.534900,426.416200,100.021652,391.220000,4280.150000,6.741300
2022-08-15,2782.666000,4185.679400,6442.809300,7120.351660,20040.860000,186.105003,217.765200,428.452800,95.388469,392.000000,4297.140000,6.741000
2022-08-16,2769.260900,4177.837000,6465.186600,7160.550388,19830.520000,186.382741,217.931700,429.765900,94.663896,391.520000,4305.200000,6.773000
2022-08-17,2785.852900,4216.958600,6493.504700,7164.513286,19922.450000,186.388158,217.991400,430.681600,94.959848,389.900000,4274.040000,6.786300
2022-08-18,2759.294400,4180.099600,6468.805600,7186.767183,19763.910000,186.719540,218.078000,427.774800,98.562301,387.760000,4283.740000,6.780200
2022-08-19,2750.630500,4151.073800,6391.715900,7072.356569,19773.030000,186.863433,218.130100,425.163400,98.062244,387.560000,4228.480000,6.806500
2022-08-22,2756.368800,4181.396500,6472.679900,7125.314545,19656.980000,186.960584,218.197300,426.806800,98.674559,386.260000,4137.990000,6.819800
2022-08-23,2735.666000,4161.082300,6466.404500,7142.368098,19503.250000,186.829010,218.201700,427.032100,102.205575,387.320000,4128.730000,6.852300
2022-08-24,2708.090200,4082.419500,6284.576900,6881.729500,19268.740000,186.827962,218.186400,420.977600,103.818005,389.540000,4140.770000,6.838800
2022-08-25,2752.556000,4116.239600,6322.696100,6859.142436,19968.380000,186.539914,218.088500,419.485700,100.980945,390.820000,4199.120000,6.853600
2022-08-26,2751.589400,4107.545500,6298.373900,6823.826235,20170.040000,186.508112,217.994100,419.132400,100.929919,391.280000,4057.660000,6.848600
2022-08-29,2732.205500,4089.520500,6310.402000,6864.039334,20023.220000,186.753351,218.063200,417.693400,105.063045,387.940000,4030.610000,6.869800
2022-08-30,2726.660200,4075.793700,6285.927300,6820.445205,19949.030000,186.909038,218.096200,416.743300,100.491093,389.300000,3986.160000,6.880200
2022-08-31,2761.783100,4078.840200,6155.745500,6599.528168,19954.390000,186.926074,218.124700,412.223400,96.909051,386.920000,3955.000000,6.890600
2022-09-01,2732.399000,4043.739500,6126.768500,6566.638957,19597.310000,187.100109,218.176200,411.777500,94.061786,383.700000,3966.850000,6.882100
2022-09-02,2711.264200,4023.613100,6149.427300,6625.027796,19452.090000,187.187563,218.237200,413.673100,95.194569,383.020000,3924.260000,6.891700
2022-09-05,2697.766500,4015.426400,6182.646500,6638.973557,19225.700000,187.326825,218.367800,415.521200,97.184592,386.860000,,6.899800
2022-09-06,2724.498000,4052.280200,6291.570700,6764.648277,19202.730000,187.400213,218.447000,419.373400,94.755743,388.980000,3908.190000,6.909600
2022-09-07,2710.686200,4054.983000,6301.564400,6807.538730,19044.300000,187.395059,218.488900,420.510400,89.510245,386.360000,3979.870000,6.916000
2022-09-08,2708.278200,4037.683900,6272.575200,6742.606519,18854.620000,187.350502,218.528300,418.372900,90.428717,389.460000,4006.180000,6.914800
2022-09-09,2757.565900,4093.787400,6316.972400,6758.716785,19362.250000,187.268290,218.552000,418.560900,94.316917,389.520000,4067.360000,6.909800
2022-09-12,,,,,,,,,96.194683,,4110.410000,
2022-09-13,2769.234800,4111.114500,6300.422000,6749.428116,19326.860000,187.239895,218.646700,418.684200,95.470111,389.660000,3932.690000,6.892800
2022-09-14,2745.428400,4065.359000,6249.963000,6676.577734,18847.100000,187.131124,218.655000,416.954900,96.582483,387.200000,3946.010000,6.911600
2022-09-15,2743.788600,4027.118600,6107.796400,6470.920843,18930.380000,187.176030,218.707300,413.657000,92.663667,385.240000,3901.350000,6.910100
2022-09-16,2678.033100,3932.682600,5954.503700,6336.066163,18761.690000,187.049873,218.713500,410.160900,93.449471,383.600000,3873.330000,6.930500
2022-09-19,2679.585700,3928.000100,5913.149300,6256.447658,18565.970000,187.086916,218.756400,409.221300,93.612755,384.700000,3899.890000,6.939600
2022-09-20,2673.880400,3932.836100,5958.292200,6336.933392,18781.420000,187.204599,218.773100,410.658900,92.735104,385.840000,3855.930000,6.946800
2022-09-21,2652.214200,3903.734800,5978.581000,6335.438641,18444.620000,187.323767,218.810500,411.695000,90.796106,386.980000,3789.930000,6.953600
2022-09-22,2629.370100,3869.344000,5965.885400,6341.961679,18147.950000,187.344473,218.834100,410.735500,91.194111,386.040000,3757.990000,6.979800
2022-09-23,2629.808900,3856.021200,5889.601900,6221.138789,17933.270000,187.203638,218.831000,408.640100,87.295706,387.640000,3693.230000,6.992000
2022-09-26,2614.899800,3836.677300,5806.318100,6142.841805,17855.140000,186.913232,218.838000,406.659300,84.417825,384.380000,3655.040000,7.029800
2022-09-27,2642.921200,3892.295000,5920.053100,6266.198830,17860.310000,186.918299,218.776500,408.162700,86.162923,384.880000,3647.290000,7.072200
2022-09-28,2611.981500,3828.709800,5769.519800,6071.982013,17250.880000,186.655413,218.705700,404.886500,89.734760,385.900000,3719.040000,7.110700
2022-09-29,2608.977400,3827.143400,5771.881200,6089.255916,17165.870000,186.541574,218.678400,403.300100,89.255113,389.660000,3640.470000,7.110200
2022-09-30,2610.116500,3804.885300,5714.062900,5987.668681,17222.830000,186.277465,218.632500,402.644700,87.326321,390.820000,3585.620000,7.099800
2022-10-03,,,,,17079.510000,,,,90.520564,,3678.430000,
2022-10-04,,,,,,,,,93.643371,,3790.930000,
2022-10-05,,,,,18087.970000,,,,95.715037,,3783.280000,
2022-10-06,,,,,18012.150000,,,,96.868230,,3744.520000,
2022-10-07,,,,,17740.050000,,,,100.470683,,3639.660000,
2022-10-10,2545.049400,3720.936500,5635.710900,5850.449674,17216.660000,186.682758,218.911800,400.638300,98.041833,393.240000,3612.390000,7.099200
2022-10-11,2539.945500,3727.686700,5684.506300,5882.924187,16832.360000,186.772921,218.967100,402.373600,95.725242,392.720000,3588.840000,7.107500
2022-10-12,2555.024000,3784.306400,5820.453700,6053.939715,16701.030000,186.775367,219.014400,406.835500,94.306712,393.040000,3577.030000,7.110300
2022-10-13,2523.632100,3752.672900,5830.335500,6112.174484,16389.110000,186.916901,219.042200,407.687400,96.633509,393.000000,3669.910000,7.110100
2022-10-14,2584.684700,3842.469800,5973.438900,6262.954468,16587.690000,187.192368,219.110700,411.075700,93.337213,392.420000,3583.070000,7.108800
2022-10-17,2585.497300,3846.411900,6015.596300,6327.470026,16612.900000,187.259902,219.237400,410.974300,93.867886,390.280000,3677.950000,7.109500
2022-10-18,2569.967500,3838.266700,6035.673700,6362.715155,16914.580000,187.277725,219.274900,410.842000,92.500383,390.780000,3719.980000,7.108600
2022-10-19,2519.903300,3776.533500,5972.722600,6316.418352,16511.280000,187.308478,219.336000,409.221100,94.469996,390.180000,3695.160000,7.110500
2022-10-20,2501.495600,3754.926900,5948.862100,6285.680644,16280.220000,187.203289,219.389700,406.813300,94.633280,388.100000,3665.780000,7.118800
2022-10-21,2487.221000,3742.892900,5956.881100,6288.243228,16211.120000,187.172973,219.421800,406.615100,95.521137,387.460000,3752.750000,7.118600
2022-10-24,2392.597800,3633.373300,5896.903100,6235.557220,15180.690000,187.287947,219.514100,402.747900,95.368058,392.720000,3797.340000,7.123000
2022-10-25,2394.920000,3627.454200,5869.781000,6213.410761,15165.590000,187.245924,219.467100,401.300000,94.970053,393.820000,3859.110000,7.166800
2022-10-26,2400.515600,3656.902700,5971.600900,6346.279544,15317.670000,187.339057,219.459500,403.151000,96.082425,393.620000,3830.600000,7.163800
2022-10-27,2381.262800,3631.144800,5963.003700,6316.871568,15427.940000,187.527856,219.489700,403.402900,96.674330,392.700000,3807.300000,7.157000
2022-10-28,2326.941700,3541.329500,5781.797200,6100.158897,14863.060000,187.722247,219.536400,399.526300,96.092631,392.780000,3901.060000,7.169800
2022-10-31,2295.923900,3508.703400,5807.106300,6151.666212,14687.020000,187.993171,219.630400,397.237200,94.755743,391.660000,3871.980000,7.176800
2022-11-01,2396.629400,3634.173200,5941.145100,6295.572102,15455.270000,187.843686,219.652200,400.779300,96.715151,391.460000,3856.100000,7.208100
2022-11-02,2418.322200,3677.805100,5997.803800,6378.366340,15827.170000,187.699531,219.656400,403.733300,97.480545,392.100000,3759.690000,7.219700
2022-11-03,2387.452300,3647.896600,5996.718700,6419.745912,15339.490000,187.734041,219.659300,403.708900,96.490635,390.880000,3719.890000,7.247200
2022-11-04,2468.276400,3767.174600,6133.462900,6559.350458,16161.140000,187.598710,219.594200,408.812900,100.776840,390.800000,3770.550000,7.255500
2022-11-07,2477.766600,3775.297100,6141.408800,6563.253918,16595.910000,187.632958,219.633100,407.914200,99.940010,394.000000,3806.800000,7.229200
2022-11-08,2459.091300,3749.325100,6134.256400,6544.991074,16557.310000,187.623522,219.561900,406.673500,97.000898,394.820000,3828.110000,7.215000
2022-11-09,2440.352000,3714.270400,6120.828600,6526.467211,16358.520000,187.596963,219.537400,406.145700,94.367944,403.260000,3748.570000,7.218900
2022-11-10,2440.317100,3685.688500,6089.695100,6455.396355,16081.040000,187.553280,219.455800,404.794100,95.255800,403.540000,3956.370000,7.242200
2022-11-11,2518.049100,3788.438700,6138.621100,6494.669589,17325.660000,187.223383,219.276400,408.330000,97.725471,406.720000,3992.930000,7.190700
2022-11-14,2538.296700,3794.017100,6129.512900,6451.834859,17619.710000,186.026111,218.600400,406.393100,94.398559,403.440000,3957.250000,7.089900
2022-11-15,2583.723100,3865.972600,6236.383800,6601.258325,18343.120000,186.077220,218.222000,407.453600,95.694626,404.960000,3991.730000,7.042100
2022-11-16,2572.887200,3834.389900,6203.917400,6551.917177,18256.480000,185.846223,217.909800,403.406200,94.510817,407.120000,3958.790000,7.036300
2022-11-17,2560.016700,3818.664000,6217.205200,6564.100520,18045.660000,186.080365,217.642400,399.688400,91.867657,407.700000,3946.560000,7.065500
2022-11-18,2546.715400,3801.568600,6191.647700,6509.254212,17992.540000,186.093296,217.607200,398.245600,89.540860,407.420000,3965.340000,7.109100
2022-11-21,2514.853900,3769.126900,6189.709200,6539.486403,17655.910000,186.259205,217.697100,398.270500,89.591887,405.200000,3949.940000,7.125600
2022-11-22,2531.343700,3769.572700,6125.399900,6435.770638,17424.410000,186.214473,217.673000,397.883300,89.449013,404.860000,4003.580000,7.166700
2022-11-23,2535.522600,3773.528700,6115.604900,6420.872205,17523.810000,186.503307,217.726500,398.346600,86.173128,404.660000,4027.260000,7.128100
2022-11-24,2520.563400,3756.808200,6120.065900,6439.313852,17660.900000,186.708095,217.951000,399.829900,86.836469,406.400000,,7.120100
2022-11-25,2544.614700,3775.776400,6087.859100,6366.291315,17573.580000,186.369811,217.953600,400.654600,85.560813,407.600000,4026.120000,7.133900
2022-11-28,2503.622800,3733.242400,6055.284300,6347.277087,17297.940000,186.132261,217.929100,399.028600,84.948498,408.020000,3963.940000,7.161700
2022-11-29,2607.749900,3848.422400,6163.821400,6446.611541,18204.680000,185.700845,217.642300,403.618700,86.683391,406.560000,3957.630000,7.198900
2022-11-30,2606.542700,3853.036500,6156.146500,6442.685694,18597.230000,185.648425,217.472400,404.294100,88.418283,406.120000,4080.110000,7.176900
2022-12-01,2631.205100,3894.768700,6186.102100,6509.279629,18736.440000,185.792842,217.304200,406.513900,89.051008,407.100000,4076.570000,7.122500
2022-12-02,2614.613700,3870.947800,6168.012700,6530.899260,18675.350000,185.832506,217.247500,406.562500,87.173243,409.720000,4071.700000,7.054200
2022-12-05,2676.142900,3946.875900,6215.124400,6563.967078,19518.290000,185.764186,217.177900,408.763500,84.703572,405.720000,3998.840000,7.038400
2022-12-06,2684.845800,3968.197900,6211.251500,6553.394722,19441.180000,185.515453,216.863900,408.164300,81.356250,401.780000,3941.260000,6.974600
2022-12-07,2670.647000,3958.440900,6204.005100,6555.090761,18814.820000,185.618808,216.370200,405.950700,78.978427,401.100000,3933.920000,6.997500
2022-12-08,2672.895700,3959.179800,6186.283500,6513.109476,19450.230000,185.709494,216.221100,404.615100,78.080365,402.440000,3963.510000,6.960600
2022-12-09,2706.738800,3998.244200,6192.300900,6530.736685,19900.870000,185.586045,215.989500,404.879200,78.396728,403.460000,3934.380000,6.958800
2022-12-12,2673.939100,3953.443300,6154.809200,6506.588491,19463.630000,185.613566,215.784800,403.248200,79.621358,403.300000,3990.560000,6.956500
2022-12-13,2676.899500,3945.681300,6121.661500,6445.971213,19596.200000,185.442764,215.278700,400.325600,82.040002,403.540000,4019.650000,6.974600
2022-12-14,2686.368200,3954.885700,6096.385600,6422.851748,19673.450000,185.799394,215.259400,398.655300,84.499467,408.100000,3995.320000,6.953500
2022-12-15,2675.187500,3951.988500,6101.878700,6449.767234,19368.590000,185.771612,215.264400,398.731000,83.121758,404.860000,3895.750000,6.934300
2022-12-16,2688.289900,3954.227000,6072.862700,6373.402575,19450.670000,185.759380,215.263300,396.388800,80.886809,402.900000,3852.360000,6.979100
2022-12-19,2646.178900,3893.220700,5936.475100,6247.618559,19352.810000,186.085171,215.394400,392.920100,81.744050,405.300000,3817.660000,6.974600
2022-12-20,2599.488200,3829.017300,5878.031400,6199.533627,19094.800000,186.122039,215.437400,391.233400,81.315429,405.420000,3821.620000,6.986100
2022-12-21,2607.423600,3830.538400,5845.835000,6148.261230,19160.490000,186.180750,215.505900,391.120600,84.366799,409.500000,3878.440000,6.965000
2022-12-22,2619.756900,3836.028000,5779.055500,6048.342269,19679.220000,186.314683,215.574100,389.421100,84.050436,409.860000,3822.390000,6.971300
2022-12-23,2615.879400,3828.218800,5763.345800,6022.746152,19593.060000,186.489766,215.688400,388.460800,86.285386,406.800000,3844.820000,6.981000
2022-12-26,2607.522900,3843.488700,5843.255500,6134.954428,,186.471156,215.807800,391.341400,,407.240000,,6.982500
2022-12-27,2632.452600,3887.854000,5885.662200,6183.935624,,186.341067,215.853900,394.882000,86.907906,407.960000,3829.250000,6.954600
2022-12-28,2638.305500,3871.264400,5862.096700,6128.053939,19898.910000,186.394536,215.878100,393.669800,85.489376,408.600000,3783.220000,6.968100
2022-12-29,2622.071600,3856.700700,5857.402100,6121.565997,19741.140000,186.596790,215.997000,392.022200,85.448555,408.360000,3849.280000,6.979300
2022-12-30,2635.248400,3871.633800,5864.466900,6140.914368,19781.410000,186.697087,216.079200,392.658200,87.754942,410.720000,3839.500000,6.964600
2023-01-03,2641.421800,3887.899200,5955.896900,6279.812207,20145.290000,186.838184,216.331600,394.599000,84.152489,411.200000,3824.140000,6.947500
2023-01-04,2651.005000,3892.947700,5952.453800,6277.441918,20793.110000,187.000074,216.534800,396.127300,79.703000,413.260000,3852.970000,6.913100
2023-01-05,2700.308200,3968.578200,6010.464100,6340.196133,21052.170000,186.967574,216.677400,399.473500,80.499009,412.500000,3808.100000,6.892600
2023-01-06,2713.630700,3980.888800,6012.815200,6354.714963,20991.640000,186.855220,216.723000,400.962700,80.213262,409.540000,3895.080000,6.891200
2023-01-09,2742.201400,4013.119600,6040.019300,6389.350364,21388.340000,186.850415,216.843300,401.882200,81.437892,414.000000,3892.090000,6.826500
2023-01-10,2733.618800,4017.473700,6048.296800,6393.702152,21331.460000,186.629203,216.794400,400.824200,81.254198,413.700000,3919.250000,6.761100
2023-01-11,2740.192700,4010.030900,6014.156500,6341.600065,21436.050000,186.615748,216.740500,400.389900,84.611725,414.800000,3969.610000,6.775600
2023-01-12,2741.945400,4017.869200,6015.287100,6344.205663,21514.100000,186.668867,216.748300,401.047900,85.540403,414.580000,3983.170000,6.768000
2023-01-13,2787.356100,4074.377200,6057.690200,6371.522747,21738.660000,186.559659,216.754900,401.698900,87.183448,415.220000,3999.090000,6.729200
2023-01-16,2834.291300,4137.964300,6126.177200,6444.151019,21746.720000,186.349018,216.730000,404.481100,85.846560,417.280000,,6.713500
2023-01-17,2827.027200,4137.242200,6132.639100,6449.712587,21577.640000,186.475175,216.704500,405.937900,88.479515,419.000000,3990.970000,6.722200
2023-01-18,2810.086000,4130.314300,6151.455700,6464.875558,21678.000000,186.422056,216.718600,406.963900,86.377233,418.400000,3928.860000,6.760200
2023-01-19,2820.806700,4156.007700,6204.326100,6526.537989,21650.980000,186.427560,216.732700,407.990400,88.152947,419.660000,3898.850000,6.767400
2023-01-20,2836.807000,4181.526700,6251.433700,6585.947931,22044.650000,186.395147,216.728500,410.129500,89.459218,423.500000,3972.610000,6.770200
2023-01-23,,,,,,,,,89.959276,,4019.810000,
2023-01-24,,,,,,,,,88.306025,,4016.950000,
2023-01-25,,,,,,,,,87.999868,,4016.220000,
2023-01-26,,,,,22566.780000,,,,89.285729,,4060.430000,
2023-01-27,,,,,22688.900000,,,,87.979457,,4070.560000,
2023-01-30,2839.121600,4201.345000,6283.327200,6634.438372,22069.730000,186.573812,217.006900,410.591200,86.377233,422.680000,4017.770000,6.762600
2023-01-31,2807.951900,4156.857800,6289.150000,6652.839351,21842.330000,186.634270,217.046300,409.283200,87.285500,419.480000,4076.600000,6.760400
2023-02-01,2820.874200,4195.933200,6365.905100,6761.787819,22072.180000,186.586306,217.060500,411.662100,84.764804,421.580000,4119.210000,6.749200
2023-02-02,2811.846800,4181.149300,6370.141100,6777.923405,21958.360000,186.623349,217.155700,412.343600,83.785100,424.860000,4179.760000,6.713000
2023-02-03,2774.800900,4141.631900,6343.686100,6769.956256,21660.470000,186.671663,217.264400,410.872800,81.458303,419.340000,4136.480000,6.738200
2023-02-06,2735.004500,4086.877900,6302.334900,6737.047298,21222.160000,186.662839,217.407800,407.380400,83.070732,413.800000,4111.080000,6.773700
2023-02-07,2740.444600,4094.233500,6317.237700,6769.218461,21298.700000,186.696912,217.488800,408.291400,85.815944,412.620000,4164.000000,6.796700
2023-02-08,2731.251600,4076.141100,6268.275900,6723.665612,21283.520000,186.722073,217.595200,407.532200,86.765033,412.700000,4117.860000,6.775200
2023-02-09,2761.872000,4130.856500,6354.562000,6842.402400,21624.360000,186.754574,217.695900,409.996900,85.805739,413.520000,4081.500000,6.790500
2023-02-10,2746.723100,4106.309700,6334.252000,6819.147636,21190.420000,186.774231,217.810900,409.617400,88.295820,410.760000,4090.460000,6.788400
2023-02-13,2767.793300,4143.574000,6383.827900,6894.209838,21164.420000,186.829622,217.995600,410.295100,87.540632,413.080000,4137.290000,6.815100
2023-02-14,2776.982200,4145.290200,6397.214600,6903.274539,21113.760000,186.855832,218.128700,410.225100,86.999753,412.740000,4136.130000,6.813600
2023-02-15,2752.338500,4123.689300,6384.347900,6905.382050,20812.170000,186.865355,218.214300,408.700600,87.030369,411.660000,4147.600000,6.818300
2023-02-16,2742.804200,4093.487600,6289.478600,6770.080802,20987.670000,186.912183,218.356100,405.936300,86.560928,411.480000,4090.410000,6.851900
2023-02-17,2714.289100,4034.507000,6237.405300,6714.694174,20719.810000,186.914018,218.474300,402.945000,84.856651,410.260000,4079.090000,6.865900
2023-02-20,2788.395800,4133.489600,6346.067800,6803.473184,20886.960000,186.820798,218.547500,406.494100,85.530197,412.300000,,6.864300
2023-02-21,2802.135700,4144.353600,6383.424800,6833.890435,20529.490000,186.724258,218.514900,407.422100,84.428030,411.700000,3997.340000,6.855700
2023-02-22,2769.344000,4106.950600,6375.068400,6841.666952,20423.840000,186.789870,218.563600,406.950500,82.121644,412.940000,3991.050000,6.875900
2023-02-23,2767.535200,4103.646300,6360.320200,6810.732550,20351.350000,186.779997,218.634400,406.728800,83.856536,411.940000,4012.320000,6.902800
2023-02-24,2727.590200,4061.045700,6340.843500,6789.261906,20010.040000,186.796772,218.704000,405.551700,84.550493,413.140000,3970.040000,6.894200
2023-02-27,2723.583500,4043.844400,6307.205700,6739.865621,19943.510000,186.821147,218.850200,404.369500,83.744279,412.200000,3982.240000,6.957200
2023-02-28,2737.154700,4069.458700,6357.535200,6799.770816,19785.940000,186.833291,218.873600,404.856700,84.815830,412.640000,3970.150000,6.951900
2023-03-01,2773.649400,4126.941500,6402.141100,6845.911008,20619.710000,186.874878,218.952200,407.308300,86.162923,414.040000,3951.390000,6.940000
2023-03-02,2769.107700,4117.737700,6382.232200,6816.128513,20429.460000,186.845260,219.000600,407.089100,86.081281,413.620000,3981.350000,6.880800
2023-03-03,2774.507900,4130.551300,6390.317700,6811.860114,20567.540000,186.828224,219.048500,407.809000,87.765147,415.580000,4045.640000,6.911700
2023-03-06,2744.140600,4109.010200,6395.219100,6840.312584,20603.190000,187.092857,219.204100,407.956100,88.020278,418.440000,4048.420000,6.895100
2023-03-07,2713.168100,4048.851900,6284.298600,6701.785744,20534.480000,187.171924,219.287100,405.540900,84.785214,418.820000,3986.370000,6.915600
2023-03-08,2691.932700,4034.107700,6301.515700,6737.088943,20051.250000,187.183981,219.414500,404.826300,84.213720,414.080000,3992.010000,6.952500
2023-03-09,2671.843400,4019.850500,6285.952100,6738.458464,19925.740000,187.247933,219.497300,404.907000,83.234016,414.020000,3918.320000,6.966600
2023-03-10,2636.389100,3967.135200,6204.898900,6646.018732,19319.920000,187.368324,219.605100,402.895100,84.336183,416.760000,3861.590000,6.965500
2023-03-13,2664.037800,4008.686000,6245.002900,6679.572222,19695.970000,187.409736,219.736000,403.823900,82.397186,420.420000,3855.760000,6.937500
2023-03-14,2645.114300,3984.695600,6189.396900,6618.206395,19247.960000,187.470456,219.843200,403.296600,79.202943,426.360000,3919.290000,6.894900
2023-03-15,2648.385200,3986.902000,6224.640000,6651.077911,19539.870000,187.470194,219.926900,404.299100,75.794389,426.540000,3891.930000,6.868000
2023-03-16,2622.823200,3939.150500,6140.831700,6539.933362,19203.910000,187.639510,220.038000,402.085000,75.784184,430.480000,3960.280000,6.914900
2023-03-17,2628.591100,3958.819400,6183.184300,6585.474480,19518.590000,187.747932,220.155000,403.084700,74.008470,432.440000,3916.640000,6.905200
2023-03-20,2616.750500,3939.077000,6160.354100,6570.895820,19000.710000,187.931140,220.318200,403.259100,75.069816,445.020000,3951.570000,6.869400
2023-03-21,2643.358300,3982.378200,6234.679300,6656.862860,19258.760000,187.918909,220.410000,404.985100,76.314857,441.560000,4002.870000,6.876300
2023-03-22,2651.534300,3999.442700,6269.738400,6687.104827,19591.430000,187.867799,220.464100,406.330100,77.019019,435.420000,3936.970000,6.871500
2023-03-23,2668.669100,4039.089500,6305.758500,6714.974550,20049.640000,187.863693,220.511700,406.647800,76.692451,438.360000,3948.720000,6.870900
2023-03-24,2653.285000,4027.045700,6310.097900,6714.111915,19915.680000,187.790567,220.541500,406.418400,76.141368,440.700000,3970.990000,6.837400
2023-03-27,2639.622600,4012.477100,6311.599800,6732.429212,19567.690000,187.929917,220.653000,406.129400,79.356021,438.140000,3977.530000,6.871400
2023-03-28,2638.737700,3999.514700,6279.921700,6672.496449,19784.650000,187.930441,220.707900,405.204500,80.029568,436.180000,3971.270000,6.874900
2023-03-29,2636.222900,4006.144000,6260.551000,6653.822328,20192.400000,187.950274,220.761800,404.523300,79.121301,437.760000,4027.810000,6.877100
2023-03-30,2664.211900,4038.525700,6286.177300,6655.155286,20309.130000,187.986181,220.834200,405.073300,80.172441,438.900000,4050.830000,6.888600
2023-03-31,2661.919700,4050.925700,6339.818300,6721.792138,20400.110000,187.976658,220.913400,406.516100,81.570560,441.200000,4109.310000,6.871700
2023-04-03,2665.723200,4090.567600,6413.807300,6806.253381,20409.180000,187.971853,221.041300,408.678300,86.520107,435.620000,4124.510000,6.880500
2023-04-04,2675.917300,4103.105200,6408.899400,6797.609146,20274.590000,187.961369,221.101800,408.556800,87.009959,440.700000,4100.600000,6.869900
2023-04-05,,,,,,,,,86.622159,,4090.380000,
2023-04-06,2666.447800,4096.640000,6416.845600,6826.608681,20331.200000,187.975785,221.180800,408.891400,86.683391,447.180000,4105.020000,6.874700
2023-04-07,2684.861800,4123.279900,6464.466400,6885.131647,,188.055288,221.255800,410.491400,,447.320000,,6.883800
2023-04-10,2684.908600,4104.811800,6410.521800,6812.478447,,188.159604,221.382900,409.865300,86.040460,442.800000,4109.110000,6.876400
2023-04-11,2680.043500,4100.147900,6420.877000,6827.699096,20485.240000,188.364479,221.455000,408.813900,87.377348,444.840000,4108.940000,6.888200
2023-04-12,2665.769500,4097.287600,6443.439100,6863.747520,20309.860000,188.540610,221.546000,409.574600,89.020393,448.840000,4091.950000,6.885400
2023-04-13,2670.013900,4068.978600,6404.646300,6810.763442,20344.480000,188.504353,221.605600,408.677100,88.081510,448.820000,4146.220000,6.865800
2023-04-14,2679.007200,4091.998800,6431.068800,6862.846173,20438.810000,188.510119,221.663700,410.502400,88.408078,451.000000,4137.640000,6.860600
2023-04-17,2732.974000,4149.383600,6459.239600,6855.688868,20782.450000,188.450360,221.780200,412.165300,86.571133,446.080000,4151.320000,6.867900
2023-04-18,2744.453900,4162.032000,6449.853100,6840.339077,20650.510000,188.508546,221.835400,412.672000,86.611954,444.260000,4154.870000,6.881400
2023-04-19,2720.718000,4124.558900,6416.969600,6809.548774,20367.760000,188.626055,221.907000,411.234100,84.581109,443.980000,4154.520000,6.873100
2023-04-20,2704.857700,4113.019200,6411.756400,6807.909241,20396.970000,188.666680,221.986900,409.016100,82.519649,444.540000,4129.790000,6.898700
2023-04-21,2654.211000,4032.567200,6250.544600,6621.787344,20075.730000,188.754746,222.067800,405.448300,83.427916,442.500000,4133.520000,6.875200
2023-04-24,2618.478300,3982.642900,6208.779700,6574.626440,19959.940000,188.927469,222.195600,402.516200,84.009615,441.160000,4137.040000,6.883500
2023-04-25,2619.232600,3962.665800,6118.152600,6455.328216,19617.880000,188.968008,222.230600,402.182300,82.254312,444.980000,4071.630000,6.884700
2023-04-26,2617.977500,3959.232300,6142.154100,6476.015704,19757.270000,189.044366,222.288200,404.776200,79.396842,446.340000,4055.990000,6.923700
2023-04-27,2650.569900,3988.418500,6157.936000,6484.904242,19840.280000,189.282790,222.371800,406.810700,79.917310,447.280000,4135.350000,6.920700
2023-04-28,2677.756500,4029.085800,6241.244100,6572.704380,19894.570000,189.330404,222.435500,408.784200,81.907334,444.040000,4169.480000,6.924000
2023-05-01,,,,,,,,,81.029682,,4167.870000,
2023-05-02,,,,,19933.810000,,,,76.774093,,4119.580000,
2023-05-03,,,,,19699.160000,,,,73.406361,,4090.750000,
2023-05-04,2692.691000,4030.247100,6262.389100,6583.130390,19948.730000,189.620724,222.701700,409.018900,74.028881,455.260000,4061.220000,6.905400
2023-05-05,2685.173200,4016.877400,6200.575900,6504.613250,20049.310000,189.881338,222.844700,406.662400,76.916967,457.920000,4136.250000,6.911400
2023-05-08,2720.323000,4062.662400,6248.582800,6552.365798,20297.030000,189.834422,223.013700,409.443100,78.182418,452.360000,4138.120000,6.915800
2023-05-09,2703.937000,4027.875400,6181.975700,6463.537908,19867.580000,189.866573,223.060700,407.574400,78.866169,453.180000,4119.170000,6.925500
2023-05-10,2673.906300,3996.869500,6173.809300,6478.861499,19762.200000,190.071011,223.175900,406.480100,78.162007,454.900000,4137.640000,6.929900
2023-05-11,2666.061500,3990.663700,6154.470300,6474.178500,19743.790000,190.327957,223.275100,407.285300,76.978198,454.820000,4130.620000,6.910100
2023-05-12,2630.947900,3937.762200,6091.646400,6389.540605,19627.240000,190.293796,223.370100,402.718800,75.692337,451.500000,4124.080000,6.948100
2023-05-15,2677.037200,3998.887200,6159.388800,6438.387674,19971.130000,190.259112,223.474600,404.772900,77.110866,453.420000,4136.280000,6.965400
2023-05-16,2670.450500,3978.205400,6110.827100,6370.325578,19978.250000,190.227310,223.498000,405.031600,76.284241,452.260000,4109.900000,6.950600
2023-05-17,2649.356200,3960.165000,6122.051800,6408.150497,19560.570000,190.181617,223.533700,405.908700,78.355907,450.240000,4158.770000,6.974800
2023-05-18,2644.217600,3956.070100,6128.176200,6436.264326,19727.250000,190.125004,223.524400,406.654600,77.508871,449.400000,4198.050000,6.996700
2023-05-19,2633.386100,3944.540300,6117.083300,6454.427357,19450.570000,190.231154,223.561900,406.333000,77.141482,447.620000,4191.980000,7.035600
2023-05-22,2658.788700,3969.327700,6115.315100,6448.236215,19678.170000,190.362816,223.671800,406.860700,77.498666,449.540000,4192.630000,7.015700
2023-05-23,2617.539800,3913.188200,6052.429700,6382.217792,19431.250000,190.577825,223.737700,405.095200,79.090685,447.620000,4145.580000,7.032600
2023-05-24,2577.342300,3859.093500,6005.791300,6367.288272,19115.930000,190.602288,223.781400,403.346800,79.947926,449.900000,4115.240000,7.056000
2023-05-25,2564.504500,3850.499600,5988.188500,6355.379536,18746.920000,190.556333,223.797500,402.975800,77.702771,448.000000,4151.280000,7.052900
2023-05-26,2559.614200,3850.951100,6034.983400,6399.770605,,190.459181,223.801000,404.239700,78.753912,445.500000,4205.450000,7.076000
2023-05-29,2548.286100,3833.941600,6025.155200,6387.754236,18551.110000,190.521736,223.879900,403.412100,78.682475,445.660000,,7.057500
2023-05-30,2535.144200,3837.753100,6061.308900,6417.426360,18595.780000,190.607705,223.910200,402.953400,75.386179,444.620000,4205.520000,7.081800
2023-05-31,2493.349600,3798.543400,6047.802100,6414.669625,18234.270000,190.692800,223.963300,402.397300,73.610466,450.860000,4179.830000,7.082100
2023-06-01,2500.339600,3806.867900,6051.460300,6427.484889,18216.910000,190.852419,224.017700,403.053000,75.845415,450.980000,4221.020000,7.096500
2023-06-02,2543.576400,3861.833700,6105.218100,6477.852615,18949.940000,190.761994,224.028200,406.185700,77.968107,452.300000,4282.370000,7.093900
2023-06-05,2528.399000,3844.249200,6097.105900,6484.379270,19108.500000,190.791175,224.082500,405.644700,78.172212,447.260000,4273.790000,7.090400
2023-06-06,2519.189200,3808.162900,5983.420200,6344.441362,19099.280000,190.906586,224.129900,404.042900,77.682360,450.280000,4283.850000,7.107500
2023-06-07,2511.392500,3789.341800,5987.011000,6343.215549,19252.000000,191.019376,224.200500,403.569700,78.376317,451.100000,4267.520000,7.119600
2023-06-08,2540.064500,3820.186700,5966.147700,6298.172127,19299.180000,191.004961,224.253700,404.488300,77.070045,448.460000,4293.930000,7.128000
2023-06-09,2543.931600,3836.702600,6009.582600,6350.065105,19389.950000,191.172355,224.315800,405.727300,76.580193,452.340000,4298.860000,7.111500
2023-06-12,2542.196200,3844.432400,6027.712200,6383.886849,19404.310000,191.291960,224.426200,406.526300,73.590055,452.500000,4338.930000,7.121200
2023-06-13,2544.950400,3864.907400,6044.037100,6408.127524,19521.420000,191.629632,224.496800,406.693000,75.712747,453.680000,4369.010000,7.149800
2023-06-14,2541.813400,3864.024700,6044.076600,6430.774709,19408.420000,191.811442,224.556200,406.778200,75.120843,450.900000,4372.590000,7.156600
2023-06-15,2576.742400,3925.499400,6096.807500,6465.804181,19828.920000,191.507231,224.564600,408.150100,77.182303,447.140000,4425.840000,7.148900
2023-06-16,2600.919100,3963.350900,6148.012500,6519.621272,20040.370000,191.218747,224.461400,408.884200,77.825234,450.500000,4409.590000,7.128900
2023-06-19,2560.528900,3930.907900,6131.384900,6543.370995,19912.890000,191.011775,224.398600,407.318300,77.692566,451.240000,,7.120100
2023-06-20,2547.254100,3924.237700,6126.113300,6543.972904,19607.080000,191.140816,224.404200,406.862900,76.967993,451.760000,4388.710000,7.159600
2023-06-21,2519.078700,3864.032300,5990.845500,6401.724144,19218.350000,191.281039,224.430300,405.004500,78.611038,449.840000,4365.690000,7.179500
2023-06-22,,,,,,,,,75.753568,,4381.890000,
2023-06-23,,,,,18889.970000,,,,76.080136,,4348.330000,
2023-06-26,2488.738300,3809.696200,5887.032400,6277.144629,18794.130000,191.443978,224.562200,402.806800,75.998494,449.140000,4328.820000,7.205600
2023-06-27,2506.599100,3845.433400,5948.002900,6361.511729,19148.130000,191.383520,224.546100,404.887800,74.406475,448.860000,4378.410000,7.209800
2023-06-28,2510.715300,3840.798600,5942.311200,6330.455519,19172.050000,191.464160,224.551200,404.673800,75.345358,447.100000,4376.860000,7.210100
2023-06-29,2490.897100,3821.843500,5940.578200,6373.992263,18934.360000,191.544362,224.590900,404.847800,75.916852,447.500000,4396.440000,7.220800
2023-06-30,2492.102000,3842.451600,5998.729300,6454.153434,18916.430000,191.783048,224.664900,405.908500,76.733272,448.600000,4450.380000,7.225800
2023-07-03,2534.473500,3892.882100,6042.312200,6464.757659,19306.590000,191.822276,224.771500,407.299300,76.498551,449.520000,4455.590000,7.215700
2023-07-04,2537.595600,3899.013300,6055.257700,6489.747762,19415.680000,191.837303,224.813500,407.234000,77.682360,449.940000,,7.204600
2023-07-05,2520.175100,3868.805400,6020.821200,6436.933982,19110.380000,191.891907,224.871700,406.597300,78.100776,450.700000,4446.820000,7.196800
2023-07-06,2501.316700,3842.754700,5988.552500,6419.978190,18533.050000,191.975517,224.950900,406.247000,78.080365,451.660000,4411.590000,7.209800
2023-07-07,2489.535100,3825.698800,5961.605700,6375.348391,18365.700000,192.028810,225.019300,406.300200,79.774437,450.820000,4398.950000,7.205400
2023-07-10,2503.276700,3844.326900,5984.281400,6380.652263,18479.720000,192.093549,225.113800,406.137500,79.386637,452.080000,4409.530000,7.192600
2023-07-11,2518.528200,3869.486100,6029.231800,6431.993484,18659.830000,192.211581,225.186700,407.075200,80.978656,452.200000,4439.260000,7.188600
2023-07-12,2513.417000,3843.436900,5962.793800,6337.769631,18860.950000,192.241635,225.233900,406.471100,81.846102,452.120000,4472.160000,7.176500
2023-07-13,2546.380900,3898.422900,6044.058300,6401.632543,19350.620000,192.279116,225.292600,408.340700,83.213606,456.320000,4510.040000,7.152700
2023-07-14,2547.939300,3899.102700,6030.518800,6397.865262,19413.780000,192.235782,225.310900,408.038800,81.264403,454.000000,4505.420000,7.131800
2023-07-17,2520.786400,3867.174900,6012.689500,6370.590899,,192.374695,225.428200,407.102800,80.172441,455.340000,4522.790000,7.132600
2023-07-18,2511.635100,3854.939300,6001.799800,6364.211177,19015.720000,192.549690,225.531400,407.475900,81.458303,456.940000,4554.980000,7.145300
2023-07-19,2517.106000,3850.866300,5993.412600,6346.921925,18952.310000,192.613118,225.570100,407.790100,81.172556,462.480000,4565.720000,7.148600
2023-07-20,2506.863000,3823.694600,5925.484300,6265.205393,18928.020000,192.658287,225.627800,407.204200,81.254198,461.960000,4534.870000,7.146600
2023-07-21,2509.292700,3821.910000,5925.625500,6258.026874,19075.260000,192.850406,225.721400,407.316200,82.550264,459.300000,4536.340000,7.145600
2023-07-24,2499.999800,3805.221000,5916.714100,6250.574627,18668.150000,193.092324,225.840400,406.136100,84.448441,459.100000,4554.640000,7.145100
2023-07-25,2578.351100,3915.115300,6016.631200,6352.709416,19434.400000,192.454985,225.686100,409.616100,84.489262,456.800000,4567.460000,7.140600
2023-07-26,2576.390200,3907.012800,6001.540200,6312.612848,19365.140000,192.606478,225.688700,409.434600,84.315773,458.680000,4566.750000,7.129500
2023-07-27,2575.364600,3902.345800,5961.184300,6264.018879,19639.110000,192.803752,225.768100,409.346700,85.142398,459.760000,4537.410000,7.126500
2023-07-28,2647.031500,3992.737600,6043.243800,6320.553699,19916.560000,192.729753,225.770100,412.801000,86.020049,456.300000,4582.230000,7.133800
2023-07-31,2653.369000,4014.630100,6088.243100,6369.895434,20078.940000,192.634174,225.748600,413.361400,86.979343,455.980000,4588.960000,7.130500
2023-08-01,2645.892900,3998.001000,6098.878900,6361.648202,20011.120000,192.710620,225.791800,411.978200,87.438579,457.580000,4576.730000,7.128300
2023-08-02,2620.684400,3969.895000,6077.464500,6350.513140,19517.380000,192.813450,225.849500,411.952600,85.091372,457.180000,4513.390000,7.136800
2023-08-03,2645.152600,4004.983900,6098.686800,6353.956834,19420.870000,192.943015,225.936900,413.535100,86.999753,455.040000,4501.890000,7.149500
2023-08-04,2648.844700,4020.579200,6128.556000,6388.932635,19539.460000,192.971496,226.044600,414.357800,87.918226,454.400000,4478.030000,7.141800
2023-08-07,2634.580900,3990.153100,6090.730700,6358.295131,19537.920000,193.045496,226.143800,412.460500,87.673300,455.640000,4518.440000,7.138000
2023-08-08,2631.377400,3979.732200,6066.101900,6326.388115,19184.170000,193.081316,226.239100,411.995300,87.948842,455.640000,4499.380000,7.156500
2023-08-09,2628.704100,3967.565200,6021.750600,6277.148735,19246.030000,193.102109,226.311000,411.143300,89.306140,455.360000,4467.710000,7.158800
2023-08-10,2629.443200,3975.716600,6031.710500,6282.855379,19248.260000,193.071706,226.384800,411.578500,88.101920,453.620000,4468.830000,7.157600
2023-08-11,2568.898400,3884.253800,5913.350200,6163.413350,19075.190000,193.126223,226.473500,409.988800,88.510130,455.560000,4464.050000,7.158700
2023-08-14,2549.284300,3855.906100,5916.802900,6177.854363,18773.550000,193.361501,226.632900,408.858600,87.999868,455.740000,4489.720000,7.168600
2023-08-15,2546.442000,3846.535700,5879.778200,6121.472245,18581.110000,193.728266,226.771300,408.239000,86.826264,455.860000,4437.860000,7.176800
2023-08-16,2530.809700,3818.333800,5833.215500,6047.829224,18329.300000,193.869625,226.883800,407.807300,85.081166,457.100000,4404.330000,7.198600
2023-08-17,2536.489100,3831.100800,5874.360900,6107.656602,18326.630000,193.862287,226.928500,409.121800,85.622045,456.860000,4370.360000,7.207600
2023-08-18,2507.579800,3784.003800,5777.797200,5980.085924,17950.850000,193.959700,226.988500,408.577600,86.571133,455.100000,4369.710000,7.200600
2023-08-21,2475.089700,3729.555000,5710.778300,5921.491887,17623.290000,194.358354,227.140900,407.239300,86.326207,457.080000,4399.770000,7.198700
2023-08-22,2493.763800,3758.227100,5741.060600,5962.574561,17791.010000,194.339046,227.227500,405.974400,85.611839,456.500000,4387.550000,7.199200
2023-08-23,2461.187200,3696.633900,5629.499900,5839.862557,17845.920000,194.376352,227.284600,403.772700,84.775009,457.880000,4436.010000,7.198800
2023-08-24,2480.751800,3723.429300,5652.672900,5853.837548,18212.170000,194.408765,227.336500,404.723200,84.938293,460.040000,4376.310000,7.188600
2023-08-25,2485.334300,3709.151700,5581.211600,5747.338262,17956.380000,194.317816,227.405200,403.394100,86.030255,458.500000,4405.710000,7.188300
2023-08-28,2518.185700,3752.619400,5644.140500,5789.506953,18130.740000,194.141248,227.388000,404.248300,85.560813,458.620000,4433.310000,7.185600
2023-08-29,2529.222800,3790.106700,5770.315500,5971.924428,18484.030000,194.056677,227.361300,406.708500,86.683391,460.140000,4497.630000,7.185100
2023-08-30,2522.541900,3788.509700,5775.153400,6002.100603,18482.860000,194.105952,227.380400,406.800900,87.040574,461.480000,4514.870000,7.181600
2023-08-31,2510.457700,3765.267800,5739.398400,5967.560811,18382.060000,194.193057,227.425100,406.518200,88.601978,463.160000,4507.660000,7.181100
2023-09-01,2532.254100,3791.491200,5750.802700,5970.400056,,193.959700,227.422800,407.654300,90.816517,462.460000,4515.770000,7.178800
2023-09-04,2577.465100,3848.951700,5829.784000,6059.911777,18844.160000,193.537545,227.327800,409.680500,90.826722,464.380000,,7.178600
2023-09-05,2561.790200,3820.317400,5788.714900,6029.488661,18456.910000,193.487658,227.331500,408.866800,91.898273,464.980000,4496.830000,7.178300
2023-09-06,2559.357400,3812.028300,5790.380600,6056.607977,18449.980000,193.228267,227.231000,408.418500,92.490178,464.240000,4465.480000,7.196900
2023-09-07,2534.155500,3758.474800,5702.700800,5947.220860,18202.070000,193.086558,226.997600,403.989000,91.602321,464.120000,4451.140000,7.198600
2023-09-08,2519.969400,3739.992700,5708.622700,5965.794288,,193.081928,226.767300,402.906400,92.296278,466.840000,4457.490000,7.215000
2023-09-11,2536.171400,3767.537000,5774.730500,6044.153838,18096.450000,193.060610,226.615900,403.707300,92.469767,466.540000,4487.460000,7.214800
2023-09-12,2531.825700,3760.604800,5770.925900,6046.072574,18025.890000,193.167984,226.653600,403.692700,93.847476,466.760000,4461.900000,7.198600
2023-09-13,2524.541300,3736.651300,5715.397300,5966.428457,18009.220000,193.268892,226.795900,401.905200,94.082197,467.660000,4467.440000,7.189400
2023-09-14,2530.979100,3733.507700,5702.102000,5932.775643,18047.920000,193.465380,226.950100,401.224400,96.072220,472.000000,4505.100000,7.187400
2023-09-15,2514.979400,3708.776600,5704.663200,5942.893903,18182.890000,193.259457,227.065000,401.565300,96.204888,469.720000,4450.320000,7.178600
2023-09-18,2531.897400,3727.711000,5719.688700,5947.690010,17930.550000,193.107788,227.064300,402.100000,95.286416,467.320000,4453.530000,7.173600
2023-09-19,2532.278900,3720.502100,5687.900700,5895.947974,17997.170000,193.075201,227.061800,401.261400,95.112927,469.800000,4443.950000,7.173300
2023-09-20,2521.562000,3705.689800,5651.006200,5848.550197,17885.600000,193.035798,227.099500,400.771700,93.949528,471.380000,4402.200000,7.173200
2023-09-21,2495.739300,3672.444800,5611.918600,5806.617011,17655.410000,193.144832,227.192700,399.731400,94.133223,470.880000,4330.000000,7.173000
2023-09-22,2550.982700,3738.932700,5698.816800,5919.299227,18057.450000,193.026625,227.231100,402.135200,94.327123,470.480000,4320.060000,7.172900
2023-09-25,2529.149600,3714.603700,5666.664200,5892.381883,17729.290000,192.864647,227.296500,401.764700,93.867886,471.480000,4337.440000,7.172700
2023-09-26,2513.407200,3692.892800,5646.654400,5861.799223,17466.900000,192.766447,227.236500,401.790400,94.449586,470.600000,4273.530000,7.172700
2023-09-27,2520.139500,3700.495000,5674.345100,5898.899251,17611.870000,192.771689,227.238300,402.390300,96.388583,466.900000,4274.510000,7.171700
2023-09-28,2507.085700,3689.517200,5690.769700,5942.778253,17373.030000,192.972370,227.349300,403.797400,95.041490,459.500000,4299.700000,7.179800
2023-09-29,,,,,17809.660000,,,,94.000555,,4288.050000,
2023-10-02,,,,,,,,,92.337099,,4288.390000,
2023-10-03,,,,,17331.220000,,,,92.969824,,4229.450000,
2023-10-04,,,,,17195.840000,,,,87.856994,,4263.750000,
2023-10-05,,,,,17213.870000,,,,85.907792,,4258.190000,
2023-10-06,,,,,17485.980000,,,,86.162923,,4308.500000,
2023-10-09,2499.566600,3684.727200,5658.083200,5924.223595,17517.400000,193.230364,227.685600,402.890900,90.061328,454.800000,4335.660000,7.178900
2023-10-10,2482.534500,3657.125900,5630.371400,5908.109321,17664.730000,193.107614,227.696800,401.819300,89.520450,450.580000,4358.240000,7.178100
2023-10-11,2490.855000,3667.548300,5629.788600,5923.672522,17893.100000,192.877315,227.666900,400.772600,87.295706,450.400000,4376.950000,7.177900
2023-10-12,2514.390400,3702.382400,5671.641900,5967.717716,18238.210000,192.842019,227.643300,401.717800,88.030484,453.660000,4349.610000,7.177600
2023-10-13,2489.125100,3663.410400,5633.383100,5945.633726,17813.450000,193.057028,227.689000,400.854600,92.663667,454.920000,4327.780000,7.177500
2023-10-16,2468.436300,3626.597200,5580.666600,5889.415453,17640.360000,193.138629,227.787300,398.812200,92.010531,461.200000,4373.630000,7.179800
2023-10-17,2478.904700,3639.401800,5595.342300,5876.716816,17773.340000,193.046282,227.800600,397.913600,92.775925,463.400000,4373.200000,7.179600
2023-10-18,2467.191500,3610.576700,5524.598800,5775.669998,17732.520000,192.994386,227.815800,394.849400,93.286187,467.940000,4314.600000,7.179500
2023-10-19,2401.929900,3533.544500,5464.027000,5712.012383,17295.890000,192.798423,227.747900,391.278000,94.959848,471.260000,4278.000000,7.179500
2023-10-20,2389.219600,3510.588900,5423.674800,5644.976865,17172.130000,192.850930,227.715500,390.111900,94.408765,476.680000,4224.160000,7.179300
2023-10-23,2369.934700,3474.243800,5290.334300,5511.843543,,193.044273,227.769100,385.890700,92.357509,476.000000,4217.040000,7.179200
2023-10-24,2378.438900,3487.130200,5352.012300,5591.211489,16991.530000,192.919251,227.733300,390.029100,89.887839,475.200000,4247.680000,7.178600
2023-10-25,2386.302600,3504.457600,5375.998300,5649.458967,17085.330000,193.037982,227.766100,391.877500,90.918569,473.920000,4186.770000,7.178500
2023-10-26,2393.734400,3514.144800,5398.934000,5681.511449,17044.610000,193.084811,227.827400,392.580900,89.081624,476.660000,4137.230000,7.178400
2023-10-27,2414.912500,3562.385100,5492.027400,5784.146379,17398.730000,193.031692,227.881700,395.742600,91.000211,476.980000,4117.370000,7.178200
2023-10-30,2414.156200,3583.771800,5546.388100,5872.013875,17406.360000,193.120456,228.018200,396.216400,88.346846,478.120000,4166.820000,7.178100
2023-10-31,2411.479400,3572.505600,5528.238500,5835.629743,17112.480000,193.288725,228.077200,394.093800,87.377348,478.940000,4193.800000,7.177900
2023-11-01,2420.734600,3571.026800,5509.966200,5824.950926,17101.780000,193.343067,228.147800,392.793300,86.642570,477.180000,4237.860000,7.177800
2023-11-02,2417.459000,3554.188900,5459.451700,5753.418936,17230.590000,193.592673,228.251200,392.157900,88.744851,478.720000,4317.780000,7.179700
2023-11-03,2436.941100,3584.136400,5510.357000,5839.369748,17664.120000,193.563667,228.326200,393.470400,86.979343,478.200000,4358.340000,7.179600
2023-11-06,2456.774500,3632.608400,5605.062100,5960.008067,17966.590000,193.633124,228.434900,396.284900,86.958932,475.960000,4365.980000,7.178000
2023-11-07,2443.965700,3619.759300,5611.098300,5979.743275,17670.160000,193.635046,228.507000,396.810800,83.080937,474.000000,4378.380000,7.177600
2023-11-08,2436.698300,3611.072300,5608.017300,6001.427231,17568.460000,193.672089,228.559800,396.359800,81.346045,471.840000,4382.780000,7.177300
2023-11-09,2436.234900,3612.826300,5592.056800,5964.039104,17511.290000,193.761029,228.652300,396.194300,81.509329,468.900000,4347.350000,7.177200
2023-11-10,2414.016700,3586.489300,5573.099900,5952.176316,17203.260000,193.844726,228.763600,395.576500,83.376890,471.360000,4415.240000,7.177100
2023-11-13,2407.588500,3579.414100,5605.568800,6006.996523,17426.210000,193.987133,228.919300,395.579400,84.397415,469.980000,4411.550000,7.176900
2023-11-14,2406.396900,3582.058400,5630.553400,6043.505005,17396.860000,193.933927,229.022900,396.592100,84.060641,471.520000,4495.700000,7.176800
2023-11-15,2427.124100,3607.245400,5664.617000,6068.226757,18079.000000,193.912610,229.094900,397.825000,82.733959,472.980000,4502.880000,7.175200
2023-11-16,2404.318700,3572.364100,5609.360700,6007.500867,17832.820000,194.040864,229.201900,395.775600,79.039659,471.860000,4508.240000,7.172400
2023-11-17,2398.203700,3568.068500,5631.423300,6060.366850,17454.190000,194.132512,229.286900,395.180300,82.274723,473.440000,4514.020000,7.172800
2023-11-20,2404.767300,3576.323300,5659.772700,6113.203995,17778.070000,194.145529,229.423400,396.314600,83.713663,468.000000,4547.380000,7.161200
2023-11-21,2416.241000,3581.067400,5641.084400,6072.975157,17733.890000,194.114427,229.511200,395.708500,84.081052,466.980000,4538.190000,7.140600
2023-11-22,2396.904000,3544.416200,5572.898600,5995.593597,17734.600000,193.993599,229.527600,392.642300,83.336069,466.100000,4556.620000,7.125400
2023-11-23,2405.165400,3561.520400,5622.989100,6058.702877,17910.840000,193.752904,229.493000,392.476900,82.784985,465.460000,,7.121200
2023-11-24,2391.020800,3538.008700,5570.420500,5978.423808,17559.420000,193.756835,229.487800,391.072500,81.795076,465.900000,4559.340000,7.115100
2023-11-27,2370.718600,3511.942400,5566.506900,5974.471566,17525.060000,193.658548,229.506400,391.206000,81.641997,470.080000,4550.430000,7.115900
2023-11-28,2371.212000,3518.523200,5591.495500,6005.693284,17354.140000,193.786889,229.525400,391.890000,83.101348,471.600000,4554.890000,7.113200
2023-11-29,2358.116300,3488.307300,5553.334900,5976.428330,16993.440000,193.849793,229.531800,390.803900,84.346388,475.460000,4550.580000,7.103100
2023-11-30,2365.996300,3496.202800,5545.050400,5944.344467,17042.880000,193.994909,229.594600,390.095100,81.999181,475.720000,4567.800000,7.101800
2023-12-01,2352.000300,3482.881300,5566.868900,5992.739591,16830.300000,193.982852,229.643400,390.988600,81.192966,475.780000,4594.630000,7.110400
2023-12-04,2333.878800,3460.138000,5559.068200,5977.431935,16646.050000,193.977261,229.716600,390.703600,79.805052,481.620000,4569.780000,7.101100
2023-12-05,2286.580900,3394.257100,5460.408800,5858.367748,16327.860000,193.976213,229.714400,388.815700,78.580422,475.000000,4567.180000,7.112700
2023-12-06,2284.063600,3399.598000,5481.824000,5888.872103,16463.260000,193.959875,229.702500,389.283500,75.804594,474.080000,4549.340000,7.114000
2023-12-07,2274.828100,3391.282300,5481.135500,5885.965502,16345.890000,194.008101,229.732800,389.504600,76.090341,474.880000,4585.590000,7.117600
2023-12-08,2281.648600,3399.461800,5497.989700,5868.674783,16334.370000,194.092934,229.748300,390.159800,77.202714,475.200000,4604.370000,7.112300
2023-12-11,2292.678800,3419.454800,5564.853800,5938.999535,16201.490000,194.303750,229.845100,390.813800,77.672155,471.600000,4622.440000,7.116300
2023-12-12,2305.138000,3426.803000,5566.177800,5942.822245,16374.500000,194.321748,229.872900,390.902100,74.824890,469.900000,4643.700000,7.117400
2023-12-13,2261.018300,3369.605000,5507.512800,5884.716813,16228.750000,194.547154,229.972400,389.512900,76.151573,469.020000,4707.090000,7.112600
2023-12-14,2249.938500,3351.963900,5489.326700,5857.646279,16402.190000,194.600622,230.078700,388.890100,78.172212,476.200000,4719.550000,7.109000
2023-12-15,2245.288300,3341.551700,5449.786400,5818.286136,16792.190000,194.878011,230.204100,387.957100,78.529396,475.460000,4719.190000,7.095700
2023-12-18,2251.230300,3329.365700,5385.270200,5725.809940,16629.230000,195.072664,230.349600,386.252500,79.641768,474.900000,4740.560000,7.093300
2023-12-19,2257.209800,3334.041200,5379.873500,5732.200220,16505.000000,195.070392,230.428500,385.092400,81.019477,475.900000,4768.370000,7.098200
2023-12-20,2237.581200,3297.502200,5309.286500,5632.260534,16613.810000,195.109533,230.488000,384.147800,80.754141,476.920000,4698.350000,7.096600
2023-12-21,2261.381800,3330.869800,5338.762000,5669.018011,16621.130000,195.392688,230.563000,385.230000,80.743935,477.020000,4746.750000,7.101200
2023-12-22,2270.501800,3337.228100,5311.690200,5605.470962,16340.410000,195.562441,230.692100,385.231600,80.509215,479.540000,4754.630000,7.095300
2023-12-25,2272.957800,3347.450800,5315.374600,5607.246969,,195.884300,230.824100,384.659300,,480.800000,,7.101000
2023-12-26,2262.209500,3324.790200,5258.284100,5524.994320,,195.936982,230.938900,383.005000,82.295133,481.400000,4774.750000,7.096500
2023-12-27,2266.544100,3336.357200,5285.530100,5568.568213,16624.840000,196.064363,231.094800,384.498100,80.937835,482.600000,4781.580000,7.100200
2023-12-28,2317.703300,3414.540300,5382.796600,5675.484935,17043.530000,196.087864,231.272200,388.567300,79.070274,483.600000,4783.350000,7.097400
2023-12-29,2326.173200,3431.109900,5429.228800,5755.362601,17047.390000,196.078167,231.455100,390.794200,78.662064,481.700000,4769.830000,7.082700
2024-01-02,2292.228600,3386.352200,5409.455400,5723.604669,16788.550000,196.046627,231.614000,391.297900,77.600718,483.320000,4742.830000,7.077000
2024-01-03,2294.835700,3378.297100,5401.395000,5693.585888,16646.410000,195.972453,231.627800,389.452000,80.049978,483.580000,4704.810000,7.100200
2024-01-04,2279.036100,3347.051900,5355.321600,5653.477588,16645.980000,196.181172,231.722100,388.576400,79.335611,481.640000,4688.680000,7.099700
2024-01-05,2268.537700,3329.111400,5281.871100,5548.672581,16535.330000,196.420906,231.821300,387.674600,80.519420,482.380000,4697.240000,7.102900
2024-01-08,2243.842200,3286.056400,5167.699700,5419.399999,16224.450000,196.479529,231.979500,384.853400,77.835439,481.720000,4763.540000,7.100600
2024-01-09,2245.621900,3292.499400,5180.653000,5428.911072,16190.020000,196.791603,232.121600,385.593700,79.080480,481.020000,4756.500000,7.101000
2024-01-10,2235.208900,3277.129000,5158.078400,5388.599822,16097.280000,196.732018,232.186000,385.221400,78.355907,479.860000,4783.450000,7.105500
2024-01-11,2240.106100,3295.671700,5223.863300,5485.427513,16302.040000,196.727039,232.247800,386.706700,80.090799,480.240000,4780.240000,7.108700
2024-01-12,2237.207300,3284.166700,5206.178000,5449.625542,16244.580000,196.595464,232.284600,387.655900,79.927515,480.780000,4783.830000,7.105000
2024-01-15,2238.502900,3280.919500,5193.295600,5434.847550,16216.330000,196.644040,232.368400,387.054400,80.254083,483.580000,,7.108400
2024-01-16,2248.975000,3300.876200,5190.397500,5415.391447,15865.920000,196.635304,232.416200,386.172900,79.498895,483.340000,4765.980000,7.113400
2024-01-17,2199.258700,3229.082000,5061.539500,5268.406800,15276.900000,196.785924,232.480600,382.808100,79.713205,479.660000,4739.210000,7.116800
2024-01-18,2238.458800,3274.728600,5066.957900,5253.060724,15391.790000,196.886745,232.564700,382.282700,80.580651,478.720000,4780.940000,7.117400
2024-01-19,2243.539600,3269.776300,5018.433200,5188.111210,15308.690000,197.048198,232.648000,381.926300,80.243878,480.360000,4839.810000,7.116700
2024-01-22,2230.609400,3218.901600,4780.974800,4888.816341,14961.180000,197.429641,232.797000,376.628000,81.529739,478.880000,4850.430000,7.110500
2024-01-23,2226.371300,3231.932900,4865.743000,4965.849191,15353.980000,197.394345,232.852900,377.152200,81.366455,479.180000,4864.600000,7.111700
2024-01-24,2260.557500,3277.108900,4933.700900,5028.196920,15899.870000,197.434970,232.897100,377.147100,81.876718,478.660000,4868.550000,7.105300
2024-01-25,2312.854400,3342.918900,5073.177900,5197.113735,16211.960000,197.604025,232.997900,381.797200,83.519763,476.840000,4894.160000,7.104400
2024-01-26,2314.374100,3333.821300,5027.093200,5151.723363,15952.230000,197.643427,233.072100,382.629500,84.723983,478.720000,4890.970000,7.107400
2024-01-29,2304.436400,3303.960400,4927.913700,5016.308029,16077.240000,197.780418,233.190200,379.897400,83.683047,480.040000,4927.930000,7.109700
2024-01-30,2270.978900,3245.038700,4814.990800,4873.004830,15703.450000,198.371191,233.358700,377.390600,84.121873,481.000000,4924.970000,7.105500
2024-01-31,2254.299400,3215.351800,4696.979600,4677.848636,15485.070000,198.748091,233.543500,375.266800,82.346159,481.580000,4845.650000,7.103900
2024-02-01,2248.268000,3217.710900,4678.730800,4644.035300,15566.210000,198.740490,233.650500,375.434500,80.437778,482.840000,4906.190000,7.104900
2024-02-02,2229.014200,3179.627600,4563.222100,4472.197904,15533.560000,198.748965,233.727800,374.146700,79.264174,484.820000,4958.610000,7.100600
2024-02-05,2255.280900,3200.421800,4460.263500,4196.905957,15510.010000,199.082618,233.922100,370.859300,79.529511,481.440000,4942.810000,7.107000
2024-02-06,2318.841800,3311.692200,4805.901300,4489.574944,16136.870000,198.492980,233.900600,376.221300,80.386752,480.660000,4954.230000,7.108200
2024-02-07,2344.150800,3343.630300,5109.568500,4690.375215,16081.890000,198.767312,233.976700,376.858600,81.060298,482.100000,4995.060000,7.104900
2024-02-08,2352.577500,3364.929700,5150.228800,4881.260469,15878.070000,198.671558,234.029800,379.270800,83.427916,483.540000,4997.910000,7.106300
2024-02-09,,,,,15746.580000,,,,83.540174,,5026.610000,7.103600
2024-02-12,,,,,,,,,83.764689,,5021.840000,
2024-02-13,,,,,,,,,84.356594,,4953.170000,
2024-02-14,,,,,15879.380000,,,,83.111553,,5000.620000,
2024-02-15,,,,,15944.630000,,,,84.550493,,5029.730000,
2024-02-16,,,,,16339.960000,,,,85.295477,,5005.570000,
2024-02-19,2371.548300,3403.807800,5141.603700,4916.924794,16155.610000,198.909719,234.270500,380.653500,85.060756,480.700000,,7.103200
2024-02-20,2369.083400,3410.854200,5140.957500,4932.982856,16247.510000,199.143774,234.377200,383.549000,84.254541,480.420000,4975.510000,7.106800
2024-02-21,2410.227800,3456.871300,5139.037200,4959.837536,16503.100000,199.183002,234.461200,385.864600,84.866856,480.420000,4981.800000,7.103000
2024-02-22,2433.081900,3486.674700,5176.343100,5036.141388,16742.950000,199.324711,234.565300,386.683300,84.152489,480.060000,5087.030000,7.101800
2024-02-23,2433.407300,3489.741600,5197.711500,5108.616176,16725.860000,199.561824,234.701400,387.280900,82.407391,478.960000,5088.800000,7.106400
2024-02-26,2393.548800,3453.358500,5195.464200,5137.676811,16634.740000,199.821128,234.862400,386.355600,83.417711,481.540000,5069.530000,7.108000
2024-02-27,2405.060900,3494.787400,5307.804300,5273.209359,16790.800000,200.011937,234.971700,387.352600,83.958589,481.420000,5078.180000,7.105700
2024-02-28,2385.609900,3450.259800,5184.047100,5036.647394,16536.850000,200.233411,235.043300,383.009700,83.529968,481.280000,5069.760000,7.107500
2024-02-29,2413.136100,3516.082600,5346.792900,5224.887555,16511.440000,200.552474,235.174100,385.497500,83.703458,481.820000,5096.270000,7.103600
2024-03-01,2414.843900,3537.803800,5379.048200,5280.937485,16589.440000,200.100789,235.138600,386.439300,85.173014,483.800000,5137.080000,7.105900
2024-03-04,2418.584000,3540.868600,5388.820000,5306.742418,16595.970000,200.318594,235.229500,385.762700,84.540288,490.100000,5130.950000,7.102000
2024-03-05,2446.417300,3565.514300,5351.826800,5254.730270,16162.640000,200.384381,235.266100,384.178400,83.764689,497.360000,5078.650000,7.102700
2024-03-06,2434.115600,3551.048100,5350.101600,5260.915547,16438.090000,200.992540,235.319900,384.486800,84.611725,500.700000,5104.760000,7.101600
2024-03-07,2426.973200,3529.719500,5277.298800,5184.484704,16229.780000,200.952264,235.392200,384.007200,85.070961,505.880000,5157.360000,7.100200
2024-03-08,2426.167900,3544.909900,5349.595000,5250.077088,16353.390000,200.861140,235.421900,384.668900,83.734073,506.280000,5123.690000,7.097800
2024-03-11,2443.106400,3589.263500,5441.050700,5344.194187,16587.570000,200.577024,235.502700,386.155300,84.142283,508.300000,5117.940000,7.096900
2024-03-12,2450.469300,3597.493900,5423.718300,5373.238496,17093.500000,199.891982,235.428100,385.954400,84.050436,506.740000,5175.270000,7.096300
2024-03-13,2427.596900,3572.361000,5415.112600,5398.097404,17082.110000,199.921862,235.346100,386.049900,85.673071,505.620000,5165.310000,7.093000
2024-03-14,2423.855600,3562.222900,5392.926700,5363.746779,16961.660000,199.886653,235.295100,385.603200,86.877290,506.340000,5150.480000,7.097400
2024-03-15,2427.196900,3569.993000,5454.146300,5431.199341,16720.890000,200.099216,235.309600,386.859700,87.101806,508.160000,5117.090000,7.097500
2024-03-18,2438.191100,3603.528000,5528.447000,5521.497835,16737.120000,200.436189,235.407200,388.676200,88.673414,504.040000,5149.420000,7.094300
2024-03-19,2416.834900,3577.630300,5478.224800,5481.869537,16529.480000,200.706327,235.472900,389.041700,89.020393,505.220000,5178.510000,7.098500
2024-03-20,2426.458600,3585.383800,5493.414000,5532.390453,16543.070000,200.559813,235.535900,390.423000,87.918226,505.740000,5224.620000,7.096800
2024-03-21,2427.101000,3581.090200,5465.828600,5531.535541,16863.100000,200.593973,235.586200,390.813100,86.795648,515.700000,5241.530000,7.094200
2024-03-22,2403.202300,3545.002300,5384.565600,5470.538563,16499.470000,200.505820,235.645200,389.527400,86.683391,512.480000,5234.180000,7.100400
2024-03-25,2401.211300,3525.763400,5294.746300,5343.623268,16473.640000,200.348560,235.675000,388.526200,87.805968,513.420000,5218.190000,7.099600
2024-03-26,2413.741500,3543.746700,5284.418800,5325.720376,16618.320000,200.325670,235.687300,387.631000,87.020164,514.200000,5203.580000,7.094300
2024-03-27,2398.937200,3502.786600,5156.684000,5148.268524,16392.840000,200.601836,235.735400,385.420000,87.458990,516.420000,5248.490000,7.094600
2024-03-28,2401.987200,3520.964800,5223.806000,5261.675729,16541.420000,200.655741,235.800000,386.459200,88.857109,520.000000,5254.350000,7.094800
2024-03-29,2414.920200,3537.484300,5286.161200,5319.377608,,200.864722,235.872100,387.615200,,531.300000,,7.095000
2024-04-01,2441.566800,3595.646600,5401.224900,5434.534424,,200.664915,235.956200,389.893800,89.612297,534.040000,5243.770000,7.093800
2024-04-02,2435.756900,3580.675900,5381.229100,5407.158195,16931.520000,200.820515,236.037300,390.074700,91.102264,534.740000,5205.810000,7.095700
2024-04-03,2430.169000,3567.803100,5374.595400,5377.707204,16725.100000,201.043300,236.160900,390.592200,91.398216,541.520000,5211.490000,7.094900
2024-04-04,,,,,,,,,92.959619,,5147.210000,
2024-04-05,,,,,16723.920000,,,,92.724898,,5204.340000,
2024-04-08,2414.091000,3536.407700,5298.591200,5278.958235,16732.850000,201.200735,236.337300,389.485800,92.479972,554.740000,5202.390000,7.094700
2024-04-09,2404.608900,3533.487100,5342.898200,5346.408842,16828.070000,201.340521,236.478500,391.009500,91.428832,556.920000,5209.910000,7.095600
2024-04-10,2396.742700,3504.708600,5275.472700,5246.831357,17139.170000,201.204841,236.588100,390.352300,92.510588,558.780000,5160.640000,7.095900
2024-04-11,2394.866700,3504.244700,5301.809400,5259.406719,17095.030000,201.173564,236.700100,391.286700,92.051352,555.220000,5199.060000,7.096800
2024-04-12,2374.047100,3475.838900,5277.219000,5219.182280,16721.690000,201.397659,236.867900,391.909200,92.000326,570.500000,5123.410000,7.096700
2024-04-15,2424.016800,3549.075900,5339.722300,5169.072738,16600.460000,201.498393,237.033200,390.318400,92.265662,563.880000,5061.820000,7.097900
2024-04-16,2412.321900,3511.114600,5191.554000,4953.168151,16248.970000,201.561908,237.090000,387.413400,91.939094,567.000000,5051.410000,7.102800
2024-04-17,2439.855800,3565.403000,5339.746700,5169.018774,16251.840000,201.724061,237.194100,391.029000,89.214292,567.780000,5022.210000,7.102500
2024-04-18,2445.204900,3569.801800,5349.836100,5168.298185,16385.870000,201.979958,237.322300,391.941100,88.683619,565.520000,5011.120000,7.102000
2024-04-19,2430.581900,3541.661900,5314.866700,5146.468273,16224.140000,202.182124,237.462500,391.160400,89.183677,568.300000,4967.230000,7.104600
2024-04-22,2424.747300,3530.904500,5267.581100,5128.571051,16511.690000,202.432954,237.659000,389.669000,88.938751,558.420000,5010.600000,7.104300
2024-04-23,2413.739200,3506.224900,5208.271200,5101.536395,16828.930000,202.706848,237.839500,389.305700,90.265433,544.840000,5070.550000,7.105900
2024-04-24,2424.119000,3521.621900,5263.039100,5186.762708,17201.270000,202.136868,237.774900,390.356500,88.867314,551.000000,5071.630000,7.104800
2024-04-25,2431.622100,3530.281300,5259.335400,5194.954216,17284.540000,202.110134,237.720200,390.904400,89.857223,550.280000,5048.420000,7.105800
2024-04-26,2461.855600,3584.268600,5372.120900,5294.622423,17651.150000,201.611183,237.596200,392.990100,89.867428,554.580000,5099.960000,7.105600
2024-04-29,2474.339700,3623.912400,5478.490800,5421.022913,17746.910000,200.966155,237.317200,393.913400,89.071419,551.460000,5116.170000,7.106600
2024-04-30,2464.243500,3604.394300,5441.141100,5374.289416,17763.030000,201.508003,237.445200,394.846400,87.683505,549.500000,5035.690000,7.106300
2024-05-01,,,,,,,,,85.295477,,5018.390000,
2024-05-02,,,,,18207.130000,,,,85.417940,,5064.200000,
2024-05-03,,,,,18475.920000,,,,84.479057,,5127.790000,
2024-05-06,2495.761700,3657.876700,5528.603600,5481.249934,18578.300000,201.524341,237.623700,398.335600,85.346503,548.320000,5180.740000,7.099400
2024-05-07,2499.770900,3659.007600,5527.084700,5499.329869,18479.370000,201.798322,237.821200,399.835000,84.683162,549.820000,5187.700000,7.100200
2024-05-08,2486.018600,3630.223300,5458.755900,5412.639306,18313.860000,201.799109,237.951700,399.085000,85.489376,549.000000,5187.670000,7.101600
2024-05-09,2501.730500,3664.561000,5556.771200,5500.785809,18537.810000,201.602097,237.944400,402.260800,85.826150,548.100000,5214.080000,7.102800
2024-05-10,2508.575300,3666.277100,5535.395400,5449.370779,18963.680000,201.522855,237.955800,402.475500,84.479057,561.400000,5222.680000,7.101100
2024-05-13,2506.459300,3664.690700,5505.259500,5397.139356,19115.060000,201.841744,238.059600,401.942000,85.162808,557.620000,5221.420000,7.103000
2024-05-14,2496.736100,3657.045400,5500.737900,5427.319148,19073.710000,201.999790,238.179300,402.521400,84.489262,554.620000,5246.680000,7.105300
2024-05-15,2477.389500,3626.055900,5446.655700,5374.098393,,201.942128,238.247100,401.614600,84.601520,559.020000,5308.150000,7.104900
2024-05-16,2489.413900,3640.359200,5424.665200,5365.995162,19376.530000,201.773772,238.250400,401.919200,85.152603,564.420000,5297.100000,7.102000
2024-05-17,2524.170500,3677.969600,5491.894400,5438.616199,19553.610000,201.695667,238.237800,402.391700,85.724097,564.860000,5303.270000,7.104500
2024-05-20,2532.824000,3690.962300,5523.501300,5471.410973,19636.220000,201.835366,238.342400,404.051900,85.428145,578.840000,5308.130000,7.104200
2024-05-21,2525.232600,3676.161100,5478.913100,5412.723184,19220.620000,201.793867,238.370700,403.325000,84.223925,572.220000,5321.410000,7.106900
2024-05-22,2529.039800,3684.451000,5468.606800,5415.572889,19195.600000,201.902114,238.432400,403.801200,83.417711,573.320000,5307.010000,7.107700
2024-05-23,2500.821000,3641.791700,5362.305300,5291.577980,18868.710000,202.120356,238.512700,401.466200,83.182990,559.720000,5267.840000,7.109800
2024-05-24,2474.425400,3601.475400,5313.454600,5230.266409,18608.940000,202.143071,238.557400,400.997800,83.529968,554.480000,5304.720000,7.110200
2024-05-27,2497.600600,3635.707900,5371.369300,5283.553934,18827.350000,202.158098,238.636500,402.286400,84.519878,555.780000,,7.109100
2024-05-28,2490.161400,3609.172400,5316.128600,5228.234956,18821.160000,202.357207,238.701600,401.887800,86.060870,555.960000,5306.040000,7.110100
2024-05-29,2493.169100,3613.522300,5328.306400,5231.385859,18477.010000,202.521543,238.817800,401.553300,85.070961,559.700000,5266.950000,7.110600
2024-05-30,2473.758000,3594.312100,5308.660000,5214.809083,18230.190000,202.479171,238.891700,401.571500,83.632021,554.200000,5235.480000,7.111100
2024-05-31,2462.183100,3579.924700,5308.540300,5235.254713,18079.610000,202.362798,238.927600,401.256100,83.040116,556.860000,5277.510000,7.108800
2024-06-03,2469.016500,3588.748300,5274.068700,5166.249526,18403.040000,202.521369,239.045200,397.849000,79.754026,551.560000,5283.400000,7.108600
2024-06-04,2483.318900,3615.671400,5341.949600,5194.682443,18444.110000,202.586544,239.099700,398.751800,78.713091,556.240000,5291.340000,7.108300
2024-06-05,2468.191800,3594.793600,5277.940500,5126.619077,18424.960000,202.747124,239.182000,397.871800,80.274494,553.620000,5354.030000,7.109700
2024-06-06,2467.886500,3592.245400,5228.800200,5015.939279,18476.800000,202.816406,239.261500,396.484700,81.662408,562.140000,5352.960000,7.110800
2024-06-07,2457.256900,3574.114300,5208.979800,5038.147815,18366.950000,202.877126,239.336100,397.063500,81.101119,562.300000,5346.990000,7.110600
2024-06-10,,,,,,,,,83.642226,,5360.790000,
2024-06-11,2423.618400,3542.877100,5217.470200,5082.468595,18176.340000,203.024775,239.446500,397.606500,83.917768,544.780000,5375.320000,7.113500
2024-06-12,2423.607000,3544.122500,5232.953400,5099.614824,17937.840000,203.048976,239.492000,398.666800,84.213720,548.040000,5421.030000,7.113300
2024-06-13,2412.073600,3526.130600,5194.590000,5064.199885,18112.630000,203.136867,239.537200,397.245800,83.876947,548.440000,5433.740000,7.112200
2024-06-14,2426.509000,3541.533100,5213.092700,5064.606176,17941.780000,203.372494,239.599700,397.470600,84.366799,548.480000,5431.600000,7.115100
2024-06-17,2416.341400,3536.198600,5207.128000,5067.848387,17936.120000,203.386386,239.676800,396.281200,86.142512,549.460000,5473.230000,7.114900
2024-06-18,2415.428100,3545.590200,5230.891300,5110.165184,17915.550000,203.592920,239.734400,396.737000,87.101806,550.080000,5487.030000,7.114800
2024-06-19,2413.972200,3528.749000,5168.820400,5044.412082,18430.390000,203.732707,239.761700,394.966000,87.020164,552.400000,,7.115900
2024-06-20,2408.337900,3503.281700,5094.565300,4942.882232,18335.320000,203.894248,239.812500,390.972000,86.540517,557.160000,5473.170000,7.119200
2024-06-21,2398.957100,3495.619800,5102.329200,4942.094873,18028.520000,203.748695,239.815400,388.717100,85.907792,559.740000,5464.620000,7.119600
2024-06-24,2404.084800,3476.810200,4992.909700,4778.292177,18027.710000,203.949464,239.867300,383.196900,86.938522,551.180000,5447.870000,7.120100
2024-06-25,2394.215400,3457.902300,4948.634300,4739.025493,18072.900000,204.158008,239.919200,384.775100,85.877176,552.160000,5469.300000,7.122500
2024-06-26,2398.255600,3480.264800,5020.431800,4874.690311,18089.930000,204.259615,239.949700,390.166400,86.213949,548.700000,5477.900000,7.124800
2024-06-27,2388.560900,3454.117500,4928.051400,4755.131360,17716.470000,204.520143,240.014400,389.117400,87.183448,545.400000,5482.870000,7.127000
2024-06-28,2394.874600,3461.657000,4942.781700,4786.318178,17718.610000,204.639485,240.098500,390.521300,86.581338,551.520000,5460.480000,7.126800
2024-07-01,2405.466500,3478.182700,5003.160800,4829.586962,,204.162201,240.140800,392.477000,88.418283,551.420000,5475.090000,7.126500
2024-07-02,2416.679300,3471.785700,4949.477100,4795.764534,17769.140000,204.346458,240.160500,392.657800,88.377462,552.480000,5509.010000,7.129100
2024-07-03,2414.865700,3463.414100,4910.924500,4758.110206,17978.570000,204.501883,240.215000,390.652000,88.857109,555.700000,5537.020000,7.131200
2024-07-04,2407.902900,3445.812800,4834.498200,4655.203503,18028.280000,204.476197,240.287600,387.997500,89.346961,558.340000,,7.130500
2024-07-05,2386.004000,3431.060500,4866.264700,4703.033477,17799.610000,204.179675,240.299900,388.780300,88.642799,559.660000,5567.190000,7.128900
2024-07-08,2371.689100,3401.760400,4783.616500,4588.821316,17524.060000,203.887783,240.267100,385.354200,87.448784,560.740000,5572.850000,7.128600
2024-07-09,2389.384300,3439.811100,4876.899000,4689.610536,17523.230000,204.172685,240.323600,387.476500,86.785443,558.660000,5576.980000,7.131000
2024-07-10,2381.831000,3428.965700,4844.162400,4670.662981,17471.670000,204.202740,240.374600,386.600000,87.203858,561.100000,5633.910000,7.134200
2024-07-11,2396.407000,3468.169000,4939.731800,4783.979074,17832.330000,204.278574,240.444600,389.025300,87.367142,565.460000,5584.540000,7.133900
2024-07-12,2412.618100,3472.401400,4919.363900,4768.753243,18293.380000,204.460908,240.517600,388.031000,87.020164,568.540000,5615.350000,7.131500
2024-07-15,2420.521400,3476.246700,4883.897100,4719.465374,18015.940000,204.619304,240.626100,386.377700,86.622159,568.340000,5631.220000,7.131300
2024-07-16,2424.755000,3498.282700,4898.362600,4728.377276,17727.980000,204.661502,240.676900,385.892100,85.571018,574.940000,5667.200000,7.132800
2024-07-17,2432.832500,3501.583600,4856.579400,4688.202987,17739.410000,204.677839,240.717100,383.253800,86.938522,581.560000,5588.270000,7.131800
2024-07-18,2444.508600,3520.931000,4877.691600,4704.629312,17778.410000,204.589861,240.747000,382.955900,86.601749,581.480000,5544.590000,7.128500
2024-07-19,2456.790000,3539.015600,4872.053200,4713.424195,17417.680000,204.658881,240.784500,383.242400,84.254541,565.940000,5505.000000,7.131500
2024-07-22,2432.549600,3514.924900,4865.977800,4718.750748,17635.880000,205.036479,240.918300,381.181200,83.948384,565.400000,5564.410000,7.133500
2024-07-23,2396.672700,3439.877900,4722.799400,4589.786892,17469.360000,205.250528,241.022800,377.398400,83.254427,562.600000,5555.740000,7.133400
2024-07-24,2390.954000,3418.166300,4668.062100,4527.277761,17311.050000,205.307753,241.097800,373.463400,82.254312,569.640000,5427.130000,7.135800
2024-07-25,2369.715300,3399.271600,4665.448800,4528.798516,17004.970000,205.579900,241.205300,373.220100,83.091143,555.680000,5399.220000,7.132100
2024-07-26,2355.316300,3409.293100,4736.377100,4596.754738,17021.310000,205.748867,241.291400,377.325800,81.488918,557.380000,5459.100000,7.127000
2024-07-29,2348.478400,3390.742000,4708.844300,4580.688561,17238.340000,206.067930,241.410400,377.143100,80.754141,561.240000,5463.540000,7.131600
2024-07-30,2335.312300,3369.382100,4699.282000,4597.156922,17002.910000,206.266252,241.507600,376.543700,80.182647,562.020000,5436.440000,7.136400
2024-07-31,2375.394200,3442.084400,4886.413600,4779.566675,17344.600000,206.414775,241.574300,380.599700,83.182990,566.280000,5522.300000,7.134600
2024-08-01,2360.422000,3419.266600,4852.972500,4769.016706,17304.960000,206.674866,241.668500,380.808200,81.682818,570.900000,5446.680000,7.132300
2024-08-02,2343.715300,3384.391900,4788.615900,4702.148944,16945.510000,206.871965,241.745000,379.713900,79.151916,574.040000,5346.560000,7.137600
2024-08-05,2328.922200,3343.320500,4693.847800,4573.972056,16698.360000,207.096934,241.861400,376.667800,78.835554,559.940000,5186.330000,7.134500
2024-08-06,2313.336100,3342.978900,4750.776000,4643.549139,16647.340000,206.897651,241.839100,377.252100,77.672155,554.180000,5240.030000,7.131800
2024-08-07,2314.426100,3341.489000,4751.940800,4637.158957,16877.860000,207.144025,241.870700,377.612400,80.162236,556.060000,5199.500000,7.138600
2024-08-08,2320.424500,3342.936900,4755.814900,4633.329990,16891.830000,206.679234,241.834300,377.248700,80.560241,556.100000,5319.310000,7.146000
2024-08-09,2317.991500,3331.627400,4720.310400,4597.405135,17090.230000,206.404728,241.707100,377.005400,81.090914,560.700000,5344.160000,7.144900
2024-08-12,2316.910600,3325.864500,4714.158600,4569.403144,17111.650000,205.587588,241.460800,375.778500,83.723868,565.300000,5344.390000,7.145800
2024-08-13,2317.652600,3334.390300,4731.835300,4592.361206,17174.060000,205.882188,241.467200,375.480900,82.631906,569.460000,5434.430000,7.147900
2024-08-14,2306.115400,3309.238900,4667.073100,4545.135879,17113.360000,206.357376,241.616100,374.093900,81.672613,568.220000,5455.210000,7.141500
2024-08-15,2335.938100,3341.953000,4698.375000,4586.754180,17109.140000,206.201164,241.650800,372.584600,82.631906,566.980000,5543.220000,7.139900
2024-08-16,2345.048100,3345.634000,4670.378900,4551.365636,17430.160000,206.251837,241.683600,368.262900,81.213377,567.740000,5554.250000,7.146400
2024-08-19,2357.030900,3356.967700,4682.962800,4559.148508,17569.570000,206.478204,241.715900,369.793500,79.325406,573.700000,5608.250000,7.141500
2024-08-20,2346.637900,3332.703400,4602.009500,4476.728983,17511.080000,206.582694,241.694900,366.381900,78.743706,574.240000,5597.120000,7.132500
2024-08-21,2339.072000,3321.635000,4587.121800,4446.384564,17391.010000,206.533157,241.608800,366.040500,77.631334,576.200000,5620.850000,7.130700
2024-08-22,2341.150900,3313.135700,4533.369500,4391.223272,17641.000000,206.744585,241.586400,364.350100,78.692680,574.460000,5570.640000,7.122800
2024-08-23,2355.378700,3327.190500,4537.087200,4394.649468,17612.100000,206.855540,241.509700,364.570500,79.825463,572.580000,5634.610000,7.135800
2024-08-26,2352.272900,3324.223100,4544.359400,4411.805473,17798.730000,206.942120,241.419300,367.487800,81.825692,576.200000,5616.840000,7.113900
2024-08-27,2350.414100,3305.333800,4495.285600,4359.784527,17874.670000,206.585315,241.192000,366.421300,80.580651,575.940000,5625.800000,7.124900
2024-08-28,2336.147500,3286.495600,4500.008800,4370.411042,17692.450000,206.753583,241.190000,366.272900,79.009043,575.160000,5592.180000,7.121600
2024-08-29,2317.663600,3277.681200,4557.900600,4440.713798,17786.320000,206.767300,241.247800,367.862700,80.376546,575.060000,5591.960000,7.129900
2024-08-30,2335.214600,3321.432300,4639.114400,4525.624052,17989.070000,206.711997,241.300800,371.290900,78.631449,574.060000,5648.400000,7.112400
2024-09-02,2299.932500,3265.011000,4546.883200,4430.987457,17691.970000,207.161149,241.447800,369.143600,78.866169,570.820000,,7.102700
2024-09-03,2291.177500,3273.428200,4596.481900,4469.976600,17651.490000,207.340862,241.530200,369.653300,75.233100,572.120000,5528.930000,7.111200
2024-09-04,2271.806900,3252.164900,4582.084000,4448.833746,17457.340000,207.555871,241.596500,369.831000,74.273807,568.220000,5520.070000,7.114800
2024-09-05,2275.117700,3257.757800,4601.091100,4484.038696,17444.300000,207.782151,241.661000,372.174000,74.355449,572.040000,5503.410000,7.098900
2024-09-06,2263.562900,3231.345700,4537.454400,4407.245065,,207.794906,241.686700,371.110000,72.936919,573.680000,5408.420000,7.092500
2024-09-09,2232.959300,3192.951600,4507.186600,4375.280860,17196.960000,208.059103,241.746200,369.177300,73.385950,569.220000,5471.050000,7.098900
2024-09-10,2235.686600,3195.755200,4507.707400,4387.055078,17234.090000,208.330726,241.737700,367.401200,71.140795,573.240000,5495.520000,7.113600
2024-09-11,2220.798000,3186.129900,4514.915800,4385.521321,17108.710000,208.583128,241.742500,366.338500,72.171526,576.120000,5554.130000,7.118200
2024-09-12,2209.560300,3172.474700,4496.591900,4368.645300,17240.390000,208.720119,241.750900,365.979900,73.712518,575.220000,5595.760000,7.121400
2024-09-13,2205.811500,3159.247000,4450.958700,4314.333055,17369.090000,209.004235,241.755900,364.641700,72.947125,583.580000,5626.020000,7.103000
2024-09-16,,,,,17422.120000,,,,73.845187,,5633.090000,
2024-09-17,,,,,17660.020000,,,,74.549349,,5634.580000,
2024-09-18,2218.656200,3171.010200,4462.870100,4300.593860,,209.563120,241.895000,363.311700,73.559440,582.980000,5618.260000,7.087000
2024-09-19,2229.805300,3196.035700,4520.393900,4381.872916,18013.160000,209.535949,241.892000,365.196200,75.549463,582.200000,5713.640000,7.098300
2024-09-20,2233.256500,3201.049700,4498.390100,4363.378186,18258.570000,209.595533,241.867200,364.212500,75.447411,590.620000,5702.550000,7.064400
2024-09-23,2243.024900,3212.763900,4494.687800,4369.025294,18247.110000,209.795864,241.886900,364.142100,75.131048,595.140000,5718.570000,7.053100
2024-09-24,2352.144900,3351.909000,4689.596400,4538.565720,19000.560000,209.314824,241.873400,371.302000,75.998494,594.240000,5732.930000,7.051000
2024-09-25,2386.322700,3401.533000,4731.475500,4581.287537,19129.100000,209.652758,241.918200,372.974700,74.610580,598.360000,5722.260000,7.020200
2024-09-26,2498.179700,3545.320400,4938.183900,4764.952919,19924.580000,209.164291,241.927100,378.761000,72.345015,599.900000,5745.370000,7.035400
2024-09-27,2571.084800,3703.684900,5201.665600,5021.385979,20632.300000,207.471213,241.654000,383.230800,73.457387,599.420000,5738.170000,7.010100
2024-09-30,2755.404400,4017.854500,5743.217000,5580.949716,21133.680000,207.140181,240.962200,392.769500,73.477798,596.720000,5762.480000,7.007400
2024-10-01,,,,,,,,,75.998494,,5708.750000,
2024-10-02,,,,,22443.730000,,,,76.192394,,5709.540000,
2024-10-03,,,,,22113.510000,,,,79.478484,,5699.940000,
2024-10-04,,,,,22736.870000,,,,79.743821,,5751.070000,
2024-10-07,,,,,23099.780000,,,,82.805396,,5695.940000,
2024-10-08,2853.137600,4256.096200,6155.581700,6063.062681,20926.790000,206.820419,240.664900,401.627700,79.029453,596.220000,5751.130000,7.070900
2024-10-09,2680.714500,3955.983900,5735.641000,5599.088308,20637.240000,207.095362,240.096100,386.579900,78.335496,588.560000,5792.040000,7.056800
2024-10-10,2739.050700,3997.787900,5690.882200,5527.869931,21251.980000,207.846540,240.251100,387.572800,80.927630,590.700000,5780.050000,7.074200
2024-10-11,2680.388000,3887.167000,5470.813300,5295.423762,,207.975843,240.638000,383.026400,80.407162,597.380000,5815.030000,7.073100
2024-10-14,2723.183000,3961.342400,5608.153000,5489.964947,21092.870000,207.955399,241.272900,388.889900,76.733272,603.300000,5859.850000,7.072300
2024-10-15,2655.115900,3855.994900,5472.560000,5383.816619,20318.790000,207.991918,241.514000,388.133100,76.182189,603.640000,5815.260000,7.083000
2024-10-16,2650.175600,3831.589000,5461.087700,5400.512859,20286.850000,207.927529,241.622800,390.282100,75.978084,611.980000,5842.470000,7.119100
2024-10-17,2610.467000,3788.221700,5418.988300,5382.290683,20079.100000,208.282237,241.722800,390.053900,75.988289,614.260000,5841.470000,7.122000
2024-10-18,2681.911600,3925.234000,5640.019800,5620.648402,20804.110000,208.229992,241.783500,394.150700,74.671812,619.060000,5864.670000,7.127400
2024-10-21,2681.056700,3935.197400,5704.225000,5729.295965,20478.460000,208.167438,241.824500,396.862800,75.590284,625.820000,5853.980000,7.098200
2024-10-22,2692.661300,3957.775500,5753.849700,5756.907014,20498.950000,207.866372,241.763500,397.612500,77.192508,626.500000,5851.200000,7.122300
2024-10-23,2708.045900,3973.208900,5776.383000,5771.339815,20760.150000,207.609514,241.552500,399.128600,76.702656,629.960000,5797.420000,7.124500
2024-10-24,2680.704400,3928.833400,5726.704100,5730.333003,20489.620000,207.619823,241.527800,396.527900,76.069931,624.540000,5809.860000,7.128600
2024-10-25,2683.324600,3956.421000,5809.687900,5841.072337,20590.150000,207.534292,241.439100,400.067500,77.457845,624.720000,5808.120000,7.109000
2024-10-28,2686.289400,3964.156900,5883.720300,5945.850655,20599.360000,207.395029,241.388300,401.359900,73.110409,626.580000,5823.520000,7.130700
2024-10-29,2667.938500,3924.649000,5812.528600,5849.800157,20701.140000,207.530011,241.342600,398.416700,72.457273,631.800000,5832.920000,7.128300
2024-10-30,2634.737500,3889.448700,5837.933800,5884.515525,20380.640000,207.625764,241.316800,397.197600,74.161549,638.620000,5813.670000,7.139000
2024-10-31,2633.117000,3891.039600,5901.290400,5979.651674,20317.330000,207.801983,241.322200,398.752600,75.580079,635.660000,5705.450000,7.125000
2024-11-01,2651.534900,3890.020300,5831.821700,5797.396382,20506.430000,208.101563,241.434200,397.902100,74.437091,629.720000,5728.800000,7.113500
2024-11-04,2675.770700,3944.761900,5928.908500,5917.523612,20567.520000,208.279966,241.539100,400.363000,76.743477,625.380000,5712.690000,7.120300
2024-11-05,2727.666500,4044.572500,6111.970700,6126.173525,21006.970000,208.474094,241.573200,403.996400,77.090456,625.020000,5782.760000,7.101600
2024-11-06,2706.614500,4024.283100,6125.786800,6152.227550,20538.380000,208.539794,241.637100,403.831400,76.702656,624.060000,5929.040000,7.099300
2024-11-07,2797.860200,4145.695200,6239.559800,6260.471559,20953.340000,208.652759,241.728500,407.106000,77.121072,611.320000,5973.100000,7.165900
2024-11-08,2765.538500,4104.047000,6222.445000,6279.245590,20728.190000,208.784159,241.789900,406.492200,75.416795,615.480000,5995.540000,7.143300
2024-11-11,2753.744800,4131.131200,6330.615200,6431.637539,20426.930000,208.905948,241.902800,410.511400,73.375745,615.780000,6001.350000,7.178600
2024-11-12,2712.265100,4085.743000,6263.883000,6346.553956,19846.880000,209.194083,241.998800,408.820300,73.263487,605.660000,5983.990000,7.192700
2024-11-13,2728.228600,4110.890100,6259.841200,6329.369503,19823.450000,209.104183,242.069600,408.839000,73.508413,604.460000,5985.380000,7.199100
2024-11-14,2704.152100,4039.619100,6078.305100,6131.695793,19435.810000,209.084787,242.106900,405.103900,73.896213,593.100000,5949.170000,7.196600
2024-11-15,2671.451500,3968.830800,5924.483400,5988.302850,19426.340000,209.060674,242.179100,402.789800,72.508299,593.300000,5870.620000,7.199200
2024-11-18,2678.273500,3950.380600,5833.035800,5840.729199,19576.610000,208.703781,242.225600,400.268300,74.641196,600.600000,5893.620000,7.190700
2024-11-19,2671.188700,3976.891200,5936.601500,5992.968154,19663.670000,208.873098,242.267000,402.827200,74.804480,609.840000,5916.980000,7.191100
2024-11-20,2676.206800,3985.772700,5992.390400,6110.786683,19705.010000,208.821289,242.304200,405.252900,74.600375,610.600000,5917.110000,7.193500
2024-11-21,2680.798000,3989.297900,5985.312800,6121.893688,19601.110000,209.097368,242.352700,405.813100,75.896442,617.700000,5948.710000,7.193400
2024-11-22,2601.557300,3865.698900,5750.245700,5895.406970,19229.970000,209.246590,242.430600,402.398100,76.825119,627.880000,5969.340000,7.194200
2024-11-25,2582.053600,3848.090900,5735.649300,5916.562729,19150.990000,209.541890,242.550500,402.353700,74.039086,619.160000,5987.370000,7.191800
2024-11-26,2592.737400,3840.184700,5690.479200,5847.584426,19159.200000,209.615452,242.635400,401.837100,73.875802,610.840000,6021.630000,7.191000
2024-11-27,2625.760500,3907.044700,5804.936800,5981.607266,19603.130000,209.613530,242.721700,404.783100,73.865597,616.460000,5998.740000,7.198200
2024-11-28,2610.121400,3872.550500,5757.596500,5949.758613,19366.960000,209.871699,242.792100,405.654000,74.181960,613.200000,,7.189400
2024-11-29,2624.955800,3916.583200,5851.938500,6050.492892,19423.610000,210.113966,242.925600,408.452600,73.569645,618.800000,6032.380000,7.187700
2024-12-02,2639.040800,3947.632000,5943.624500,6172.184673,19550.290000,210.745278,243.234100,410.423200,73.406361,613.280000,6047.150000,7.186500
2024-12-03,2652.898200,3951.891200,5932.120700,6162.084205,19746.320000,210.715748,243.328300,410.936000,75.202485,619.320000,6049.880000,7.199600
2024-12-04,2648.755400,3930.556800,5879.269500,6065.955791,19742.460000,211.118595,243.469200,408.905200,73.988060,618.220000,6086.490000,7.193400
2024-12-05,2635.561500,3921.588100,5901.985900,6144.805022,19560.440000,211.137204,243.560000,410.487400,73.651287,618.400000,6075.110000,7.187900
2024-12-06,2665.428100,3973.140500,5979.197000,6207.391383,19865.850000,211.056303,243.628700,412.641600,72.508299,615.940000,6090.270000,7.184800
2024-12-09,2667.592400,3966.570800,5947.108900,6162.080587,20414.090000,211.376327,243.717000,413.118600,73.375745,619.120000,6052.850000,7.187000
2024-12-10,2689.329200,3995.636900,5992.093700,6219.512844,20311.280000,212.396420,243.939300,415.917500,73.539029,621.440000,6034.910000,7.189600
2024-12-11,2676.551800,3988.830800,6047.105000,6302.955037,20155.050000,212.583297,243.967100,419.385900,75.151458,627.060000,6084.190000,7.184300
2024-12-12,2702.268100,4028.504800,6100.394500,6344.768076,20397.050000,212.804597,244.016900,422.335500,74.916738,631.380000,6051.250000,7.185400
2024-12-13,2638.026600,3933.180800,5988.292000,6212.638359,19971.240000,213.519256,244.171800,419.966100,75.876031,625.600000,6051.090000,7.187600
2024-12-16,2641.560400,3911.841600,5912.601400,6136.901612,19795.490000,214.149519,244.330100,416.459100,75.427000,619.720000,6074.080000,7.188200
2024-12-17,2652.345500,3922.033400,5848.162800,6006.321001,19700.480000,213.978892,244.311000,413.590100,74.824890,619.140000,6050.610000,7.189100
2024-12-18,2671.346100,3941.890000,5888.616200,6057.082016,19864.550000,213.675642,244.268500,415.397700,74.488117,618.500000,5872.160000,7.188000
2024-12-19,2661.722400,3945.463500,5901.915500,6068.146984,19752.510000,213.674157,244.229200,414.743100,74.161549,613.520000,5867.080000,7.191100
2024-12-20,2648.460900,3927.744100,5917.175100,6131.267702,19720.700000,214.408211,244.316700,416.612100,74.090112,613.940000,5930.850000,7.190100
2024-12-23,2671.202500,3933.571800,5818.551000,5959.824083,19883.130000,214.506761,244.407300,414.432800,74.141139,620.140000,5974.070000,7.187000
2024-12-24,2702.282000,3983.688200,5895.259500,6026.280568,20098.290000,214.095701,244.370200,416.193700,74.733043,617.580000,6040.040000,7.187600
2024-12-25,2710.164900,3985.629100,5840.288900,5958.167344,,213.830543,244.338400,415.152900,,619.000000,,7.186800
2024-12-26,2702.595200,3987.480100,5887.060500,6022.459422,,214.028341,244.323600,416.260900,74.365654,619.740000,6037.590000,7.189700
2024-12-27,2701.703100,3981.030700,5899.166500,6033.323982,20090.460000,214.482036,244.417400,417.252100,75.131048,620.220000,5970.840000,7.189300
2024-12-30,2718.748600,3999.054900,5898.884000,6008.260951,20041.420000,214.425335,244.474400,417.636200,75.651516,617.660000,5906.940000,7.188900
2024-12-31,2684.770600,3934.910900,5725.732400,5824.266019,20059.950000,214.847054,244.599600,414.557300,76.365883,617.600000,5881.630000,7.188400
2025-01-02,2610.342000,3820.395200,5545.817400,5667.235846,19623.320000,215.687608,244.821900,411.545100,77.508871,622.400000,5868.550000,7.187900
2025-01-03,2587.131600,3775.164800,5427.804100,5499.205909,19760.270000,215.954076,244.966500,410.160700,78.264060,627.960000,5942.470000,7.187800
2025-01-06,2579.963200,3768.969700,5427.100700,5482.416015,19688.290000,216.165329,245.084600,409.130900,77.825234,624.920000,5975.380000,7.187600
2025-01-07,2593.965400,3796.105500,5484.684700,5564.540891,19447.580000,215.833336,245.091600,412.354800,78.835554,625.020000,5909.030000,7.187900
2025-01-08,2597.445900,3789.215300,5461.586100,5534.957045,19279.840000,215.747367,245.122300,412.142100,77.784413,627.960000,5918.250000,7.188700
2025-01-09,2579.575100,3779.877300,5456.586300,5545.710941,19240.890000,215.294633,245.087300,413.140900,78.784527,631.300000,,7.188600
2025-01-10,2560.249700,3732.480600,5369.281100,5420.711254,19064.290000,215.278820,245.014800,411.996600,81.427687,635.460000,5827.040000,7.189100
2025-01-13,2553.359300,3722.513000,5381.697400,5434.941888,18874.140000,215.050007,244.958000,411.361600,82.560470,637.140000,5836.220000,7.188500
2025-01-14,2598.806800,3820.539500,5572.272200,5680.888522,19219.780000,215.323289,244.910700,415.664400,81.968565,632.100000,5842.910000,7.187800
2025-01-15,2591.502700,3796.026000,5522.459000,5646.199745,19286.070000,215.547647,244.931900,416.559100,84.183104,636.840000,5949.910000,7.188300
2025-01-16,2580.117700,3800.383600,5545.633600,5671.357506,19522.890000,215.446738,244.834400,416.084800,83.029911,639.120000,5937.340000,7.188100
2025-01-17,2582.485900,3812.342900,5587.293900,5710.722244,19584.060000,215.290003,244.780100,417.392500,82.386980,640.680000,5996.660000,7.188900
2025-01-20,2589.068500,3829.676400,5614.331100,5747.458214,19925.810000,215.090545,244.754900,419.180900,81.427687,639.800000,,7.188600
2025-01-21,2584.888900,3832.614500,5633.924900,5775.685347,20106.550000,215.367846,244.754000,420.404600,80.978656,639.780000,6049.240000,7.170300
2025-01-22,2551.353500,3797.016600,5607.059400,5724.572396,19778.770000,215.426469,244.800200,419.745900,80.590857,645.460000,6086.370000,7.169600
2025-01-23,2567.476500,3803.743900,5584.254800,5698.464211,19700.560000,215.316213,244.765100,419.679200,78.753912,646.200000,6118.710000,7.170800
2025-01-24,2579.096000,3832.863700,5649.950400,5805.117665,20066.190000,215.266588,244.717400,421.815200,79.080480,648.900000,6101.240000,7.170500
2025-01-27,2583.651600,3817.080200,5589.343200,5715.118317,20197.770000,215.772529,244.902100,420.100100,77.753797,647.540000,6012.280000,7.169800
2025-01-28,,,,,20225.110000,,,,78.162007,,6067.700000,
2025-01-29,,,,,,,,,77.468050,,6039.310000,
2025-01-30,,,,,,,,,77.661950,,6071.170000,
2025-01-31,,,,,,,,,78.070160,,6040.530000,
2025-02-03,,,,,20217.260000,,,,77.049635,,5994.570000,
2025-02-04,,,,,20789.960000,,,,77.610924,,6037.880000,
2025-02-05,2561.941900,3795.084800,5614.387200,5749.694083,20597.090000,216.198790,245.070600,421.355800,76.223010,670.640000,6061.480000,7.169300
2025-02-06,2580.425700,3842.831400,5747.901200,5906.498334,20891.620000,216.552188,245.179300,424.665000,75.794389,668.460000,6083.570000,7.169100
2025-02-07,2608.088800,3892.702800,5833.988300,5996.653414,21133.540000,216.572370,245.266000,426.974400,76.223010,669.900000,6025.990000,7.169900
2025-02-10,2621.040400,3901.061800,5888.550900,6071.432601,21521.980000,216.202897,245.274400,427.839200,77.692566,679.080000,6066.440000,7.170700
2025-02-11,2614.321800,3883.135200,5858.280500,6051.515755,21294.860000,216.278207,245.264800,426.586200,78.396728,685.740000,6068.500000,7.171600
2025-02-12,2640.045800,3919.861700,5940.529900,6143.837197,21857.920000,216.338927,245.287500,428.500400,76.478141,681.220000,6051.970000,7.171000
2025-02-13,2641.130500,3905.139800,5898.261100,6073.338628,21814.370000,216.270781,245.313300,427.664800,76.865940,684.560000,6115.070000,7.171900
2025-02-14,2660.854900,3939.008500,5947.796000,6108.862374,22620.330000,215.947349,245.249800,428.063500,76.171983,688.400000,6114.630000,7.170600
2025-02-17,2664.475000,3947.398300,5948.719700,6140.860502,22616.230000,215.416859,245.212400,428.403100,76.865940,677.100000,,7.170200
2025-02-18,2651.111700,3912.782900,5840.711200,6004.555846,22976.810000,215.072547,245.086900,425.974400,77.325177,682.820000,6129.580000,7.169700
2025-02-19,2663.603200,3940.160200,5943.882300,6147.667729,22944.240000,215.286333,245.085900,430.006000,77.692566,687.800000,6144.150000,7.170500
2025-02-20,2648.166500,3928.895900,5957.546500,6192.525211,22576.980000,214.885408,244.992500,431.034700,78.192623,690.000000,6117.520000,7.171200
2025-02-21,2682.238500,3978.444000,6057.064800,6304.767019,23477.920000,214.328795,244.836900,433.725900,75.365769,684.440000,6013.130000,7.169600
2025-02-24,2674.116900,3969.716900,6044.973000,6319.231202,23341.610000,213.748855,244.667000,433.210800,75.978084,685.980000,5983.250000,7.171700
2025-02-25,2643.232500,3925.650500,5979.965300,6291.276624,23034.020000,213.944644,244.536500,433.327600,74.049291,685.580000,5955.250000,7.172600
2025-02-26,2666.656300,3959.941300,6051.740100,6378.260857,23787.930000,214.093866,244.554100,436.852200,73.794160,679.420000,5956.060000,7.173200
2025-02-27,2679.076800,3968.115900,6028.985600,6353.942464,23718.290000,213.761523,244.461200,435.687300,74.926943,677.000000,5861.570000,7.174000
2025-02-28,2638.957400,3890.048700,5859.870800,6129.962997,22941.320000,214.007111,244.411000,429.874400,74.579964,672.120000,5954.500000,7.173800
2025-03-03,2628.523600,3888.473800,5885.769600,6133.141468,23006.270000,214.428393,244.479200,427.846800,72.957330,672.400000,5849.720000,7.174500
2025-03-04,2621.216800,3885.220800,5937.630200,6215.218637,22941.770000,214.414502,244.538900,429.547500,72.589941,676.820000,5778.150000,7.173900
2025-03-05,2641.446200,3902.570600,5950.703400,6254.918300,23594.210000,214.501693,244.571000,431.174100,70.783612,682.160000,5842.630000,7.171400
2025-03-06,2683.949100,3956.236900,6047.773400,6388.589595,24369.710000,213.995142,244.554100,435.254600,70.844843,680.640000,5738.520000,7.169200
2025-03-07,2682.016100,3944.014300,6013.774700,6361.992415,24231.300000,213.109681,244.331400,435.850200,71.895984,679.480000,5770.200000,7.170500
2025-03-10,2668.806200,3928.801800,6013.619100,6374.904560,23783.490000,213.000123,244.280400,436.658100,70.559096,681.500000,5614.560000,7.173300
2025-03-11,2682.223000,3941.415700,6044.974200,6404.977109,23782.140000,212.032101,244.127800,435.216100,71.355106,677.560000,5572.070000,7.174100
2025-03-12,2669.014600,3927.231500,6040.496500,6419.869676,23600.310000,212.444821,244.146900,435.561200,72.365425,679.560000,5599.300000,7.169600
2025-03-13,2664.617300,3911.579300,5993.967000,6321.995269,23462.650000,212.339282,244.278100,433.289600,71.589826,684.500000,5521.520000,7.172800
2025-03-14,2740.506600,4006.556700,6099.980900,6423.978335,23959.980000,212.371608,244.356500,436.484700,72.100089,694.960000,5638.940000,7.173800
2025-03-17,2737.922700,3996.787600,6108.017600,6441.961096,24145.570000,211.402275,244.343000,437.765600,72.385836,695.940000,5675.120000,7.168800
2025-03-18,2739.745300,4007.722900,6133.301800,6463.821021,24740.570000,211.445609,244.404800,437.965700,71.865368,700.700000,5614.660000,7.173300
2025-03-19,2746.962700,4010.168000,6101.436900,6417.629798,24771.140000,211.543896,244.497200,435.714300,71.844958,707.340000,5675.290000,7.169700
2025-03-20,2718.186200,3974.991800,6059.485900,6388.678850,24219.950000,212.228501,244.654900,434.619400,73.181845,708.500000,5662.890000,7.175400
2025-03-21,2675.357800,3914.695600,5971.930200,6262.127125,23689.720000,212.136591,244.779200,430.483500,73.141024,706.960000,5667.560000,7.176000
2025-03-24,2693.331300,3934.848600,5969.078900,6217.871356,23905.560000,212.251740,244.909100,428.604400,73.916623,707.140000,5767.570000,7.178000
2025-03-25,2691.897600,3932.295100,5946.951000,6169.404769,23344.250000,212.621651,245.032000,429.817600,73.998265,706.760000,5776.650000,7.178800
2025-03-26,2677.312100,3919.356600,5948.498600,6193.007559,23483.320000,212.943160,245.117800,431.378400,74.855506,709.020000,5712.200000,7.175400
2025-03-27,2690.842800,3932.411700,5957.601700,6187.003920,23578.800000,212.953032,245.194000,431.280300,74.855506,710.300000,5693.310000,7.176300
2025-03-28,2679.739900,3915.166200,5916.031400,6127.912773,23426.600000,212.876587,245.252500,429.633400,74.028881,722.800000,5580.940000,7.175200
2025-03-31,2665.633900,3887.305600,5857.772100,6087.173628,23119.580000,212.908388,245.321100,427.522200,76.243420,729.800000,5611.850000,7.178200
2025-04-01,2662.711300,3887.684100,5892.850200,6119.273133,23206.840000,212.921056,245.351000,428.975800,76.039315,736.300000,5633.070000,7.177500
2025-04-02,2658.620900,3884.385800,5899.086500,6136.644601,23202.530000,213.369072,245.418400,429.821800,74.875917,733.600000,5670.970000,7.179300
2025-04-03,2662.252200,3861.503400,5845.504500,6064.305797,22849.810000,214.576741,245.684900,428.209100,71.242848,739.040000,5396.520000,7.188900
2025-04-04,,,,,,,,,67.415879,,5074.080000,
2025-04-07,2516.965300,3589.440600,5287.033300,5373.323938,19828.300000,215.874660,246.068300,410.864800,65.680987,718.180000,5062.250000,7.198000
2025-04-08,2574.352900,3650.759000,5326.914000,5406.148040,20127.680000,215.430663,246.042000,414.830200,62.884748,719.220000,4982.770000,7.203800
2025-04-09,2597.101600,3686.794300,5439.771600,5525.719700,20264.490000,215.628810,246.037900,418.294900,67.068901,728.140000,5456.900000,7.206600
2025-04-10,2612.619000,3735.115100,5544.064600,5655.012225,20681.780000,215.586700,246.018600,422.132200,64.701283,744.480000,5268.050000,7.209200
2025-04-11,2619.576200,3750.516700,5581.318400,5730.876255,20914.690000,215.659476,246.045200,420.910800,65.915708,757.300000,5363.360000,7.208700
2025-04-14,2628.206000,3759.142200,5627.137500,5805.504892,21417.400000,215.616667,246.080000,421.673500,66.150428,763.640000,5405.970000,7.211000
2025-04-15,2634.592600,3761.234800,5602.534000,5781.556032,21466.270000,215.638683,246.085600,419.998200,66.181044,764.440000,5396.630000,7.209600
2025-04-16,2658.495500,3772.820400,5556.864200,5704.637855,21056.980000,215.744833,246.094700,417.678200,67.415879,781.600000,5275.700000,7.213300
2025-04-17,2659.895800,3772.222100,5557.010500,5708.759320,21395.140000,215.537862,246.092500,418.476600,69.242619,789.220000,5282.700000,7.208500
2025-04-18,2657.636700,3772.523000,5560.720700,5701.058763,,215.504662,246.089300,418.459500,,791.020000,,7.206900
2025-04-21,2652.810300,3784.880600,5642.380500,5819.300006,,215.334472,246.091100,420.162600,67.834294,805.060000,5158.200000,7.205500
2025-04-22,2656.538700,3783.952200,5624.209000,5816.049387,21562.320000,215.514360,246.097400,421.210800,69.212003,831.420000,5287.760000,7.207400
2025-04-23,2648.829700,3786.882400,5634.948700,5850.530326,22072.620000,215.291313,246.039100,422.776400,67.497521,784.280000,5375.860000,7.211600
2025-04-24,2655.364400,3784.357400,5605.879600,5787.860576,21909.760000,215.342423,246.019900,421.494400,66.946438,792.200000,5484.770000,7.209800
2025-04-25,2648.810100,3786.993700,5627.180400,5806.458933,21980.740000,215.432847,246.010000,422.206300,67.181158,787.200000,5525.210000,7.206600
2025-04-28,2651.225200,3781.618800,5598.295100,5745.412194,21971.960000,215.686123,246.060400,419.914900,65.854476,780.040000,5528.750000,7.204300
2025-04-29,2645.512200,3775.076700,5604.905700,5771.147130,22008.110000,216.056645,246.114500,421.300500,64.303278,785.140000,5560.830000,7.202900
2025-04-30,2633.160300,3770.570500,5631.824900,5816.835964,22119.410000,216.128286,246.168700,421.919700,62.292844,780.300000,5569.060000,7.201400
2025-05-01,,,,,,,,,63.139880,,5604.140000,
2025-05-02,,,,,22504.680000,,,,62.711259,,5686.670000,
2025-05-05,,,,,,,,,61.486629,,5650.380000,
2025-05-06,2647.716600,3808.542400,5740.333800,5966.218371,22662.710000,216.224476,246.276800,425.388000,63.313369,794.800000,5606.910000,7.200800
2025-05-07,2670.702300,3831.627000,5750.291100,5974.598849,22691.880000,216.012175,246.316900,425.404400,62.200997,803.500000,5631.280000,7.200500
2025-05-08,2679.509000,3852.896300,5773.805600,6020.138208,22775.920000,216.211284,246.440100,427.931500,64.415536,790.780000,5663.940000,7.207300
2025-05-09,2684.005600,3846.156600,5721.722500,5945.844790,22867.740000,216.254705,246.556800,427.468300,65.191135,788.420000,5659.910000,7.209500
2025-05-12,2702.617200,3890.609600,5793.674300,6029.311227,23549.460000,215.529824,246.597000,430.048800,66.323918,772.280000,5844.190000,7.206600
2025-05-13,2708.058800,3896.258300,5781.668300,6013.228920,23108.270000,215.707266,246.655100,430.551800,67.966963,767.680000,5886.550000,7.199100
2025-05-14,2753.785000,3943.210800,5799.119100,6022.379161,23640.650000,215.618414,246.713200,430.514500,67.201569,761.720000,5892.580000,7.195600
2025-05-15,2740.297600,3907.199200,5715.296600,5921.359813,23453.160000,215.532358,246.770700,428.640100,65.946323,739.820000,5916.930000,7.196300
2025-05-16,2716.661800,3889.085400,5715.849100,5932.192406,23345.050000,215.410044,246.763900,428.826600,66.670896,751.800000,5958.380000,7.193800
2025-05-19,2705.088400,3877.145300,5720.794900,5958.803077,23332.720000,215.676687,246.832600,429.414000,66.823975,755.860000,5963.600000,7.191600
2025-05-20,2716.629400,3898.170500,5747.367000,6008.347566,23681.480000,215.687958,246.917800,430.515000,66.946438,754.380000,5940.460000,7.193100
2025-05-21,2728.426200,3916.380700,5757.922500,5994.821782,23827.780000,215.594039,246.965500,431.056100,65.905502,778.780000,5844.610000,7.193700
2025-05-22,2733.632300,3913.865100,5703.279700,5930.224106,23544.310000,215.598756,247.035000,429.672000,65.344214,780.100000,5842.010000,7.190300
2025-05-23,2711.852400,3882.274100,5653.043600,5855.508169,23601.260000,215.498634,247.088500,428.335500,66.364739,780.100000,5802.820000,7.191900
2025-05-26,2699.422500,3860.106700,5669.460900,5893.742996,23282.330000,215.604697,247.174600,427.329400,65.497292,777.300000,,7.183300
2025-05-27,2685.281200,3839.396900,5652.145400,5873.872097,23381.990000,215.479676,247.204800,426.291600,65.048261,771.600000,5921.540000,7.187600
2025-05-28,2683.062800,3836.236600,5637.237800,5850.405585,23258.310000,215.398774,247.193100,426.581000,65.650371,772.280000,5888.550000,7.189400
2025-05-29,2690.892600,3858.699800,5719.910100,5953.172979,23573.380000,215.142091,247.123300,429.053900,64.660462,764.320000,5912.170000,7.190700
2025-05-30,2678.695500,3840.232300,5671.072300,5891.567053,23289.770000,215.462552,247.175900,429.305500,63.895068,771.800000,5911.690000,7.184800
2025-06-02,,,,,23157.970000,,,,66.456586,,5935.940000,
2025-06-03,2687.296000,3852.012700,5694.838500,5934.069692,23512.490000,215.508681,247.247400,430.560500,66.956643,783.100000,5970.370000,7.186900
2025-06-04,2690.824300,3868.742900,5739.005800,5986.014679,23654.030000,215.615269,247.253400,432.682800,66.242276,782.420000,5970.810000,7.188600
2025-06-05,2692.128700,3877.555700,5769.967500,6028.875510,23906.970000,215.702286,247.274000,433.424100,66.630075,783.720000,5939.300000,7.186500
2025-06-06,2688.850400,3873.984100,5762.077800,6015.022621,23792.540000,215.961066,247.314200,433.920600,68.017989,783.240000,6000.360000,7.184500
2025-06-09,2686.827600,3885.245900,5805.654300,6079.660672,24181.430000,216.108541,247.403600,435.660100,68.507841,774.720000,6005.880000,7.185500
2025-06-10,2676.401300,3865.465200,5757.992100,6023.671744,24162.870000,216.143400,247.446800,434.437000,67.966963,775.060000,6038.810000,7.184000
2025-06-11,2692.136500,3894.625200,5792.946400,6047.936076,24366.940000,216.325909,247.490600,435.803300,72.232757,777.540000,6022.240000,7.181500
2025-06-12,2691.275200,3892.199200,5799.931900,6053.516023,24035.380000,216.359720,247.521700,435.992100,71.783726,785.160000,6045.260000,7.180300
2025-06-13,2676.432800,3864.182200,5740.239700,5969.235441,23892.560000,216.353954,247.555800,433.839500,76.723067,794.360000,5976.970000,7.177200
2025-06-16,2685.009200,3873.795100,5767.808300,6009.758634,24060.990000,216.429089,247.626500,434.922700,73.988060,792.300000,6033.110000,7.178900
2025-06-17,2683.952800,3870.378600,5750.912200,6003.901245,23980.300000,216.627586,247.668000,435.220100,78.774322,785.080000,5982.720000,7.174600
2025-06-18,2679.921800,3874.970800,5745.871400,5997.954893,23710.690000,216.745181,247.727100,435.263800,77.641539,785.420000,5980.870000,7.176100
2025-06-19,2665.519700,3843.091200,5676.831700,5912.745786,23237.740000,216.892219,247.778900,433.135500,80.356136,781.240000,,7.172900
2025-06-20,2673.719100,3846.644300,5639.513000,5865.202249,23530.480000,216.988061,247.823500,433.093000,77.335382,778.580000,5967.840000,7.169500
2025-06-23,2684.776100,3857.901600,5674.170400,5942.071937,23689.130000,217.012086,247.894000,434.969700,71.161206,781.300000,6025.170000,7.171000
2025-06-24,2715.921600,3904.034200,5765.837300,6055.907233,24177.070000,216.834383,247.880900,437.955200,68.211889,771.860000,6092.180000,7.165600
2025-06-25,2747.727800,3960.066200,5862.552900,6135.579115,24474.670000,216.685597,247.866900,441.457900,67.813884,773.940000,6092.160000,7.166800
2025-06-26,2738.465700,3946.019500,5838.245400,6107.842248,24325.400000,216.744220,247.834800,441.184200,68.109836,775.280000,6141.020000,7.162000
2025-06-27,2707.568800,3921.757800,5863.728200,6136.335679,24284.150000,216.811667,247.856300,442.107400,67.701626,766.400000,6173.070000,7.162700
2025-06-30,2711.985300,3936.079100,5915.387600,6213.804636,24072.280000,216.716438,247.905900,443.649600,67.997578,767.580000,6204.950000,7.158600
2025-07-01,2717.712800,3942.762000,5934.670000,6230.997301,,216.880600,247.962500,445.780600,68.660920,776.100000,6198.010000,7.153400
2025-07-02,2722.552200,3943.684900,5892.950500,6168.153049,24221.410000,217.105569,248.033600,444.338800,70.569301,776.040000,6227.420000,7.154600
2025-07-03,2724.548800,3968.067600,5922.660000,6200.564702,24069.940000,217.146893,248.130400,446.807000,70.263144,781.280000,6279.350000,7.152300
2025-07-04,2740.444000,3982.203400,5911.435200,6170.805181,23916.060000,217.198090,248.224900,447.456100,69.916165,777.060000,,7.153500
2025-07-07,2731.532400,3965.174600,5900.405600,6185.412876,23887.830000,217.248588,248.302000,446.589200,71.028538,771.300000,6229.980000,7.150600
2025-07-08,2747.187500,3998.452700,5977.743700,6264.166986,24148.070000,217.131691,248.298600,450.006700,71.467363,776.220000,6225.520000,7.153400
2025-07-09,2739.920200,3991.400600,5953.487100,6247.320880,23892.320000,217.137807,248.311300,448.892200,71.620442,766.820000,6263.260000,7.154100
2025-07-10,2756.934900,4010.024300,5983.050500,6263.062395,24028.370000,216.934330,248.286100,450.709800,70.293760,773.300000,6280.460000,7.151000
2025-07-11,2756.772500,4014.807000,6027.078900,6316.372894,24139.570000,216.832635,248.242700,450.848000,72.079678,773.560000,6259.750000,7.147500
2025-07-14,2757.808000,4017.667800,6020.858500,6317.551293,24203.320000,216.711108,248.243100,448.942800,70.559096,781.400000,6268.560000,7.149100
2025-07-15,2747.226900,4019.064400,6018.758300,6298.516340,24590.120000,217.028337,248.296600,447.321700,70.273349,780.400000,6243.760000,7.149800
2025-07-16,2740.900600,4007.201900,6017.194700,6317.314616,24517.760000,217.044063,248.353400,449.035700,70.120270,776.660000,6263.700000,7.152600
2025-07-17,2744.260400,4034.491000,6082.464400,6389.274111,24498.950000,217.054372,248.403100,452.807600,71.079564,776.280000,6297.360000,7.146100
2025-07-18,2764.516000,4058.548600,6099.610400,6405.309493,24825.660000,216.989983,248.443500,453.855200,70.650943,777.020000,6296.790000,7.149800
2025-07-21,2772.238500,4085.607200,6161.308600,6464.146170,24994.140000,216.736270,248.426500,457.409400,70.508070,781.700000,6305.600000,7.152200
2025-07-22,2792.182300,4118.958200,6213.407200,6488.434258,25130.030000,216.554285,248.408000,459.590300,70.079449,784.840000,6309.620000,7.146000
2025-07-23,2801.200200,4119.768500,6196.757700,6459.220140,25538.070000,216.300922,248.297800,459.423400,70.079449,792.900000,6358.910000,7.141400
2025-07-24,2812.442800,4149.036800,6293.598400,6551.016807,25667.180000,215.833248,248.137800,463.044800,69.936576,778.740000,6363.350000,7.138500
2025-07-25,2795.512700,4127.163400,6299.590800,6556.383637,25388.350000,215.790439,248.064100,463.567600,68.987488,777.320000,6388.640000,7.141900
2025-07-28,2802.767400,4135.824200,6323.419800,6579.229374,25562.130000,216.119462,248.148500,460.342200,71.028538,774.780000,6389.770000,7.146700
2025-07-29,2808.591700,4152.024700,6356.132700,6622.151207,25524.450000,215.597358,248.076400,460.998200,73.243077,771.440000,6370.860000,7.151100
2025-07-30,2819.350800,4151.237900,6314.687300,6567.989805,25176.930000,215.955474,248.096100,460.625500,74.243191,773.780000,6362.900000,7.144100
2025-07-31,2775.993500,4075.591200,6226.343200,6511.977513,24773.330000,216.253919,248.203800,456.389500,73.253282,770.280000,6339.390000,7.149400
2025-08-01,2754.130200,4054.928600,6213.201400,6521.055313,24507.810000,216.292447,248.278900,457.229800,70.946896,770.720000,6238.010000,7.149600
2025-08-04,2769.393400,4070.702300,6261.731300,6588.726369,24733.450000,216.444465,248.349000,461.336400,70.089655,781.420000,6329.940000,7.139500
2025-08-05,2790.728700,4103.450000,6303.235900,6635.442954,24902.530000,216.405937,248.410100,465.118500,69.069130,782.500000,6299.190000,7.136600
2025-08-06,2797.423400,4113.485200,6357.376900,6707.617716,24910.630000,216.468491,248.477200,467.839100,68.334352,783.680000,6345.060000,7.140900
2025-08-07,2798.311100,4114.666000,6337.542500,6708.439487,25081.630000,216.610462,248.510700,467.386000,67.773063,785.020000,6340.000000,7.134500
2025-08-08,2789.174400,4104.966900,6323.499900,6684.957724,24858.820000,216.583640,248.521300,467.770600,67.681216,787.800000,6389.450000,7.138200
2025-08-11,2789.895900,4122.510600,6391.759500,6788.394384,24906.810000,216.201499,248.525200,470.907900,68.079220,779.480000,6373.450000,7.140500
2025-08-12,2807.012400,4143.825200,6418.159500,6807.628083,24969.680000,215.909257,248.466400,469.725800,67.466905,776.040000,6445.760000,7.141800
2025-08-13,2812.980400,4176.577600,6508.097800,6906.094818,25613.670000,215.912403,248.455700,472.933200,67.089311,777.720000,6466.580000,7.135000
2025-08-14,2829.470300,4173.313100,6429.846200,6820.216153,25519.320000,215.750163,248.423100,471.012600,68.262915,778.700000,6468.540000,7.133700
2025-08-15,2832.875900,4202.353300,6568.570000,6958.070893,25270.070000,215.562237,248.398700,475.245900,67.487316,775.800000,6449.800000,7.137100
2025-08-18,2838.872600,4239.412500,6668.172600,7075.481566,25176.850000,214.667603,248.219900,479.623600,67.824089,777.660000,6449.150000,7.132200
2025-08-19,2812.422500,4223.374100,6655.310500,7080.611622,25122.900000,214.792362,248.153400,480.385200,67.303621,775.060000,6411.370000,7.135900
2025-08-20,2846.990700,4271.395800,6728.069200,7141.821033,25165.940000,214.695211,248.144700,482.104800,68.415994,772.680000,6395.780000,7.138400
2025-08-21,2862.176400,4288.070700,6704.165700,7090.870070,25104.610000,214.914151,248.127500,484.125300,69.058924,775.120000,6370.170000,7.128700
2025-08-22,2928.613500,4377.997700,6822.846900,7198.011835,25339.140000,214.854043,248.129900,488.718600,68.640509,773.400000,6466.910000,7.132100
2025-08-25,2989.854900,4469.221700,6951.895500,7310.229007,25829.910000,215.176339,248.187300,490.983100,69.599803,779.180000,6439.320000,7.116100
2025-08-26,2969.776200,4452.590500,6964.065300,7308.996449,25524.920000,215.425246,248.217600,490.759400,68.058810,781.120000,6465.940000,7.118800
2025-08-27,2918.378900,4386.126600,6862.562400,7172.167994,25201.760000,215.379553,248.249800,476.941000,68.579278,781.160000,6481.400000,7.110800
2025-08-28,2960.726600,4463.782000,7011.160200,7280.296940,24998.820000,215.019778,248.257700,477.842200,69.038514,783.220000,6501.860000,7.106300
2025-08-29,2976.473200,4496.759100,7043.941600,7272.052445,25077.620000,215.061539,248.269800,476.113000,68.844614,785.120000,6460.260000,7.103000
2025-09-01,2981.202400,4523.711100,7110.288200,7333.124699,25617.420000,215.240553,248.321600,472.672900,69.558982,800.560000,,7.107200
2025-09-02,2992.881000,4490.452800,6961.689400,7150.053502,25496.550000,215.296031,248.326400,468.527300,70.487659,804.320000,6415.540000,7.108900
2025-09-03,2960.993300,4459.829600,6868.461500,7045.443820,25343.430000,215.651963,248.381100,469.740000,68.773177,814.880000,6448.260000,7.110800
2025-09-04,2910.470000,4365.208500,6698.447400,6883.434533,25058.510000,215.682366,248.453900,468.843200,68.252710,812.980000,6502.080000,7.105200
2025-09-05,2942.216200,4460.324900,6913.953200,7083.366108,25417.980000,215.289129,248.448600,479.002300,67.017874,815.600000,6481.500000,7.106400
2025-09-08,2939.882300,4467.573300,6992.116900,7147.269199,25633.910000,214.884971,248.444400,482.041800,67.599574,822.860000,6495.150000,7.102900
2025-09-09,2928.632300,4436.258400,6928.965100,7064.166723,25938.130000,214.643315,248.429700,477.414300,67.895526,834.480000,6512.610000,7.100800
2025-09-10,2939.591100,4445.364900,6932.109200,7068.214086,26200.260000,214.177825,248.361600,474.399900,68.987488,833.420000,6532.040000,7.106200
2025-09-11,2983.082900,4548.034500,7122.705100,7234.130060,26086.320000,214.202725,248.319300,480.247800,67.671010,830.780000,6587.470000,7.103400
2025-09-12,2968.539700,4521.998000,7147.748900,7256.613888,26388.160000,214.408211,248.320800,481.044700,68.252710,834.220000,6584.290000,7.101900
2025-09-15,2962.615400,4533.055700,7137.362700,7249.464404,26446.560000,214.468057,248.376300,477.565600,68.854819,831.600000,6615.280000,7.105600
2025-09-16,2947.822200,4523.336700,7190.992800,7315.997045,26438.510000,214.661749,248.383300,476.726000,69.895755,842.080000,6606.760000,7.102700
2025-09-17,2952.777800,4551.023000,7260.035300,7385.586836,26908.390000,214.945429,248.404200,479.442400,69.303850,835.080000,6600.350000,7.101300
2025-09-18,2912.825600,4498.109000,7199.882800,7308.932709,26544.850000,214.773841,248.405000,476.204800,68.344557,824.100000,6631.960000,7.108500
2025-09-19,2909.744200,4501.919500,7170.348800,7271.575376,26545.100000,214.384622,248.379400,473.606900,67.405674,830.560000,6664.360000,7.112800
2025-09-22,2922.179500,4522.608000,7225.128100,7321.716202,26344.140000,214.483346,248.406000,471.594000,67.364853,846.500000,6693.750000,7.110600
2025-09-23,2919.514800,4519.778100,7180.713700,7242.130447,26159.120000,214.193464,248.345300,470.730200,68.548662,855.440000,6656.920000,7.105700
2025-09-24,2939.507800,4566.070800,7323.709300,7365.457851,26518.650000,213.808352,248.243200,476.829000,69.661034,860.000000,6637.970000,7.107700
2025-09-25,2952.735200,4593.487500,7341.323800,7338.368645,26484.680000,213.807915,248.110500,479.011600,70.212118,854.720000,6604.720000,7.111800
2025-09-26,2941.018400,4550.048700,7240.911400,7231.885489,26128.200000,213.888729,248.110300,478.051300,70.232528,856.060000,6643.700000,7.115200
2025-09-29,2973.041700,4620.052800,7350.559900,7329.881510,26622.880000,213.719675,248.133500,482.188200,68.140452,866.520000,6661.210000,7.108900
2025-09-30,2988.938600,4640.693500,7412.368400,7405.286069,26855.560000,213.936519,248.163300,485.492700,67.507726,874.400000,6688.460000,7.105500
2025-10-01,,,,,,,,,66.762743,,6711.200000,
2025-10-02,,,,,27287.120000,,,,65.640166,,6715.350000,
2025-10-03,,,,,27140.920000,,,,65.680987,,6715.790000,
2025-10-06,,,,,26957.770000,,,,66.864796,,6740.280000,
2025-10-07,,,,,,,,,67.079106,,6714.590000,
2025-10-08,,,,,26829.460000,,,,67.436290,,6753.720000,
2025-10-09,3020.596400,4709.482000,7548.922600,7476.738091,26752.590000,214.158605,248.333400,487.812800,66.568843,914.320000,6735.110000,7.110200
2025-10-10,2974.853500,4616.834100,7398.224100,7365.064660,26290.320000,214.042931,248.356300,485.619900,63.364395,901.560000,6552.510000,7.104800
2025-10-13,2967.206000,4593.978500,7376.563600,7351.323022,25889.480000,214.266240,248.488800,483.601500,64.691078,927.560000,6654.720000,7.100700
2025-10-14,2961.101000,4539.064400,7194.850900,7207.995676,25441.350000,214.293936,248.502300,479.833400,63.558295,938.980000,6644.310000,7.102100
2025-10-15,3001.348900,4606.287900,7294.001400,7315.821859,25910.600000,214.295596,248.520200,482.174000,63.752195,960.340000,6671.060000,7.099500
2025-10-16,3019.196600,4618.421800,7231.533600,7236.038433,25888.510000,214.450147,248.568100,478.717100,62.272433,966.420000,6629.070000,7.096800
2025-10-17,2967.774800,4514.234500,7016.066100,7024.525422,25247.100000,214.814816,248.649100,474.219200,62.599001,999.800000,6664.010000,7.094900
2025-10-20,2974.864800,4538.220100,7069.641200,7077.028814,25858.830000,214.635452,248.721300,474.507700,62.190791,970.320000,6735.130000,7.097300
2025-10-21,3007.263400,4607.871500,7185.624000,7179.542228,26027.550000,214.773928,248.788100,479.201600,62.925569,994.060000,6735.350000,7.093000
2025-10-22,3010.095100,4592.570000,7128.477600,7148.418564,25781.770000,214.806778,248.856400,477.309400,65.670782,952.560000,6699.400000,7.095400
2025-10-23,3026.904400,4606.344700,7142.953600,7144.399845,25967.980000,214.697832,248.931900,477.965300,67.313827,942.280000,6738.440000,7.091800
2025-10-24,3045.816100,4660.683500,7258.534300,7253.046430,26160.150000,214.541533,248.985800,481.204000,66.252481,938.100000,6791.690000,7.092800
2025-10-27,3069.529300,4716.018600,7379.394100,7327.488638,26433.700000,214.652925,249.062700,485.183100,66.374944,934.140000,6875.160000,7.088100
2025-10-28,3050.416200,4691.973000,7341.030400,7311.688565,26346.140000,215.145061,249.192700,484.033000,65.170724,901.380000,6890.890000,7.085600
2025-10-29,3063.021000,4747.837800,7480.966600,7399.570920,,215.180445,249.288600,488.657600,65.619755,910.880000,6890.590000,7.084300
2025-10-30,3046.610800,4709.911000,7385.710900,7317.421017,26282.690000,215.345218,249.363100,484.444700,65.344214,912.160000,6822.340000,7.086400
2025-10-31,3011.554700,4640.667600,7331.003100,7338.527212,25906.650000,215.693811,249.462000,484.981500,65.905502,921.920000,6840.200000,7.088000
2025-11-03,3016.350700,4653.402800,7333.601300,7369.266093,26158.360000,215.729544,249.551400,485.905800,66.170839,922.580000,6851.970000,7.086700
2025-11-04,3012.969100,4618.699000,7210.825300,7269.172533,25952.400000,215.693986,249.606600,482.635700,65.670782,915.580000,6771.550000,7.088500
2025-11-05,3007.970000,4627.257000,7229.341000,7297.652375,25935.410000,215.760385,249.646400,486.209700,64.854362,912.260000,6796.290000,7.090100
2025-11-06,3044.741600,4693.403200,7345.723000,7382.671046,26485.900000,215.513661,249.646800,488.772100,64.874772,917.800000,6720.320000,7.086500
2025-11-07,3038.345500,4678.794400,7327.910800,7372.942065,26241.830000,215.465784,249.638200,489.139700,65.007440,921.260000,6728.800000,7.083600
2025-11-10,3053.857000,4695.050700,7343.801700,7393.838760,26649.060000,215.527989,249.668700,491.906300,65.252366,935.980000,6832.430000,7.085600
2025-11-11,3034.632900,4652.165500,7291.608400,7371.879414,26696.410000,215.580934,249.689100,491.103300,66.425970,948.880000,6846.610000,7.086600
2025-11-12,3044.301100,4645.907900,7243.248300,7318.683881,26922.730000,215.672494,249.722300,489.023900,63.966505,945.760000,6850.920000,7.083300
2025-11-13,3073.665600,4702.073800,7355.291100,7420.549537,27073.030000,215.589321,249.732300,494.586300,64.405331,961.220000,6737.490000,7.086500
2025-11-14,3038.425500,4628.139800,7235.461700,7334.697072,26572.460000,215.583817,249.747200,491.705700,65.609550,953.200000,6734.110000,7.082500
2025-11-17,3012.071400,4598.052500,7235.351200,7354.561029,26384.280000,215.688919,249.799200,490.744300,65.344214,929.460000,6672.410000,7.081600
2025-11-18,3003.017500,4568.192800,7151.017600,7281.265350,25930.030000,215.722992,249.833600,488.052100,66.150428,918.520000,6617.320000,7.085600
2025-11-19,3020.348700,4588.292200,7122.746500,7221.737021,25830.650000,215.605309,249.849300,489.210800,64.966619,937.000000,6642.160000,7.087200
2025-11-20,3008.290400,4564.948300,7061.949700,7175.988651,25835.570000,215.583642,249.860700,488.062000,64.486973,932.560000,6538.760000,7.090500
2025-11-21,2955.854100,4453.607600,6817.410300,6909.388451,25220.020000,215.482996,249.847200,482.941000,63.793016,926.940000,6602.990000,7.087500
2025-11-24,2950.562000,4448.047800,6868.966400,6996.106973,25716.500000,215.485354,249.868500,483.997200,64.017531,930.320000,6705.120000,7.084700
2025-11-25,2968.202300,4490.404700,6954.603400,7087.550335,25894.550000,215.300050,249.862800,485.084800,63.170495,946.500000,6765.880000,7.082600
2025-11-26,2971.798500,4517.625500,6965.045300,7086.085694,25928.080000,215.027116,249.794300,480.939200,63.721579,946.720000,6812.610000,7.079600
2025-11-27,2972.265100,4515.402700,6951.284400,7094.889083,25945.930000,214.870555,249.727500,478.371000,64.211431,947.160000,,7.077900
2025-11-28,2969.617100,4526.661600,7031.550500,7169.925477,25858.890000,214.965523,249.739600,481.627200,63.599116,953.920000,6849.090000,7.078900
2025-12-01,2993.676100,4576.485600,7101.832300,7221.221532,26033.260000,214.994616,249.777800,482.090400,64.629846,963.280000,6812.630000,7.075900
2025-12-02,2978.467100,4554.334700,7040.300800,7149.364881,26095.050000,214.789042,249.783200,479.579800,63.670553,958.420000,6829.370000,7.079400
2025-12-03,2963.076300,4531.048600,6996.355200,7085.914712,25760.730000,214.543455,249.776000,478.570200,64.037942,956.700000,6849.720000,7.075400
2025-12-04,2974.337100,4546.566400,7012.806100,7086.289426,25935.900000,214.031923,249.676300,477.495400,64.670667,953.420000,6857.120000,7.073300
2025-12-05,3002.008700,4584.536800,7097.838900,7178.022647,26085.080000,214.124182,249.662400,482.000300,65.170724,961.040000,6870.400000,7.074900
2025-12-08,3019.362000,4621.754500,7172.367100,7256.772064,25765.360000,214.051406,249.671000,483.925700,63.813426,958.700000,6846.510000,7.076400
2025-12-09,2997.960300,4598.223200,7121.325600,7215.260517,25434.230000,214.245971,249.698400,480.962200,63.395011,951.540000,6840.510000,7.077300
2025-12-10,2988.637500,4591.827300,7155.994400,7242.301527,25540.780000,214.370119,249.718500,483.091900,63.803221,956.400000,6886.680000,7.075300
2025-12-11,2977.031900,4552.184800,7082.893200,7148.208575,25530.510000,214.607757,249.762600,481.301300,62.813312,957.900000,6901.000000,7.068600
2025-12-12,2994.644600,4580.950000,7169.791000,7205.834593,25976.790000,214.350811,249.790200,482.968700,62.476538,970.660000,6827.410000,7.063800
2025-12-15,2987.068400,4552.059600,7113.962000,7145.356231,25628.880000,213.970854,249.799200,482.094000,61.598887,983.160000,6816.510000,7.065600
2025-12-16,2954.787200,4497.554500,7001.318800,7020.753743,25235.410000,213.940013,249.805000,478.642900,60.047689,971.420000,6800.260000,7.060200
2025-12-17,2991.677700,4579.875000,7137.833900,7125.472721,25468.780000,214.298828,249.836800,483.160800,61.905044,979.720000,6721.430000,7.057300
2025-12-18,2998.517000,4552.792600,7100.835900,7109.502643,25498.130000,214.335347,249.875400,483.431200,60.935546,980.500000,6774.760000,7.058300
2025-12-19,3004.340100,4568.178100,7169.551100,7165.620125,25690.530000,214.530437,249.928800,485.277900,61.353961,979.900000,6834.500000,7.055000
2025-12-22,3020.228500,4611.623500,7255.660700,7242.403882,25801.770000,214.394233,249.997400,487.962600,62.803106,1000.860000,6878.490000,7.057200
2025-12-23,3027.519500,4620.734100,7256.786400,7226.832273,25774.140000,214.635889,250.027900,486.929300,63.190906,1014.240000,6909.790000,7.052300
2025-12-24,3025.183900,4634.058600,7352.039600,7338.240579,25818.930000,214.751912,250.058800,490.379900,63.109264,1014.680000,6932.050000,7.047100
2025-12-25,3032.841400,4642.535700,7410.711900,7409.603151,,214.714955,250.093200,493.463900,,1008.760000,,7.039200
2025-12-26,3045.403600,4657.240000,7458.838600,7435.168181,,214.759425,250.120600,493.249300,61.568271,1016.300000,6929.940000,7.035800
2025-12-29,3034.634700,4639.372100,7430.614700,7424.050519,25635.230000,214.270172,250.131900,491.144800,62.517359,1007.180000,6905.740000,7.033100
2025-12-30,3036.552300,4651.281800,7458.936000,7427.121651,25854.600000,214.196434,250.144400,491.827300,62.537770,984.840000,6896.240000,7.034800
2025-12-31,3031.125800,4629.939500,7465.574200,7425.152275,25630.540000,214.162449,250.163300,491.901700,62.160176,977.560000,6845.500000,7.028800
2026-01-02,,,,,26338.470000,,,,62.047918,,6858.470000,
2026-01-05,3099.746200,4717.745700,7651.198100,7580.195281,26347.240000,214.050532,250.266800,499.006400,63.037827,995.000000,6902.050000,7.023000
2026-01-06,3158.763200,4790.693800,7814.135600,7688.731788,26710.450000,213.717578,250.264600,505.767600,61.751966,1004.980000,6944.820000,7.017300
2026-01-07,3145.119700,4776.665800,7875.082200,7729.318135,26458.950000,213.423677,250.260400,507.276200,61.629503,998.900000,6920.930000,7.018700
2026-01-08,3122.062700,4737.653600,7894.544700,7793.027367,26149.310000,213.602778,250.275500,509.256900,63.986915,997.940000,6921.460000,7.019700
2026-01-09,3134.324500,4758.922100,8056.685800,7947.091697,26231.790000,213.746059,250.294300,513.788900,64.313483,1006.480000,6966.280000,7.012800
2026-01-12,3143.737100,4789.915500,8249.127500,8169.816024,26608.480000,213.981425,250.353800,520.823800,65.619755,1026.280000,6977.270000,7.010800
2026-01-13,3132.932800,4761.032400,8143.280000,8019.384847,26848.470000,214.057434,250.380700,515.074600,66.803564,1027.180000,6963.740000,7.010300
2026-01-14,3112.074500,4741.930600,8227.697000,8072.213291,26999.810000,214.074121,250.401200,515.872200,66.732127,1040.620000,6926.600000,7.012000
2026-01-15,3105.575100,4751.429300,8223.268300,8056.184068,26923.620000,214.163060,250.433300,516.902000,65.180930,1035.200000,6944.470000,7.006400
2026-01-16,3079.763100,4731.872800,8232.674000,8048.318492,26844.960000,214.219237,250.480100,519.314400,65.517703,1032.320000,6940.010000,7.007800
2026-01-19,3075.935700,4734.455600,8287.947000,8080.498062,26563.900000,214.242389,250.542700,521.651400,65.497292,1048.880000,,7.005100
2026-01-20,3070.646000,4718.878200,8247.804900,7999.460865,26487.510000,214.484657,250.580900,518.292300,65.313598,1060.160000,6796.860000,7.000600
2026-01-21,3067.175300,4723.069200,8340.113300,8062.934105,26585.060000,214.783800,250.643700,522.948700,65.946323,1092.300000,6875.620000,7.001400
2026-01-22,3053.127700,4723.709100,8387.595000,8123.218608,26629.960000,214.793323,250.682800,527.733300,65.017646,1087.580000,6913.350000,7.001900
2026-01-23,3032.193000,4702.496600,8590.165900,8281.001534,26749.510000,214.941672,250.722700,534.482800,66.783154,1115.640000,6915.610000,6.992900
2026-01-26,3049.587100,4706.964000,8506.693200,8178.051133,26765.520000,215.086963,250.790100,528.138100,66.232070,1143.320000,6950.230000,6.984300
2026-01-27,3052.393200,4705.691800,8548.932100,8194.395436,27126.950000,214.927868,250.823000,528.953400,68.130247,1148.380000,6978.600000,6.985800
2026-01-28,3060.557000,4717.991400,8601.164400,8211.640794,27826.910000,215.027204,250.845000,533.455300,69.079335,1186.200000,6978.030000,6.975500
2026-01-29,3110.913500,4753.869700,8517.842900,8145.567626,27968.090000,215.059792,250.869000,529.717500,71.140795,1249.120000,6969.010000,6.977100
2026-01-30,3066.496300,4706.340100,8370.520300,8069.953764,27387.110000,215.008071,250.888700,520.543400,71.263258,1161.420000,6939.030000,6.967800
2026-02-02,3003.137300,4605.979900,8037.045600,7796.780961,26775.570000,215.088710,250.943900,508.116600,67.671010,1008.600000,6976.440000,6.969500
2026-02-03,3034.580300,4660.107400,8286.700500,8025.219459,26834.770000,215.024583,250.958200,521.461000,69.212003,1093.780000,6917.810000,6.960800
2026-02-04,3069.243200,4698.683200,8299.057400,8023.283126,26847.320000,215.005100,250.966400,521.269200,70.365196,1141.700000,6882.720000,6.953300
2026-02-05,3059.012000,4670.418800,8146.107300,7887.354063,26885.240000,215.154497,250.984600,516.886800,68.701741,1105.760000,6798.400000,6.957000
2026-02-06,3037.860200,4643.595900,8146.412800,7871.221215,26559.950000,215.395192,251.020700,520.785000,69.497750,1090.120000,6932.300000,6.959000
2026-02-09,3081.779100,4719.055900,8311.282900,8049.343994,27027.160000,215.510079,251.090600,527.311500,70.559096,1125.940000,6964.820000,6.952300
2026-02-10,3087.405000,4724.295600,8306.444800,8065.495711,27183.150000,215.554287,251.133000,526.088300,70.497865,1121.220000,6941.810000,6.945800
2026-02-11,3088.457100,4713.818500,8325.810700,8054.950239,27266.380000,215.642178,251.175300,526.360200,71.059153,1130.400000,6941.470000,6.943800
2026-02-12,3079.727300,4719.578000,8423.569500,8128.582310,27032.540000,215.694335,251.228700,528.733500,68.936461,1126.120000,6832.760000,6.945700
2026-02-13,3034.345900,4660.405600,8299.585000,8021.043542,26567.120000,215.702723,251.269600,526.435100,69.120156,1110.100000,6836.170000,6.939800
2026-02-16,,,,,26705.940000,,,,69.987602,,,
2026-02-17,,,,,,,,,68.742562,,6843.220000,
2026-02-18,,,,,,,,,71.763316,,6881.310000,
2026-02-19,,,,,,,,,73.416566,,6861.890000,
2026-02-20,,,,,26413.350000,,,,72.702199,,6909.510000,
2026-02-23,,,,,27081.910000,,,,72.589941,,6837.750000,
2026-02-24,3041.324200,4707.544000,8392.909800,8113.857988,26590.320000,215.851858,251.451700,530.756100,72.467478,1150.500000,6890.070000,6.941400
2026-02-25,3054.924700,4735.885800,8527.559300,8237.583959,26765.720000,215.679570,251.458500,531.412500,72.324604,1151.060000,6946.130000,6.932100
2026-02-26,3035.070700,4726.873900,8557.216000,8300.429873,26381.020000,215.310272,251.430600,525.931300,72.242962,1146.480000,6908.860000,6.922800
2026-02-27,3039.431000,4710.646900,8658.450300,8369.082831,26630.540000,215.366885,251.442200,525.202200,74.712633,1147.900000,6878.880000,6.922800
2026-03-02,3046.466700,4728.668800,8658.333600,8287.083381,26059.850000,215.688744,251.521800,524.300100,79.672384,1197.220000,6881.620000,6.923600
2026-03-03,3014.270200,4655.896200,8281.613900,7960.065137,25768.080000,215.738194,251.551300,514.822700,83.642226,1182.000000,6816.630000,6.908800
2026-03-04,2974.209700,4602.624700,8248.945000,7913.203379,25249.480000,215.804068,251.591200,513.628000,84.274952,1153.060000,6869.500000,6.912400
2026-03-05,2988.450500,4647.692100,8309.171300,7988.088636,25321.340000,215.861118,251.630900,512.975700,86.040460,1152.000000,6830.710000,6.900700
2026-03-06,2992.702100,4660.439000,8360.334700,8064.084838,25757.290000,215.816823,251.680300,514.321800,95.235390,1140.800000,6740.020000,6.902500
2026-03-09,2962.988800,4615.455100,8279.481100,8020.104361,25408.460000,215.283188,251.679300,512.768700,91.632937,1140.000000,6795.990000,6.915800
2026-03-10,2981.835100,4674.756200,8410.303000,8163.049954,25959.900000,215.255318,251.697800,517.680900,93.275982,1150.000000,6781.480000,6.898200
2026-03-11,2985.344900,4704.495900,8403.329600,8176.185578,25898.760000,215.123220,251.704600,519.466100,95.551753,1151.980000,6775.800000,6.891700
2026-03-12,2971.561200,4687.560100,8359.472100,8149.185823,25716.760000,215.205694,251.716500,513.992400,103.838415,1148.100000,6672.620000,6.895900
2026-03-13,2956.846800,4669.140000,8239.798000,8030.294769,25465.600000,215.079799,251.749100,508.668400,106.022339,1133.000000,6632.190000,6.900700
2026-03-16,2954.088500,4671.559100,8185.152000,8027.419744,25834.020000,214.834735,251.767800,506.833000,103.093432,1118.340000,6699.380000,6.905700
2026-03-17,2963.577900,4637.439200,8016.026200,7840.214373,25868.540000,214.915462,251.803100,499.073500,105.624334,1116.200000,6716.090000,6.896100
2026-03-18,2961.426400,4658.332400,8096.427600,7915.233366,26025.420000,215.142178,251.853000,503.770800,107.216353,1113.520000,6624.700000,6.890900
2026-03-19,2916.234800,4583.251100,7877.090000,7732.069688,25500.580000,215.061626,251.909300,495.501500,105.185508,1062.000000,6606.490000,6.897500
2026-03-20,2883.864400,4567.017900,7760.036500,7609.087768,25277.320000,215.038649,251.940200,492.623100,106.553012,1039.220000,6506.480000,6.889800
2026-03-23,2792.328800,4417.997100,7440.745100,7243.144903,24382.470000,215.080061,251.974800,487.871300,98.041833,940.000000,6581.000000,6.904100
2026-03-24,2830.854000,4474.722400,7597.373200,7430.599855,25063.710000,215.251736,252.012900,498.533400,97.929576,977.280000,6556.370000,6.894300
2026-03-25,2859.534500,4537.465600,7767.665400,7577.556640,25335.950000,215.266851,252.043200,503.654500,100.072678,1013.960000,6591.900000,6.891100
2026-03-26,2824.674400,4477.534300,7642.130200,7468.256333,24856.430000,215.313330,252.078100,496.711800,102.154549,995.980000,6477.160000,6.905600
2026-03-27,2837.306400,4502.569800,7737.614400,7572.797877,24951.880000,215.336220,252.125100,498.936600,108.471599,998.660000,6368.850000,6.914100
2026-03-30,2833.205400,4491.950000,7753.723400,7593.930662,24750.790000,215.616667,252.195300,494.310600,111.124963,1014.880000,6343.720000,6.922300
2026-03-31,2826.124900,4450.049300,7617.326200,7449.167808,24788.140000,215.611599,252.247400,486.280400,105.654950,1020.100000,6528.520000,6.919400
2026-04-01,2878.794300,4526.066800,7750.092400,7590.237680,25294.030000,215.484481,252.281200,495.487600,102.297423,1053.180000,6575.320000,6.902500
2026-04-02,2853.452900,4478.914100,7605.293200,7452.654419,25116.530000,215.423062,252.323000,490.357700,111.482147,1023.780000,6582.690000,6.888000
2026-04-03,2830.596700,4440.788900,7534.938000,7367.782193,,215.488762,252.391200,491.067900,,1033.000000,,6.892900
2026-04-06,,,,,,,,,111.951589,,6611.830000,
2026-04-07,2830.522700,4440.616200,7571.110600,7435.643979,,215.673892,252.492800,492.939100,105.542692,1034.280000,6616.850000,6.885400
2026-04-08,2907.065800,4595.556000,7945.152700,7777.561438,25893.020000,215.856663,252.543100,507.396800,98.684764,1062.000000,6782.810000,6.868000
2026-04-09,2884.760000,4566.223700,7898.632900,7744.008338,25752.400000,215.835782,252.567000,506.375700,98.388812,1041.320000,6824.660000,6.864900
2026-04-10,2899.579500,4636.565500,7969.364600,7819.073865,25893.540000,216.080147,252.604000,504.864200,96.194683,1048.360000,6816.890000,6.865400
2026-04-13,2899.470100,4646.154600,7967.697000,7845.801848,25660.850000,216.336480,252.647100,502.648200,100.011447,1043.400000,6886.240000,6.865700
2026-04-14,2924.183400,4701.283700,8088.568700,7962.321830,25872.320000,216.394055,252.673000,507.351500,97.296850,1052.820000,6967.380000,6.859300
2026-04-15,2934.215900,4685.246400,8044.077300,7924.588805,25947.320000,216.413013,252.691400,507.607300,96.817203,1058.240000,7022.950000,6.858200
2026-04-16,2939.764500,4736.607700,8180.081500,8048.566900,26394.260000,216.388289,252.709300,514.682500,100.225757,1061.500000,7041.280000,6.861600
2026-04-17,2910.873200,4728.671600,8214.193900,8121.351881,26160.330000,216.701673,252.729200,515.793900,94.316917,1054.020000,7126.060000,6.862200
2026-04-20,2933.653400,4757.441900,8290.022400,8170.601232,26361.070000,216.794893,252.796500,516.277100,95.725242,1054.960000,7109.140000,6.864800
2026-04-21,2932.072100,4767.997000,8270.326600,8164.092467,26487.480000,217.047907,252.833400,514.442900,101.093203,1051.700000,7064.010000,6.859400
2026-04-22,2930.575200,4799.627000,8376.180800,8291.262329,26163.240000,217.290786,252.881200,518.100700,103.634310,1051.400000,7137.900000,6.863500
2026-04-23,2927.930700,4786.327300,8295.207000,8175.417184,25915.200000,217.118062,252.896700,515.834700,108.185852,1040.060000,7108.400000,6.865000
2026-04-24,2945.042500,4769.368800,8247.875900,8118.130785,25978.070000,216.940009,252.898800,514.031400,108.053183,1032.120000,7165.080000,6.867400
2026-04-27,2939.052900,4770.946900,8299.048600,8151.941189,25925.650000,216.714865,252.914600,515.810100,104.062931,1039.420000,7173.910000,6.857900
2026-04-28,2950.421200,4758.208300,8203.961400,8042.416328,25679.780000,216.778905,252.935200,512.187200,106.624448,1022.100000,7138.800000,6.858900
2026-04-29,2967.503400,4810.346800,8342.421700,8156.182801,26111.840000,216.928127,252.962400,516.477400,114.798853,1011.880000,7135.950000,6.860800
2026-04-30,2985.504800,4807.306900,8349.508100,8194.193269,25776.530000,216.803018,252.983200,516.075700,113.135398,1016.120000,7209.010000,6.862800
2026-05-01,,,,,,,,,111.441326,,7230.120000,
2026-05-04,,,,,26095.880000,,,,116.401078,,7200.750000,
2026-05-05,,,,,25898.610000,,,,112.574109,,7259.220000,
2026-05-06,3026.443400,4877.093200,8588.439900,8382.488077,26213.780000,216.563197,253.015900,522.166200,104.052725,1028.480000,7365.120000,6.856200
2026-05-07,3029.193900,4900.509800,8696.798900,8519.307440,26626.280000,216.592901,253.014500,523.754000,105.491666,1040.980000,7337.110000,6.848700
2026-05-08,3003.583900,4871.912200,8694.170900,8545.351396,26393.710000,216.633789,253.027900,523.662600,102.307628,1038.220000,7398.930000,6.850200
2026-05-11,3041.633300,4951.836600,8839.741500,8668.165853,26406.840000,216.747802,253.057800,525.226200,106.726501,1026.800000,7412.840000,6.846700
2026-05-12,3043.555900,4948.046500,8785.979100,8624.279617,26347.910000,216.858758,253.113900,518.734500,109.900334,1030.120000,7400.960000,6.842600
2026-05-13,3047.245600,4998.341700,8918.239000,8754.847813,26388.440000,216.925681,253.165800,520.881600,107.889899,1030.560000,7444.250000,6.843100
2026-05-14,2996.573000,4914.597100,8670.157400,8582.068205,26389.040000,216.879551,253.191100,512.800100,108.777756,1029.600000,7501.240000,6.840100
2026-05-15,2957.602400,4859.592700,8536.344400,8488.164615,25962.730000,216.798737,253.221800,508.793100,111.716868,1004.380000,7408.500000,6.841500
2026-05-18,2934.959200,4833.523700,8554.237200,8524.882890,25675.180000,216.923497,253.290400,508.120000,111.941383,999.800000,7403.050000,6.843500
2026-05-19,2954.062200,4852.883200,8627.946100,8611.333354,25797.850000,217.246928,253.333800,516.285300,113.196629,999.580000,7353.610000,6.837500
2026-05-20,2953.747200,4850.700000,8656.306200,8611.592418,25651.120000,217.259072,253.383700,514.643500,107.318405,983.920000,7432.970000,6.839700
2026-05-21,2920.928800,4783.097600,8419.837300,8319.863101,25386.520000,217.250685,253.417400,508.434200,107.073479,992.740000,7445.720000,6.834900
2026-05-22,2923.524800,4845.095600,8576.940200,8497.952251,25606.030000,217.193896,253.439700,509.423500,106.389728,993.340000,7473.470000,6.837300
2026-05-25,2968.697000,4921.597400,8703.890100,8602.209508,,217.313414,253.506000,509.873800,95.561958,998.700000,,6.831800
2026-05-26,2973.385300,4947.849300,8658.619200,8492.660794,25599.450000,217.458093,253.551900,507.988000,98.256144,995.000000,7519.120000,6.828800
2026-05-27,2934.712200,4908.171400,8530.980200,8355.074699,25328.230000,217.646368,253.598500,503.846200,94.786359,983.560000,7520.360000,6.829100
2026-05-28,2914.189600,4914.213300,8563.221800,8444.259999,25006.160000,217.758023,253.654800,508.574300,94.296507,961.180000,7563.630000,6.824000
2026-05-29,2921.081200,4892.121300,8359.559600,8220.382398,25182.390000,217.862339,253.711700,503.397800,93.776039,989.400000,7580.060000,6.817600
2026-06-01,2893.719100,4844.255600,8274.212000,8158.200568,25398.180000,218.086696,253.787800,506.336000,97.205003,983.580000,7599.960000,6.816700
2026-06-02,2920.269300,4914.559100,8321.434700,8196.964472,26038.320000,218.090103,253.841100,508.350900,97.909165,990.600000,7609.780000,6.818700
2026-06-03,2920.917200,4938.809100,8362.156000,8243.789375,25633.210000,217.991204,253.876900,506.277700,99.388926,977.080000,7553.680000,6.818400
2026-06-04,2891.348800,4904.745400,8356.744400,8231.486862,25253.400000,218.116226,253.914100,503.688200,97.317261,977.940000,7584.310000,6.820300
2026-06-05,2865.866100,4816.919900,8251.140700,8154.127885,24961.950000,217.997058,253.942200,501.999900,94.684306,974.020000,7383.740000,6.815700
2026-06-08,2825.013300,4713.635800,7963.452900,7900.243430,24657.060000,217.879725,253.954500,497.208000,96.041604,942.200000,7405.730000,6.819800
2026-06-09,2842.693600,4801.810600,8176.178500,8132.361322,24565.900000,217.753130,253.913900,502.558800,94.235275,947.040000,7386.650000,6.814700
2026-06-10,2850.369100,4748.593200,8063.863700,8015.074119,24407.960000,217.560050,253.883900,497.340200,96.949872,919.320000,7266.990000,6.813000
2026-06-11,2845.919100,4722.412200,8035.778800,7976.685320,24249.290000,217.449269,253.780500,498.735300,90.959390,895.000000,7394.300000,6.815000
2026-06-12,2890.797600,4777.320600,8106.203000,8019.058720,24718.100000,217.575776,253.728600,503.343800,88.581567,911.620000,7431.460000,6.810900
2026-06-15,2938.649300,4891.712600,8406.747900,8330.359790,24842.670000,217.651261,253.768500,511.047100,85.070961,938.940000,7554.290000,6.808800
2026-06-16,2913.986100,4884.232200,8507.979900,8452.726409,24493.950000,217.839012,253.789800,513.630800,80.968451,941.720000,7511.350000,6.810800
2026-06-17,2934.466000,4931.386100,8627.086200,8509.490085,24312.160000,217.971285,253.840500,512.128500,80.274494,942.940000,7420.100000,6.809600
2026-06-18,2928.747700,4941.598600,8673.089900,8574.555934,23924.810000,218.021783,253.891000,507.639400,80.621472,937.960000,7500.580000,6.813000
2026-06-19,,,,,,,,,81.519534,,,
2026-06-22,3012.652600,5059.658200,8868.782000,8667.087365,23768.520000,218.072805,253.952100,507.266800,79.407048,916.920000,7472.790000,6.815000
2026-06-23,2926.828400,4919.386000,8688.592300,8485.608288,23336.280000,217.983778,253.945200,503.153500,78.304881,897.900000,7365.460000,6.817100
2026-06-24,2943.895800,4943.019700,8842.937800,8596.514987,23412.180000,217.958180,253.959300,504.448400,74.886122,896.040000,7358.220000,6.819500
2026-06-25,2977.569600,5020.103800,8938.011300,8628.221986,23076.910000,218.136233,253.999100,500.965000,76.631220,872.000000,7357.490000,6.820900
2026-06-26,2906.943800,4868.220500,8703.565200,8408.738404,22671.860000,218.212242,254.022800,497.201700,75.110637,883.300000,7354.020000,6.816600
2026-06-29,2991.080900,4926.921000,8821.094400,8405.302824,23026.680000,218.426465,254.088700,497.847000,75.080022,888.720000,7440.430000,6.817500
2026-06-30,2989.402000,4979.432800,9031.378800,8612.449187,22881.020000,218.252780,254.104900,504.270400,74.937148,881.240000,7499.360000,6.810900
2026-07-01,2985.239800,4958.977300,9028.932600,8677.796291,,218.005795,254.053600,507.043900,72.651172,869.820000,7483.230000,6.806700
2026-07-02,2912.275700,4812.295700,8694.175600,8432.128566,23055.030000,218.031480,254.048900,504.632700,73.028767,890.660000,7483.240000,6.808800
2026-07-03,2931.283500,4842.173700,8745.260700,8427.685373,23350.030000,217.977750,254.065800,506.910900,73.416566,911.400000,,6.804700
2026-07-06,2957.968600,4841.998000,8651.133900,8282.818893,23616.320000,218.162880,254.119900,507.122300,73.488003,907.820000,7537.430000,6.806600
2026-07-07,2921.887000,4792.262400,8508.788500,8115.845449,23496.890000,218.207699,254.145800,502.241400,77.498666,903.760000,7503.850000,6.805400
2026-07-08,2920.841900,4755.533800,8390.019400,7936.022916,24199.460000,218.340409,254.159900,500.441800,81.111324,902.760000,7482.710000,6.807700
2026-07-09,2995.788600,4876.312500,8652.787000,8114.157622,24030.180000,218.418602,254.183400,503.210500,77.457845,898.860000,7543.640000,6.803600
2026-07-10,2955.520100,4780.786700,8503.970500,8014.668024,24175.120000,218.412748,254.208700,500.549100,76.763888,897.940000,7575.390000,6.798900
2026-07-13,2913.187800,4695.383000,8138.144300,7613.407197,24213.720000,218.367755,254.247600,494.573300,85.030140,885.940000,7515.340000,6.797200
2026-07-14,2955.552800,4796.502000,8275.938800,7747.602681,24340.730000,218.396673,254.257400,500.287300,86.887496,880.260000,7543.590000,6.799000
2026-07-15,2967.069900,4786.782800,8147.578600,7642.714090,24681.100000,218.478972,254.270300,498.874100,86.805854,880.100000,7572.400000,6.791000
2026-07-16,2904.118500,4698.434400,7955.663500,7460.812885,25008.600000,218.417029,254.284100,496.635200,86.601749,879.180000,7533.770000,6.790900
2026-07-17,2827.671300,4529.095300,7513.762700,7007.434819,24562.240000,218.496446,254.311300,492.875600,90.071533,873.720000,7457.690000,6.793400
2026-07-20,2912.853300,4598.320800,7411.313400,6809.353254,25143.050000,218.484651,254.346800,492.626700,90.632822,874.240000,7443.280000,6.794800
2026-07-21,2973.813100,4739.228700,7800.608500,7097.244122,25132.290000,218.516016,254.353000,499.474600,93.520908,889.660000,7509.200000,6.791700
2026-07-22,2991.047400,4717.244200,7751.661800,6998.407951,24892.660000,218.891780,254.381900,497.618900,97.460134,899.160000,7498.960000,6.793300
2026-07-23,2978.770400,4728.001800,7734.310000,7034.322541,25210.810000,218.973293,254.401200,498.320600,96.551867,899.080000,7408.300000,6.790600
2026-07-24,2956.345600,4649.191700,7532.700600,6838.991553,24963.230000,219.063630,254.410000,494.789700,94.725127,881.180000,7411.980000,6.793900
2026-07-27,2950.432400,4702.427200,7720.597500,7066.861771,25207.180000,219.100935,254.448700,500.811500,87.101806,893.120000,7413.180000,6.791100
2026-07-28,2923.205100,4569.523500,7443.433200,6868.889502,25310.850000,219.104517,254.441800,494.503300,84.713777,885.100000,7428.780000,6.792800
2026-07-29,2915.187900,4600.262400,7524.507500,6936.256133,25807.920000,219.079531,254.450300,498.431300,89.918455,884.200000,7316.150000,6.789900
2026-07-30,2926.475100,4549.720100,7309.575300,6746.085114,25858.880000,219.351503,254.458400,496.179600,88.795877,881.400000,7437.630000,6.789200
2026-07-31,2922.967300,4588.196800,7493.985000,6917.017155,25884.430000,219.487183,254.482300,499.683600,92.908593,888.300000,7489.720000,6.789400
2026-08-03,2887.053900,4543.178100,7414.522700,6921.191117,26009.400000,219.554630,254.529700,497.922000,85.417940,886.640000,7600.500000,6.789800
2026-08-04,2878.669300,4600.930400,7607.486700,7116.140842,25852.920000,219.631950,254.546200,502.262000,80.294904,886.480000,7736.520000,6.791700
2026-08-05,2924.062700,4658.154900,7809.206500,7325.205941,25915.820000,219.629067,254.566500,506.468900,81.050093,910.400000,7723.550000,6.788900
2026-08-06,2920.134700,4651.309800,7829.361500,7361.745707,25530.280000,219.615525,254.580100,505.209700,84.785214,926.900000,7709.960000,6.789500
2026-08-07,2960.424200,4694.436500,7980.124500,7507.509233,25668.030000,219.772610,254.602600,505.792900,84.070847,936.760000,7757.640000,6.790400
2026-08-10,2967.733200,4702.024700,8030.948300,7560.662338,25937.490000,220.018722,254.661200,504.728100,89.683734,948.200000,7753.110000,6.788400
2026-08-11,2929.929100,4663.788700,7967.538600,7525.613804,25652.820000,219.935287,254.688400,501.418200,91.132879,949.940000,7728.200000,6.790000
2026-08-12,2938.385000,4690.916500,8045.309900,7619.139454,25440.170000,219.935287,254.688400,499.128400,91.132879,958.540000,7728.200000,6.788200
