日期,corp_wealth,cdb_wealth,wealth_ratio,wealth_diff,wealth_diff_cycle,hf_raw,hf_credit_factor,hf_mom_pct
2020-01-02,222.463000,196.148400,1.134157,26.314600,2.684936,-2.684936,0.929513,
2020-01-03,222.573000,196.086200,1.135077,26.486800,2.830374,-2.830374,0.925695,-0.410767
2020-01-06,222.729800,196.136600,1.135585,26.593200,2.910013,-2.910013,0.923604,-0.225853
2020-01-07,222.753900,196.202500,1.135327,26.551400,2.841451,-2.841451,0.925404,0.194879
2020-01-08,222.825100,196.210600,1.135643,26.614500,2.877790,-2.877790,0.924450,-0.103088
2020-01-09,222.885600,196.224000,1.135873,26.661600,2.898128,-2.898128,0.923916,-0.057757
2020-01-10,222.940700,196.370100,1.135309,26.570600,2.780367,-2.780367,0.927008,0.334613
2020-01-13,223.100000,196.410300,1.135887,26.689700,2.872705,-2.872705,0.924584,-0.261500
2020-01-14,223.144600,196.332000,1.136568,26.812600,2.968844,-2.968844,0.922060,-0.272975
2020-01-15,223.198400,196.324400,1.136886,26.874000,3.003482,-3.003482,0.921151,-0.098621
2020-01-16,223.229500,196.343400,1.136934,26.886100,2.988821,-2.988821,0.921535,0.041785
2020-01-17,223.270300,196.381600,1.136921,26.888700,2.964659,-2.964659,0.922170,0.068831
2020-01-19,223.324700,196.528800,1.136346,26.795900,2.845098,-2.845098,0.925309,0.340371
2020-01-20,223.410000,196.590600,1.136423,26.819400,2.841836,-2.841836,0.925394,0.009254
2020-01-21,223.462200,196.699500,1.136059,26.762700,2.758375,-2.758375,0.927585,0.236773
2020-01-22,223.536800,196.756600,1.136108,26.780200,2.749113,-2.749113,0.927828,0.026212
2020-01-23,223.590500,196.860700,1.135780,26.729800,2.671951,-2.671951,0.929854,0.218326
2020-02-03,224.645800,198.123100,1.133870,26.522700,2.438090,-2.438090,0.935994,0.660261
2020-02-04,224.615600,197.990500,1.134477,26.625100,2.513728,-2.513728,0.934008,-0.212149
2020-02-05,224.721500,198.029600,1.134787,26.691900,2.553767,-2.553767,0.932957,-0.112538
2020-02-06,224.782400,198.119000,1.134583,26.663400,2.498505,-2.498505,0.934407,0.155501
2020-02-07,224.876400,198.451400,1.133156,26.425000,2.233343,-2.233343,0.941369,0.744983
2020-02-10,225.067100,198.793300,1.132166,26.273800,2.055382,-2.055382,0.946041,0.496293
2020-02-11,225.102800,198.779700,1.132423,26.323100,2.077920,-2.077920,0.945449,-0.062544
2020-02-12,225.272500,198.776300,1.133297,26.496200,2.224258,-2.224258,0.941607,-0.406342
2020-02-13,225.331400,198.849200,1.133177,26.482200,2.183496,-2.183496,0.942677,0.113646
2020-02-14,225.432600,198.881100,1.133504,26.551500,2.226034,-2.226034,0.941561,-0.118464
2020-02-17,225.623000,198.782700,1.135023,26.840300,2.488073,-2.488073,0.934681,-0.730614
2020-02-18,225.704500,198.779200,1.135453,26.925300,2.546311,-2.546311,0.933152,-0.163574
2020-02-19,225.782200,198.827400,1.135569,26.954800,2.549049,-2.549049,0.933081,-0.007703
2020-02-20,225.869800,198.701100,1.136732,27.168700,2.736187,-2.736187,0.928168,-0.526519
2020-02-21,225.934200,198.749200,1.136780,27.185000,2.725725,-2.725725,0.928442,0.029591
2020-02-24,226.041400,199.034300,1.135691,27.007100,2.521062,-2.521062,0.933815,0.578701
2020-02-25,226.114000,199.075900,1.135818,27.038100,2.525300,-2.525300,0.933704,-0.011914
2020-02-26,226.195300,199.161000,1.135741,27.034300,2.494738,-2.494738,0.934506,0.085931
2020-02-27,226.235700,199.315400,1.135064,26.920300,2.353976,-2.353976,0.938202,0.395436
2020-02-28,226.309400,199.647600,1.133544,26.661800,2.068713,-2.068713,0.945691,0.798215
2020-03-02,226.417600,199.633300,1.134167,26.784300,2.164451,-2.164451,0.943177,-0.265769
2020-03-03,226.501100,199.630200,1.134603,26.870900,2.224288,-2.224288,0.941606,-0.166553
2020-03-04,226.650500,199.975600,1.133391,26.674900,2.001526,-2.001526,0.947454,0.621076
2020-03-05,226.691500,200.022700,1.133329,26.668800,1.968663,-1.968663,0.948317,0.091058
2020-03-06,226.720400,200.290200,1.131960,26.430200,1.703300,-1.703300,0.955284,0.734612
2020-03-09,226.920100,200.957200,1.129196,25.962900,1.209238,-1.209238,0.968254,1.357755
2020-03-10,226.862100,200.503800,1.131460,26.358300,1.577875,-1.577875,0.958576,-0.999497
2020-03-11,226.788500,200.469300,1.131288,26.319200,1.512012,-1.512012,0.960305,0.180379
2020-03-12,226.799000,200.414200,1.131651,26.384800,1.550848,-1.550848,0.959286,-0.106171
2020-03-13,226.578600,200.122700,1.132198,26.455900,1.595185,-1.595185,0.958122,-0.121335
2020-03-16,226.511900,200.199900,1.131429,26.312000,1.424522,-1.424522,0.962602,0.467618
2020-03-17,226.424200,200.180800,1.131098,26.243400,1.329158,-1.329158,0.965106,0.260080
2020-03-18,226.500300,200.188300,1.131436,26.312000,1.370995,-1.370995,0.964007,-0.113802
2020-03-19,226.442200,200.185400,1.131162,26.256800,1.289031,-1.289031,0.966159,0.223210
2020-03-20,226.424200,200.339300,1.130204,26.084900,1.090367,-1.090367,0.971375,0.539811
2020-03-23,226.513200,200.604600,1.129153,25.908600,0.887303,-0.887303,0.976706,0.548805
2020-03-24,226.638700,200.957800,1.127793,25.680900,0.632839,-0.632839,0.983386,0.683966
2020-03-25,226.650000,201.074900,1.127192,25.575100,0.500275,-0.500275,0.986866,0.353895
2020-03-26,226.682200,201.552000,1.124683,25.130200,0.028610,-0.028610,0.999249,1.254719
2020-03-27,226.782300,201.566500,1.125099,25.215800,0.087445,-0.087445,0.997704,-0.154574
2020-03-30,226.822500,201.728500,1.124395,25.094000,-0.061119,0.061119,1.001604,0.390918
2020-03-31,226.897000,202.153900,1.122397,24.743100,-0.438784,0.438784,1.011519,0.989879
2020-04-01,226.860400,202.476900,1.120426,24.383500,-0.825149,0.825149,1.021662,1.002757
2020-04-02,226.932000,202.452700,1.120914,24.479300,-0.756115,0.756115,1.019850,-0.177391
2020-04-03,226.908900,202.495800,1.120561,24.413100,-0.849080,0.849080,1.022290,0.239308
2020-04-07,227.177700,204.557800,1.110580,22.619900,-2.669046,2.669046,1.070069,4.673698
2020-04-08,227.348900,205.208900,1.107890,22.140000,-3.175712,3.175712,1.083370,1.243030
2020-04-09,227.489200,205.176100,1.108751,22.313100,-3.029378,3.029378,1.079529,-0.354601
2020-04-10,227.627800,205.058900,1.110061,22.568900,-2.800344,2.800344,1.073516,-0.556977
2020-04-13,227.706800,204.930300,1.111143,22.776500,-2.619510,2.619510,1.068768,-0.442224
2020-04-14,227.778200,205.054400,1.110818,22.723800,-2.698977,2.698977,1.070855,0.195197
2020-04-15,227.911100,205.330900,1.109970,22.580200,-2.869344,2.869344,1.075327,0.417663
2020-04-16,227.986400,205.449500,1.109696,22.536900,-2.939411,2.939411,1.077167,0.171059
2020-04-17,228.069700,205.424100,1.110238,22.645600,-2.857478,2.857478,1.075016,-0.199685
2020-04-20,228.107400,205.391600,1.110598,22.715800,-2.814046,2.814046,1.073876,-0.106065
2020-04-21,228.184100,205.540400,1.110167,22.643700,-2.912913,2.912913,1.076471,0.241698
2020-04-22,228.205200,205.847800,1.108611,22.357400,-3.225981,3.225981,1.084690,0.763498
2020-04-23,228.408700,206.126500,1.108100,22.282200,-3.327950,3.327950,1.087367,0.246792
2020-04-24,228.492500,206.059700,1.108866,22.432800,-3.204118,3.204118,1.084116,-0.298969
2020-04-26,228.593000,206.054000,1.109384,22.539000,-3.124687,3.124687,1.082031,-0.192348
2020-04-27,228.672100,206.055500,1.109760,22.616600,-3.073856,3.073856,1.080696,-0.123328
2020-04-28,228.706100,206.057600,1.109913,22.648500,-3.068725,3.068725,1.080561,-0.012464
2020-04-29,228.762900,206.197800,1.109434,22.565100,-3.178894,3.178894,1.083454,0.267660
2020-04-30,228.832200,206.178500,1.109874,22.653700,-3.117064,3.117064,1.081831,-0.149818
2020-05-06,229.037100,205.922900,1.112247,23.114200,-2.683334,2.683334,1.070444,-1.052524
2020-05-07,228.921600,205.213200,1.115531,23.708400,-2.115904,2.115904,1.055548,-1.391617
2020-05-08,228.800200,205.134800,1.115365,23.665400,-2.185675,2.185675,1.057379,0.173526
2020-05-09,228.761300,204.961600,1.116118,23.799700,-2.078145,2.078145,1.054556,-0.266973
2020-05-11,228.667400,204.199700,1.119822,24.467700,-1.436916,1.436916,1.037722,-1.596302
2020-05-12,228.606600,204.281700,1.119075,24.324900,-1.606487,1.606487,1.042174,0.428986
2020-05-13,228.666800,204.349500,1.118999,24.317300,-1.640859,1.640859,1.043076,0.086582
2020-05-14,228.602200,204.545200,1.117612,24.057000,-1.927931,1.927931,1.050613,0.722514
2020-05-15,228.643800,205.042200,1.115106,23.601600,-2.410103,2.410103,1.063271,1.204845
2020-05-18,228.753600,204.705300,1.117478,24.048300,-1.990175,1.990175,1.052247,-1.036817
2020-05-19,228.742500,204.503300,1.118527,24.239200,-1.826048,1.826048,1.047938,-0.409482
2020-05-20,228.760000,204.371200,1.119336,24.388800,-1.703221,1.703221,1.044714,-0.307702
2020-05-21,228.773700,204.258900,1.120018,24.514800,-1.603994,1.603994,1.042109,-0.249347
2020-05-22,228.844500,204.742500,1.117719,24.102000,-2.043567,2.043567,1.053648,1.107363
2020-05-25,228.933500,204.280100,1.120684,24.653400,-1.518941,1.518941,1.039876,-1.307151
2020-05-26,228.881100,203.408800,1.125227,25.472300,-0.726815,0.726815,1.019080,-1.999790
2020-05-27,228.823200,202.902400,1.127750,25.920800,-0.305089,0.305089,1.008009,-1.086409
2020-05-28,228.776700,203.064500,1.126621,25.712200,-0.540464,0.540464,1.014188,0.613009
2020-05-29,228.783100,203.017200,1.126915,25.765900,-0.513539,0.513539,1.013481,-0.069696
2020-06-01,228.825800,203.006700,1.127183,25.819100,-0.487114,0.487114,1.012788,-0.068449
2020-06-02,228.591800,201.473900,1.134598,27.117900,0.784910,-0.784910,0.979394,-3.297226
2020-06-03,228.125300,201.237700,1.133611,26.887600,0.527835,-0.527835,0.986143,0.689089
2020-06-04,227.965900,200.556000,1.136670,27.409900,1.023359,-1.023359,0.973134,-1.319157
2020-06-05,227.557700,200.355600,1.135769,27.202100,0.788782,-0.788782,0.979292,0.632824
2020-06-08,227.487100,200.634800,1.133837,26.852300,0.412206,-0.412206,0.989178,1.009515
2020-06-09,227.626200,200.914300,1.132952,26.711900,0.245029,-0.245029,0.993567,0.443684
2020-06-10,227.670900,200.887700,1.133324,26.783200,0.289551,-0.289551,0.992398,-0.117640
2020-06-11,227.772000,201.090400,1.132685,26.681600,0.161174,-0.161174,0.995768,0.339606
2020-06-12,227.900400,201.296700,1.132162,26.603700,0.056496,-0.056496,0.998516,0.275974
2020-06-15,228.069500,201.422400,1.132295,26.647100,0.073118,-0.073118,0.998080,-0.043701
2020-06-16,228.094700,200.867200,1.135550,27.227500,0.626739,-0.626739,0.983546,-1.456194
2020-06-17,228.087100,200.559600,1.137253,27.527500,0.899961,-0.899961,0.976373,-0.729275
2020-06-18,228.111200,200.539600,1.137487,27.571600,0.917282,-0.917282,0.975919,-0.046572
2020-06-19,228.161700,200.425200,1.138388,27.736500,1.055402,-1.055402,0.972293,-0.371549
2020-06-22,228.189400,199.842200,1.141848,28.347200,1.639323,-1.639323,0.956963,-1.576624
2020-06-23,227.933800,199.660300,1.141608,28.273500,1.538843,-1.538843,0.959601,0.275649
2020-06-24,227.961700,200.184300,1.138759,27.777400,1.015962,-1.015962,0.973328,1.430485
2020-06-28,228.089900,200.387900,1.138242,27.702000,0.913782,-0.913782,0.976011,0.275601
2020-06-29,228.157800,200.391000,1.138563,27.766800,0.951801,-0.951801,0.975012,-0.102263
2020-06-30,228.195300,200.682100,1.137098,27.513200,0.671419,-0.671419,0.982373,0.754937
2020-07-01,228.280900,200.614000,1.137911,27.666900,0.798338,-0.798338,0.979041,-0.339172
2020-07-02,228.393000,200.731800,1.137802,27.661200,0.765856,-0.765856,0.979894,0.087099
2020-07-03,228.457600,200.679800,1.138419,27.777800,0.855674,-0.855674,0.977536,-0.240633
2020-07-06,228.321800,199.584300,1.143987,28.737500,1.788591,-1.788591,0.953045,-2.505429
2020-07-07,228.032400,199.165600,1.144939,28.866800,1.891108,-1.891108,0.950353,-0.282394
2020-07-08,227.897200,198.769900,1.146538,29.127300,2.124825,-2.124825,0.944218,-0.645619
2020-07-09,227.493100,197.985100,1.149042,29.508000,2.478741,-2.478741,0.934926,-0.984012
2020-07-10,227.332400,198.132900,1.147373,29.199500,2.143458,-2.143458,0.943728,0.941471
2020-07-13,227.199200,197.422900,1.150825,29.776300,2.693473,-2.693473,0.929289,-1.530029
2020-07-14,227.146300,197.648200,1.149245,29.498100,2.388489,-2.388489,0.937296,0.861586
2020-07-15,227.178600,198.176200,1.146347,29.002400,1.866004,-1.866004,0.951012,1.463419
2020-07-16,227.297500,198.377700,1.145782,28.919800,1.756619,-1.756619,0.953884,0.301956
2020-07-17,227.408800,198.505100,1.145607,28.903700,1.713733,-1.713733,0.955010,0.118029
2020-07-20,227.600600,198.917400,1.144197,28.683200,1.466447,-1.466447,0.961502,0.679772
2020-07-21,227.800900,199.634900,1.141088,28.166000,0.922461,-0.922461,0.975783,1.485284
2020-07-22,227.980300,199.740500,1.141382,28.239800,0.969474,-0.969474,0.974548,-0.126485
2020-07-23,228.148900,199.684700,1.142546,28.464200,1.167087,-1.167087,0.969361,-0.532333
2020-07-24,228.350000,199.878100,1.142446,28.471900,1.148000,-1.148000,0.969862,0.051693
2020-07-27,228.511100,199.878400,1.143251,28.632700,1.282012,-1.282012,0.966344,-0.362749
2020-07-28,228.620500,199.640800,1.145159,28.979700,1.602224,-1.602224,0.957937,-0.869916
2020-07-29,228.601300,199.462800,1.146085,29.138500,1.734235,-1.734235,0.954472,-0.361782
2020-07-30,228.618100,199.407000,1.146490,29.211100,1.780047,-1.780047,0.953269,-0.126003
2020-07-31,228.618500,199.107200,1.148218,29.511300,2.053457,-2.053457,0.946091,-0.752960
2020-08-03,228.697300,199.157900,1.148322,29.539400,2.054768,-2.054768,0.946057,-0.003636
2020-08-04,228.734000,199.200100,1.148262,29.533900,2.022478,-2.022478,0.946904,0.089603
2020-08-05,228.822300,199.216700,1.148610,29.605600,2.067387,-2.067387,0.945725,-0.124510
2020-08-06,228.853900,199.262000,1.148507,29.591900,2.026897,-2.026897,0.946788,0.112399
2020-08-07,228.954000,199.227200,1.149211,29.726800,2.135005,-2.135005,0.943950,-0.299764
2020-08-10,229.096400,199.447900,1.148653,29.648500,2.029914,-2.029914,0.946709,0.292274
2020-08-11,229.173900,199.440600,1.149083,29.733300,2.087922,-2.087922,0.945186,-0.160858
2020-08-12,229.218900,199.394200,1.149577,29.824700,2.152530,-2.152530,0.943490,-0.179448
2020-08-13,229.334400,199.397700,1.150136,29.936700,2.237737,-2.237737,0.941253,-0.237089
2020-08-14,229.437300,199.474300,1.150210,29.963000,2.237244,-2.237244,0.941266,0.001376
2020-08-17,229.625300,199.585800,1.150509,30.039500,2.286950,-2.286950,0.939961,-0.138635
2020-08-18,229.729500,199.543900,1.151273,30.185600,2.406256,-2.406256,0.936829,-0.333214
2020-08-19,229.760800,199.425100,1.152116,30.335700,2.529562,-2.529562,0.933592,-0.345536
2020-08-20,229.776300,199.108000,1.154028,30.668300,2.835367,-2.835367,0.925564,-0.859922
2020-08-21,229.811800,199.112900,1.154178,30.698900,2.839171,-2.839171,0.925464,-0.010792
2020-08-24,229.880200,198.959400,1.155413,30.920800,3.034276,-3.034276,0.920342,-0.553451
2020-08-25,229.828900,198.501400,1.157820,31.327500,3.414179,-3.414179,0.910369,-1.083667
2020-08-26,229.727700,198.472400,1.157479,31.255300,3.315183,-3.315183,0.912968,0.285479
2020-08-27,229.636400,198.428800,1.157274,31.207600,3.240686,-3.240686,0.914923,0.214218
2020-08-28,229.552500,198.278200,1.157729,31.274300,3.280588,-3.280588,0.913876,-0.114495
2020-08-31,229.572400,198.546200,1.156267,31.026200,3.005690,-3.005690,0.921093,0.789689
2020-09-01,229.629700,198.490900,1.156878,31.138800,3.091492,-3.091492,0.918840,-0.244548
2020-09-02,229.604800,198.310700,1.157803,31.294100,3.219993,-3.219993,0.915467,-0.367146
2020-09-03,229.568500,198.193600,1.158304,31.374900,3.273993,-3.273993,0.914049,-0.154856
2020-09-04,229.556200,198.122500,1.158658,31.433700,3.305993,-3.305993,0.913209,-0.091908
2020-09-07,229.573600,197.934900,1.159844,31.638700,3.484193,-3.484193,0.908531,-0.512281
2020-09-08,229.627900,197.961600,1.159962,31.666300,3.484992,-3.484992,0.908510,-0.002309
2020-09-09,229.696500,198.336700,1.158114,31.359800,3.151691,-3.151691,0.917260,0.963117
2020-09-10,229.785900,198.565200,1.157231,31.220700,2.985789,-2.985789,0.921615,0.474822
2020-09-11,229.847300,198.404900,1.158476,31.442400,3.180686,-3.180686,0.916498,-0.555173
2020-09-14,229.948400,198.321200,1.159475,31.627200,3.338683,-3.338683,0.912351,-0.452573
2020-09-15,230.001700,198.645100,1.157852,31.356600,3.041280,-3.041280,0.920158,0.855768
2020-09-16,230.038700,198.791400,1.157186,31.247300,2.905176,-2.905176,0.923731,0.388311
2020-09-17,230.103000,198.722400,1.157912,31.380600,3.011671,-3.011671,0.920936,-0.302661
2020-09-18,230.143000,198.834200,1.157462,31.308800,2.913066,-2.913066,0.923524,0.281088
2020-09-21,230.303800,199.069100,1.156904,31.234700,2.812161,-2.812161,0.926173,0.286839
2020-09-22,230.355000,199.175500,1.156543,31.179500,2.730154,-2.730154,0.928326,0.232448
2020-09-23,230.402300,199.141000,1.156981,31.261300,2.785148,-2.785148,0.926882,-0.155518
2020-09-24,230.456500,199.132500,1.157302,31.324000,2.821040,-2.821040,0.925940,-0.101661
2020-09-25,230.527600,198.896000,1.159036,31.631600,3.101832,-3.101832,0.918569,-0.796111
2020-09-27,230.585500,198.936600,1.159090,31.648900,3.092324,-3.092324,0.918818,0.027175
2020-09-28,230.651900,198.948800,1.159353,31.703100,3.119715,-3.119715,0.918099,-0.078261
2020-09-29,230.739200,198.913300,1.159999,31.825900,3.215705,-3.215705,0.915579,-0.274479
2020-09-30,230.777800,198.890800,1.160324,31.887000,3.249995,-3.249995,0.914679,-0.098319
2020-10-09,231.105200,198.817000,1.162402,32.288200,3.624384,-3.624384,0.904850,-1.074548
2020-10-10,231.052700,198.825800,1.162086,32.226900,3.536272,-3.536272,0.907163,0.255640
2020-10-12,231.181800,198.876500,1.162439,32.305300,3.587860,-3.587860,0.905809,-0.149291
2020-10-13,231.226200,198.948600,1.162241,32.277600,3.533347,-3.533347,0.907240,0.157992
2020-10-14,231.266800,198.953600,1.162416,32.313200,3.542133,-3.542133,0.907010,-0.025425
2020-10-15,231.307000,198.935000,1.162727,32.372000,3.574119,-3.574119,0.906170,-0.092580
2020-10-16,231.368600,198.957900,1.162902,32.410700,3.586004,-3.586004,0.905858,-0.034432
2020-10-19,231.504900,199.178000,1.162302,32.326900,3.475388,-3.475388,0.908762,0.320574
2020-10-20,231.578400,199.255900,1.162216,32.322500,3.444172,-3.444172,0.909581,0.090178
2020-10-21,231.671000,199.418300,1.161734,32.252700,3.347555,-3.347555,0.912118,0.278858
2020-10-22,231.767800,199.604300,1.161136,32.163500,3.231537,-3.231537,0.915163,0.333922
2020-10-23,231.833800,199.641300,1.161252,32.192500,3.233719,-3.233719,0.915106,-0.006258
2020-10-26,231.957400,199.658000,1.161774,32.299400,3.313800,-3.313800,0.913004,-0.229736
2020-10-27,231.998700,199.836100,1.160945,32.162600,3.150180,-3.150180,0.917299,0.470473
2020-10-28,232.035300,199.924900,1.160612,32.110400,3.071159,-3.071159,0.919374,0.226152
2020-10-29,232.035500,200.008500,1.160128,32.027000,2.960938,-2.960938,0.922267,0.314735
2020-10-30,232.053000,200.031800,1.160081,32.021200,2.928316,-2.928316,0.923124,0.092860
2020-11-02,232.176400,200.213200,1.159646,31.963200,2.843493,-2.843493,0.925351,0.241227
2020-11-03,232.230400,200.361500,1.159057,31.868900,2.722369,-2.722369,0.928530,0.343633
2020-11-04,232.310300,200.485600,1.158738,31.824700,2.651344,-2.651344,0.930395,0.200809
2020-11-05,232.357900,200.440400,1.159237,31.917500,2.717319,-2.717319,0.928663,-0.186158
2020-11-06,232.384100,200.261100,1.160406,32.123000,2.895993,-2.895993,0.923972,-0.505096
2020-11-09,232.416400,200.212200,1.160850,32.204200,2.950365,-2.950365,0.922545,-0.154488
2020-11-10,232.385300,200.140900,1.161108,32.244400,2.963738,-2.963738,0.922194,-0.038052
2020-11-11,232.353600,200.204500,1.160581,32.149100,2.841609,-2.841609,0.925400,0.347670
2020-11-12,232.216200,200.134600,1.160300,32.081600,2.747279,-2.747279,0.927877,0.267603
2020-11-13,231.919700,199.912400,1.160107,32.007300,2.646149,-2.646149,0.930531,0.286130
2020-11-16,231.825000,200.027700,1.158964,31.797300,2.409317,-2.409317,0.936749,0.668159
2020-11-17,231.631800,200.005500,1.158127,31.626300,2.211485,-2.211485,0.941942,0.554429
2020-11-18,231.450600,199.872600,1.157991,31.578000,2.136352,-2.136352,0.943915,0.209401
2020-11-19,231.254900,199.678000,1.158139,31.576900,2.108417,-2.108417,0.944648,0.077692
2020-11-20,230.994400,199.660700,1.156935,31.333700,1.838382,-1.838382,0.951737,0.750450
2020-11-23,231.090300,199.978100,1.155578,31.112200,1.590046,-1.590046,0.958257,0.685006
2020-11-24,231.141200,200.023000,1.155573,31.118200,1.569209,-1.569209,0.958804,0.057085
2020-11-25,231.080700,200.162300,1.154467,30.918400,1.342571,-1.342571,0.964754,0.620547
2020-11-26,231.137400,200.237500,1.154316,30.899900,1.297232,-1.297232,0.965944,0.123375
2020-11-27,231.098500,200.282100,1.153865,30.816400,1.186892,-1.186892,0.968841,0.299884
2020-11-30,231.301300,200.784600,1.151987,30.516700,0.860351,-0.860351,0.977413,0.884824
2020-12-01,231.371400,200.684200,1.152913,30.687200,1.004009,-1.004009,0.973642,-0.385854
2020-12-02,231.366100,200.603500,1.153350,30.762600,1.052566,-1.052566,0.972367,-0.130925
2020-12-03,231.362000,200.584900,1.153437,30.777100,1.040222,-1.040222,0.972691,0.033327
2020-12-04,231.362400,200.680800,1.152888,30.681600,0.917877,-0.917877,0.975903,0.330205
2020-12-07,231.472300,200.731400,1.153144,30.740900,0.950330,-0.950330,0.975051,-0.087303
2020-12-08,231.449000,200.934400,1.151863,30.514600,0.697183,-0.697183,0.981697,0.681581
2020-12-09,231.469200,200.975500,1.151728,30.493700,0.649434,-0.649434,0.982950,0.127689
2020-12-10,231.537700,201.105300,1.151326,30.432400,0.561285,-0.561285,0.985264,0.235429
2020-12-11,231.511500,200.981300,1.151906,30.530200,0.632234,-0.632234,0.983402,-0.189046
2020-12-14,231.611800,201.051700,1.152001,30.560100,0.635282,-0.635282,0.983322,-0.008137
2020-12-15,231.649000,201.252300,1.151038,30.396700,0.445029,-0.445029,0.988316,0.507934
2020-12-16,231.704400,201.386000,1.150549,30.318400,0.339875,-0.339875,0.991077,0.279320
2020-12-17,231.752700,201.445400,1.150449,30.307300,0.301920,-0.301920,0.992073,0.100540
2020-12-18,231.799800,201.436100,1.150736,30.363700,0.331463,-0.331463,0.991298,-0.078179
2020-12-21,231.892100,201.760900,1.149341,30.131200,0.072106,-0.072106,0.998107,0.686858
2020-12-22,231.927200,201.961100,1.148376,29.966100,-0.119853,0.119853,1.003146,0.504897
2020-12-23,231.971800,202.121300,1.147686,29.850500,-0.262314,0.262314,1.006886,0.372821
2020-12-24,231.976900,202.049900,1.148117,29.927000,-0.212675,0.212675,1.005583,-0.129423
2020-12-25,231.979500,202.071400,1.148008,29.908100,-0.258438,0.258438,1.006784,0.119472
2020-12-28,232.082000,202.265200,1.147414,29.816800,-0.376602,0.376602,1.009886,0.308120
2020-12-29,232.080500,202.408000,1.146597,29.672500,-0.547767,0.547767,1.014380,0.444953
2020-12-30,232.208100,202.667300,1.145760,29.540800,-0.706333,0.706333,1.018543,0.410376
2020-12-31,232.250900,202.717200,1.145689,29.533700,-0.740301,0.740301,1.019434,0.087551
2021-01-04,217.608100,202.491600,1.074652,15.116500,0.257355,-0.257355,0.988120,
2021-01-05,217.682800,202.610000,1.074393,15.072800,0.197021,-0.197021,0.990905,0.281859
2021-01-06,217.772800,202.678800,1.074473,15.094000,0.201587,-0.201587,0.990695,-0.021269
2021-01-07,217.906800,202.857600,1.074186,15.049200,0.140152,-0.140152,0.993531,0.286252
2021-01-08,218.001600,202.775200,1.075090,15.226400,0.300718,-0.300718,0.986119,-0.746016
2021-01-11,218.092900,202.753400,1.075656,15.339500,0.397184,-0.397184,0.981666,-0.451565
2021-01-12,218.121600,202.793600,1.075584,15.328000,0.369049,-0.369049,0.982964,0.132297
2021-01-13,218.136200,203.025600,1.074427,15.110600,0.135015,-0.135015,0.993768,1.099052
2021-01-14,218.257200,203.169600,1.074261,15.087600,0.095380,-0.095380,0.995597,0.184104
2021-01-15,218.286200,202.870300,1.075989,15.415900,0.407046,-0.407046,0.981210,-1.445046
2021-01-18,218.242900,202.614900,1.077132,15.628000,0.602512,-0.602512,0.972187,-0.919570
2021-01-19,218.166100,202.579800,1.076939,15.586300,0.544177,-0.544177,0.974880,0.276982
2021-01-20,218.162200,202.746400,1.076035,15.415800,0.357043,-0.357043,0.983519,0.886092
2021-01-21,218.196000,202.950600,1.075119,15.245400,0.170009,-0.170009,0.992152,0.877840
2021-01-22,218.203800,202.976000,1.075023,15.227800,0.135774,-0.135774,0.993733,0.159280
2021-01-25,218.274800,202.959400,1.075460,15.315400,0.206740,-0.206740,0.990457,-0.329651
2021-01-26,218.107900,202.571600,1.076695,15.536300,0.411006,-0.411006,0.981028,-0.951998
2021-01-27,218.065100,202.524400,1.076735,15.540700,0.398771,-0.398771,0.981592,0.057567
2021-01-28,217.905100,202.192000,1.077714,15.713100,0.554537,-0.554537,0.974402,-0.732516
2021-01-29,217.773100,202.195300,1.077043,15.577800,0.402602,-0.402602,0.981416,0.719771
2021-02-01,217.893800,202.543800,1.075786,15.350000,0.158168,-0.158168,0.992699,1.149703
2021-02-02,217.975400,202.544600,1.076185,15.430800,0.222334,-0.222334,0.989737,-0.298374
2021-02-03,217.982100,202.206800,1.078016,15.775300,0.550199,-0.550199,0.974602,-1.529159
2021-02-04,217.921800,201.911000,1.079296,16.010800,0.769065,-0.769065,0.964499,-1.036637
2021-02-05,217.865000,201.883500,1.079162,15.981500,0.723131,-0.723131,0.966620,0.219843
2021-02-08,217.855000,201.860200,1.079237,15.994800,0.719796,-0.719796,0.966773,0.015923
2021-02-09,217.878600,201.968800,1.078774,15.909800,0.618162,-0.618162,0.971465,0.485280
2021-02-10,217.875900,202.001400,1.078586,15.874500,0.566227,-0.566227,0.973862,0.246777
2021-02-18,218.049800,201.806500,1.080489,16.243300,0.918393,-0.918393,0.957606,-1.669267
2021-02-19,218.052100,202.063600,1.079126,15.988500,0.646959,-0.646959,0.970136,1.308442
2021-02-22,218.131400,202.162500,1.078990,15.968900,0.610724,-0.610724,0.971808,0.172411
2021-02-23,218.183800,202.249700,1.078784,15.934100,0.559290,-0.559290,0.974183,0.244315
2021-02-24,218.270600,202.395700,1.078435,15.874900,0.483455,-0.483455,0.977683,0.359337
2021-02-25,218.311600,202.403700,1.078595,15.907900,0.499821,-0.499821,0.976928,-0.077270
2021-02-26,218.308900,202.385400,1.078679,15.923500,0.498786,-0.498786,0.976976,0.004888
2021-03-01,218.434700,202.531700,1.078521,15.903000,0.461652,-0.461652,0.978690,0.175457
2021-03-02,218.533700,202.560000,1.078859,15.973700,0.515718,-0.515718,0.976194,-0.255007
2021-03-03,218.593600,202.535600,1.079285,16.058000,0.583383,-0.583383,0.973070,-0.319969
2021-03-04,218.639200,202.504700,1.079675,16.134500,0.643249,-0.643249,0.970307,-0.283994
2021-03-05,218.701000,202.588900,1.079531,16.112100,0.604214,-0.604214,0.972109,0.185702
2021-03-08,218.825100,202.716900,1.079462,16.108200,0.583680,-0.583680,0.973057,0.097509
2021-03-09,218.875100,202.694900,1.079825,16.180200,0.639045,-0.639045,0.970501,-0.262650
2021-03-10,218.948900,202.751200,1.079890,16.197700,0.639911,-0.639911,0.970461,-0.004117
2021-03-11,218.980400,202.742300,1.080092,16.238100,0.663676,-0.663676,0.969364,-0.113043
2021-03-12,218.982300,202.717500,1.080234,16.264800,0.673742,-0.673742,0.968899,-0.047932
2021-03-15,219.067900,202.664400,1.080939,16.403500,0.795807,-0.795807,0.963265,-0.581555
2021-03-16,219.105500,202.727900,1.080786,16.377600,0.753272,-0.753272,0.965228,0.203832
2021-03-17,219.135600,202.787200,1.080619,16.348400,0.707438,-0.707438,0.967344,0.219200
2021-03-18,219.136900,202.812100,1.080492,16.324800,0.667203,-0.667203,0.969201,0.191997
2021-03-19,219.166400,202.921400,1.080056,16.245000,0.570769,-0.570769,0.973653,0.459299
2021-03-22,219.293700,203.053100,1.079982,16.240600,0.549734,-0.549734,0.974624,0.099726
2021-03-23,219.377400,203.084000,1.080230,16.293400,0.585899,-0.585899,0.972954,-0.171290
2021-03-24,219.423600,203.294000,1.079341,16.129600,0.405465,-0.405465,0.981283,0.856060
2021-03-25,219.465100,203.351300,1.079241,16.113800,0.373030,-0.373030,0.982781,0.152578
2021-03-26,219.524200,203.299600,1.079806,16.224600,0.467195,-0.467195,0.978434,-0.442294
2021-03-29,219.604000,203.292700,1.080236,16.311300,0.537260,-0.537260,0.975200,-0.330558
2021-03-30,219.624700,203.330500,1.080137,16.294200,0.503526,-0.503526,0.976757,0.159684
2021-03-31,219.688700,203.438000,1.079880,16.250700,0.443391,-0.443391,0.979533,0.284195
2021-04-01,219.699300,203.431700,1.079966,16.267600,0.443656,-0.443656,0.979520,-0.001250
2021-04-02,219.714900,203.520700,1.079570,16.194200,0.353621,-0.353621,0.983677,0.424301
2021-04-06,219.825200,203.548900,1.079963,16.276300,0.419086,-0.419086,0.980655,-0.307209
2021-04-07,219.858000,203.487300,1.080451,16.370700,0.496851,-0.496851,0.977065,-0.366054
2021-04-08,219.827500,203.516900,1.080144,16.310600,0.420116,-0.420116,0.980607,0.362532
2021-04-09,219.847700,203.621100,1.079690,16.226600,0.319481,-0.319481,0.985252,0.473730
2021-04-12,219.946900,203.774300,1.079365,16.172600,0.248846,-0.248846,0.988513,0.330940
2021-04-13,220.047000,204.124600,1.078003,15.922400,-0.017989,0.017989,1.000830,1.246054
2021-04-14,220.137100,204.138300,1.078372,15.998800,0.041776,-0.041776,0.998072,-0.275653
2021-04-15,220.223000,204.154800,1.078706,16.068200,0.094541,-0.094541,0.995636,-0.244039
2021-04-16,220.280500,204.188700,1.078808,16.091800,0.101506,-0.101506,0.995314,-0.032291
2021-04-19,220.439800,204.318500,1.078903,16.121300,0.114370,-0.114370,0.994721,-0.059665
2021-04-20,220.574800,204.480900,1.078706,16.093900,0.070335,-0.070335,0.996753,0.204351
2021-04-21,220.659100,204.623400,1.078367,16.035700,-0.004500,0.004500,1.000208,0.346573
2021-04-22,220.725900,204.616700,1.078729,16.109200,0.052365,-0.052365,0.997583,-0.262439
2021-04-23,220.767000,204.657100,1.078717,16.109900,0.036429,-0.036429,0.998318,0.073738
2021-04-26,220.827800,204.372800,1.080515,16.455000,0.364894,-0.364894,0.983156,-1.518783
2021-04-27,220.838500,204.336100,1.080761,16.502400,0.395658,-0.395658,0.981736,-0.144445
2021-04-28,220.842400,204.409900,1.080390,16.432500,0.309123,-0.309123,0.985731,0.406889
2021-04-29,220.887800,204.533300,1.079960,16.354500,0.214487,-0.214487,0.990099,0.443172
2021-04-30,220.938800,204.628500,1.079707,16.310300,0.153651,-0.153651,0.992907,0.283632
2021-05-06,221.202800,204.864600,1.079751,16.338200,0.164916,-0.164916,0.992387,-0.052369
2021-05-07,221.245300,204.894700,1.079800,16.350600,0.160680,-0.160680,0.992583,0.019703
2021-05-10,221.362200,205.022400,1.079698,16.339800,0.133244,-0.133244,0.993849,0.127593
2021-05-11,221.453800,205.157500,1.079433,16.296300,0.073108,-0.073108,0.996625,0.279312
2021-05-12,221.601400,205.216600,1.079841,16.384800,0.144972,-0.144972,0.993308,-0.332856
2021-05-13,221.690300,205.127100,1.080746,16.563200,0.306736,-0.306736,0.985841,-0.751752
2021-05-14,221.770600,205.197900,1.080764,16.572700,0.299600,-0.299600,0.986170,0.033414
2021-05-17,221.860700,205.158000,1.081414,16.702700,0.412964,-0.412964,0.980937,-0.530639
2021-05-18,221.944000,205.192600,1.081637,16.751400,0.445028,-0.445028,0.979457,-0.150887
2021-05-19,222.009800,205.390700,1.080915,16.619100,0.296092,-0.296092,0.986332,0.701926
2021-05-20,222.081900,205.577400,1.080284,16.504500,0.164855,-0.164855,0.992390,0.614196
2021-05-21,222.155400,205.772600,1.079616,16.382800,0.026519,-0.026519,0.998776,0.643473
2021-05-24,222.330400,205.728700,1.080697,16.601700,0.228783,-0.228783,0.989439,-0.934816
2021-05-25,222.376700,205.744000,1.080842,16.632700,0.243146,-0.243146,0.988776,-0.067011
2021-05-26,222.456400,205.834400,1.080754,16.622000,0.215810,-0.215810,0.990038,0.127621
2021-05-27,222.522400,205.802100,1.081245,16.720300,0.297473,-0.297473,0.986268,-0.380760
2021-05-28,222.542000,205.740500,1.081664,16.801500,0.362036,-0.362036,0.983288,-0.302181
2021-05-31,222.601100,205.825100,1.081506,16.776000,0.319899,-0.319899,0.985233,0.197814
2021-06-01,222.641900,205.929800,1.081154,16.712100,0.239362,-0.239362,0.988951,0.377340
2021-06-02,222.679100,205.831700,1.081850,16.847400,0.358025,-0.358025,0.983473,-0.553882
2021-06-03,222.750600,205.922100,1.081723,16.828500,0.322488,-0.322488,0.985114,0.166800
2021-06-04,222.712100,205.792600,1.082216,16.919500,0.396851,-0.396851,0.981681,-0.348455
2021-06-07,222.696600,205.566100,1.083333,17.130500,0.591214,-0.591214,0.972709,-0.913943
2021-06-08,222.694400,205.579700,1.083251,17.114700,0.558777,-0.558777,0.974206,0.153935
2021-06-09,222.662500,205.535800,1.083327,17.126700,0.554139,-0.554139,0.974420,0.021974
2021-06-10,222.704600,205.660000,1.082878,17.044600,0.455402,-0.455402,0.978978,0.467748
2021-06-11,222.722800,205.577700,1.083400,17.145100,0.539264,-0.539264,0.975107,-0.395431
2021-06-15,222.886600,205.629200,1.083925,17.257400,0.634927,-0.634927,0.970691,-0.452861
2021-06-16,222.846700,205.607900,1.083843,17.238800,0.599689,-0.599689,0.972318,0.167573
2021-06-17,222.832700,205.555200,1.084053,17.277500,0.621751,-0.621751,0.971299,-0.104741
2021-06-18,222.829200,205.608000,1.083757,17.221200,0.548813,-0.548813,0.974666,0.346639
2021-06-21,222.910200,205.842100,1.082918,17.068100,0.379075,-0.379075,0.982502,0.803896
2021-06-22,222.935500,205.877300,1.082856,17.058200,0.352537,-0.352537,0.983727,0.124685
2021-06-23,222.982600,206.016200,1.082355,16.966400,0.244099,-0.244099,0.988732,0.508844
2021-06-24,223.059400,206.093200,1.082323,16.966200,0.227260,-0.227260,0.989510,0.078614
2021-06-25,223.116300,206.144800,1.082328,16.971500,0.215922,-0.215922,0.990033,0.052894
2021-06-28,223.255600,206.155500,1.082948,17.100100,0.327883,-0.327883,0.984865,-0.522030
2021-06-29,223.279200,206.195000,1.082855,17.084200,0.295345,-0.295345,0.986367,0.152511
2021-06-30,223.307500,206.351400,1.082171,16.956100,0.150606,-0.150606,0.993048,0.677365
2021-07-01,223.413400,206.340200,1.082743,17.073200,0.251067,-0.251067,0.988411,-0.466986
2021-07-02,223.527100,206.443800,1.082750,17.083300,0.244528,-0.244528,0.988712,0.030539
2021-07-05,223.639800,206.576600,1.082600,17.063200,0.207789,-0.207789,0.990408,0.171528
2021-07-06,223.739300,206.563400,1.083151,17.175900,0.303849,-0.303849,0.985974,-0.447722
2021-07-07,223.808400,206.704400,1.082746,17.104000,0.215310,-0.215310,0.990061,0.414522
2021-07-08,224.060500,207.243500,1.081146,16.817000,-0.088329,0.088329,1.004077,1.415705
2021-07-09,224.160400,207.133700,1.082201,17.026700,0.104731,-0.104731,0.995166,-0.887570
2021-07-12,224.448600,207.559100,1.081372,16.889500,-0.049109,0.049109,1.002267,0.713591
2021-07-13,224.661500,207.734000,1.081486,16.927500,-0.027749,0.027749,1.001281,-0.098378
2021-07-14,224.836900,207.928400,1.081319,16.908500,-0.063389,0.063389,1.002926,0.164308
2021-07-15,224.895600,207.720400,1.082684,17.175200,0.186671,-0.186671,0.991383,-1.150937
2021-07-16,224.981400,207.820400,1.082576,17.161000,0.155831,-0.155831,0.992807,0.143600
2021-07-19,225.142700,207.934300,1.082759,17.208400,0.186591,-0.186591,0.991387,-0.143019
2021-07-20,225.239400,208.091800,1.082404,17.147600,0.109150,-0.109150,0.994962,0.360580
2021-07-21,225.329700,208.250900,1.082011,17.078800,0.023709,-0.023709,0.998906,0.396401
2021-07-22,225.413300,208.263500,1.082347,17.149800,0.078069,-0.078069,0.996396,-0.251203
2021-07-23,225.481300,208.467800,1.081612,17.013500,-0.074872,0.074872,1.003456,0.708546
2021-07-26,225.646500,208.767300,1.080852,16.879200,-0.225813,0.225813,1.010424,0.694361
2021-07-27,225.667500,208.590500,1.081869,17.077000,-0.044655,0.044655,1.002061,-0.827622
2021-07-28,225.688500,208.397300,1.082972,17.291200,0.152904,-0.152904,0.992942,-0.910077
2021-07-29,225.729400,208.586400,1.082187,17.143000,-0.011938,0.011938,1.000551,0.766336
2021-07-30,225.798100,208.877300,1.081008,16.920800,-0.250779,0.250779,1.011576,1.101913
2021-08-02,225.973800,209.161000,1.080382,16.812800,-0.375421,0.375421,1.017330,0.568777
2021-08-03,226.074500,209.048800,1.081444,17.025700,-0.179163,0.179163,1.008270,-0.890516
2021-08-04,226.126200,208.969300,1.082102,17.156900,-0.064605,0.064605,1.002982,-0.524474
2021-08-05,226.224200,209.200200,1.081377,17.024000,-0.214148,0.214148,1.009885,0.688252
2021-08-06,226.304000,209.196100,1.081779,17.107900,-0.146890,0.146890,1.006781,-0.307429
2021-08-09,226.359800,208.926200,1.083444,17.433600,0.162167,-0.162167,0.992514,-1.417035
2021-08-10,226.351300,208.866800,1.083711,17.484500,0.196424,-0.196424,0.990933,-0.159328
2021-08-11,226.401200,208.849100,1.084042,17.552100,0.247381,-0.247381,0.988581,-0.237376
2021-08-12,226.456500,209.013900,1.083452,17.442600,0.121238,-0.121238,0.994404,0.589017
2021-08-13,226.496900,208.975400,1.083845,17.521500,0.183495,-0.183495,0.991530,-0.289001
2021-08-16,226.610200,208.971700,1.084406,17.638500,0.283851,-0.283851,0.986897,-0.467214
2021-08-17,226.666200,208.994000,1.084558,17.672200,0.300908,-0.300908,0.986110,-0.079779
2021-08-18,226.672200,209.192400,1.083558,17.479800,0.091864,-0.091864,0.995760,0.978562
2021-08-19,226.741000,209.377000,1.082932,17.364000,-0.040580,0.040580,1.001873,0.613980
2021-08-20,226.778400,209.398600,1.082999,17.379800,-0.041424,0.041424,1.001912,0.003890
2021-08-23,226.870600,209.356800,1.083655,17.513800,0.075931,-0.075931,0.996495,-0.540693
2021-08-24,226.902100,209.385200,1.083659,17.516900,0.062387,-0.062387,0.997120,0.062743
2021-08-25,226.930500,209.524800,1.083072,17.405700,-0.065458,0.065458,1.003022,0.591850
2021-08-26,226.874900,209.292900,1.084007,17.582000,0.094197,-0.094197,0.995652,-0.734766
2021-08-27,226.856900,209.359600,1.083575,17.497300,-0.007148,0.007148,1.000330,0.469864
2021-08-30,226.938700,209.460400,1.083444,17.478300,-0.042793,0.042793,1.001975,0.164489
2021-08-31,226.970600,209.537800,1.083196,17.432800,-0.104939,0.104939,1.004844,0.286305
2021-09-01,227.011400,209.693400,1.082587,17.318000,-0.236385,0.236385,1.010912,0.603843
2021-09-02,227.072300,209.730900,1.082684,17.341400,-0.229630,0.229630,1.010600,-0.030841
2021-09-03,227.096200,209.721400,1.082847,17.374800,-0.212877,0.212877,1.009827,-0.076527
2021-09-06,227.174900,209.770800,1.082967,17.404100,-0.200223,0.200223,1.009243,-0.057843
2021-09-07,227.186700,209.701100,1.083383,17.485600,-0.135369,0.135369,1.006249,-0.296629
2021-09-08,227.206300,209.625400,1.083868,17.580900,-0.056716,0.056716,1.002618,-0.360818
2021-09-09,227.188900,209.588700,1.083975,17.600200,-0.054063,0.054063,1.002496,-0.012215
2021-09-10,227.151000,209.560600,1.083939,17.590400,-0.080510,0.080510,1.003717,0.121779
2021-09-13,227.214500,209.526600,1.084418,17.687900,0.000343,-0.000343,0.999984,-0.371843
2021-09-14,227.203700,209.361800,1.085220,17.841900,0.137695,-0.137695,0.993644,-0.634044
2021-09-15,227.177900,209.420500,1.084793,17.757400,0.036547,-0.036547,0.998313,0.469896
2021-09-16,227.181500,209.323000,1.085316,17.858500,0.120999,-0.120999,0.994415,-0.390499
2021-09-17,227.162800,209.469800,1.084466,17.693000,-0.061149,0.061149,1.002823,0.845539
2021-09-22,227.235000,209.648700,1.083885,17.586300,-0.184497,0.184497,1.008517,0.567787
2021-09-23,227.266400,209.674900,1.083899,17.591500,-0.195946,0.195946,1.009045,0.052402
2021-09-24,227.252000,209.630800,1.084058,17.621200,-0.182895,0.182895,1.008443,-0.059706
2021-09-27,227.255700,209.644600,1.084005,17.611100,-0.209644,0.209644,1.009677,0.122443
2021-09-28,227.238200,209.561800,1.084349,17.676400,-0.160993,0.160993,1.007432,-0.222425
2021-09-29,227.198100,209.624500,1.083834,17.573600,-0.280443,0.280443,1.012946,0.547325
2021-09-30,227.287900,209.773800,1.083490,17.514100,-0.356592,0.356592,1.016461,0.347023
2021-10-08,227.530000,209.792500,1.084548,17.737500,-0.149842,0.149842,1.006917,-0.938926
2021-10-11,227.421100,209.535700,1.085357,17.885400,-0.018593,0.018593,1.000858,-0.601702
2021-10-12,227.345300,209.468700,1.085343,17.876600,-0.044043,0.044043,1.002033,0.117381
2021-10-13,227.350600,209.370300,1.085878,17.980300,0.043006,-0.043006,0.998015,-0.401014
2021-10-14,227.356900,209.387900,1.085817,17.969000,0.015055,-0.015055,0.999305,0.129281
2021-10-15,227.385100,209.328900,1.086258,18.056200,0.085604,-0.085604,0.996049,-0.325888
2021-10-18,227.368700,208.843800,1.088702,18.524900,0.537653,-0.537653,0.975181,-2.094986
2021-10-19,227.329900,208.792800,1.088782,18.537100,0.533201,-0.533201,0.975387,0.021072
2021-10-20,227.413200,208.963900,1.088289,18.449300,0.428749,-0.428749,0.980209,0.494329
2021-10-21,227.483500,209.152300,1.087645,18.331200,0.293997,-0.293997,0.986429,0.634591
2021-10-22,227.555300,209.225400,1.087608,18.329900,0.276045,-0.276045,0.987258,0.084010
2021-10-25,227.711700,209.287300,1.088034,18.424400,0.353892,-0.353892,0.983664,-0.363990
2021-10-26,227.796000,209.371100,1.088001,18.424900,0.337739,-0.337739,0.984410,0.075802
2021-10-27,227.920100,209.464100,1.088111,18.456000,0.352186,-0.352186,0.983743,-0.067744
2021-10-28,228.015000,209.531100,1.088216,18.483900,0.363432,-0.363432,0.983224,-0.052773
2021-10-29,228.148200,209.585900,1.088567,18.562300,0.425179,-0.425179,0.980373,-0.289891
2021-11-01,228.303200,209.779500,1.088301,18.523700,0.369925,-0.369925,0.982924,0.260165
2021-11-02,228.420600,209.993400,1.087751,18.427200,0.256771,-0.256771,0.988147,0.531407
2021-11-03,228.567400,210.108700,1.087853,18.458700,0.271616,-0.271616,0.987462,-0.069351
2021-11-04,228.664000,210.189500,1.087894,18.474500,0.270761,-0.270761,0.987501,0.003996
2021-11-05,228.808700,210.473600,1.087114,18.335100,0.114706,-0.114706,0.994705,0.729485
2021-11-08,228.930900,210.545800,1.087321,18.385100,0.148051,-0.148051,0.993166,-0.154742
2021-11-09,228.903800,210.408900,1.087900,18.494900,0.241196,-0.241196,0.988866,-0.432924
2021-11-10,228.971100,210.499300,1.087752,18.471800,0.201440,-0.201440,0.990701,0.185584
2021-11-11,228.989500,210.401500,1.088345,18.588000,0.300984,-0.300984,0.986106,-0.463819
2021-11-12,229.000400,210.464100,1.088073,18.536300,0.232627,-0.232627,0.989262,0.319987
2021-11-15,229.136500,210.620600,1.087911,18.515900,0.195571,-0.195571,0.990972,0.172915
2021-11-16,229.186500,210.730600,1.087581,18.455900,0.118914,-0.118914,0.994511,0.357081
2021-11-17,229.242200,210.715600,1.087922,18.526600,0.172956,-0.172956,0.992016,-0.250844
2021-11-18,229.314700,210.805300,1.087803,18.509400,0.139099,-0.139099,0.993579,0.157548
2021-11-19,229.363700,210.819200,1.087964,18.544500,0.157541,-0.157541,0.992728,-0.085681
2021-11-22,229.449400,210.947200,1.087710,18.502200,0.098583,-0.098583,0.995449,0.274151
2021-11-23,229.498300,210.961500,1.087868,18.536800,0.116525,-0.116525,0.994621,-0.083199
2021-11-24,229.572100,211.128000,1.087360,18.444100,0.007166,-0.007166,0.999669,0.507542
2021-11-25,229.656600,211.243700,1.087164,18.412900,-0.040693,0.040693,1.001879,0.220996
2021-11-26,229.726000,211.407500,1.086650,18.318500,-0.151752,0.151752,1.007005,0.511701
2021-11-29,229.860500,211.455900,1.087038,18.404600,-0.082312,0.082312,1.003800,-0.318315
2021-11-30,229.847300,211.381700,1.087357,18.465600,-0.037972,0.037972,1.001753,-0.203904
2021-12-01,229.906100,211.411600,1.087481,18.494500,-0.025732,0.025732,1.001188,-0.056401
2021-12-02,229.961100,211.352000,1.088048,18.609100,0.072207,-0.072207,0.996667,-0.451563
2021-12-03,229.989900,211.257300,1.088672,18.732600,0.179047,-0.179047,0.991735,-0.494831
2021-12-06,230.163800,211.635100,1.087550,18.528700,-0.041515,0.041515,1.001916,1.026620
2021-12-07,230.217900,211.601600,1.087978,18.616300,0.029424,-0.029424,0.998642,-0.326834
2021-12-08,230.241300,211.476500,1.088732,18.764800,0.161262,-0.161262,0.992556,-0.609408
2021-12-09,230.279100,211.506400,1.088757,18.772700,0.152500,-0.152500,0.992961,0.040750
2021-12-10,230.321400,211.645800,1.088240,18.675600,0.038738,-0.038738,0.998212,0.528863
2021-12-13,230.464200,211.742800,1.088416,18.721400,0.067875,-0.067875,0.996867,-0.134742
2021-12-14,230.476600,211.931100,1.087507,18.545500,-0.124688,0.124688,1.005756,0.891687
2021-12-15,230.515500,212.069300,1.086982,18.446200,-0.240651,0.240651,1.011109,0.532237
2021-12-16,230.540500,212.138500,1.086745,18.402000,-0.301515,0.301515,1.013918,0.277867
2021-12-17,230.604100,212.229200,1.086580,18.374900,-0.345279,0.345279,1.015939,0.199247
2021-12-20,230.698200,212.114100,1.087614,18.584100,-0.152744,0.152744,1.007051,-0.874823
2021-12-21,230.660800,212.039000,1.087823,18.621800,-0.131708,0.131708,1.006080,-0.096421
2021-12-22,230.645700,212.168000,1.087090,18.477700,-0.292473,0.292473,1.013501,0.737625
2021-12-23,230.705800,212.374900,1.086314,18.330900,-0.455939,0.455939,1.021047,0.744523
2021-12-24,230.714200,212.408600,1.086181,18.305600,-0.497904,0.497904,1.022984,0.189725
2021-12-27,230.817800,212.601300,1.085684,18.216500,-0.603670,0.603670,1.027866,0.477259
2021-12-28,230.866000,212.673100,1.085544,18.192900,-0.643937,0.643937,1.029725,0.180835
2021-12-29,230.975600,212.841300,1.085201,18.134300,-0.719204,0.719204,1.033199,0.337410
2021-12-30,231.059900,213.000500,1.084786,18.059400,-0.810771,0.810771,1.037426,0.409102
2021-12-31,231.123900,213.055600,1.084806,18.068300,-0.818538,0.818538,1.037785,0.034562
2022-01-04,231.340500,213.072800,1.085735,18.267700,-0.635806,0.635806,1.029350,-0.812801
2022-01-05,231.434200,213.101600,1.086028,18.332600,-0.587574,0.587574,1.027123,-0.216295
2022-01-06,231.449100,212.954500,1.086848,18.494600,-0.442243,0.442243,1.020415,-0.653151
2022-01-07,231.475500,212.985300,1.086814,18.490200,-0.463311,0.463311,1.021387,0.095311
2022-01-10,231.622700,213.209300,1.086363,18.413400,-0.556781,0.556781,1.025702,0.422430
2022-01-11,231.682800,213.323600,1.086063,18.359200,-0.627650,0.627650,1.028973,0.318945
2022-01-12,231.775500,213.408900,1.086063,18.366600,-0.636920,0.636920,1.029401,0.041586
2022-01-13,231.837100,213.406500,1.086364,18.430600,-0.589591,0.589591,1.027216,-0.212239
2022-01-14,231.872000,213.432000,1.086398,18.440000,-0.596861,0.596861,1.027552,0.032673
2022-01-17,232.064600,213.590400,1.086494,18.474200,-0.579332,0.579332,1.026743,-0.078746
2022-01-18,232.143400,214.064900,1.084453,18.078500,-0.991704,0.991704,1.045778,1.853973
2022-01-19,232.332100,214.315600,1.084065,18.016500,-1.070376,1.070376,1.049410,0.347261
2022-01-20,232.419700,214.327900,1.084412,18.091800,-1.011748,1.011748,1.046704,-0.257890
2022-01-21,232.507500,214.558800,1.083654,17.948700,-1.171520,1.171520,1.054079,0.704620
2022-01-24,232.681700,214.985000,1.082316,17.696700,-1.440193,1.440193,1.066481,1.176596
2022-01-25,232.781100,214.918100,1.083115,17.863000,-1.290566,1.290566,1.059574,-0.647638
2022-01-26,232.819200,214.674200,1.084523,18.145000,-1.025240,1.025240,1.047326,-1.155914
2022-01-27,232.860100,214.616300,1.085007,18.243800,-0.943114,0.943114,1.043535,-0.361972
2022-01-28,232.910000,214.752300,1.084552,18.157700,-1.045889,1.045889,1.048280,0.454626
2022-02-07,233.293300,214.968700,1.085243,18.324600,-0.895663,0.895663,1.041345,-0.661519
2022-02-08,233.335200,215.066300,1.084945,18.268900,-0.968039,0.968039,1.044686,0.320828
2022-02-09,233.367600,214.988000,1.085491,18.379600,-0.874014,0.874014,1.040346,-0.415462
2022-02-10,233.408200,215.056200,1.085336,18.352000,-0.918290,0.918290,1.042389,0.196457
2022-02-11,233.245800,214.509000,1.087347,18.736800,-0.550167,0.550167,1.025396,-1.630197
2022-02-14,233.281300,214.485400,1.087633,18.795900,-0.507743,0.507743,1.023438,-0.190980
2022-02-15,233.247700,214.496000,1.087422,18.751700,-0.568621,0.568621,1.026248,0.274580
2022-02-16,233.246400,214.546200,1.087162,18.700200,-0.636798,0.636798,1.029395,0.306666
2022-02-17,233.296100,214.734600,1.086439,18.561500,-0.792176,0.792176,1.036568,0.696761
2022-02-18,233.322900,214.667500,1.086904,18.655400,-0.714954,0.714954,1.033003,-0.343889
2022-02-21,233.302200,214.315200,1.088594,18.987000,-0.400033,0.400033,1.018466,-1.407268
2022-02-22,233.200900,214.026000,1.089591,19.174900,-0.228812,0.228812,1.010562,-0.776044
2022-02-23,233.211100,214.118700,1.089167,19.092400,-0.327992,0.327992,1.015141,0.453039
2022-02-24,233.230000,214.192400,1.088881,19.037600,-0.399472,0.399472,1.018440,0.325038
2022-02-25,233.228200,214.158200,1.089046,19.070000,-0.383752,0.383752,1.017715,-0.071250
2022-02-28,233.321600,214.354400,1.088485,18.967200,-0.503233,0.503233,1.023230,0.541936
2022-03-01,233.304500,214.214000,1.089119,19.090500,-0.396614,0.396614,1.018308,-0.480992
2022-03-02,233.264300,213.960800,1.090220,19.303500,-0.200295,0.200295,1.009246,-0.889935
2022-03-03,233.125000,213.623400,1.091290,19.501600,-0.018877,0.018877,1.000871,-0.829774
2022-03-04,233.022800,213.550600,1.091183,19.472200,-0.064959,0.064959,1.002999,0.212536
2022-03-07,233.062000,213.678000,1.090716,19.384000,-0.169842,0.169842,1.007840,0.482703
2022-03-08,233.008000,213.880800,1.089429,19.127200,-0.443325,0.443325,1.020464,1.252608
2022-03-09,232.831300,213.654100,1.089758,19.177200,-0.410009,0.410009,1.018927,-0.150708
2022-03-10,232.699100,213.601400,1.089408,19.097700,-0.506193,0.506193,1.023367,0.435749
2022-03-11,232.587600,213.901800,1.087357,18.685800,-0.934777,0.934777,1.043150,1.933221
2022-03-14,232.875600,214.344100,1.086457,18.531500,-1.105762,1.105762,1.051043,0.756636
2022-03-15,232.777000,213.778500,1.088870,18.998500,-0.655447,0.655447,1.030256,-1.977753
2022-03-16,232.717000,213.822600,1.088365,18.894400,-0.776232,0.776232,1.035832,0.541186
2022-03-17,232.707300,213.896800,1.087942,18.810500,-0.876818,0.876818,1.040475,0.448254
2022-03-18,232.749300,214.052700,1.087346,18.696600,-1.007405,1.007405,1.046503,0.579352
2022-03-21,232.799900,213.983700,1.087933,18.816200,-0.904492,0.904492,1.041752,-0.453949
2022-03-22,232.786500,213.769200,1.088962,19.017300,-0.720079,0.720079,1.033240,-0.817152
2022-03-23,232.810200,213.801300,1.088909,19.008900,-0.745166,0.745166,1.034398,0.112082
2022-03-24,232.824000,213.861300,1.088668,18.962700,-0.808054,0.808054,1.037301,0.280645
2022-03-25,232.859100,213.964200,1.088309,18.894900,-0.892543,0.892543,1.041201,0.375984
2022-03-28,232.974200,214.050700,1.088407,18.923500,-0.880632,0.880632,1.040651,-0.052808
2022-03-29,233.036100,214.020100,1.088851,19.016000,-0.804821,0.804821,1.037152,-0.336281
2022-03-30,233.092100,214.174400,1.088328,18.917700,-0.919810,0.919810,1.042460,0.511791
2022-03-31,233.189500,214.221500,1.088544,18.968000,-0.886201,0.886201,1.040908,-0.148828
2022-04-01,233.311800,214.410800,1.088153,18.901000,-0.969891,0.969891,1.044771,0.371142
2022-04-06,233.601000,214.751600,1.087773,18.849400,-1.038182,1.038182,1.047924,0.301730
2022-04-07,233.734200,214.930200,1.087489,18.804000,-1.100273,1.100273,1.050790,0.273513
2022-04-08,233.873900,214.921600,1.088182,18.952300,-0.968665,0.968665,1.044715,-0.578154
2022-04-11,234.023300,214.816600,1.089410,19.206700,-0.730957,0.730957,1.033742,-1.050321
2022-04-12,234.098800,214.791600,1.089888,19.307200,-0.647150,0.647150,1.029873,-0.374237
2022-04-13,234.160700,214.867500,1.089791,19.293200,-0.677843,0.677843,1.031290,0.137572
2022-04-14,234.288200,215.117700,1.089116,19.170500,-0.817236,0.817236,1.037725,0.623933
2022-04-15,234.389400,215.227800,1.089029,19.161600,-0.842830,0.842830,1.038906,0.113849
2022-04-18,234.419300,214.987900,1.090384,19.431400,-0.589724,0.589724,1.027222,-1.124611
2022-04-19,234.467300,214.983800,1.090628,19.483500,-0.554319,0.554319,1.025588,-0.159104
2022-04-20,234.431600,214.865600,1.091062,19.566000,-0.488514,0.488514,1.022550,-0.296184
2022-04-21,234.449000,214.913000,1.090902,19.536000,-0.535209,0.535209,1.024706,0.210798
2022-04-22,234.528000,214.946000,1.091102,19.582000,-0.505905,0.505905,1.023353,-0.132010
2022-04-25,234.607300,215.088600,1.090747,19.518700,-0.585901,0.585901,1.027046,0.360845
2022-04-26,234.689300,215.117800,1.090980,19.571500,-0.549798,0.549798,1.025379,-0.162268
2022-04-27,234.753800,214.995700,1.091900,19.758100,-0.379895,0.379895,1.017536,-0.764879
2022-04-28,234.778800,214.810200,1.092959,19.968600,-0.186093,0.186093,1.008590,-0.879196
2022-04-29,234.825000,214.896200,1.092737,19.928800,-0.242591,0.242591,1.011198,0.258580
2022-05-05,235.025300,215.081100,1.092729,19.944200,-0.243889,0.243889,1.011258,0.005927
2022-05-06,235.112500,215.076900,1.093156,20.035600,-0.169188,0.169188,1.007810,-0.340990
2022-05-09,235.287800,215.230400,1.093190,20.057400,-0.164087,0.164087,1.007575,-0.023364
2022-05-10,235.400600,215.466600,1.092515,19.934000,-0.304186,0.304186,1.014042,0.641854
2022-05-11,235.508300,215.393300,1.093387,20.115000,-0.139886,0.139886,1.006457,-0.747925
2022-05-12,235.627700,215.496700,1.093417,20.131000,-0.140587,0.140587,1.006490,0.003212
2022-05-13,235.755400,215.538300,1.093798,20.217100,-0.071188,0.071188,1.003286,-0.318289
2022-05-16,235.942600,215.510800,1.094806,20.431800,0.126811,-0.126811,0.994146,-0.910991
2022-05-17,236.055100,215.686100,1.094438,20.369000,0.047310,-0.047310,0.997816,0.369149
2022-05-18,236.183400,215.855400,1.094174,20.328000,-0.010393,0.010393,1.000480,0.266942
2022-05-19,236.301600,215.975800,1.094111,20.325800,-0.029295,0.029295,1.001352,0.087214
2022-05-20,236.371500,215.863000,1.095007,20.508500,0.136702,-0.136702,0.993690,-0.765227
2022-05-23,236.516600,216.089500,1.094531,20.427100,0.038599,-0.038599,0.998218,0.455732
2022-05-24,236.615300,216.126000,1.094803,20.489300,0.084095,-0.084095,0.996118,-0.210391
2022-05-25,236.656200,216.092500,1.095162,20.563700,0.141791,-0.141791,0.993455,-0.267369
2022-05-26,236.760700,216.376800,1.094206,20.383900,-0.054713,0.054713,1.002526,0.913063
2022-05-27,236.849600,216.413200,1.094432,20.436400,-0.018918,0.018918,1.000873,-0.164818
2022-05-30,236.927600,216.316600,1.095282,20.611000,0.138976,-0.138976,0.993585,-0.728224
2022-05-31,236.843100,216.075800,1.096111,20.767300,0.278571,-0.278571,0.987141,-0.648544
2022-06-01,236.783800,216.014900,1.096146,20.768900,0.263465,-0.263465,0.987838,0.070640
2022-06-02,236.732500,215.908900,1.096446,20.823600,0.301458,-0.301458,0.986084,-0.177541
2022-06-06,236.677100,215.741500,1.097040,20.935600,0.396751,-0.396751,0.981686,-0.446091
2022-06-07,236.572400,215.718300,1.096673,20.854100,0.298544,-0.298544,0.986219,0.461794
2022-06-08,236.580300,215.812100,1.096233,20.768200,0.195936,-0.195936,0.990955,0.480268
2022-06-09,236.676200,215.890200,1.096280,20.786000,0.197028,-0.197028,0.990905,-0.005086
2022-06-10,236.781600,215.969000,1.096368,20.812600,0.206919,-0.206919,0.990448,-0.046079
2022-06-13,236.873700,215.961600,1.096832,20.912100,0.289710,-0.289710,0.986627,-0.385858
2022-06-14,236.916700,215.908800,1.097300,21.007900,0.368801,-0.368801,0.982976,-0.370040
2022-06-15,236.960500,215.910200,1.097496,21.050300,0.394491,-0.394491,0.981790,-0.120643
2022-06-16,236.999900,216.010400,1.097169,20.989500,0.316981,-0.316981,0.985368,0.364432
2022-06-17,237.126400,216.121100,1.097192,21.005300,0.316070,-0.316070,0.985410,0.004266
2022-06-20,237.211400,216.036700,1.098014,21.174700,0.468759,-0.468759,0.978362,-0.715265
2022-06-21,237.249800,216.008800,1.098334,21.241000,0.518348,-0.518348,0.976073,-0.233969
2022-06-22,237.301900,216.109000,1.098066,21.192900,0.453536,-0.453536,0.979064,0.306513
2022-06-23,237.389400,216.174900,1.098136,21.214500,0.458424,-0.458424,0.978839,-0.023045
2022-06-24,237.425200,216.106100,1.098651,21.319100,0.546311,-0.546311,0.974782,-0.414469
2022-06-27,237.443600,215.905300,1.099758,21.538300,0.748798,-0.748798,0.965435,-0.958884
2022-06-28,237.396400,215.836400,1.099890,21.560000,0.753785,-0.753785,0.965205,-0.023843
2022-06-29,237.430800,215.857900,1.099940,21.572900,0.749971,-0.749971,0.965381,0.018240
2022-06-30,237.467600,216.028400,1.099243,21.439200,0.599557,-0.599557,0.972324,0.719228
2022-07-01,237.561300,216.150700,1.099054,21.410600,0.554242,-0.554242,0.974416,0.215132
2022-07-04,237.598600,215.985700,1.100066,21.612900,0.739827,-0.739827,0.965849,-0.879174
2022-07-05,237.596900,215.812300,1.100942,21.784600,0.894812,-0.894812,0.958695,-0.740723
2022-07-06,237.688600,215.964800,1.100590,21.723800,0.817296,-0.817296,0.962273,0.373239
2022-07-07,237.751100,215.970800,1.100848,21.780300,0.857079,-0.857079,0.960436,-0.190846
2022-07-08,237.798800,216.001800,1.100911,21.797000,0.857063,-0.857063,0.960437,0.000080
2022-07-11,237.955900,216.194900,1.100655,21.761000,0.804346,-0.804346,0.962871,0.253372
2022-07-12,238.062900,216.379900,1.100208,21.683000,0.709628,-0.709628,0.967243,0.454087
2022-07-13,238.213100,216.495500,1.100314,21.717600,0.727510,-0.727510,0.966417,-0.085341
2022-07-14,238.335000,216.639800,1.100144,21.695200,0.688392,-0.688392,0.968223,0.186849
2022-07-15,238.440500,216.731700,1.100164,21.708800,0.685273,-0.685273,0.968367,0.014869
2022-07-18,238.621000,216.873100,1.100279,21.747900,0.707654,-0.707654,0.967334,-0.106688
2022-07-19,238.736300,216.883100,1.100760,21.853200,0.796235,-0.796235,0.963245,-0.422706
2022-07-20,238.867500,217.007600,1.100733,21.859900,0.786215,-0.786215,0.963708,0.048018
2022-07-21,239.002800,217.208800,1.100337,21.794000,0.703595,-0.703595,0.967521,0.395747
2022-07-22,239.082000,217.133200,1.101084,21.948800,0.841674,-0.841674,0.961147,-0.658786
2022-07-25,239.271100,217.238400,1.101422,22.032700,0.908853,-0.908853,0.958046,-0.322641
2022-07-26,239.410500,217.427300,1.101106,21.983200,0.842631,-0.842631,0.961103,0.319072
2022-07-27,239.523700,217.594800,1.100779,21.928900,0.771609,-0.771609,0.964382,0.341114
2022-07-28,239.558300,217.456500,1.101638,22.101800,0.927787,-0.927787,0.957172,-0.747560
2022-07-29,239.683900,217.719400,1.100884,21.964500,0.773764,-0.773764,0.964282,0.742799
2022-08-01,239.932700,218.056300,1.100325,21.876400,0.668941,-0.668941,0.969121,0.501799
2022-08-02,240.096100,218.238400,1.100155,21.857700,0.633517,-0.633517,0.970756,0.168730
2022-08-03,240.212100,218.468800,1.099526,21.743300,0.502393,-0.502393,0.976809,0.623517
2022-08-04,240.364100,218.742200,1.098846,21.621900,0.364269,-0.364269,0.983185,0.652736
2022-08-05,240.418800,218.621100,1.099705,21.797700,0.523344,-0.523344,0.975842,-0.746867
2022-08-08,240.525000,218.553600,1.100531,21.971400,0.680319,-0.680319,0.968596,-0.742552
2022-08-09,240.459700,218.369600,1.101159,22.090100,0.782293,-0.782293,0.963889,-0.485987
2022-08-10,240.490900,218.369000,1.101305,22.121900,0.797367,-0.797367,0.963193,-0.072190
2022-08-11,240.475700,218.247900,1.101847,22.227800,0.886540,-0.886540,0.959076,-0.427365
2022-08-12,240.484400,218.339000,1.101427,22.145400,0.787413,-0.787413,0.963652,0.477106
2022-08-15,240.763800,219.030600,1.099224,21.733200,0.358486,-0.358486,0.983452,2.054660
2022-08-16,240.958100,219.309000,1.098715,21.649100,0.257658,-0.257658,0.988106,0.473264
2022-08-17,241.006100,219.184600,1.099558,21.821500,0.413330,-0.413330,0.980920,-0.727248
2022-08-18,241.091500,219.429000,1.098722,21.662500,0.237601,-0.237601,0.989032,0.826961
2022-08-19,241.147000,219.436100,1.098940,21.710900,0.269272,-0.269272,0.987570,-0.147818
2022-08-22,241.206200,219.415400,1.099313,21.790800,0.332443,-0.332443,0.984654,-0.295272
2022-08-23,241.192900,219.209300,1.100286,21.983600,0.508513,-0.508513,0.976527,-0.825426
2022-08-24,241.168700,219.191000,1.100267,21.977700,0.485882,-0.485882,0.977571,0.106975
2022-08-25,241.038900,219.037700,1.100445,22.001200,0.492652,-0.492652,0.977259,-0.031964
2022-08-26,240.927100,218.916300,1.100544,22.010800,0.485521,-0.485521,0.977588,0.033684
2022-08-29,241.010300,219.090800,1.100048,21.919500,0.377489,-0.377489,0.982575,0.510119
2022-08-30,241.044800,219.285900,1.099226,21.758900,0.200157,-0.200157,0.990761,0.833102
2022-08-31,241.088600,219.353400,1.099088,21.735200,0.159724,-0.159724,0.992627,0.188382
2022-09-01,241.148700,219.485600,1.098699,21.663100,0.070891,-0.070891,0.996728,0.413109
2022-09-02,241.222000,219.589500,1.098513,21.632500,0.023558,-0.023558,0.998913,0.219214
2022-09-05,241.375800,219.739800,1.098462,21.636000,0.010324,-0.010324,0.999524,0.061155
2022-09-06,241.478500,219.834700,1.098455,21.643800,0.001390,-0.001390,0.999936,0.041261
2022-09-07,241.529100,219.817600,1.098771,21.711500,0.052355,-0.052355,0.997583,-0.235277
2022-09-08,241.577000,219.784900,1.099152,21.792100,0.116220,-0.116220,0.994635,-0.295522
2022-09-09,241.591200,219.757700,1.099353,21.833500,0.140885,-0.140885,0.993497,-0.114468
2022-09-13,241.713400,219.708800,1.100153,22.004600,0.295249,-0.295249,0.986371,-0.717226
2022-09-14,241.730400,219.672200,1.100414,22.058200,0.332112,-0.332112,0.984669,-0.172518
2022-09-15,241.792000,219.752400,1.100293,22.039600,0.296775,-0.296775,0.986301,0.165659
2022-09-16,241.800900,219.607300,1.101060,22.193600,0.434038,-0.434038,0.979964,-0.642421
2022-09-19,241.850400,219.693200,1.100855,22.157200,0.380900,-0.380900,0.982417,0.250305
2022-09-20,241.861400,219.826600,1.100237,22.034800,0.241762,-0.241762,0.988840,0.653773
2022-09-21,241.904400,219.961100,1.099760,21.943300,0.133523,-0.133523,0.993837,0.505281
2022-09-22,241.921300,220.022100,1.099532,21.899200,0.072684,-0.072684,0.996645,0.282582
2022-09-23,241.901400,219.928300,1.099910,21.973100,0.129844,-0.129844,0.994006,-0.264747
2022-09-26,241.908700,219.661100,1.101281,22.247600,0.387604,-0.387604,0.982108,-1.197024
2022-09-27,241.826100,219.603100,1.101196,22.223000,0.346264,-0.346264,0.984016,0.194309
2022-09-28,241.740500,219.525300,1.101197,22.215200,0.321723,-0.321723,0.985149,0.115124
2022-09-29,241.722900,219.455500,1.101467,22.267400,0.357181,-0.357181,0.983512,-0.166148
2022-09-30,241.668400,219.337900,1.101809,22.330500,0.403539,-0.403539,0.981372,-0.217582
2022-10-10,241.980700,219.811800,1.100854,22.168900,0.225197,-0.225197,0.989605,0.838875
2022-10-11,242.043500,219.920900,1.100593,22.122600,0.162154,-0.162154,0.992515,0.294070
2022-10-12,242.099500,219.890400,1.101001,22.209100,0.231911,-0.231911,0.989295,-0.324433
2022-10-13,242.127900,220.013000,1.100516,22.114900,0.120967,-0.120967,0.994416,0.517671
2022-10-14,242.201800,220.156200,1.100136,22.045600,0.034923,-0.034923,0.998388,0.399420
2022-10-17,242.359600,220.275300,1.100258,22.084300,0.056878,-0.056878,0.997375,-0.101512
2022-10-18,242.405100,220.251800,1.100582,22.153300,0.109133,-0.109133,0.994962,-0.241849
2022-10-19,242.487900,220.373600,1.100349,22.114300,0.053388,-0.053388,0.997536,0.258631
2022-10-20,242.548200,220.356300,1.100709,22.191900,0.114242,-0.114242,0.994727,-0.281603
2022-10-21,242.588800,220.339200,1.100979,22.249600,0.155195,-0.155195,0.992836,-0.190048
2022-10-24,242.703000,220.405600,1.101165,22.297400,0.186248,-0.186248,0.991403,-0.144378
2022-10-25,242.639900,220.335000,1.101232,22.304900,0.177000,-0.177000,0.991830,0.043058
2022-10-26,242.630400,220.416800,1.100780,22.213600,0.068952,-0.068952,0.996817,0.502870
2022-10-27,242.666100,220.569900,1.100178,22.096200,-0.065196,0.065196,1.003010,0.621222
2022-10-28,242.727300,220.637300,1.100119,22.090000,-0.088145,0.088145,1.004069,0.105617
2022-10-31,242.847200,220.815200,1.099776,22.032000,-0.162894,0.162894,1.007519,0.343654
2022-11-01,242.886900,220.711800,1.100471,22.175100,-0.036544,0.036544,1.001687,-0.578893
2022-11-02,242.896700,220.599400,1.101076,22.297300,0.068905,-0.068905,0.996819,-0.485947
2022-11-03,242.913100,220.608200,1.101106,22.304900,0.059754,-0.059754,0.997242,0.042376
2022-11-04,242.844000,220.473900,1.101464,22.370100,0.108203,-0.108203,0.995005,-0.224263
2022-11-07,242.893800,220.486300,1.101628,22.407500,0.128851,-0.128851,0.994052,-0.095793
2022-11-08,242.824800,220.330000,1.102096,22.494800,0.199399,-0.199399,0.990796,-0.327604
2022-11-09,242.796200,220.314500,1.102044,22.481700,0.169546,-0.169546,0.992174,0.139084
2022-11-10,242.706400,220.217900,1.102119,22.488500,0.159593,-0.159593,0.992633,0.046308
2022-11-11,242.498100,219.899100,1.102770,22.599000,0.253339,-0.253339,0.988306,-0.435955
2022-11-14,241.655700,218.575800,1.105592,23.079900,0.717484,-0.717484,0.966880,-2.167901
2022-11-15,241.186700,218.491600,1.103872,22.695100,0.315930,-0.315930,0.985416,1.917117
2022-11-16,240.820500,218.113800,1.104105,22.706700,0.310774,-0.310774,0.985654,0.024150
2022-11-17,240.507600,218.670700,1.099862,21.836900,-0.575782,0.575782,1.026579,4.152005
2022-11-18,240.451100,218.822600,1.098840,21.628500,-0.800938,0.800938,1.036972,1.012438
2022-11-21,240.566000,219.174500,1.097600,21.391500,-1.054695,1.054695,1.048686,1.129606
2022-11-22,240.537900,219.180800,1.097441,21.357100,-1.105852,1.105852,1.051047,0.225185
2022-11-23,240.612900,219.452700,1.096423,21.160200,-1.319510,1.319510,1.060910,0.938367
2022-11-24,240.880700,219.672600,1.096544,21.208100,-1.288368,1.288368,1.059473,-0.135500
2022-11-25,240.849200,219.474000,1.097393,21.375200,-1.138027,1.138027,1.052533,-0.655035
2022-11-28,240.818900,219.315400,1.098048,21.503500,-1.026486,1.026486,1.047384,-0.489186
2022-11-29,240.437100,218.721600,1.099284,21.715500,-0.831246,0.831246,1.038371,-0.860478
2022-11-30,240.204400,218.631400,1.098673,21.573000,-0.990507,0.990507,1.045723,0.707997
2022-12-01,239.994200,218.653200,1.097602,21.341000,-1.239268,1.239268,1.057206,1.098100
2022-12-02,239.926200,218.779000,1.096660,21.147200,-1.449829,1.449829,1.066926,0.919381
2022-12-05,239.836800,218.726600,1.096514,21.110200,-1.503591,1.503591,1.069408,0.232604
2022-12-06,239.454000,218.512600,1.095836,20.941400,-1.689154,1.689154,1.077973,0.800983
2022-12-07,238.861500,218.463800,1.093369,20.397700,-2.249617,2.249617,1.103845,2.400023
2022-12-08,238.680000,218.584500,1.091935,20.095500,-2.568580,2.568580,1.118569,1.333857
2022-12-09,238.399900,218.396500,1.091592,20.003400,-2.677444,2.677444,1.123594,0.449260
2022-12-12,238.173700,218.328400,1.090897,19.845300,-2.852309,2.852309,1.131666,0.718404
2022-12-13,237.612100,217.985500,1.090036,19.626600,-3.087774,3.087774,1.142535,0.960472
2022-12-14,237.595900,218.469600,1.087547,19.126300,-3.604839,3.604839,1.166404,2.089068
2022-12-15,237.606600,218.619000,1.086852,18.987600,-3.760305,3.760305,1.173580,0.615267
2022-12-16,237.604700,218.436300,1.087753,19.168400,-3.596272,3.596272,1.166008,-0.645202
2022-12-19,237.759800,218.805100,1.086628,18.954700,-3.826739,3.826739,1.176647,0.912397
2022-12-20,237.827100,218.774500,1.087088,19.052600,-3.745607,3.745607,1.172902,-0.318291
2022-12-21,237.900700,218.748100,1.087556,19.152600,-3.662375,3.662375,1.169059,-0.327570
2022-12-22,237.967300,219.048600,1.086368,18.918700,-3.913044,3.913044,1.180631,0.989783
2022-12-23,238.089400,219.400300,1.085183,18.689100,-4.159413,4.159413,1.192003,0.963272
2022-12-26,238.236700,219.387800,1.085916,18.848900,-4.016383,4.016383,1.185401,-0.553894
2022-12-27,238.281800,219.134300,1.087378,19.147500,-3.734553,3.734553,1.172391,-1.097484
2022-12-28,238.305800,219.135400,1.087482,19.170400,-3.728424,3.728424,1.172108,-0.024133
2022-12-29,238.470600,219.484000,1.086506,18.986600,-3.928995,3.928995,1.181367,0.789910
2022-12-30,238.577200,219.683300,1.086005,18.893900,-4.038467,4.038467,1.186420,0.427754
2023-01-03,238.890700,219.814500,1.086783,19.076200,-3.872939,3.872939,1.178779,-0.644033
2023-01-04,239.131300,219.953000,1.087193,19.178300,-3.787612,3.787612,1.174841,-0.334142
2023-01-05,239.289300,219.876500,1.088290,19.412800,-3.569885,3.569885,1.164790,-0.855478
2023-01-06,239.339100,219.638000,1.089698,19.701100,-3.298359,3.298359,1.152256,-1.076070
2023-01-09,239.489900,219.651000,1.090320,19.838900,-3.177334,3.177334,1.146669,-0.484847
2023-01-10,239.413500,219.351500,1.091461,20.062000,-2.971009,2.971009,1.137145,-0.830597
2023-01-11,239.346800,219.341500,1.091206,20.005300,-3.044484,3.044484,1.140537,0.298265
2023-01-12,239.343400,219.445000,1.090676,19.898400,-3.168160,3.168160,1.146246,0.500555
2023-01-13,239.351400,219.295300,1.091457,20.056100,-3.027236,3.027236,1.139741,-0.567522
2023-01-16,239.320400,219.019700,1.092689,20.300700,-2.799413,2.799413,1.129224,-0.922716
2023-01-17,239.279500,219.068400,1.092259,20.211100,-2.905790,2.905790,1.134135,0.434856
2023-01-18,239.292800,219.164400,1.091842,20.128400,-3.005268,3.005268,1.138727,0.404891
2023-01-19,239.316500,219.075700,1.092392,20.240800,-2.909647,2.909647,1.134313,-0.387626
2023-01-20,239.310200,219.101200,1.092236,20.209000,-2.958226,2.958226,1.136555,0.197693
2023-01-30,239.611900,219.201800,1.093111,20.410100,-2.773905,2.773905,1.128047,-0.748618
2023-01-31,239.647700,219.309300,1.092738,20.338400,-2.862385,2.862385,1.132131,0.362071
2023-02-01,239.671600,219.313900,1.092824,20.357700,-2.859865,2.859865,1.132015,-0.010274
2023-02-02,239.792400,219.420800,1.092843,20.371600,-2.862746,2.862746,1.132148,0.011747
2023-02-03,239.938000,219.600600,1.092611,20.337400,-2.913727,2.913727,1.134501,0.207866
2023-02-06,240.103800,219.606800,1.093335,20.497000,-2.770908,2.770908,1.127908,-0.581106
2023-02-07,240.195800,219.553800,1.094018,20.642000,-2.642691,2.642691,1.121990,-0.524749
2023-02-08,240.316300,219.577900,1.094447,20.738400,-2.563073,2.563073,1.118314,-0.327564
2023-02-09,240.440800,219.657300,1.094618,20.783500,-2.534756,2.534756,1.117007,-0.116885
2023-02-10,240.578400,219.745800,1.094803,20.832600,-2.502440,2.502440,1.115516,-0.133550
2023-02-13,240.792900,219.811200,1.095453,20.981700,-2.370124,2.370124,1.109408,-0.547537
2023-02-14,240.943300,219.848800,1.095950,21.094500,-2.274108,2.274108,1.104975,-0.399510
2023-02-15,241.038900,219.837400,1.096442,21.201500,-2.183893,2.183893,1.100811,-0.376881
2023-02-16,241.208500,219.864000,1.097080,21.344500,-2.057678,2.057678,1.094985,-0.529266
2023-02-17,241.344900,219.867000,1.097686,21.477900,-1.941063,1.941063,1.089602,-0.491610
2023-02-20,241.430900,219.622700,1.099298,21.808200,-1.627549,1.627549,1.075130,-1.328206
2023-02-21,241.385200,219.482500,1.099792,21.902700,-1.549836,1.549836,1.071542,-0.333666
2023-02-22,241.447100,219.608700,1.099442,21.838400,-1.630923,1.630923,1.075285,0.349315
2023-02-23,241.533200,219.569000,1.100033,21.964200,-1.521910,1.521910,1.070253,-0.467983
2023-02-24,241.605400,219.546500,1.100475,22.058900,-1.443998,1.443998,1.066657,-0.336044
2023-02-27,241.775300,219.565900,1.101151,22.209400,-1.310286,1.310286,1.060484,-0.578658
2023-02-28,241.800700,219.561500,1.101289,22.239200,-1.297274,1.297274,1.059884,-0.056637
2023-03-01,241.899900,219.594200,1.101577,22.305700,-1.247563,1.247563,1.057589,-0.216507
2023-03-02,241.970400,219.558400,1.102078,22.412000,-1.158052,1.158052,1.053457,-0.390692
2023-03-03,242.020000,219.483600,1.102679,22.536400,-1.050442,1.050442,1.048490,-0.471535
2023-03-06,242.211400,219.788500,1.102020,22.422900,-1.180732,1.180732,1.054504,0.573618
2023-03-07,242.310700,219.916400,1.101831,22.394300,-1.226122,1.226122,1.056599,0.198697
2023-03-08,242.467600,219.972700,1.102262,22.494900,-1.142313,1.142313,1.052731,-0.366150
2023-03-09,242.574400,220.003300,1.102594,22.571100,-1.082904,1.082904,1.049988,-0.260502
2023-03-10,242.707200,220.104300,1.102692,22.602900,-1.067895,1.067895,1.049295,-0.065983
2023-03-13,242.863600,220.149300,1.103177,22.714300,-0.973287,0.973287,1.044928,-0.416206
2023-03-14,242.983700,220.185700,1.103540,22.798000,-0.906379,0.906379,1.041840,-0.295575
2023-03-15,243.075600,220.152300,1.104125,22.923300,-0.797871,0.797871,1.036831,-0.480769
2023-03-16,243.204000,220.275800,1.104089,22.928200,-0.809764,0.809764,1.037380,0.052948
2023-03-17,243.348000,220.339100,1.104425,23.008900,-0.745857,0.745857,1.034430,-0.284372
2023-03-20,243.560600,220.640300,1.103881,22.920300,-0.851250,0.851250,1.039295,0.470315
2023-03-21,243.669700,220.662900,1.104262,23.006800,-0.781543,0.781543,1.036077,-0.309607
2023-03-22,243.742000,220.551200,1.105149,23.190800,-0.614337,0.614337,1.028359,-0.744966
2023-03-23,243.807200,220.612700,1.105137,23.194500,-0.627431,0.627431,1.028963,0.058777
2023-03-24,243.842300,220.525600,1.105732,23.316700,-0.522026,0.522026,1.024097,-0.472868
2023-03-27,243.963700,220.627200,1.105773,23.336500,-0.519021,0.519021,1.023959,-0.013546
2023-03-28,244.030100,220.668000,1.105870,23.362100,-0.510216,0.510216,1.023552,-0.039694
2023-03-29,244.092000,220.752000,1.105730,23.340000,-0.549111,0.549111,1.025348,0.175414
2023-03-30,244.177000,220.845100,1.105648,23.331900,-0.574006,0.574006,1.026497,0.112080
2023-03-31,244.273000,220.858200,1.106017,23.414800,-0.507902,0.507902,1.023445,-0.297268
2023-04-03,244.413100,220.939900,1.106242,23.473200,-0.466298,0.466298,1.021525,-0.187649
2023-04-04,244.483100,220.914400,1.106687,23.568700,-0.387595,0.387595,1.017892,-0.355650
2023-04-06,244.566300,220.886400,1.107204,23.679900,-0.293191,0.293191,1.013534,-0.428117
2023-04-07,244.655900,220.893100,1.107576,23.762800,-0.227088,0.227088,1.010483,-0.301065
2023-04-10,244.800900,221.040800,1.107492,23.760100,-0.246585,0.246585,1.011383,0.089067
2023-04-11,244.886500,221.158800,1.107288,23.727700,-0.295782,0.295782,1.013654,0.224544
2023-04-12,245.001600,221.265900,1.107272,23.735700,-0.304579,0.304579,1.014060,0.040063
2023-04-13,245.067400,221.220800,1.107795,23.846600,-0.210477,0.210477,1.009716,-0.428365
2023-04-14,245.131100,221.201400,1.108181,23.929700,-0.144175,0.144175,1.006655,-0.303113
2023-04-17,245.249100,221.123000,1.109107,24.126100,0.035427,-0.035427,0.998365,-0.823582
2023-04-18,245.311600,221.148300,1.109263,24.163300,0.055829,-0.055829,0.997423,-0.094331
2023-04-19,245.387200,221.286400,1.108912,24.100800,-0.023469,0.023469,1.001083,0.366996
2023-04-20,245.480800,221.288300,1.109326,24.192500,0.051432,-0.051432,0.997626,-0.345379
2023-04-21,245.572100,221.330000,1.109529,24.242100,0.084233,-0.084233,0.996112,-0.151775
2023-04-24,245.704900,221.449500,1.109530,24.255400,0.080734,-0.080734,0.996273,0.016214
2023-04-25,245.738200,221.502900,1.109413,24.235300,0.043835,-0.043835,0.997977,0.170967
2023-04-26,245.812900,221.635300,1.109087,24.177600,-0.030664,0.030664,1.001416,0.344594
2023-04-27,245.917900,221.877700,1.108349,24.040200,-0.184863,0.184863,1.008534,0.710795
2023-04-28,245.987100,221.877500,1.108662,24.109600,-0.132263,0.132263,1.006105,-0.240755
2023-05-04,246.297600,222.163700,1.108631,24.133900,-0.124762,0.124762,1.005759,-0.034413
2023-05-05,246.458300,222.384400,1.108254,24.073900,-0.201562,0.201562,1.009304,0.352486
2023-05-08,246.657000,222.379600,1.109171,24.277400,-0.014862,0.014862,1.000686,-0.853884
2023-05-09,246.701000,222.442200,1.109057,24.258800,-0.050262,0.050262,1.002320,0.163298
2023-05-10,246.830400,222.644200,1.108632,24.186200,-0.139662,0.139662,1.006447,0.411726
2023-05-11,246.942300,222.949600,1.107615,23.992700,-0.349962,0.349962,1.016155,0.964551
2023-05-12,247.038100,222.948900,1.108048,24.089200,-0.270262,0.270262,1.012476,-0.362054
2023-05-15,247.151900,222.967700,1.108465,24.184200,-0.192063,0.192063,1.008866,-0.356530
2023-05-16,247.169900,222.887800,1.108943,24.282100,-0.110963,0.110963,1.005122,-0.371075
2023-05-17,247.203500,222.877600,1.109145,24.325900,-0.083964,0.083964,1.003876,-0.123998
2023-05-18,247.189700,222.759400,1.109671,24.430300,0.003636,-0.003636,0.999832,-0.402808
2023-05-19,247.237200,222.903000,1.109169,24.334200,-0.109265,0.109265,1.005044,0.521250
2023-05-22,247.363000,223.131100,1.108599,24.231900,-0.228366,0.228366,1.010542,0.547023
2023-05-23,247.439200,223.382600,1.107692,24.056600,-0.420466,0.420466,1.019409,0.877508
2023-05-24,247.481200,223.338200,1.108101,24.143000,-0.350867,0.350867,1.016197,-0.315161
2023-05-25,247.493500,223.266900,1.108510,24.226600,-0.284068,0.284068,1.013113,-0.303438
2023-05-26,247.496800,223.215300,1.108781,24.281500,-0.245969,0.245969,1.011354,-0.173594
2023-05-29,247.582700,223.307300,1.108708,24.275400,-0.268870,0.268870,1.012411,0.104526
2023-05-30,247.616500,223.447800,1.108163,24.168700,-0.392371,0.392371,1.018112,0.563105
2023-05-31,247.681000,223.530000,1.108044,24.151000,-0.426872,0.426872,1.019705,0.156427
2023-06-01,247.731000,223.741400,1.107220,23.989600,-0.605073,0.605073,1.027931,0.806700
2023-06-02,247.743500,223.673200,1.107614,24.070300,-0.541174,0.541174,1.024981,-0.286950
2023-06-05,247.794100,223.731100,1.107553,24.063000,-0.565275,0.565275,1.026094,0.108541
2023-06-06,247.841200,223.909500,1.106881,23.931700,-0.713375,0.713375,1.032930,0.666265
2023-06-07,247.926200,224.028800,1.106671,23.897400,-0.764476,0.764476,1.035289,0.228367
2023-06-08,247.978300,223.941600,1.107335,24.036700,-0.641977,0.641977,1.029634,-0.546195
2023-06-09,248.048300,224.066900,1.107028,23.981400,-0.714078,0.714078,1.032963,0.323246
2023-06-12,248.179300,224.233500,1.106790,23.945800,-0.766479,0.766479,1.035382,0.234169
2023-06-13,248.262500,224.386200,1.106407,23.876300,-0.852780,0.852780,1.039365,0.384761
2023-06-14,248.348200,224.579200,1.105838,23.769000,-0.976880,0.976880,1.045094,0.551166
2023-06-15,248.364300,224.328000,1.107148,24.036300,-0.726381,0.726381,1.033531,-1.106439
2023-06-16,248.241900,224.045300,1.107999,24.196600,-0.582882,0.582882,1.026907,-0.640919
2023-06-19,248.157500,223.867500,1.108502,24.290000,-0.506282,0.506282,1.023371,-0.344327
2023-06-20,248.157700,223.953500,1.108077,24.204200,-0.608883,0.608883,1.028107,0.462799
2023-06-21,248.196600,224.143800,1.107310,24.052800,-0.777083,0.777083,1.035871,0.755206
2023-06-26,248.331300,224.321200,1.107034,24.010100,-0.836583,0.836583,1.038618,0.265149
2023-06-27,248.306800,224.219500,1.107427,24.087300,-0.776183,0.776183,1.035830,-0.268446
2023-06-28,248.312400,224.373400,1.106693,23.939000,-0.941284,0.941284,1.043451,0.735759
2023-06-29,248.362800,224.455600,1.106512,23.907200,-0.989884,0.989884,1.045694,0.215001
2023-06-30,248.445700,224.662500,1.105862,23.783200,-1.130683,1.130683,1.052194,0.621547
2023-07-03,248.563600,224.703300,1.106186,23.860300,-1.070383,1.070383,1.049410,-0.264545
2023-07-04,248.613300,224.781000,1.106025,23.832300,-1.115183,1.115183,1.051478,0.197063
2023-07-05,248.682800,224.812800,1.106177,23.870000,-1.094282,1.094282,1.050513,-0.091756
2023-07-06,248.776900,224.908200,1.106126,23.868700,-1.112381,1.112381,1.051349,0.079531
2023-07-07,248.860600,224.960500,1.106241,23.900100,-1.097781,1.097781,1.050675,-0.064107
2023-07-10,248.976000,224.992800,1.106595,23.983200,-1.031480,1.031480,1.047614,-0.291292
2023-07-11,249.072200,225.056000,1.106712,24.016200,-1.015278,1.015278,1.046866,-0.071387
2023-07-12,249.141300,225.013800,1.107227,24.127500,-0.920777,0.920777,1.042504,-0.416700
2023-07-13,249.213300,224.979400,1.107716,24.233900,-0.831175,0.831175,1.038368,-0.396747
2023-07-14,249.233300,224.939900,1.108000,24.293400,-0.788474,0.788474,1.036397,-0.189833
2023-07-17,249.372700,225.087600,1.107892,24.285100,-0.813572,0.813572,1.037555,0.111787
2023-07-18,249.491500,225.195000,1.107891,24.296500,-0.818970,0.818970,1.037805,0.024015
2023-07-19,249.541400,225.243900,1.107872,24.297500,-0.834767,0.834767,1.038534,0.070267
2023-07-20,249.599000,225.262500,1.108036,24.336500,-0.812565,0.812565,1.037509,-0.098687
2023-07-21,249.701800,225.371300,1.107957,24.330500,-0.835362,0.835362,1.038561,0.101430
2023-07-24,249.835000,225.461600,1.108104,24.373400,-0.809259,0.809259,1.037356,-0.116021
2023-07-25,249.657000,225.015100,1.109512,24.641900,-0.557556,0.557556,1.025737,-1.120050
2023-07-26,249.660500,225.076600,1.109225,24.583900,-0.632352,0.632352,1.029190,0.336606
2023-07-27,249.750800,225.296300,1.108544,24.454500,-0.778548,0.778548,1.035939,0.655718
2023-07-28,249.750600,225.238200,1.108829,24.512400,-0.737444,0.737444,1.034041,-0.183158
2023-07-31,249.731500,225.096300,1.109443,24.635200,-0.631440,0.631440,1.029148,-0.473219
2023-08-01,249.769300,225.254400,1.108832,24.514900,-0.768535,0.768535,1.035477,0.614924
2023-08-02,249.837000,225.326500,1.108778,24.510500,-0.789731,0.789731,1.036455,0.094487
2023-08-03,249.938900,225.552400,1.108119,24.386500,-0.930525,0.930525,1.042954,0.627065
2023-08-04,250.063000,225.578200,1.108542,24.484800,-0.849020,0.849020,1.039192,-0.360743
2023-08-07,250.175300,225.648600,1.108694,24.526700,-0.823914,0.823914,1.038033,-0.111520
2023-08-08,250.275800,225.685500,1.108958,24.590300,-0.777108,0.777108,1.035872,-0.208146
2023-08-09,250.344400,225.714400,1.109120,24.630000,-0.754202,0.754202,1.034815,-0.102077
2023-08-10,250.433300,225.679200,1.109687,24.754100,-0.646895,0.646895,1.029862,-0.478675
2023-08-11,250.551700,225.733400,1.109945,24.818300,-0.599488,0.599488,1.027673,-0.212491
2023-08-14,250.732300,225.928500,1.109786,24.803800,-0.630780,0.630780,1.029118,0.140560
2023-08-15,250.885100,226.104300,1.109599,24.780800,-0.670573,0.670573,1.030954,0.178488
2023-08-16,251.012300,226.298100,1.109211,24.714200,-0.753964,0.753964,1.034804,0.373388
2023-08-17,251.053400,226.288900,1.109438,24.764500,-0.720456,0.720456,1.033257,-0.149477
2023-08-18,251.125100,226.346700,1.109471,24.778400,-0.723347,0.723347,1.033391,0.012916
2023-08-21,251.316700,226.551200,1.109315,24.765500,-0.753038,0.753038,1.034761,0.132627
2023-08-22,251.428000,226.523100,1.109944,24.904900,-0.630428,0.630428,1.029101,-0.546967
2023-08-23,251.485500,226.474800,1.110435,25.010700,-0.541418,0.541418,1.024993,-0.399262
2023-08-24,251.550000,226.525800,1.110470,25.024200,-0.544707,0.544707,1.025144,0.014814
2023-08-25,251.628700,226.440200,1.111237,25.188500,-0.397196,0.397196,1.018335,-0.664226
2023-08-28,251.601500,226.135200,1.112615,25.466300,-0.136185,0.136185,1.006287,-1.183165
2023-08-29,251.569900,226.109400,1.112603,25.460500,-0.158773,0.158773,1.007329,0.103618
2023-08-30,251.590600,226.239000,1.112057,25.351600,-0.284461,0.284461,1.013131,0.575967
2023-08-31,251.638300,226.439300,1.111284,25.199000,-0.453848,0.453848,1.020950,0.771777
2023-09-01,251.633800,226.239400,1.112246,25.394400,-0.275235,0.275235,1.012705,-0.807580
2023-09-04,251.502500,225.909300,1.113290,25.593200,-0.093221,0.093221,1.004303,-0.829655
2023-09-05,251.506800,225.982700,1.112947,25.524100,-0.179107,0.179107,1.008268,0.394760
2023-09-06,251.382800,225.766900,1.113462,25.615900,-0.104092,0.104092,1.004805,-0.343437
2023-09-07,251.114300,225.614800,1.113022,25.499500,-0.237277,0.237277,1.010953,0.611856
2023-09-08,250.820100,225.596400,1.111809,25.223700,-0.529862,0.529862,1.024459,1.335970
2023-09-11,250.616300,225.599500,1.110890,25.016800,-0.753546,0.753546,1.034785,1.007898
2023-09-12,250.657100,225.833400,1.109920,24.823700,-0.963429,0.963429,1.044473,0.936277
2023-09-13,250.837600,225.991400,1.109943,24.846200,-0.957712,0.957712,1.044209,-0.025268
2023-09-14,251.021100,226.059100,1.110422,24.962000,-0.858694,0.858694,1.039638,-0.437726
2023-09-15,251.149500,226.083900,1.110869,25.065600,-0.771876,0.771876,1.035631,-0.385483
2023-09-18,251.156400,225.822700,1.112184,25.333700,-0.520557,0.520557,1.024030,-1.120203
2023-09-19,251.150100,225.812900,1.112204,25.337200,-0.533837,0.533837,1.024643,0.059866
2023-09-20,251.199500,225.799800,1.112488,25.399700,-0.488117,0.488117,1.022532,-0.205973
2023-09-21,251.289300,225.934700,1.112221,25.354600,-0.549997,0.549997,1.025389,0.279348
2023-09-22,251.338800,225.912100,1.112551,25.426700,-0.494676,0.494676,1.022835,-0.249046
2023-09-25,251.423200,225.814000,1.113408,25.609200,-0.328954,0.328954,1.015185,-0.747912
2023-09-26,251.356900,225.668100,1.113834,25.688800,-0.266132,0.266132,1.012285,-0.285657
2023-09-27,251.368800,225.707700,1.113692,25.661100,-0.310609,0.310609,1.014338,0.202819
2023-09-28,251.508600,225.985800,1.112940,25.522800,-0.465685,0.465685,1.021497,0.705731
2023-10-09,251.894500,226.191800,1.113632,25.702700,-0.302561,0.302561,1.013967,-0.737154
2023-10-10,251.904100,226.016600,1.114538,25.887500,-0.134536,0.134536,1.006210,-0.764938
2023-10-11,251.874600,225.797700,1.115488,26.076900,0.038090,-0.038090,0.998242,-0.791941
2023-10-12,251.851100,225.739900,1.115669,26.111200,0.055616,-0.055616,0.997433,-0.081045
2023-10-13,251.905000,225.937200,1.114934,25.967800,-0.104558,0.104558,1.004827,0.741280
2023-10-16,252.021400,226.014800,1.115066,26.006600,-0.082530,0.082530,1.003810,-0.101193
2023-10-17,252.031000,225.837300,1.115985,26.193700,0.087798,-0.087798,0.995947,-0.783270
2023-10-18,252.043100,225.774600,1.116348,26.268500,0.145827,-0.145827,0.993269,-0.268958
2023-10-19,251.955500,225.525900,1.117191,26.429600,0.290157,-0.290157,0.986606,-0.670757
2023-10-20,251.912300,225.495000,1.117152,26.417300,0.261087,-0.261087,0.987948,0.136011
2023-10-23,251.983400,225.747100,1.116220,26.236300,0.063318,-0.063318,0.997077,0.924061
2023-10-24,251.945200,225.643400,1.116564,26.301800,0.112050,-0.112050,0.994828,-0.225611
2023-10-25,251.984300,225.962700,1.115159,26.021600,-0.184918,0.184918,1.008536,1.377963
2023-10-26,252.060200,226.117800,1.114730,25.942400,-0.280885,0.280885,1.012966,0.439244
2023-10-27,252.132300,226.082300,1.115224,26.050000,-0.190051,0.190051,1.008773,-0.413933
2023-10-30,252.276500,226.247000,1.115049,26.029500,-0.227316,0.227316,1.010493,0.170525
2023-10-31,252.345700,226.398900,1.114607,25.946800,-0.326780,0.326780,1.015085,0.454372
2023-11-01,252.430900,226.364600,1.115152,26.066300,-0.224044,0.224044,1.010342,-0.467195
2023-11-02,252.552200,226.512900,1.114957,26.039300,-0.267807,0.267807,1.012362,0.199947
2023-11-03,252.642300,226.445600,1.115687,26.196700,-0.127169,0.127169,1.005870,-0.641273
2023-11-06,252.772400,226.451100,1.116234,26.321300,-0.019330,0.019330,1.000892,-0.494890
2023-11-07,252.850400,226.407900,1.116791,26.442500,0.085109,-0.085109,0.996071,-0.481675
2023-11-08,252.902200,226.335900,1.117376,26.566300,0.192149,-0.192149,0.991130,-0.496059
2023-11-09,253.002800,226.423800,1.117386,26.579000,0.188090,-0.188090,0.991318,0.018904
2023-11-10,253.141700,226.444700,1.117896,26.697000,0.289332,-0.289332,0.986644,-0.471438
2023-11-13,253.313400,226.581100,1.117981,26.732300,0.307875,-0.307875,0.985788,-0.086754
2023-11-14,253.423400,226.554100,1.118600,26.869300,0.428119,-0.428119,0.980238,-0.563061
2023-11-15,253.499900,226.604200,1.118690,26.895700,0.437764,-0.437764,0.979792,-0.045418
2023-11-16,253.612600,226.720800,1.118612,26.891800,0.417109,-0.417109,0.980746,0.097310
2023-11-17,253.708500,226.730400,1.118988,26.978100,0.486655,-0.486655,0.977536,-0.327336
2023-11-20,253.856000,226.743500,1.119573,27.112500,0.604302,-0.604302,0.972105,-0.555553
2023-11-21,253.947100,226.697300,1.120203,27.249800,0.724851,-0.724851,0.966540,-0.572432
2023-11-22,253.955200,226.600600,1.120717,27.354600,0.812900,-0.812900,0.962476,-0.420515
2023-11-23,253.911300,226.389100,1.121570,27.522200,0.963750,-0.963750,0.955512,-0.723489
2023-11-24,253.898500,226.394800,1.121486,27.503700,0.928500,-0.928500,0.957139,0.170290
2023-11-27,253.921700,226.313300,1.121992,27.608400,1.016452,-1.016452,0.953080,-0.424176
2023-11-28,253.953000,226.373100,1.121834,27.579900,0.971205,-0.971205,0.955168,0.219149
2023-11-29,253.967700,226.377700,1.121876,27.590000,0.964559,-0.964559,0.955475,0.032120
2023-11-30,254.038300,226.523400,1.121466,27.514900,0.872713,-0.872713,0.959715,0.443725
2023-12-01,254.096000,226.497600,1.121849,27.598400,0.939469,-0.939469,0.956633,-0.321087
2023-12-04,254.177300,226.472800,1.122330,27.704500,1.028825,-1.028825,0.952508,-0.431179
2023-12-05,254.169100,226.397400,1.122668,27.771700,1.079283,-1.079283,0.950179,-0.244531
2023-12-06,254.146900,226.374800,1.122682,27.772100,1.062942,-1.062942,0.950934,0.079389
2023-12-07,254.182900,226.440000,1.122518,27.742900,1.017001,-1.017001,0.953054,0.223008
2023-12-08,254.207700,226.598800,1.121840,27.608900,0.866262,-0.866262,0.960012,0.730106
2023-12-11,254.301900,226.785300,1.121333,27.516600,0.757223,-0.757223,0.965046,0.524299
2023-12-12,254.321700,226.860100,1.121051,27.461600,0.685486,-0.685486,0.968357,0.343142
2023-12-13,254.437400,227.146200,1.120148,27.291200,0.498350,-0.498350,0.976996,0.892070
2023-12-14,254.563300,227.206400,1.120405,27.356900,0.547314,-0.547314,0.974735,-0.231349
2023-12-15,254.700800,227.329100,1.120406,27.371700,0.545380,-0.545380,0.974825,0.009160
2023-12-18,254.856500,227.452200,1.120484,27.404300,0.561247,-0.561247,0.974092,-0.075134
2023-12-19,254.942800,227.358700,1.121324,27.584100,0.724315,-0.724315,0.966565,-0.772760
2023-12-20,255.009900,227.332400,1.121749,27.677500,0.800984,-0.800984,0.963026,-0.366155
2023-12-21,255.084100,227.344800,1.122014,27.739300,0.846054,-0.846054,0.960945,-0.216036
2023-12-22,255.231700,227.548800,1.121657,27.682900,0.772925,-0.772925,0.964321,0.351291
2023-12-25,255.385000,227.700900,1.121581,27.684100,0.757397,-0.757397,0.965038,0.074330
2023-12-26,255.508500,228.028600,1.120511,27.479900,0.536470,-0.536470,0.975236,1.056770
2023-12-27,255.686600,228.222600,1.120339,27.464000,0.503845,-0.503845,0.976742,0.154428
2023-12-28,255.881000,228.391200,1.120363,27.489800,0.512920,-0.512920,0.976323,-0.042891
2023-12-29,256.099400,228.303100,1.121752,27.796300,0.802697,-0.802697,0.962947,-1.370081
2024-01-02,256.278600,228.168300,1.123200,28.110300,1.099975,-1.099975,0.949224,-1.425071
2024-01-03,256.279000,228.051000,1.123779,28.228000,1.200953,-1.200953,0.944563,-0.491064
2024-01-04,256.387600,228.179200,1.123624,28.208400,1.164634,-1.164634,0.946239,0.177497
2024-01-05,256.495800,228.264500,1.123678,28.231300,1.170815,-1.170815,0.945954,-0.030154
2024-01-08,256.675500,228.307400,1.124254,28.368100,1.290897,-1.290897,0.940411,-0.585984
2024-01-09,256.830400,228.381800,1.124566,28.448600,1.354681,-1.354681,0.937467,-0.313089
2024-01-10,256.900200,228.320100,1.125176,28.580100,1.469466,-1.469466,0.932168,-0.565204
2024-01-11,256.960900,228.274500,1.125666,28.686400,1.559051,-1.559051,0.928033,-0.443631
2024-01-12,256.993000,228.210300,1.126124,28.782700,1.638639,-1.638639,0.924359,-0.395873
2024-01-15,257.080400,228.251300,1.126304,28.829100,1.668327,-1.668327,0.922988,-0.148259
2024-01-16,257.129100,228.213000,1.126707,28.916100,1.738616,-1.738616,0.919744,-0.351537
2024-01-17,257.202200,228.302500,1.126585,28.899700,1.705507,-1.705507,0.921272,0.166172
2024-01-18,257.290400,228.429000,1.126347,28.861400,1.650499,-1.650499,0.923811,0.275622
2024-01-19,257.381800,228.535100,1.126224,28.846700,1.619092,-1.619092,0.925261,0.156934
2024-01-22,257.549900,228.707800,1.126109,28.842100,1.597787,-1.597787,0.926244,0.106293
2024-01-23,257.613900,228.656800,1.126640,28.957100,1.696083,-1.696083,0.921707,-0.489875
2024-01-24,257.690000,228.686200,1.126828,29.003800,1.726080,-1.726080,0.920322,-0.150231
2024-01-25,257.811200,229.003500,1.125796,28.807700,1.513278,-1.513278,0.930145,1.067362
2024-01-26,257.895100,229.019100,1.126086,28.876000,1.564877,-1.564877,0.927764,-0.256077
2024-01-29,258.030800,229.156600,1.126002,28.874200,1.546378,-1.546378,0.928618,0.092044
2024-01-30,258.218700,229.494800,1.125161,28.723900,1.379380,-1.379380,0.936326,0.830139
2024-01-31,258.419400,229.624800,1.125398,28.794600,1.433383,-1.433383,0.933834,-0.266238
2024-02-01,258.535600,229.564000,1.126203,28.971600,1.593688,-1.593688,0.926434,-0.792415
2024-02-02,258.619900,229.539500,1.126690,29.080400,1.685794,-1.685794,0.922182,-0.458933
2024-02-05,258.826900,229.705000,1.126780,29.121900,1.710601,-1.710601,0.921037,-0.124176
2024-02-06,258.791900,229.461400,1.127823,29.330500,1.902509,-1.902509,0.912178,-0.961820
2024-02-07,258.873000,229.503700,1.127969,29.369300,1.924619,-1.924619,0.911157,-0.111888
2024-02-08,258.927300,229.609200,1.127687,29.318100,1.856730,-1.856730,0.914291,0.343939
2024-02-19,259.193000,229.764200,1.128083,29.428800,1.950743,-1.950743,0.909952,-0.474654
2024-02-20,259.309100,229.943400,1.127708,29.365700,1.870957,-1.870957,0.913635,0.404749
2024-02-21,259.398000,230.097900,1.127338,29.300100,1.788672,-1.788672,0.917433,0.415742
2024-02-22,259.530000,230.260100,1.127117,29.269900,1.741788,-1.741788,0.919597,0.235897
2024-02-23,259.696100,230.527400,1.126530,29.168700,1.623906,-1.623906,0.925039,0.591735
2024-02-26,259.885300,230.586700,1.127061,29.298600,1.737125,-1.737125,0.919812,-0.564984
2024-02-27,260.016200,230.679600,1.127175,29.336600,1.758446,-1.758446,0.918828,-0.106998
2024-02-28,260.105400,230.721100,1.127359,29.384300,1.789468,-1.789468,0.917396,-0.155851
2024-02-29,260.256400,230.899300,1.127142,29.357100,1.745591,-1.745591,0.919422,0.220777
2024-03-01,260.220300,230.582600,1.128534,29.637700,2.009516,-2.009516,0.907239,-1.325079
2024-03-04,260.323900,230.660200,1.128603,29.663700,2.018842,-2.018842,0.906808,-0.047452
2024-03-05,260.366900,230.729900,1.128449,29.637000,1.975469,-1.975469,0.908810,0.220788
2024-03-06,260.417900,231.211200,1.126320,29.206700,1.528498,-1.528498,0.929443,2.270297
2024-03-07,260.501400,231.173900,1.126863,29.327500,1.632628,-1.632628,0.924636,-0.517167
2024-03-08,260.540300,231.053600,1.127618,29.486700,1.775160,-1.775160,0.918057,-0.711569
2024-03-11,260.631200,230.985400,1.128345,29.645800,1.917593,-1.917593,0.911482,-0.716172
2024-03-12,260.544200,230.665600,1.129532,29.878600,2.133727,-2.133727,0.901505,-1.094592
2024-03-13,260.442900,230.476300,1.130020,29.966600,2.205063,-2.205063,0.898212,-0.365272
2024-03-14,260.401800,230.482500,1.129812,29.919300,2.141100,-2.141100,0.901164,0.328719
2024-03-15,260.422600,230.528100,1.129678,29.894500,2.099639,-2.099639,0.903078,0.212381
2024-03-18,260.544400,230.835600,1.128701,29.708800,1.897279,-1.897279,0.912420,1.034369
2024-03-19,260.615800,231.025300,1.128083,29.590500,1.762321,-1.762321,0.918649,0.682782
2024-03-20,260.685300,230.978400,1.128613,29.706900,1.862064,-1.862064,0.914045,-0.501198
2024-03-21,260.746700,231.000400,1.128772,29.746300,1.884808,-1.884808,0.912995,-0.114864
2024-03-22,260.822700,231.085800,1.128683,29.736900,1.858754,-1.858754,0.914198,0.131730
2024-03-25,260.862400,230.995400,1.129297,29.867000,1.972201,-1.972201,0.908961,-0.572836
2024-03-26,260.881900,231.023800,1.129243,29.858100,1.946650,-1.946650,0.910141,0.129760
2024-03-27,260.947800,231.254200,1.128402,29.693600,1.765500,-1.765500,0.918503,0.918768
2024-03-28,261.031600,231.338800,1.128352,29.692800,1.748052,-1.748052,0.919308,0.087690
2024-03-29,261.116800,231.385900,1.128491,29.730900,1.769505,-1.769505,0.918318,-0.107723
2024-04-01,261.217300,231.335800,1.129169,29.881500,1.903460,-1.903460,0.912134,-0.673351
2024-04-02,261.317100,231.500700,1.128796,29.816400,1.821716,-1.821716,0.915908,0.413688
2024-04-03,261.460400,231.625500,1.128807,29.834900,1.823574,-1.823574,0.915822,-0.009362
2024-04-08,261.669400,231.786700,1.128923,29.882700,1.854733,-1.854733,0.914384,-0.157055
2024-04-09,261.841600,231.992400,1.128665,29.849200,1.804594,-1.804594,0.916698,0.253120
2024-04-10,261.982900,232.003800,1.129218,29.979100,1.917856,-1.917856,0.911470,-0.570341
2024-04-11,262.118100,232.192300,1.128884,29.925800,1.847919,-1.847919,0.914698,0.354191
2024-04-12,262.316400,232.455300,1.128460,29.861100,1.766584,-1.766584,0.918453,0.410465
2024-04-15,262.522500,232.423000,1.129503,30.099500,1.988351,-1.988351,0.908216,-1.114592
2024-04-16,262.581200,232.358800,1.130068,30.222400,2.094619,-2.094619,0.903310,-0.540120
2024-04-17,262.711300,232.469800,1.130088,30.241500,2.097089,-2.097089,0.903196,-0.012620
2024-04-18,262.863300,232.659700,1.129819,30.203600,2.042560,-2.042560,0.905713,0.278690
2024-04-19,263.020800,232.811000,1.129761,30.209800,2.032132,-2.032132,0.906195,0.053145
2024-04-22,263.241800,232.937100,1.130098,30.304700,2.110406,-2.110406,0.902581,-0.398725
2024-04-23,263.453300,233.132100,1.130060,30.321200,2.110282,-2.110282,0.902587,0.000636
2024-04-24,263.380400,232.909400,1.130828,30.471000,2.243459,-2.243459,0.896439,-0.681110
2024-04-25,263.327500,232.975700,1.130279,30.351800,2.107638,-2.107638,0.902709,0.699396
2024-04-26,263.193800,232.647600,1.131298,30.546200,2.285418,-2.285418,0.894503,-0.909101
2024-04-29,262.882000,231.953100,1.133341,30.928900,2.651500,-2.651500,0.877604,-1.889178
2024-04-30,263.048900,232.467900,1.131549,30.581000,2.286983,-2.286983,0.894430,1.917323
2024-05-06,263.262000,232.781300,1.130941,30.480700,2.170068,-2.170068,0.899827,0.603394
2024-05-07,263.497500,233.039900,1.130697,30.457600,2.130354,-2.130354,0.901661,0.203731
2024-05-08,263.651700,232.990500,1.131598,30.661200,2.317342,-2.317342,0.893029,-0.957297
2024-05-09,263.651600,232.833000,1.132364,30.818600,2.458132,-2.458132,0.886530,-0.727748
2024-05-10,263.662700,232.819700,1.132476,30.843000,2.465923,-2.465923,0.886170,-0.040567
2024-05-13,263.794900,232.995000,1.132191,30.799900,2.406215,-2.406215,0.888926,0.311020
2024-05-14,263.933800,233.179400,1.131892,30.754400,2.344109,-2.344109,0.891793,0.322511
2024-05-15,264.022600,233.167800,1.132329,30.854800,2.427905,-2.427905,0.887925,-0.433744
2024-05-16,264.035500,233.105500,1.132687,30.930000,2.486502,-2.486502,0.885220,-0.304633
2024-05-17,264.025600,233.120300,1.132572,30.905300,2.445200,-2.445200,0.887127,0.215372
2024-05-20,264.156300,233.242200,1.132541,30.914100,2.437401,-2.437401,0.887487,0.040586
2024-05-21,264.181800,233.127800,1.133206,31.054000,2.560702,-2.560702,0.881795,-0.641333
2024-05-22,264.273800,233.224000,1.133133,31.049800,2.539906,-2.539906,0.882755,0.108869
2024-05-23,264.385500,233.354000,1.132980,31.031500,2.505011,-2.505011,0.884366,0.182474
2024-05-24,264.425400,233.302800,1.133400,31.122600,2.579517,-2.579517,0.880927,-0.388900
2024-05-27,264.515700,233.305400,1.133774,31.210300,2.650625,-2.650625,0.877644,-0.372610
2024-05-28,264.592100,233.409000,1.133599,31.183100,2.606835,-2.606835,0.879666,0.230323
2024-05-29,264.719400,233.551700,1.133451,31.167700,2.574846,-2.574846,0.881142,0.167864
2024-05-30,264.806600,233.565400,1.133758,31.241200,2.631758,-2.631758,0.878515,-0.298153
2024-05-31,264.849200,233.547300,1.134028,31.301900,2.675872,-2.675872,0.876479,-0.231796
2024-06-03,264.988800,233.763000,1.133579,31.225800,2.583188,-2.583188,0.880757,0.488136
2024-06-04,265.051800,233.799300,1.133672,31.252500,2.593306,-2.593306,0.880290,-0.053026
2024-06-05,265.140800,233.934800,1.133396,31.206000,2.530224,-2.530224,0.883202,0.330788
2024-06-06,265.245800,233.996200,1.133547,31.249600,2.557245,-2.557245,0.881955,-0.141224
2024-06-07,265.334200,233.970700,1.134049,31.363500,2.654567,-2.654567,0.877462,-0.509379
2024-06-11,265.452500,234.075500,1.134046,31.377000,2.651490,-2.651490,0.877604,0.016185
2024-06-12,265.509900,234.082700,1.134257,31.427200,2.685115,-2.685115,0.876052,-0.176865
2024-06-13,265.559800,234.087400,1.134447,31.472400,2.713742,-2.713742,0.874731,-0.150840
2024-06-14,265.638400,234.086200,1.134789,31.552200,2.776970,-2.776970,0.871812,-0.333667
2024-06-17,265.730000,234.106600,1.135081,31.623400,2.831600,-2.831600,0.869290,-0.289256
2024-06-18,265.792900,234.182900,1.134980,31.610000,2.801631,-2.801631,0.870674,0.159140
2024-06-19,265.812100,234.344100,1.134281,31.468000,2.643064,-2.643064,0.877993,0.840687
2024-06-20,265.865000,234.488200,1.133810,31.376800,2.535298,-2.535298,0.882968,0.566585
2024-06-21,265.871800,234.381300,1.134356,31.490500,2.632434,-2.632434,0.878484,-0.507822
2024-06-24,265.923100,234.491100,1.134043,31.432000,2.557372,-2.557372,0.881949,0.394426
2024-06-25,265.981800,234.693300,1.133317,31.288500,2.397311,-2.397311,0.889338,0.837758
2024-06-26,266.010700,234.809100,1.132881,31.201600,2.293851,-2.293851,0.894113,0.537007
2024-06-27,266.080400,234.975900,1.132373,31.104500,2.180194,-2.180194,0.899360,0.586791
2024-06-28,266.170500,235.057300,1.132364,31.113200,2.172337,-2.172337,0.899723,0.040324
2024-07-01,266.226300,234.999500,1.132880,31.226800,2.269382,-2.269382,0.895243,-0.497900
2024-07-02,266.243900,235.018300,1.132865,31.225600,2.251629,-2.251629,0.896062,0.091541
2024-07-03,266.302900,235.241200,1.132042,31.061700,2.071177,-2.071177,0.904392,0.929607
2024-07-04,266.385300,235.234400,1.132425,31.150900,2.143827,-2.143827,0.901039,-0.370812
2024-07-05,266.406100,235.057600,1.133365,31.348500,2.324879,-2.324879,0.892681,-0.927545
2024-07-08,266.362300,234.746900,1.134679,31.615400,2.575232,-2.575232,0.881124,-1.294591
2024-07-09,266.430500,234.976400,1.133861,31.454100,2.397386,-2.397386,0.889334,0.931713
2024-07-10,266.492000,235.010900,1.133956,31.481100,2.407842,-2.407842,0.888851,-0.054272
2024-07-11,266.587900,235.075300,1.134053,31.512600,2.422799,-2.422799,0.888161,-0.077679
2024-07-12,266.674600,235.181600,1.133909,31.493000,2.386658,-2.386658,0.889829,0.187839
2024-07-15,266.810700,235.292100,1.133955,31.518600,2.395719,-2.395719,0.889411,-0.047003
2024-07-16,266.881000,235.342900,1.134009,31.538100,2.398681,-2.398681,0.889274,-0.015373
2024-07-17,266.930300,235.374900,1.134064,31.555400,2.399444,-2.399444,0.889239,-0.003963
2024-07-18,266.965100,235.349200,1.134336,31.615900,2.443409,-2.443409,0.887210,-0.228226
2024-07-19,267.010400,235.392900,1.134318,31.617500,2.428476,-2.428476,0.887899,0.077698
2024-07-22,267.169900,235.788000,1.133094,31.381900,2.176344,-2.176344,0.899538,1.310813
2024-07-23,267.294400,236.040500,1.132409,31.253900,2.031813,-2.031813,0.906209,0.741680
2024-07-24,267.369800,236.061300,1.132629,31.308500,2.069884,-2.069884,0.904452,-0.193929
2024-07-25,267.496400,236.117500,1.132895,31.378900,2.123757,-2.123757,0.901965,-0.274953
2024-07-26,267.586200,236.125900,1.133235,31.460300,2.188631,-2.188631,0.898970,-0.332015
2024-07-29,267.719300,236.194700,1.133469,31.524600,2.236406,-2.236406,0.896765,-0.245322
2024-07-30,267.861000,236.258400,1.133763,31.602600,2.297883,-2.297883,0.893927,-0.316454
2024-07-31,267.957200,236.497500,1.133023,31.459700,2.138462,-2.138462,0.901286,0.823230
2024-08-01,268.105000,236.639700,1.132967,31.465300,2.127542,-2.127542,0.901790,0.055929
2024-08-02,268.197700,236.738700,1.132885,31.459000,2.104723,-2.104723,0.902844,0.116805
2024-08-05,268.346900,236.815500,1.133148,31.531400,2.160606,-2.160606,0.900264,-0.285721
2024-08-06,268.319700,236.697500,1.133598,31.622200,2.234890,-2.234890,0.896835,-0.380894
2024-08-07,268.369800,236.803000,1.133304,31.566800,2.162976,-2.162976,0.900155,0.370151
2024-08-08,268.298000,236.661700,1.133677,31.636300,2.215963,-2.215963,0.897709,-0.271726
2024-08-09,268.106700,236.380700,1.134216,31.726000,2.289152,-2.289152,0.894330,-0.376344
2024-08-12,267.735000,235.923000,1.134841,31.812000,2.358642,-2.358642,0.891123,-0.358675
2024-08-13,267.753800,236.144400,1.133856,31.609400,2.139534,-2.139534,0.901237,1.135006
2024-08-14,267.966500,236.472500,1.133183,31.494000,2.007627,-2.007627,0.907326,0.675624
2024-08-15,268.005400,236.226600,1.134527,31.778800,2.275921,-2.275921,0.894941,-1.364976
2024-08-16,268.047700,236.155900,1.135046,31.891800,2.372417,-2.372417,0.890487,-0.497727
2024-08-19,268.086500,236.181200,1.135088,31.905300,2.369414,-2.369414,0.890625,0.015565
2024-08-20,268.052600,236.207300,1.134819,31.845300,2.292913,-2.292913,0.894157,0.396506
2024-08-21,267.917900,236.102200,1.134754,31.815700,2.246813,-2.246813,0.896285,0.237992
2024-08-22,267.892400,236.253200,1.133921,31.639200,2.053815,-2.053815,0.905194,0.993995
2024-08-23,267.748800,236.303000,1.133074,31.445800,1.843918,-1.843918,0.914883,1.070388
2024-08-26,267.597800,236.476400,1.131605,31.121400,1.503022,-1.503022,0.930619,1.720016
2024-08-27,267.275000,236.252500,1.131311,31.022500,1.387628,-1.387628,0.935946,0.572386
2024-08-28,267.277200,236.289500,1.131143,30.987700,1.336335,-1.336335,0.938313,0.252978
2024-08-29,267.357000,236.349400,1.131194,31.007600,1.339743,-1.339743,0.938156,-0.016768
2024-08-30,267.427300,236.336900,1.131551,31.090400,1.406053,-1.406053,0.935095,-0.326272
2024-09-02,267.643300,236.734200,1.130565,30.909100,1.208264,-1.208264,0.944225,0.976388
2024-09-03,267.758200,236.876500,1.130370,30.881700,1.164377,-1.164377,0.946251,0.214556
2024-09-04,267.851200,237.015600,1.130099,30.835600,1.101791,-1.101791,0.949140,0.305315
2024-09-05,267.927400,237.060300,1.130208,30.867100,1.116806,-1.116806,0.948447,-0.073026
2024-09-06,267.964500,237.032800,1.130495,30.931700,1.164923,-1.164923,0.946226,-0.234185
2024-09-09,268.038500,237.154600,1.130227,30.883900,1.100641,-1.100641,0.949193,0.313596
2024-09-10,268.016600,237.208400,1.129878,30.808200,1.008460,-1.008460,0.953448,0.448293
2024-09-11,267.995900,237.405700,1.128852,30.590200,0.773981,-0.773981,0.964272,1.135230
2024-09-12,267.982000,237.463500,1.128519,30.518500,0.685803,-0.685803,0.968343,0.422121
2024-09-13,267.982400,237.507000,1.128314,30.475400,0.626226,-0.626226,0.971093,0.284004
2024-09-18,268.129200,237.648000,1.128262,30.481200,0.615551,-0.615551,0.971586,0.050746
2024-09-19,268.116100,237.608200,1.128396,30.507900,0.625777,-0.625777,0.971114,-0.048584
2024-09-20,268.057900,237.594300,1.128217,30.463600,0.565004,-0.565004,0.973919,0.288879
2024-09-23,268.065000,237.711500,1.127690,30.353500,0.438432,-0.438432,0.979762,0.599915
2024-09-24,268.031200,237.731100,1.127455,30.300100,0.368562,-0.368562,0.982987,0.329191
2024-09-25,268.089000,238.043800,1.126217,30.045200,0.097193,-0.097193,0.995514,1.274350
2024-09-26,268.089900,238.178600,1.125583,29.911300,-0.053174,0.053174,1.002455,0.697242
2024-09-27,267.692100,237.332100,1.127922,30.360000,0.379059,-0.379059,0.982502,-1.990354
2024-09-30,266.643600,237.135700,1.124435,29.507900,-0.489506,0.489506,1.022596,4.080800
2024-10-08,266.185200,236.774900,1.124212,29.410300,-0.603570,0.603570,1.027862,0.514897
2024-10-09,265.379900,236.741900,1.120967,28.638000,-1.392332,1.392332,1.064272,3.542323
2024-10-10,265.609300,237.271700,1.119431,28.337600,-1.709194,1.709194,1.078898,1.374337
2024-10-11,266.122200,237.620000,1.119949,28.502200,-1.561054,1.561054,1.072060,-0.633823
2024-10-14,267.064300,237.750100,1.123298,29.314200,-0.765513,0.765513,1.035337,-3.425468
2024-10-15,267.424600,237.764000,1.124748,29.660600,-0.435570,0.435570,1.020107,-1.471068
2024-10-16,267.550100,237.769800,1.125248,29.780300,-0.332327,0.332327,1.015341,-0.467190
2024-10-17,267.688200,237.811400,1.125632,29.876800,-0.252282,0.252282,1.011646,-0.363913
2024-10-18,267.784200,237.842300,1.125890,29.941900,-0.203636,0.203636,1.009400,-0.221970
2024-10-21,267.811900,237.714400,1.126612,30.097500,-0.064489,0.064489,1.002977,-0.636337
2024-10-22,267.700000,237.530400,1.127014,30.169600,-0.008841,0.008841,1.000408,-0.256117
2024-10-23,267.365500,237.312300,1.126640,30.053200,-0.141691,0.141691,1.006541,0.613003
2024-10-24,267.325500,237.395900,1.126075,29.929600,-0.281740,0.281740,1.013006,0.642282
2024-10-25,267.197200,237.406700,1.125483,29.790500,-0.437289,0.437289,1.020186,0.708809
2024-10-28,267.088600,237.533800,1.124424,29.554800,-0.689436,0.689436,1.031825,1.140909
2024-10-29,267.000000,237.557100,1.123940,29.442900,-0.817781,0.817781,1.037750,0.574185
2024-10-30,266.928900,237.557900,1.123637,29.371000,-0.906126,0.906126,1.041828,0.392974
2024-10-31,266.932500,237.608900,1.123411,29.323600,-0.969969,0.969969,1.044775,0.282876
2024-11-01,267.090100,237.810200,1.123123,29.279900,-1.030112,1.030112,1.047551,0.265726
2024-11-04,267.230600,237.917000,1.123209,29.313600,-1.012853,1.012853,1.046755,-0.076052
2024-11-05,267.248000,237.910300,1.123314,29.337700,-1.005193,1.005193,1.046401,-0.033780
2024-11-06,267.334400,237.926700,1.123600,29.407700,-0.951632,0.951632,1.043928,-0.236281
2024-11-07,267.429600,238.055100,1.123394,29.374500,-1.001269,1.001269,1.046220,0.219492
2024-11-08,267.508200,238.062600,1.123688,29.445600,-0.946606,0.946606,1.043697,-0.241185
2024-11-11,267.658600,238.123600,1.124032,29.535000,-0.873642,0.873642,1.040328,-0.322711
2024-11-12,267.787300,238.248700,1.123982,29.538600,-0.886476,0.886476,1.040921,0.056948
2024-11-13,267.875400,238.257400,1.124311,29.618000,-0.823509,0.823509,1.038014,-0.279235
2024-11-14,267.942800,238.262000,1.124572,29.680800,-0.777141,0.777141,1.035874,-0.206200
2024-11-15,268.052000,238.311200,1.124798,29.740800,-0.733573,0.733573,1.033863,-0.194154
2024-11-18,268.111800,238.262100,1.125281,29.849700,-0.641103,0.641103,1.029594,-0.412871
2024-11-19,268.180800,238.268000,1.125543,29.912800,-0.594432,0.594432,1.027440,-0.209246
2024-11-20,268.266800,238.307000,1.125719,29.959800,-0.563859,0.563859,1.026028,-0.137355
2024-11-21,268.350600,238.398800,1.125637,29.951800,-0.588286,0.588286,1.027156,0.109896
2024-11-22,268.500700,238.427500,1.126131,30.073200,-0.483312,0.483312,1.022310,-0.471762
2024-11-25,268.677000,238.532200,1.126376,30.144800,-0.428137,0.428137,1.019763,-0.249137
2024-11-26,268.823200,238.577500,1.126775,30.245700,-0.343660,0.343660,1.015864,-0.382395
2024-11-27,268.963000,238.597100,1.127269,30.365900,-0.239883,0.239883,1.011073,-0.471568
2024-11-28,269.054400,238.693000,1.127199,30.361400,-0.260804,0.260804,1.012039,0.095518
2024-11-29,269.253400,238.930700,1.126910,30.322700,-0.315925,0.315925,1.014584,0.251415
2024-12-02,269.672300,239.554700,1.125723,30.117600,-0.537444,0.537444,1.024809,1.007861
2024-12-03,269.808700,239.527000,1.126423,30.281700,-0.389763,0.389763,1.017992,-0.665212
2024-12-04,270.022000,239.658900,1.126693,30.363100,-0.324780,0.324780,1.014992,-0.294666
2024-12-05,270.169500,239.670800,1.127252,30.498700,-0.205596,0.205596,1.009491,-0.542039
2024-12-06,270.281100,239.662800,1.127756,30.618300,-0.102412,0.102412,1.004728,-0.471834
2024-12-09,270.411500,239.812700,1.127595,30.598800,-0.138326,0.138326,1.006385,0.165004
2024-12-10,270.752300,240.384100,1.126332,30.368200,-0.385339,0.385339,1.017788,1.133007
2024-12-11,270.773600,240.426000,1.126224,30.347600,-0.422351,0.422351,1.019496,0.167867
2024-12-12,270.854600,240.733800,1.125121,30.120800,-0.665563,0.665563,1.030723,1.101221
2024-12-13,271.079000,241.262200,1.123587,29.816800,-0.985973,0.985973,1.045514,1.434964
2024-12-16,271.302300,241.540700,1.123216,29.761600,-1.057582,1.057582,1.048819,0.316167
2024-12-17,271.247000,241.403800,1.123624,29.843200,-0.992391,0.992391,1.045810,-0.286925
2024-12-18,271.172400,241.429100,1.123197,29.743300,-1.108698,1.108698,1.051179,0.513371
2024-12-19,271.109400,241.550200,1.122373,29.559200,-1.309205,1.309205,1.060434,0.880497
2024-12-20,271.245400,241.981600,1.120934,29.263800,-1.621010,1.621010,1.074828,1.357301
2024-12-23,271.386700,242.222800,1.120401,29.163900,-1.737315,1.737315,1.080197,0.499498
2024-12-24,271.298200,242.148400,1.120380,29.149800,-1.767818,1.767818,1.081605,0.130354
2024-12-25,271.246600,241.900500,1.121315,29.346100,-1.587921,1.587921,1.073300,-0.767773
2024-12-26,271.228200,241.884100,1.121315,29.344100,-1.606322,1.606322,1.074150,0.079143
2024-12-27,271.376100,242.159300,1.120651,29.216800,-1.750023,1.750023,1.080783,0.617548
2024-12-30,271.454900,242.123600,1.121142,29.331300,-1.651923,1.651923,1.076255,-0.418994
2024-12-31,271.637900,242.142800,1.121809,29.495100,-1.504521,1.504521,1.069451,-0.632211
2025-01-02,271.944400,242.292900,1.122379,29.651500,-1.364519,1.364519,1.062988,-0.604297
2025-01-03,272.151500,242.508100,1.122237,29.643400,-1.389016,1.389016,1.064119,0.106380
2025-01-06,272.310200,242.487400,1.122987,29.822800,-1.226012,1.226012,1.056594,-0.707106
2025-01-07,272.335400,242.270600,1.124096,30.064800,-1.000407,1.000407,1.046180,-0.985636
2025-01-08,272.369500,242.131800,1.124881,30.237700,-0.843902,0.843902,1.038956,-0.690558
2025-01-09,272.300300,241.890000,1.125720,30.410300,-0.687695,0.687695,1.031745,-0.694031
2025-01-10,272.167500,241.686400,1.126118,30.481100,-0.633287,0.633287,1.029233,-0.243424
2025-01-13,272.088800,241.503800,1.126644,30.585000,-0.545779,0.545779,1.025194,-0.392476
2025-01-14,272.030400,241.760800,1.125205,30.269600,-0.877569,0.877569,1.040510,1.493945
2025-01-15,272.066800,241.908600,1.124668,30.158200,-1.005359,1.005359,1.046409,0.566926
2025-01-16,271.926500,241.708900,1.125016,30.217600,-0.962348,0.962348,1.044423,-0.189739
2025-01-17,271.861100,241.735800,1.124621,30.125300,-1.071036,1.071036,1.049440,0.480376
2025-01-20,271.801200,241.709000,1.124498,30.092200,-1.120523,1.120523,1.051725,0.217676
2025-01-21,271.798600,241.808400,1.124025,29.990200,-1.238909,1.238909,1.057190,0.519607
2025-01-22,271.861300,241.896200,1.123876,29.965100,-1.280394,1.280394,1.059105,0.181141
2025-01-23,271.825000,241.693200,1.124670,30.131800,-1.130079,1.130079,1.052166,-0.655151
2025-01-24,271.729800,241.534900,1.125013,30.194900,-1.083362,1.083362,1.050009,-0.204957
2025-01-27,271.987300,241.911800,1.124324,30.075500,-1.219145,1.219145,1.056277,0.596936
2025-02-05,272.196100,242.146200,1.124098,30.049900,-1.261127,1.261127,1.058215,0.183468
2025-02-06,272.345700,242.328600,1.123869,30.017100,-1.310308,1.310308,1.060485,0.214536
2025-02-07,272.465600,242.396100,1.124051,30.069500,-1.274288,1.274288,1.058823,-0.156788
2025-02-10,272.454400,242.119900,1.125287,30.334500,-1.025667,1.025667,1.047346,-1.083903
2025-02-11,272.426400,242.006600,1.125698,30.419800,-0.956745,0.956745,1.044165,-0.303768
2025-02-12,272.457400,242.021000,1.125759,30.436400,-0.956523,0.956523,1.044154,-0.000983
2025-02-13,272.487200,241.904000,1.126427,30.583200,-0.826100,0.826100,1.038134,-0.576590
2025-02-14,272.388700,241.631800,1.127288,30.756900,-0.668776,0.668776,1.030872,-0.699549
2025-02-17,272.329500,241.474600,1.127777,30.854900,-0.587151,0.587151,1.027104,-0.365506
2025-02-18,272.164900,241.209300,1.128335,30.955600,-0.502825,0.502825,1.023211,-0.378985
2025-02-19,272.168100,241.374200,1.127577,30.793900,-0.680898,0.680898,1.031431,0.803360
2025-02-20,272.041300,241.210700,1.127816,30.830600,-0.660571,0.660571,1.030493,-0.090974
2025-02-21,271.811800,240.799800,1.128787,31.012000,-0.495543,0.495543,1.022875,-0.739247
2025-02-24,271.550600,240.403900,1.129560,31.146700,-0.377214,0.377214,1.017413,-0.534005
2025-02-25,271.361600,240.328500,1.129128,31.033100,-0.507184,0.507184,1.023412,0.589689
2025-02-26,271.378000,240.439300,1.128676,30.938700,-0.617953,0.617953,1.028526,0.499626
2025-02-27,271.238600,240.171300,1.129355,31.067300,-0.505722,0.505722,1.023345,-0.503705
2025-02-28,271.147700,240.192200,1.128878,30.955500,-0.633889,0.633889,1.029261,0.578140
2025-03-03,271.229400,240.642400,1.127106,30.587000,-1.018756,1.018756,1.047027,1.726082
2025-03-04,271.324000,240.808100,1.126723,30.515900,-1.106222,1.106222,1.051065,0.385619
2025-03-05,271.350600,240.784900,1.126942,30.565700,-1.072788,1.072788,1.049521,-0.146840
2025-03-06,271.323100,240.545800,1.127948,30.777300,-0.877552,0.877552,1.040509,-0.858705
2025-03-07,270.952800,240.089600,1.128549,30.863200,-0.808016,0.808016,1.037299,-0.308491
2025-03-10,270.844600,240.011700,1.128464,30.832900,-0.854679,0.854679,1.039453,0.207656
2025-03-11,270.579400,239.576500,1.129407,31.002900,-0.701041,0.701041,1.032361,-0.682291
2025-03-12,270.625200,239.870600,1.128213,30.754600,-0.965702,0.965702,1.044578,1.183411
2025-03-13,270.839500,240.083100,1.128107,30.756400,-0.980263,0.980263,1.045250,0.064345
2025-03-14,270.938900,240.174000,1.128094,30.764900,-0.988123,0.988123,1.045613,0.034711
2025-03-17,270.900800,239.972000,1.128885,30.928800,-0.840582,0.840582,1.038802,-0.651356
2025-03-18,270.977300,240.010400,1.129023,30.966900,-0.818840,0.818840,1.037799,-0.096613
2025-03-19,271.123200,240.084600,1.129282,31.038600,-0.763497,0.763497,1.035244,-0.246163
2025-03-20,271.371900,240.330200,1.129163,31.041700,-0.776754,0.776754,1.035856,0.059111
2025-03-21,271.551800,240.300000,1.130053,31.251800,-0.583010,0.583010,1.026913,-0.863387
2025-03-24,271.742500,240.285400,1.130916,31.457100,-0.394065,0.394065,1.018191,-0.849333
2025-03-25,271.919700,240.427100,1.130986,31.492600,-0.374920,0.374920,1.017307,-0.086799
2025-03-26,272.052800,240.403200,1.131652,31.649600,-0.234274,0.234274,1.010814,-0.638194
2025-03-27,272.167500,240.495900,1.131693,31.671600,-0.228626,0.228626,1.010554,-0.025789
2025-03-28,272.258600,240.523300,1.131943,31.735300,-0.181279,0.181279,1.008368,-0.216280
2025-03-31,272.340100,240.553200,1.132141,31.786900,-0.146030,0.146030,1.006741,-0.161361
2025-04-01,272.370300,240.561200,1.132229,31.809100,-0.140181,0.140181,1.006471,-0.026820
2025-04-02,272.469200,240.685800,1.132053,31.783400,-0.182231,0.182231,1.008412,0.192859
2025-04-03,272.856300,241.326000,1.130654,31.530300,-0.451680,0.451680,1.020850,1.233432
2025-04-07,273.392900,241.947100,1.129970,31.445800,-0.552528,0.552528,1.025505,0.456020
2025-04-08,273.349000,241.577400,1.131517,31.771600,-0.243076,0.243076,1.011221,-1.392939
2025-04-09,273.325300,241.552500,1.131536,31.772800,-0.258223,0.258223,1.011920,0.069144
2025-04-10,273.292700,241.603200,1.131163,31.689500,-0.357869,0.357869,1.016520,0.454560
2025-04-11,273.322500,241.895600,1.129919,31.426900,-0.636815,0.636815,1.029396,1.266718
2025-04-14,273.370700,241.808200,1.130527,31.562500,-0.517560,0.517560,1.023891,-0.534775
2025-04-15,273.376200,241.776100,1.130700,31.600100,-0.496304,0.496304,1.022910,-0.095830
2025-04-16,273.381000,241.806400,1.130578,31.574600,-0.538147,0.538147,1.024842,0.188828
2025-04-17,273.369800,241.798700,1.130568,31.571100,-0.557990,0.557990,1.025758,0.089376
2025-04-18,273.381000,241.720800,1.130978,31.660200,-0.485232,0.485232,1.022399,-0.327426
2025-04-21,273.377200,241.647700,1.131305,31.729500,-0.432273,0.432273,1.019954,-0.239108
2025-04-22,273.399100,241.693700,1.131180,31.705400,-0.472713,0.472713,1.021821,0.183026
2025-04-23,273.298300,241.586900,1.131263,31.711400,-0.483053,0.483053,1.022298,0.046710
2025-04-24,273.267200,241.601500,1.131066,31.665700,-0.545092,0.545092,1.025162,0.280133
2025-04-25,273.248400,241.599700,1.130996,31.648700,-0.578430,0.578430,1.026701,0.150116
2025-04-28,273.310500,241.647600,1.131029,31.662900,-0.580568,0.580568,1.026800,0.009611
2025-04-29,273.369100,241.792900,1.130592,31.576200,-0.683605,0.683605,1.031556,0.463216
2025-04-30,273.443100,241.938200,1.130219,31.504900,-0.771241,0.771241,1.035601,0.392164
2025-05-06,273.571200,242.031200,1.130314,31.540000,-0.752477,0.752477,1.034735,-0.083641
2025-05-07,273.592200,242.117200,1.129999,31.475000,-0.833811,0.833811,1.038490,0.362847
2025-05-08,273.784400,242.360700,1.129657,31.423700,-0.901445,0.901445,1.041612,0.300635
2025-05-09,273.953700,242.494100,1.129733,31.459600,-0.881879,0.881879,1.040709,-0.086713
2025-05-12,274.003300,242.406500,1.130346,31.596800,-0.761012,0.761012,1.035129,-0.536113
2025-05-13,274.077300,242.410300,1.130634,31.667000,-0.707144,0.707144,1.032643,-0.240222
2025-05-14,274.157100,242.316600,1.131400,31.840500,-0.549975,0.549975,1.025388,-0.702574
2025-05-15,274.232400,242.188000,1.132312,32.044400,-0.362406,0.362406,1.016729,-0.844404
2025-05-16,274.207900,241.972500,1.133219,32.235400,-0.187736,0.187736,1.008666,-0.793030
2025-05-19,274.283000,242.097100,1.132946,32.185900,-0.253565,0.253565,1.011705,0.301265
2025-05-20,274.408300,242.191800,1.133021,32.216500,-0.239294,0.239294,1.011046,-0.065116
2025-05-21,274.481500,242.149400,1.133521,32.332100,-0.140022,0.140022,1.006464,-0.453244
2025-05-22,274.609800,242.202400,1.133803,32.407400,-0.081049,0.081049,1.003741,-0.270477
2025-05-23,274.712800,242.183200,1.134318,32.529600,0.024825,-0.024825,0.998854,-0.486902
2025-05-26,274.854300,242.283100,1.134434,32.571200,0.050099,-0.050099,0.997687,-0.116802
2025-05-27,274.912400,242.222900,1.134956,32.689500,0.152074,-0.152074,0.992980,-0.471818
2025-05-28,274.900200,242.124400,1.135368,32.775800,0.222049,-0.222049,0.989750,-0.325298
2025-05-29,274.796000,241.942400,1.135791,32.853600,0.283525,-0.283525,0.986912,-0.286720
2025-05-30,274.873800,242.121300,1.135273,32.752500,0.166102,-0.166102,0.992333,0.549227
2025-06-03,274.956900,242.128500,1.135583,32.828400,0.225679,-0.225679,0.989582,-0.277141
2025-06-04,274.967100,242.141300,1.135565,32.825800,0.206757,-0.206757,0.990456,0.088265
2025-06-05,275.013000,242.255300,1.135220,32.757700,0.122336,-0.122336,0.994353,0.393453
2025-06-06,275.082700,242.428200,1.134698,32.654500,0.002816,-0.002816,0.999870,0.554854
2025-06-09,275.193100,242.542800,1.134617,32.650300,-0.017704,0.017704,1.000817,0.094734
2025-06-10,275.267000,242.507200,1.135088,32.759800,0.075477,-0.075477,0.996516,-0.429782
2025-06-11,275.328400,242.530200,1.135233,32.798200,0.097558,-0.097558,0.995497,-0.102287
2025-06-12,275.361700,242.513500,1.135449,32.848200,0.131240,-0.131240,0.993942,-0.156184
2025-06-13,275.418000,242.489300,1.135794,32.928700,0.195423,-0.195423,0.990979,-0.298081
2025-06-16,275.507400,242.544100,1.135906,32.963300,0.213706,-0.213706,0.990135,-0.085166
2025-06-17,275.562600,242.642000,1.135676,32.920600,0.154690,-0.154690,0.992859,0.275139
2025-06-18,275.644300,242.724400,1.135627,32.919900,0.137675,-0.137675,0.993645,0.079110
2025-06-19,275.708900,242.763300,1.135711,32.945600,0.147060,-0.147060,0.993212,-0.043601
2025-06-20,275.775800,242.776500,1.135925,32.999300,0.184446,-0.184446,0.991486,-0.173757
2025-06-23,275.868800,242.843600,1.135994,33.025200,0.194033,-0.194033,0.991043,-0.044633
2025-06-24,275.844800,242.783300,1.136177,33.061500,0.214020,-0.214020,0.990121,-0.093097
2025-06-25,275.824700,242.787000,1.136077,33.037700,0.173908,-0.173908,0.991972,0.187010
2025-06-26,275.779200,242.798500,1.135836,32.980700,0.100596,-0.100596,0.995356,0.341153
2025-06-27,275.810900,242.866700,1.135647,32.944200,0.047785,-0.047785,0.997794,0.244918
2025-06-30,275.861700,242.854000,1.135916,33.007700,0.094975,-0.094975,0.995616,-0.218315
2025-07-01,275.959100,242.875700,1.136215,33.083400,0.154366,-0.154366,0.992874,-0.275360
2025-07-02,276.061600,242.994900,1.136080,33.066700,0.121357,-0.121357,0.994398,0.153467
2025-07-03,276.217300,243.075100,1.136346,33.142200,0.180548,-0.180548,0.991666,-0.274775
2025-07-04,276.350200,243.092900,1.136809,33.257300,0.279341,-0.279341,0.987105,-0.459869
2025-07-07,276.447800,243.105500,1.137152,33.342300,0.348034,-0.348034,0.983934,-0.321236
2025-07-08,276.445700,242.999000,1.137641,33.446700,0.436127,-0.436127,0.979868,-0.413289
2025-07-09,276.452100,242.939100,1.137948,33.513000,0.486121,-0.486121,0.977560,-0.235520
2025-07-10,276.394200,242.843900,1.138156,33.550300,0.507116,-0.507116,0.976591,-0.099139
2025-07-11,276.314600,242.730500,1.138360,33.584100,0.524611,-0.524611,0.975783,-0.082697
2025-07-14,276.303600,242.683500,1.138535,33.620100,0.544307,-0.544307,0.974874,-0.093175
2025-07-15,276.377100,242.859700,1.138011,33.517400,0.425304,-0.425304,0.980368,0.563491
2025-07-16,276.464000,242.903600,1.138163,33.560400,0.452001,-0.452001,0.979135,-0.125705
2025-07-17,276.528000,242.904200,1.138424,33.623800,0.499099,-0.499099,0.976961,-0.222042
2025-07-18,276.593100,242.878700,1.138812,33.714400,0.573398,-0.573398,0.973531,-0.351058
2025-07-21,276.543500,242.827800,1.138846,33.715700,0.558397,-0.558397,0.974224,0.071129
2025-07-22,276.502800,242.749600,1.139045,33.753200,0.579596,-0.579596,0.973245,-0.100449
2025-07-23,276.330500,242.483900,1.139583,33.846600,0.656697,-0.656697,0.969686,-0.365687
2025-07-24,276.113600,242.231100,1.139877,33.882500,0.676297,-0.676297,0.968781,-0.093308
2025-07-25,275.993400,242.146700,1.139778,33.846700,0.624199,-0.624199,0.971186,0.248243
2025-07-28,276.115600,242.379800,1.139186,33.735800,0.497001,-0.497001,0.977058,0.604580
2025-07-29,276.003100,242.238500,1.139386,33.764600,0.509503,-0.509503,0.976481,-0.059069
2025-07-30,276.023900,242.238600,1.139471,33.785300,0.513907,-0.513907,0.976278,-0.020815
2025-07-31,276.181900,242.498400,1.138902,33.683500,0.395810,-0.395810,0.981729,0.558392
2025-08-01,276.282300,242.495700,1.139329,33.786600,0.482615,-0.482615,0.977722,-0.408156
2025-08-04,276.365500,242.558500,1.139377,33.807000,0.486720,-0.486720,0.977533,-0.019381
2025-08-05,276.462100,242.466300,1.140208,33.995800,0.659225,-0.659225,0.969570,-0.814607
2025-08-06,276.553500,242.525100,1.140309,34.028400,0.675531,-0.675531,0.968817,-0.077633
2025-08-07,276.595000,242.606600,1.140097,33.988400,0.619238,-0.619238,0.971415,0.268220
2025-08-08,276.611600,242.688100,1.139782,33.923500,0.538045,-0.538045,0.975163,0.385823
2025-08-11,276.613800,242.646400,1.139987,33.967400,0.565653,-0.565653,0.973889,-0.130687
2025-08-12,276.511400,242.483000,1.140333,34.028400,0.610362,-0.610362,0.971825,-0.211912
2025-08-13,276.499000,242.452900,1.140424,34.046100,0.611771,-0.611771,0.971760,-0.006693
2025-08-14,276.452900,242.473500,1.140137,33.979400,0.528780,-0.528780,0.975591,0.394226
2025-08-15,276.398600,242.368700,1.140406,34.029900,0.562990,-0.562990,0.974012,-0.161869
2025-08-18,276.091800,241.928300,1.141213,34.163500,0.680301,-0.680301,0.968597,-0.555968
2025-08-19,275.967900,241.894300,1.140862,34.073600,0.574112,-0.574112,0.973498,0.506072
2025-08-20,275.940100,241.943400,1.140515,33.996700,0.480924,-0.480924,0.977800,0.441878
2025-08-21,275.923000,241.914500,1.140581,34.008500,0.476436,-0.476436,0.978007,0.021186
2025-08-22,275.910800,241.955200,1.140338,33.955600,0.407249,-0.407249,0.981201,0.326558
2025-08-25,275.983500,242.022900,1.140320,33.960600,0.395962,-0.395962,0.981722,0.053098
2025-08-26,276.014000,242.157100,1.139814,33.856900,0.275976,-0.275976,0.987261,0.564181
2025-08-27,276.054700,242.103100,1.140236,33.951600,0.354391,-0.354391,0.983641,-0.366641
2025-08-28,276.061900,242.079000,1.140379,33.982900,0.369406,-0.369406,0.982948,-0.070464
2025-08-29,276.074500,242.065900,1.140493,34.008600,0.378821,-0.378821,0.982513,-0.044217
2025-09-01,276.142600,242.169800,1.140285,33.972800,0.326737,-0.326737,0.984918,0.244704
2025-09-02,276.140800,242.288000,1.139721,33.852800,0.190454,-0.190454,0.991209,0.638733
2025-09-03,276.204400,242.463100,1.139161,33.741300,0.062671,-0.062671,0.997107,0.595092
2025-09-04,276.323300,242.580800,1.139098,33.742500,0.047589,-0.047589,0.997803,0.069824
2025-09-05,276.321600,242.398200,1.139949,33.923400,0.212207,-0.212207,0.990204,-0.761569
2025-09-08,276.299600,242.221500,1.140690,34.078100,0.350626,-0.350626,0.983815,-0.645277
2025-09-09,276.264800,242.108600,1.141078,34.156200,0.412445,-0.412445,0.980961,-0.290059
2025-09-10,276.187000,241.909800,1.141694,34.277200,0.517165,-0.517165,0.976127,-0.492780
2025-09-11,276.137100,241.839300,1.141821,34.297800,0.521485,-0.521485,0.975928,-0.020430
2025-09-12,276.136300,241.923600,1.141419,34.212700,0.420106,-0.420106,0.980608,0.479521
2025-09-15,276.217400,242.090800,1.140966,34.126600,0.317727,-0.317727,0.985333,0.481938
2025-09-16,276.230500,242.157700,1.140705,34.072800,0.247649,-0.247649,0.988568,0.328304
2025-09-17,276.266600,242.378900,1.139813,33.887700,0.046271,-0.046271,0.997864,0.940332
2025-09-18,276.277100,242.383600,1.139834,33.893500,0.035794,-0.035794,0.998348,0.048468
2025-09-19,276.253800,242.318500,1.140044,33.935300,0.061317,-0.061317,0.997170,-0.118013
2025-09-22,276.282900,242.366200,1.139940,33.916700,0.026441,-0.026441,0.998780,0.161450
2025-09-23,276.186700,242.275500,1.139970,33.911200,0.004665,-0.004665,0.999785,0.100642
2025-09-24,276.015700,242.123600,1.139979,33.892100,-0.030710,0.030710,1.001418,0.163332
2025-09-25,275.810000,241.953900,1.139928,33.856100,-0.082985,0.082985,1.003831,0.240965
2025-09-26,275.814400,242.077600,1.139364,33.736800,-0.218560,0.218560,1.010089,0.623438
2025-09-29,275.807500,242.166300,1.138918,33.641200,-0.330434,0.330434,1.015253,0.511264
2025-09-30,275.817500,242.242800,1.138599,33.574700,-0.413207,0.413207,1.019074,0.376351
2025-10-09,276.046400,242.435800,1.138637,33.610600,-0.393580,0.393580,1.018168,-0.088905
2025-10-10,276.075100,242.443800,1.138718,33.631300,-0.389152,0.389152,1.017964,-0.020073
2025-10-13,276.279600,242.548800,1.139068,33.730800,-0.305924,0.305924,1.014122,-0.377410
2025-10-14,276.318400,242.444000,1.139721,33.874400,-0.178596,0.178596,1.008244,-0.579578
2025-10-15,276.357200,242.474800,1.139736,33.882400,-0.186867,0.186867,1.008626,0.037868
2025-10-16,276.422800,242.470400,1.140027,33.952400,-0.133138,0.133138,1.006146,-0.245900
2025-10-17,276.548300,242.573500,1.140060,33.974800,-0.127008,0.127008,1.005863,-0.028123
2025-10-20,276.641300,242.544700,1.140579,34.096600,-0.021477,0.021477,1.000992,-0.484300
2025-10-21,276.757100,242.548800,1.141037,34.208300,0.073953,-0.073953,0.996586,-0.440083
2025-10-22,276.863100,242.601800,1.141224,34.261300,0.110685,-0.110685,0.994891,-0.170136
2025-10-23,276.971500,242.610200,1.141632,34.361300,0.194416,-0.194416,0.991026,-0.388500
2025-10-24,277.063400,242.595200,1.142081,34.468200,0.285048,-0.285048,0.986842,-0.422156
2025-10-27,277.167700,242.674800,1.142136,34.492900,0.293481,-0.293481,0.986453,-0.039444
2025-10-28,277.375700,242.992100,1.141501,34.383600,0.167914,-0.167914,0.992249,0.587592
2025-10-29,277.519700,243.054300,1.141801,34.465400,0.233447,-0.233447,0.989224,-0.304872
2025-10-30,277.647000,243.193900,1.141669,34.453100,0.204881,-0.204881,0.990543,0.133301
2025-10-31,277.801000,243.366900,1.141490,34.434100,0.169615,-0.169615,0.992170,0.164345
2025-11-03,277.944100,243.427000,1.141797,34.517100,0.236350,-0.236350,0.989090,-0.310486
2025-11-04,278.034000,243.372900,1.142420,34.661100,0.364085,-0.364085,0.983194,-0.596143
2025-11-05,278.090100,243.410900,1.142472,34.679200,0.365920,-0.365920,0.983109,-0.008618
2025-11-06,278.103500,243.306000,1.143019,34.797500,0.467956,-0.467956,0.978399,-0.479102
2025-11-07,278.075900,243.197800,1.143415,34.878100,0.532292,-0.532292,0.975429,-0.303541
2025-11-10,278.105000,243.206800,1.143492,34.898200,0.536129,-0.536129,0.975252,-0.018157
2025-11-11,278.145500,243.315800,1.143146,34.829700,0.451366,-0.451366,0.979165,0.401204
2025-11-12,278.182800,243.389200,1.142955,34.793600,0.399004,-0.399004,0.981582,0.246854
2025-11-13,278.212900,243.445500,1.142814,34.767400,0.356542,-0.356542,0.983542,0.199688
2025-11-14,278.222800,243.488500,1.142653,34.734300,0.307180,-0.307180,0.985820,0.231672
2025-11-17,278.292700,243.592800,1.142450,34.699900,0.256519,-0.256519,0.988159,0.237222
2025-11-18,278.341500,243.588700,1.142670,34.752800,0.293158,-0.293158,0.986468,-0.171157
2025-11-19,278.367300,243.580600,1.142814,34.786700,0.310797,-0.310797,0.985653,-0.082543
2025-11-20,278.375900,243.616200,1.142682,34.759700,0.267537,-0.267537,0.987650,0.202600
2025-11-21,278.340800,243.629200,1.142477,34.711600,0.203177,-0.203177,0.990621,0.300807
2025-11-24,278.351300,243.658900,1.142381,34.692400,0.167718,-0.167718,0.992258,0.165234
2025-11-25,278.323000,243.627300,1.142413,34.695700,0.154759,-0.154759,0.992856,0.060287
2025-11-26,278.222200,243.483600,1.142673,34.738600,0.181400,-0.181400,0.991626,-0.123865
2025-11-27,278.104200,243.432400,1.142429,34.671800,0.098342,-0.098342,0.995461,0.386644
2025-11-28,278.140900,243.461100,1.142445,34.679800,0.090084,-0.090084,0.995842,0.038293
2025-12-01,278.182500,243.560800,1.142148,34.621700,0.015727,-0.015727,0.999274,0.344676
2025-12-02,278.181500,243.542800,1.142228,34.638700,0.016470,-0.016470,0.999240,-0.003432
2025-12-03,278.150000,243.489600,1.142349,34.660400,0.021913,-0.021913,0.998989,-0.025146
2025-12-04,277.985300,243.281200,1.142650,34.704100,0.049356,-0.049356,0.997722,-0.126811
2025-12-05,277.970900,243.262000,1.142681,34.708900,0.037900,-0.037900,0.998251,0.053003
2025-12-08,277.964400,243.333300,1.142320,34.631100,-0.056155,0.056155,1.002592,0.434933
2025-12-09,277.999100,243.431700,1.142000,34.567400,-0.136111,0.136111,1.006283,0.368129
2025-12-10,278.024200,243.497500,1.141795,34.526700,-0.193066,0.193066,1.008912,0.261269
2025-12-11,278.095800,243.643700,1.141404,34.452100,-0.283921,0.283921,1.013106,0.415691
2025-12-12,278.151600,243.666000,1.141528,34.485600,-0.266675,0.266675,1.012310,-0.078578
2025-12-15,278.152100,243.555800,1.142047,34.596300,-0.172229,0.172229,1.007950,-0.430672
2025-12-16,278.168600,243.539800,1.142189,34.628800,-0.155983,0.155983,1.007200,-0.074403
2025-12-17,278.225800,243.665300,1.141836,34.560500,-0.240536,0.240536,1.011104,0.387518
2025-12-18,278.267300,243.770400,1.141514,34.496900,-0.320389,0.320389,1.014790,0.364563
2025-12-19,278.343900,243.870300,1.141360,34.473600,-0.359942,0.359942,1.016615,0.179919
2025-12-22,278.423000,243.918500,1.141459,34.504500,-0.345294,0.345294,1.015939,-0.066510
2025-12-23,278.468500,243.967400,1.141417,34.501100,-0.364946,0.364946,1.016846,0.089293
2025-12-24,278.518700,244.015500,1.141398,34.503200,-0.379098,0.379098,1.017500,0.064244
2025-12-25,278.567000,244.030200,1.141527,34.536800,-0.361750,0.361750,1.016699,-0.078705
2025-12-26,278.596900,244.022700,1.141684,34.574200,-0.340601,0.340601,1.015723,-0.096022
2025-12-29,278.611200,243.982200,1.141932,34.629000,-0.302052,0.302052,1.013943,-0.175193
2025-12-30,278.628400,243.874900,1.142505,34.753500,-0.193802,0.193802,1.008946,-0.492820
2025-12-31,278.626800,243.835800,1.142682,34.791000,-0.172553,0.172553,1.007965,-0.097221
2026-01-05,278.731700,243.911400,1.142758,34.820300,-0.159503,0.159503,1.007363,-0.059764
2026-01-06,278.710800,243.697400,1.143676,35.013400,0.017348,-0.017348,0.999199,-0.810394
2026-01-07,278.711300,243.603800,1.144117,35.107500,0.095198,-0.095198,0.995606,-0.359655
2026-01-08,278.724300,243.700100,1.143718,35.024200,-0.004351,0.004351,1.000201,0.461558
2026-01-09,278.739000,243.756200,1.143516,34.982800,-0.062000,0.062000,1.002862,0.266060
2026-01-12,278.797800,243.862200,1.143260,34.935600,-0.125448,0.125448,1.005791,0.292050
2026-01-13,278.834400,243.894100,1.143260,34.940300,-0.136997,0.136997,1.006324,0.053001
2026-01-14,278.860100,243.938000,1.143160,34.922100,-0.171445,0.171445,1.007914,0.158017
2026-01-15,278.909700,244.040300,1.142884,34.869400,-0.240392,0.240392,1.011097,0.315771
2026-01-16,278.984400,244.095800,1.142930,34.888600,-0.237440,0.237440,1.010961,-0.013480
2026-01-19,279.089800,244.201100,1.142869,34.888700,-0.253587,0.253587,1.011706,0.073729
2026-01-20,279.152500,244.252600,1.142884,34.899900,-0.258634,0.258634,1.011939,0.023028
2026-01-21,279.241900,244.295700,1.143049,34.946200,-0.228580,0.228580,1.010552,-0.137093
2026-01-22,279.295600,244.289000,1.143300,35.006600,-0.184427,0.184427,1.008513,-0.201690
2026-01-23,279.388200,244.333800,1.143469,35.054400,-0.152873,0.152873,1.007057,-0.144427
2026-01-26,279.512700,244.410300,1.143621,35.102400,-0.121119,0.121119,1.005591,-0.145553
2026-01-27,279.574400,244.379800,1.144016,35.194600,-0.045165,0.045165,1.002085,-0.348664
2026-01-28,279.614700,244.403100,1.144072,35.211600,-0.044410,0.044410,1.002050,-0.003476
2026-01-29,279.637200,244.480800,1.143800,35.156400,-0.115855,0.115855,1.005348,0.329124
2026-01-30,279.675400,244.463300,1.144038,35.212100,-0.076400,0.076400,1.003527,-0.181160
2026-02-02,279.742400,244.540200,1.143953,35.202200,-0.102545,0.102545,1.004734,0.120263
2026-02-03,279.767400,244.536800,1.144071,35.230600,-0.090389,0.090389,1.004173,-0.055847
2026-02-04,279.781900,244.575500,1.143949,35.206400,-0.130833,0.130833,1.006040,0.185919
2026-02-05,279.811600,244.649400,1.143725,35.162200,-0.191277,0.191277,1.008830,0.277341
2026-02-06,279.881900,244.780200,1.143401,35.101700,-0.268021,0.268021,1.012372,0.351157
2026-02-09,279.987400,244.903400,1.143256,35.084000,-0.301965,0.301965,1.013939,0.154772
2026-02-10,280.067200,244.907200,1.143565,35.160000,-0.242208,0.242208,1.011181,-0.272051
2026-02-11,280.128900,244.924200,1.143737,35.204700,-0.213751,0.213751,1.009867,-0.129908
2026-02-12,280.206900,244.954000,1.143916,35.252900,-0.181794,0.181794,1.008392,-0.146076
2026-02-13,280.257100,244.988900,1.143958,35.268200,-0.182737,0.182737,1.008435,0.004315
2026-02-24,280.485400,245.111400,1.144318,35.374000,-0.093179,0.093179,1.004301,-0.409950
2026-02-25,280.478500,245.060600,1.144527,35.417900,-0.065521,0.065521,1.003025,-0.127125
2026-02-26,280.424400,244.944200,1.144850,35.480200,-0.019463,0.019463,1.000899,-0.211968
2026-02-27,280.449800,244.946100,1.144945,35.503700,-0.012205,0.012205,1.000564,-0.033474
2026-03-02,280.552700,245.124800,1.144530,35.427900,-0.104247,0.104247,1.004812,0.424635
2026-03-03,280.601000,245.221700,1.144275,35.379300,-0.169088,0.169088,1.007805,0.297882
2026-03-04,280.647000,245.329800,1.143958,35.317200,-0.247430,0.247430,1.011422,0.358831
2026-03-05,280.694100,245.395600,1.143843,35.298500,-0.282371,0.282371,1.013035,0.159470
2026-03-06,280.764400,245.375100,1.144225,35.389300,-0.207811,0.207811,1.009593,-0.339745
2026-03-09,280.734100,245.261900,1.144630,35.472200,-0.141152,0.141152,1.006516,-0.304783
2026-03-10,280.750300,245.232900,1.144831,35.517400,-0.112193,0.112193,1.005179,-0.132815
2026-03-11,280.770600,245.244900,1.144858,35.525700,-0.120133,0.120133,1.005546,0.036465
2026-03-12,280.785300,245.321800,1.144559,35.463500,-0.198573,0.198573,1.009166,0.360092
2026-03-13,280.843000,245.468000,1.144112,35.375000,-0.303313,0.303313,1.014001,0.479100
2026-03-16,280.859600,245.474200,1.144151,35.385400,-0.309153,0.309153,1.014271,0.026585
2026-03-17,280.915900,245.546600,1.144043,35.369300,-0.341492,0.341492,1.015764,0.147183
2026-03-18,280.998200,245.670800,1.143800,35.327400,-0.399632,0.399632,1.018448,0.264213
2026-03-19,281.108300,245.778300,1.143747,35.330000,-0.413271,0.413271,1.019077,0.061820
2026-03-20,281.153600,245.795100,1.143854,35.358500,-0.401010,0.401010,1.018511,-0.055538
2026-03-23,281.205200,245.798500,1.144048,35.406700,-0.369049,0.369049,1.017036,-0.144854
2026-03-24,281.270200,245.784900,1.144375,35.485300,-0.306688,0.306688,1.014157,-0.283044
2026-03-25,281.296900,245.773800,1.144536,35.523100,-0.285127,0.285127,1.013162,-0.098140
2026-03-26,281.366700,245.800000,1.144698,35.566700,-0.257765,0.257765,1.011899,-0.124663
2026-03-27,281.435100,245.842200,1.144779,35.592900,-0.247803,0.247803,1.011439,-0.045443
2026-03-30,281.526000,246.036400,1.144245,35.489600,-0.367342,0.367342,1.016957,0.545561
2026-03-31,281.581700,246.074000,1.144297,35.507700,-0.365480,0.365480,1.016871,-0.008452
2026-04-01,281.632300,245.988300,1.144901,35.644000,-0.245418,0.245418,1.011329,-0.545025
2026-04-02,281.689700,245.985900,1.145146,35.703800,-0.201855,0.201855,1.009318,-0.198836
2026-04-03,281.798300,246.119500,1.144965,35.678800,-0.243093,0.243093,1.011222,0.188600
2026-04-07,281.924300,246.216700,1.145025,35.707600,-0.230530,0.230530,1.010642,-0.057346
2026-04-08,282.027500,246.134600,1.145826,35.892900,-0.061468,0.061468,1.002838,-0.772195
2026-04-09,282.056500,246.082300,1.146188,35.974200,0.003595,-0.003595,0.999834,-0.299487
2026-04-10,282.109200,246.060400,1.146504,36.048800,0.061958,-0.061958,0.997140,-0.269454
2026-04-13,282.151100,246.113000,1.146429,36.038100,0.035021,-0.035021,0.998383,0.124701
2026-04-14,282.170700,246.126500,1.146446,36.044200,0.024884,-0.024884,0.998851,0.046869
2026-04-15,282.205200,246.211500,1.146190,35.993700,-0.041853,0.041853,1.001932,0.308418
2026-04-16,282.249900,246.341800,1.145765,35.908100,-0.143689,0.143689,1.006633,0.469183
2026-04-17,282.269900,246.455800,1.145317,35.814100,-0.253926,0.253926,1.011722,0.505511
2026-04-20,282.362800,246.563900,1.145191,35.798900,-0.285362,0.285362,1.013173,0.143433
2026-04-21,282.414800,246.592900,1.145267,35.821900,-0.278598,0.278598,1.012861,-0.030816
2026-04-22,282.469700,246.695400,1.145014,35.774300,-0.342434,0.342434,1.015807,0.290933
2026-04-23,282.474400,246.709000,1.144970,35.765400,-0.367570,0.367570,1.016968,0.114225
2026-04-24,282.481700,246.695100,1.145064,35.786600,-0.362606,0.362606,1.016738,-0.022532
2026-04-27,282.494500,246.598300,1.145565,35.896200,-0.269242,0.269242,1.012429,-0.423884
2026-04-28,282.525200,246.676200,1.145328,35.849000,-0.332678,0.332678,1.015357,0.289232
2026-04-29,282.573700,246.807400,1.144916,35.766300,-0.431614,0.431614,1.019924,0.449791
2026-04-30,282.601100,246.781700,1.145146,35.819400,-0.394749,0.394749,1.018222,-0.166846
2026-05-06,282.618800,246.747400,1.145377,35.871400,-0.358985,0.358985,1.016571,-0.162139
2026-05-07,282.602600,246.831800,1.144920,35.770800,-0.475820,0.475820,1.021964,0.530534
2026-05-08,282.622500,246.924800,1.144569,35.697700,-0.565155,0.565155,1.026088,0.403519
2026-05-11,282.637100,246.999000,1.144284,35.638100,-0.640990,0.640990,1.029589,0.341163
2026-05-12,282.728100,247.126100,1.144064,35.602000,-0.693326,0.693326,1.032005,0.234642
2026-05-13,282.780700,247.226800,1.143811,35.553900,-0.757661,0.757661,1.034975,0.287768
2026-05-14,282.844600,247.265400,1.143891,35.579200,-0.748595,0.748595,1.034556,-0.040431
2026-05-15,282.891000,247.280500,1.144009,35.610500,-0.733530,0.733530,1.033861,-0.067220
2026-05-18,282.992100,247.321800,1.144226,35.670300,-0.689965,0.689965,1.031850,-0.194516
2026-05-19,283.043500,247.419900,1.143980,35.623600,-0.752900,0.752900,1.034755,0.281547
2026-05-20,283.141700,247.467100,1.144159,35.674600,-0.718135,0.718135,1.033150,-0.155091
2026-05-21,283.205500,247.441100,1.144537,35.764400,-0.644569,0.644569,1.029754,-0.328690
2026-05-22,283.243300,247.378200,1.144981,35.865100,-0.560104,0.560104,1.025855,-0.378636
2026-05-25,283.338200,247.464300,1.144966,35.873900,-0.567538,0.567538,1.026198,0.033453
2026-05-26,283.421800,247.598800,1.144682,35.823000,-0.634672,0.634672,1.029297,0.301988
2026-05-27,283.489600,247.816100,1.143952,35.673500,-0.800407,0.800407,1.036948,0.743272
2026-05-28,283.581300,247.942500,1.143738,35.638800,-0.851341,0.851341,1.039299,0.226741
2026-05-29,283.668500,247.946100,1.144073,35.722400,-0.783975,0.783975,1.036189,-0.299210
2026-06-01,283.774900,248.027900,1.144125,35.747000,-0.775609,0.775609,1.035803,-0.037269
2026-06-02,283.867700,248.017300,1.144548,35.850400,-0.688443,0.688443,1.031779,-0.388460
2026-06-03,283.928400,247.972600,1.144999,35.955800,-0.599277,0.599277,1.027663,-0.398923
2026-06-04,284.012300,248.001400,1.145204,36.010900,-0.560411,0.560411,1.025869,-0.174580
2026-06-05,284.083500,247.982500,1.145579,36.101000,-0.486545,0.486545,1.022460,-0.332376
2026-06-08,284.070100,247.924600,1.145792,36.145500,-0.458279,0.458279,1.021155,-0.127613
2026-06-09,284.009700,247.843200,1.145925,36.166500,-0.453513,0.453513,1.020935,-0.021545
2026-06-10,283.977100,247.771800,1.146124,36.205300,-0.430947,0.430947,1.019893,-0.102032
2026-06-11,283.804100,247.636600,1.146051,36.167500,-0.484981,0.484981,1.022387,0.244561
2026-06-12,283.745300,247.599200,1.145986,36.146100,-0.522614,0.522614,1.024125,0.169918
2026-06-15,283.797400,247.619100,1.146105,36.178300,-0.506648,0.506648,1.023388,-0.071966
2026-06-16,283.834500,247.720600,1.145785,36.113900,-0.587282,0.587282,1.027110,0.363708
2026-06-17,283.899000,247.882200,1.145298,36.016800,-0.700615,0.700615,1.032341,0.509352
2026-06-18,283.976200,247.986200,1.145129,35.990000,-0.743649,0.743649,1.034328,0.192425
2026-06-22,284.055800,248.036600,1.145217,36.019200,-0.730683,0.730683,1.033729,-0.057868
2026-06-23,284.038100,247.980900,1.145403,36.057200,-0.708916,0.708916,1.032724,-0.097198
2026-06-24,284.059700,248.018300,1.145318,36.041400,-0.740950,0.740950,1.034203,0.143185
2026-06-25,284.123600,248.140800,1.145010,35.982800,-0.815783,0.815783,1.037658,0.334015
2026-06-26,284.172400,248.191200,1.144974,35.981200,-0.833616,0.833616,1.038481,0.079334
2026-06-29,284.253800,248.358000,1.144532,35.895800,-0.935250,0.935250,1.043172,0.451767
2026-06-30,284.269600,248.392300,1.144438,35.877300,-0.969983,0.969983,1.044776,0.153698
2026-07-01,284.160200,248.220000,1.144792,35.940200,-0.923317,0.923317,1.042621,-0.206186
2026-07-02,284.154100,248.196800,1.144874,35.957300,-0.922450,0.922450,1.042581,-0.003837
2026-07-03,284.187300,248.220300,1.144900,35.967000,-0.928983,0.928983,1.042883,0.028927
2026-07-06,284.250000,248.340900,1.144596,35.909100,-1.003117,1.003117,1.046305,0.328136
2026-07-07,284.296900,248.354300,1.144723,35.942600,-0.985850,0.985850,1.045508,-0.076178
2026-07-08,284.324300,248.349500,1.144856,35.974800,-0.969883,0.969883,1.044771,-0.070496
2026-07-09,284.345600,248.347600,1.144950,35.998000,-0.962916,0.962916,1.044449,-0.030781
2026-07-10,284.391400,248.307400,1.145320,36.084000,-0.893150,0.893150,1.041229,-0.308345
2026-07-13,284.424000,248.312200,1.145429,36.111800,-0.881583,0.881583,1.040695,-0.051279
2026-07-14,284.439900,248.297600,1.145560,36.142300,-0.867316,0.867316,1.040036,-0.063282
2026-07-15,284.461700,248.343300,1.145437,36.118400,-0.907449,0.907449,1.041889,0.178128
2026-07-16,284.496500,248.329400,1.145642,36.167100,-0.874982,0.874982,1.040390,-0.143845
2026-07-17,284.540900,248.316400,1.145880,36.224500,-0.833816,0.833816,1.038490,-0.182653
2026-07-20,284.590100,248.350800,1.145920,36.239300,-0.835249,0.835249,1.038556,0.006370
2026-07-21,284.580700,248.352600,1.145874,36.228100,-0.862682,0.862682,1.039822,0.121933
2026-07-22,284.612300,248.395600,1.145803,36.216700,-0.890315,0.890315,1.041098,0.122673
2026-07-23,284.642900,248.390700,1.145948,36.252200,-0.871048,0.871048,1.040209,-0.085427
2026-07-24,284.657100,248.343000,1.146226,36.314100,-0.825381,0.825381,1.038101,-0.202655
2026-07-27,284.697200,248.370800,1.146259,36.326400,-0.829315,0.829315,1.038282,0.017489
2026-07-28,284.689100,248.345400,1.146343,36.343700,-0.828248,0.828248,1.038233,-0.004743
2026-07-29,284.711200,248.358700,1.146371,36.352500,-0.835681,0.835681,1.038576,0.033049
2026-07-30,284.700200,248.414900,1.146067,36.285300,-0.919114,0.919114,1.042427,0.370832
2026-07-31,284.734000,248.475100,1.145926,36.258900,-0.961747,0.961747,1.044395,0.188789
2026-08-03,284.787300,248.520900,1.145929,36.266400,-0.970480,0.970480,1.044799,0.038599
2026-08-04,284.812900,248.533100,1.145976,36.279800,-0.973313,0.973313,1.044929,0.012517
2026-08-05,284.845300,248.577800,1.145900,36.267500,-1.001846,1.001846,1.046246,0.126049
2026-08-06,284.870900,248.610400,1.145853,36.260500,-1.025080,1.025080,1.047319,0.102506
2026-08-07,284.899900,248.648700,1.145793,36.251200,-1.050613,1.050613,1.048498,0.112539
2026-08-10,284.988000,248.720600,1.145816,36.267400,-1.050646,1.050646,1.048499,0.000146
2026-08-11,285.024500,248.695900,1.146076,36.328600,-1.005679,1.005679,1.046423,-0.197971
2026-08-12,285.047400,248.678200,1.146250,36.369200,-0.981312,0.981312,1.045299,-0.107490
2026-08-13,285.069600,248.713000,1.146179,36.356600,-1.010145,1.010145,1.046630,0.127329
2026-08-14,285.086900,248.725800,1.146189,36.361100,-1.021878,1.021878,1.047171,0.051748
2026-08-17,285.156000,248.838500,1.145948,36.317500,-1.081711,1.081711,1.049933,0.263755
