date,hf_mom_pct,hf_mobility_factor,hf_yoy
2014-10-17,0.000000,100.000000,
2014-10-20,-0.173544,99.826456,
2014-10-21,0.186396,100.012528,
2014-10-22,-0.221057,99.791444,
2014-10-23,-0.115503,99.676182,
2014-10-24,0.253823,99.929183,
2014-10-27,0.744288,100.672944,
2014-10-28,-0.206451,100.465103,
2014-10-29,-0.269683,100.194166,
2014-10-30,-0.530062,99.663075,
2014-10-31,-0.685504,98.979881,
2014-11-03,0.508867,99.483557,
2014-11-04,-0.339569,99.145742,
2014-11-05,0.362983,99.505624,
2014-11-06,0.408154,99.911760,
2014-11-07,-0.060778,99.851036,
2014-11-10,-1.472927,98.380303,
2014-11-11,-1.863971,96.546522,
2014-11-12,0.254519,96.792252,
2014-11-13,-0.456434,96.350459,
2014-11-14,-0.169847,96.186810,
2014-11-17,1.086951,97.232313,
2014-11-18,0.971534,98.176959,
2014-11-19,0.457435,98.626054,
2014-11-20,-0.081967,98.545213,
2014-11-21,-0.641240,97.913302,
2014-11-24,-0.958374,96.974926,
2014-11-25,-0.237672,96.744444,
2014-11-26,-0.766590,96.002811,
2014-11-27,-0.522177,95.501506,
2014-11-28,-1.779793,93.801777,
2014-12-01,-0.802787,93.048748,
2014-12-02,-2.120299,91.075837,
2014-12-03,0.080245,91.148920,
2014-12-04,-2.647130,88.736090,
2014-12-05,-2.396550,86.609485,
2014-12-08,-2.098340,84.792124,
2014-12-09,2.136341,86.603573,
2014-12-10,-0.541152,86.134916,
2014-12-11,1.433108,87.369323,
2014-12-12,0.250153,87.587880,
2014-12-15,-2.289500,85.582555,
2014-12-16,-2.053198,83.825376,
2014-12-17,-1.754792,82.354415,
2014-12-18,0.250829,82.560984,
2014-12-19,-1.846122,81.036807,
2014-12-22,-3.246059,78.406304,
2014-12-23,1.452145,79.544878,
2014-12-24,2.821097,81.788916,
2014-12-25,-1.935296,80.206058,
2014-12-26,-1.966008,78.629200,
2014-12-29,-1.155895,77.720329,
2014-12-30,-0.996750,76.945651,
2014-12-31,-1.237404,75.993523,
2015-01-05,-2.406896,74.164438,
2015-01-06,0.747427,74.718763,
2015-01-07,-0.341732,74.463425,
2015-01-08,1.742754,75.761139,
2015-01-09,-0.187724,75.618918,
2015-01-12,0.535020,76.023494,
2015-01-13,0.659173,76.524620,
2015-01-14,-0.032824,76.499502,
2015-01-15,-2.256637,74.773185,
2015-01-16,-0.183450,74.636014,
2015-01-19,4.793111,78.213401,
2015-01-20,0.535661,78.632360,
2015-01-21,-2.508400,76.659946,
2015-01-22,0.367872,76.941956,
2015-01-23,-0.577586,76.497550,
2015-01-26,0.698036,77.031531,
2015-01-27,0.677819,77.553665,
2015-01-28,1.003563,78.331965,
2015-01-29,0.917281,79.050489,
2015-01-30,0.534777,79.473233,
2015-02-02,1.864957,80.955375,
2015-02-03,-0.996943,80.148296,
2015-02-04,0.793722,80.784450,
2015-02-05,0.803209,81.433318,
2015-02-06,0.554868,81.885165,
2015-02-09,-0.877307,81.166781,
2015-02-10,-0.513748,80.749788,
2015-02-11,0.093408,80.825215,
2015-02-12,0.062733,80.875919,
2015-02-13,-0.004069,80.872628,
2015-02-16,0.403288,81.198778,
2015-02-17,-0.275366,80.975184,
2015-02-25,0.469129,81.355062,
2015-02-26,-1.339184,80.265568,
2015-02-27,0.330767,80.531061,
2015-03-02,0.128380,80.634446,
2015-03-03,1.637425,81.954774,
2015-03-04,0.304258,82.204128,
2015-03-05,0.980963,83.010521,
2015-03-06,-0.487361,82.605960,
2015-03-09,-0.774518,81.966162,
2015-03-10,1.229704,82.974103,
2015-03-11,-0.177409,82.826899,
2015-03-12,-1.648202,81.461745,
2015-03-13,0.440366,81.820475,
2015-03-16,0.002556,81.822565,
2015-03-17,-0.247432,81.620110,
2015-03-18,-0.683678,81.062091,
2015-03-19,0.425773,81.407232,
2015-03-20,-0.210177,81.236132,
2015-03-23,-0.575511,80.768609,
2015-03-24,0.582800,81.239328,
2015-03-25,1.506609,82.463287,
2015-03-26,-1.132687,81.529236,
2015-03-27,-0.510431,81.113085,
2015-03-30,-1.847162,79.614795,
2015-03-31,0.998538,80.409779,
2015-04-01,0.060414,80.458357,
2015-04-02,1.020279,81.279257,
2015-04-03,0.465657,81.657740,
2015-04-07,-0.879289,80.939732,
2015-04-08,-1.342401,79.853197,
2015-04-09,0.340059,80.124744,
2015-04-10,-0.294344,79.888902,
2015-04-13,-0.508348,79.482788,
2015-04-14,-0.013364,79.472167,
2015-04-15,-1.103813,78.594943,
2015-04-16,-1.487996,77.425453,
2015-04-17,-1.284046,76.431274,
2015-04-20,0.916696,77.131917,
2015-04-21,0.558765,77.562903,
2015-04-22,-0.166804,77.433525,
2015-04-23,0.689578,77.967489,
2015-04-24,0.545348,78.392683,
2015-04-27,-1.989267,76.833243,
2015-04-28,-1.817270,75.436976,
2015-04-29,1.307998,76.423691,
2015-04-30,1.491811,77.563788,
2015-05-04,-0.239059,77.378365,
2015-05-05,1.619275,78.631334,
2015-05-06,0.759598,79.228616,
2015-05-07,1.029737,80.044462,
2015-05-08,0.522182,80.462440,
2015-05-11,0.055656,80.507222,
2015-05-12,0.347864,80.787278,
2015-05-13,0.760771,81.401884,
2015-05-14,0.406280,81.732604,
2015-05-15,1.265884,82.767244,
2015-05-18,1.843380,84.292959,
2015-05-19,-1.105143,83.361401,
2015-05-20,0.693819,83.939779,
2015-05-21,0.944150,84.732296,
2015-05-22,-1.403560,83.543027,
2015-05-25,-1.506074,82.284808,
2015-05-26,0.491113,82.688919,
2015-05-27,0.580614,83.169023,
2015-05-28,2.179078,84.981341,
2015-05-29,0.684263,85.562836,
2015-06-01,-1.298508,84.451796,
2015-06-02,0.774167,85.105593,
2015-06-03,0.410384,85.454853,
2015-06-04,-1.023062,84.580597,
2015-06-05,-0.200190,84.411275,
2015-06-08,-3.762025,81.235702,
2015-06-09,0.464806,81.613290,
2015-06-10,1.411584,82.765330,
2015-06-11,0.962401,83.561865,
2015-06-12,0.211427,83.738538,
2015-06-15,-2.207931,81.889649,
2015-06-16,0.333880,82.163062,
2015-06-17,-0.193126,82.004383,
2015-06-18,1.833847,83.508218,
2015-06-19,1.352023,84.637268,
2015-06-23,-1.959043,82.979187,
2015-06-24,-0.835632,82.285786,
2015-06-25,0.555539,82.742916,
2015-06-26,1.665493,84.120993,
2015-06-29,-1.429897,82.918150,
2015-06-30,-2.306626,81.005538,
2015-07-01,1.238966,82.009169,
2015-07-02,-1.565301,80.725479,
2015-07-03,0.978375,81.515277,
2015-07-06,-4.669748,77.708719,
2015-07-07,-2.639586,75.657530,
2015-07-08,2.930081,77.874357,
2015-07-09,-2.375433,76.024504,
2015-07-10,-1.313580,75.025862,
2015-07-13,1.385219,76.065134,
2015-07-14,2.905863,78.275483,
2015-07-15,-0.477872,77.901426,
2015-07-16,0.368486,78.188482,
2015-07-17,0.328524,78.445351,
2015-07-20,0.954323,79.193972,
2015-07-21,0.820021,79.843380,
2015-07-22,0.850450,80.522408,
2015-07-23,-0.095521,80.445492,
2015-07-24,0.885791,81.158070,
2015-07-27,3.140707,83.707008,
2015-07-28,-1.217823,82.687605,
2015-07-29,0.109367,82.778038,
2015-07-30,0.476393,83.172387,
2015-07-31,-0.972998,82.363121,
2015-08-03,-2.218110,80.536216,
2015-08-04,0.577810,81.001563,
2015-08-05,1.168699,81.948228,
2015-08-06,0.613837,82.451257,
2015-08-07,0.274120,82.677272,
2015-08-10,-0.793278,82.021411,
2015-08-11,0.584774,82.501051,
2015-08-12,0.191129,82.658735,
2015-08-13,0.295091,82.902653,
2015-08-14,0.363436,83.203951,
2015-08-17,0.770171,83.844764,
2015-08-18,0.609202,84.355548,
2015-08-19,0.457962,84.741864,
2015-08-20,0.647723,85.290756,
2015-08-21,0.577832,85.783594,
2015-08-24,3.459232,88.751048,
2015-08-25,1.989078,90.516375,
2015-08-26,-1.803880,88.883569,
2015-08-27,-2.116522,87.002328,
2015-08-28,-0.705057,86.388913,
2015-08-31,-1.170432,85.377789,
2015-09-01,-3.436944,82.443402,
2015-09-02,-2.434714,80.436142,
2015-09-07,3.728772,83.435422,
2015-09-08,0.573397,83.913838,
2015-09-09,0.340923,84.199919,
2015-09-10,0.162750,84.336955,
2015-09-11,0.684324,84.914093,
2015-09-14,-1.668974,83.496898,
2015-09-15,-0.026542,83.474736,
2015-09-16,-0.144555,83.354069,
2015-09-17,0.992955,84.181737,
2015-09-18,0.569984,84.661559,
2015-09-21,0.645615,85.208147,
2015-09-22,-0.407718,84.860738,
2015-09-23,1.171550,85.854924,
2015-09-24,0.258305,86.076692,
2015-09-25,-0.782652,85.403011,
2015-09-28,1.051931,86.301391,
2015-09-29,0.699588,86.905145,
2015-09-30,-0.334147,86.614755,
2015-10-08,-0.177135,86.461330,
2015-10-09,-0.168874,86.315319,
2015-10-12,-0.379833,85.987465,
2015-10-13,0.750067,86.632428,
2015-10-14,0.072829,86.695522,
2015-10-15,0.027707,86.719543,
2015-10-16,-0.258173,86.495657,
2015-10-19,0.080281,86.565096,
2015-10-20,0.190483,86.729989,
2015-10-21,-1.361252,85.549375,
2015-10-22,0.981251,86.388829,
2015-10-23,0.396827,86.731643,
2015-10-26,-0.202854,86.555704,
2015-10-27,0.262784,86.783159,
2015-10-28,0.066778,86.841110,
2015-10-29,-0.140487,86.719110,-14.249591
2015-10-30,-1.069987,85.791227,-15.151648
2015-11-02,0.697903,86.389966,-14.642392
2015-11-03,0.227875,86.586827,-14.193475
2015-11-04,-0.842326,85.857484,-14.923800
2015-11-05,-1.439322,84.621718,-16.627081
2015-11-06,-0.259882,84.401802,-17.628833
2015-11-09,-0.379032,84.081893,-17.801920
2015-11-10,0.536294,84.532819,-16.997012
2015-11-11,0.825017,85.230229,-15.643908
2015-11-12,0.778821,85.894019,-14.180241
2015-11-13,-0.074728,85.829832,-14.762573
2015-11-16,0.731839,86.457969,-13.693252
2015-11-17,-0.348940,86.156283,-14.405128
2015-11-18,-0.197016,85.986541,-15.009662
2015-11-19,0.538427,86.449516,-14.411883
2015-11-20,0.753461,87.100879,-12.177364
2015-11-23,0.010594,87.110106,-10.285208
2015-11-24,0.481586,87.529617,-10.058973
2015-11-25,0.362104,87.846565,-9.240045
2015-11-26,0.037160,87.879209,-9.032900
2015-11-27,0.833632,88.611798,-9.283809
2015-11-30,-0.025649,88.589069,-10.276307
2015-12-01,-0.316019,88.309111,-11.049218
2015-12-02,-2.865117,85.778952,-13.874180
2015-12-03,0.231444,85.977482,-12.999699
2015-12-04,1.332708,87.123311,-10.712797
2015-12-07,0.587619,87.635264,-9.888943
2015-12-08,0.391097,87.978003,-8.729065
2015-12-09,-0.296069,87.717528,-8.502028
2015-12-10,0.360839,88.034047,-6.346016
2015-12-11,-0.025479,88.011617,-5.565472
2015-12-14,-1.792303,86.434182,-5.230931
2015-12-15,1.033491,87.327471,-4.282956
2015-12-16,0.420842,87.694982,-1.180200
2015-12-17,0.044664,87.734150,1.290188
2015-12-18,-0.334708,87.440496,3.075586
2015-12-21,-1.075816,86.499797,-0.119900
2015-12-22,0.314664,86.771981,0.736891
2015-12-23,-0.543323,86.300529,-1.230850
2015-12-24,0.575978,86.797601,-0.906365
2015-12-25,0.502500,87.233759,1.910993
2015-12-28,0.889952,88.010098,4.871578
2015-12-29,-0.009169,88.002028,6.632779
2015-12-30,0.665845,88.587985,7.045902
2015-12-31,-0.358835,88.270100,8.549797
2016-01-04,0.675162,88.866066,12.522602
2016-01-05,-0.951878,88.020170,10.124463
2016-01-06,-0.165107,87.874842,7.177183
2016-01-07,0.748942,88.532974,9.877602
2016-01-08,-1.229911,87.444097,10.625656
2016-01-11,0.155329,87.579923,11.943492
2016-01-12,-0.353655,87.270192,12.590961
2016-01-13,-0.360389,86.955679,13.475044
2016-01-14,0.502434,87.392574,16.412554
2016-01-15,0.781133,88.075226,16.446005
2016-01-18,0.829705,88.805990,17.614604
2016-01-19,-0.492914,88.368253,15.392728
2016-01-20,0.430318,88.748518,16.010024
2016-01-21,-0.136584,88.627301,15.339753
2016-01-22,-0.132775,88.509627,14.549880
2016-01-25,0.197244,88.684207,14.779760
2016-01-26,0.908940,89.490294,17.967083
2016-01-27,-0.140723,89.364360,18.009880
2016-01-28,-0.399312,89.007518,12.927983
2016-01-29,-0.264586,88.772017,12.128816
2016-02-01,0.394450,89.122178,15.062886
2016-02-02,0.300086,89.389621,14.995326
2016-02-03,0.620456,89.944245,16.193126
2016-02-04,0.147911,90.077282,15.645316
2016-02-05,-0.042329,90.039153,14.927446
2016-02-15,0.593215,90.573279,14.520348
2016-02-16,-0.281314,90.318483,13.325537
2016-02-17,0.113228,90.420749,12.905349
2016-02-18,0.107551,90.517997,11.165062
2016-02-19,0.445628,90.921371,12.611646
2016-02-22,-0.756986,90.233109,11.061192
2016-02-23,0.356224,90.554541,10.616783
2016-02-24,-0.425332,90.169383,9.637210
2016-02-25,0.649182,90.754747,11.165472
2016-02-26,-0.900241,89.937736,10.776227
2016-02-29,-1.732563,88.379508,8.935115
2016-03-01,-0.231509,88.174901,8.640624
2016-03-02,-0.668019,87.585876,7.974432
2016-03-03,-0.182806,87.425763,7.388981
2016-03-04,-2.666181,85.094834,4.962359
2016-03-07,0.885613,85.848444,5.376040
2016-03-08,0.246768,86.060290,6.970736
2016-03-09,-0.290001,85.810714,6.350092
2016-03-10,0.667748,86.383713,6.887323
2016-03-11,-0.364338,86.068984,4.898156
2016-03-14,0.666185,86.642363,5.258335
2016-03-15,-0.501624,86.207745,3.779266
2016-03-16,-0.894244,85.436837,3.369553
2016-03-17,0.853410,86.165964,4.996875
2016-03-18,0.666048,86.739871,4.438510
2016-03-21,-0.241815,86.530120,4.373969
2016-03-22,0.574208,87.026983,6.608470
2016-03-23,0.278718,87.269543,6.447401
2016-03-24,0.292984,87.525228,6.737401
2016-03-25,0.058773,87.576670,7.043895
2016-03-28,0.466522,87.985234,8.195359
2016-03-29,-0.166599,87.838652,7.603752
2016-03-30,0.108497,87.933954,7.922589
2016-03-31,-0.222621,87.738195,8.276894
2016-04-01,-0.493615,87.305106,7.200949
2016-04-05,0.523159,87.761851,6.227372
2016-04-06,0.374493,88.090513,7.740317
2016-04-07,0.160662,88.232041,8.412588
2016-04-08,0.228381,88.433546,10.505144
2016-04-11,0.023963,88.454737,9.535518
2016-04-12,-0.256299,88.228028,9.218494
2016-04-13,-0.274799,87.985578,7.928207
2016-04-14,0.164982,88.130738,7.628476
2016-04-15,-0.078093,88.061914,8.433530
2016-04-18,0.143783,88.188532,9.928703
2016-04-19,-0.116243,88.086020,9.472911
2016-04-20,-0.908233,87.285994,8.855306
2016-04-21,-0.160896,87.145554,9.203925
2016-04-22,-0.120871,87.040220,9.096346
2016-04-25,-0.020501,87.022376,10.185792
2016-04-26,-0.113841,86.923309,11.571064
2016-04-27,-0.203019,86.746838,12.660201
2016-04-28,-0.292222,86.493345,11.455031
2016-04-29,-0.917332,85.699913,9.976256
2016-05-03,0.132708,85.813644,10.275819
2016-05-04,0.198978,85.984395,9.787389
2016-05-05,0.193286,86.150590,9.436622
2016-05-06,0.212482,86.333645,11.658198
2016-05-09,-0.290796,86.082590,13.200963
2016-05-10,-0.113740,85.984680,11.787640
2016-05-11,-0.704296,85.379093,9.600059
2016-05-12,-0.115037,85.280875,9.724300
2016-05-13,0.117263,85.380878,8.235190
2016-05-16,0.181665,85.535985,7.659962
2016-05-17,0.114830,85.634206,6.750255
2016-05-18,-0.823392,84.929101,5.402631
2016-05-19,0.345357,85.222409,5.691752
2016-05-20,0.159248,85.358124,5.503612
2016-05-23,0.428320,85.723730,5.173126
2016-05-24,0.012378,85.734341,4.780046
2016-05-25,-0.010845,85.725043,3.511262
2016-05-26,0.023185,85.744918,1.707849
2016-05-27,-0.012340,85.734337,2.806803
2016-05-30,-0.370088,85.417045,1.744605
2016-05-31,-0.333592,85.132100,0.470735
2016-06-01,0.457693,85.521744,2.340886
2016-06-02,0.364146,85.833168,4.221901
2016-06-03,-0.258733,85.611090,3.472922
2016-06-06,0.167888,85.754820,3.061734
2016-06-07,0.092108,85.833807,0.998124
2016-06-08,0.197110,86.002994,0.513108
2016-06-13,0.138654,86.122241,1.958679
2016-06-14,-0.174860,85.971648,1.012481
2016-06-15,0.753988,86.619864,1.354097
2016-06-16,0.434793,86.996481,2.816278
2016-06-17,0.046441,87.036883,3.063098
2016-06-20,0.132205,87.151950,7.029832
2016-06-21,-0.372446,86.827356,6.192961
2016-06-22,0.209582,87.009330,5.000610
2016-06-23,0.160654,87.149114,4.203335
2016-06-24,0.547345,87.626120,4.537983
2016-06-27,0.212161,87.812029,6.982590
2016-06-28,0.137662,87.932913,6.786834
2016-06-29,-0.317056,87.654116,6.662587
2016-06-30,0.061977,87.708441,4.907310
2016-07-01,-0.136823,87.588436,3.427429
2016-07-04,-0.275350,87.347261,5.130186
2016-07-05,-0.024370,87.325974,5.944956
2016-07-06,0.024211,87.347117,5.415162
2016-07-07,0.073035,87.410910,3.836395
2016-07-08,0.569659,87.908855,5.844656
2016-07-11,-0.679276,87.311711,7.496707
2016-07-12,-1.031689,86.410926,5.228306
2016-07-13,0.111314,86.507114,6.917240
2016-07-14,0.305238,86.771166,6.248393
2016-07-15,-0.402956,86.421516,10.626921
2016-07-18,-0.092613,86.341479,13.209314
2016-07-19,0.458029,86.736948,10.778322
2016-07-20,0.258928,86.961534,13.441017
2016-07-21,-0.228674,86.762676,14.534365
2016-07-22,0.082191,86.833987,13.240810
2016-07-25,-0.266110,86.602913,10.109902
2016-07-26,-0.197791,86.431620,10.390932
2016-07-27,-1.104030,85.477389,8.912954
2016-07-28,-0.136329,85.360859,8.448545
2016-07-29,-0.390715,85.027341,7.107267
2016-08-01,-0.512773,84.591343,5.776498
2016-08-02,0.182863,84.746030,5.112340
2016-08-03,0.043043,84.782507,5.250940
2016-08-04,0.223363,84.971879,4.592163
2016-08-05,-0.212866,84.791003,1.286674
2016-08-08,-0.112906,84.695269,2.399004
2016-08-09,-0.180204,84.542645,2.109330
2016-08-10,0.033149,84.570669,1.667211
2016-08-11,-0.617892,84.048114,2.025165
2016-08-12,-0.980424,83.224086,3.282983
2016-08-15,-1.047976,82.351918,1.653329
2016-08-16,0.698156,82.926863,1.187137
2016-08-17,0.293621,83.170354,0.868367
2016-08-18,0.265600,83.391254,0.859870
2016-08-19,-0.072446,83.330841,1.583839
2016-08-22,-0.263823,83.110995,0.736597
2016-08-23,-0.387261,82.789138,0.157637
2016-08-24,0.292415,83.031226,0.154968
2016-08-25,-0.054464,82.986004,-0.262287
2016-08-26,-0.372814,82.676621,-1.403018
2016-08-29,-0.536878,82.232748,-2.548696
2016-08-30,0.019391,82.248694,-2.986223
2016-08-31,-0.620758,81.738128,-4.254551
2016-09-01,0.157672,81.867006,-4.673173
2016-09-02,-0.384314,81.552379,-8.458973
2016-09-05,0.112925,81.644472,-10.315666
2016-09-06,0.393166,81.965470,-8.102923
2016-09-07,-0.045233,81.928394,-6.008926
2016-09-08,0.174163,82.071083,-5.127360
2016-09-09,0.044237,82.107389,-3.905797
2016-09-12,-0.197204,81.945470,-0.605800
2016-09-13,0.385138,82.261072,2.243440
2016-09-14,0.328027,82.530911,-1.090005
2016-09-19,0.035358,82.560092,-1.626412
2016-09-20,0.190992,82.717775,-1.775946
2016-09-21,-0.026409,82.695930,-1.964975
2016-09-22,-0.301393,82.446690,-2.948816
2016-09-23,0.045432,82.484147,-1.220336
2016-09-26,0.153502,82.610762,-1.040406
2016-09-27,0.115523,82.706196,-0.780290
2016-09-28,0.158835,82.837563,-1.609639
2016-09-29,-0.145516,82.717020,-2.323626
2016-09-30,0.052750,82.760654,-2.914430
2016-10-10,0.079508,82.826455,-2.426402
2016-10-11,-0.022010,82.808225,-3.613155
2016-10-12,0.168905,82.948093,-3.702364
2016-10-13,0.063967,83.001152,-2.852687
2016-10-14,-0.136078,82.888206,-4.035294
2016-10-17,0.155809,83.017353,-4.576758
2016-10-18,-0.423027,82.666167,-4.665976
2016-10-19,-0.082488,82.597978,-4.571206
2016-10-20,0.095245,82.676649,-4.306989
2016-10-21,-0.513945,82.251736,-4.441704
2016-10-24,-0.614514,81.746288,-5.805381
2016-10-25,0.101117,81.828947,-5.777117
2016-10-26,-0.021437,81.811405,-5.826260
2016-10-27,-0.159937,81.680559,-5.727818
2016-10-28,-0.426324,81.332335,-6.235303
2016-10-31,-0.134411,81.223015,-6.560107
2016-11-01,-0.023897,81.203605,-5.213405
2016-11-02,0.278398,81.429674,-5.911862
2016-11-03,-0.371718,81.126985,-6.680314
2016-11-04,0.106639,81.213498,-6.370672
2016-11-07,-0.059281,81.165354,-6.692410
2016-11-08,-0.094657,81.088525,-6.853867
2016-11-09,0.085258,81.157659,-6.628060
2016-11-10,-0.166123,81.022838,-5.718569
2016-11-11,-0.251399,80.819147,-6.665763
2016-11-14,-0.153649,80.694969,-7.047147
2016-11-15,0.303719,80.940055,-5.897993
2016-11-16,0.066768,80.994097,-4.381468
2016-11-17,-0.296643,80.753833,-4.418332
2016-11-18,0.306414,81.001274,-3.732635
2016-11-21,-0.417508,80.663087,-4.685878
2016-11-22,-0.207182,80.495968,-5.714907
2016-11-23,-0.353896,80.211096,-6.845234
2016-11-24,-0.392569,79.896213,-7.163819
2016-11-25,-0.509040,79.489509,-8.403333
2016-11-28,-0.375885,79.190720,-8.430376
2016-11-29,-0.949106,78.439116,-9.186804
2016-11-30,0.666970,78.962282,-9.059032
2016-12-01,-0.284654,78.737512,-10.094728
2016-12-02,-0.258511,78.533967,-10.364168
2016-12-05,0.750906,79.123683,-10.096498
2016-12-06,0.301144,79.361959,-10.157256
2016-12-07,0.231659,79.545808,-9.963018
2016-12-08,-0.181792,79.401200,-10.975152
2016-12-09,-0.791853,78.772459,-11.744505
2016-12-12,-0.637694,78.270132,-12.067722
2016-12-13,0.096496,78.345659,-9.064310
2016-12-14,0.105890,78.428619,-9.189653
2016-12-15,1.443226,79.560521,-9.080648
2016-12-16,0.332090,79.824734,-9.335006
2016-12-19,0.150326,79.944732,-9.575128
2016-12-20,0.392878,80.258817,-8.886511
2016-12-21,-0.380180,79.953690,-9.627605
2016-12-22,-0.044424,79.918171,-9.646557
2016-12-23,-0.004294,79.914740,-7.842291
2016-12-26,-0.035172,79.886632,-8.905656
2016-12-27,0.464965,80.258077,-8.861727
2016-12-28,0.013389,80.268823,-8.892993
2016-12-29,-0.066148,80.215726,-8.623893
2016-12-30,-0.265633,80.002647,-7.808235
2017-01-03,-0.260815,79.793988,-8.383561
2017-01-04,-0.013526,79.783195,-7.852283
2017-01-05,-0.121967,79.685886,-8.548651
2017-01-06,-0.141834,79.572864,-9.191827
2017-01-09,-0.109754,79.485529,-10.187657
2017-01-10,-0.063217,79.435281,-10.241724
2017-01-11,-0.044775,79.399714,-10.950147
2017-01-12,-0.116709,79.307048,-10.707443
2017-01-13,-0.919422,78.577881,-12.304011
2017-01-16,-1.840011,77.132039,-13.204724
2017-01-17,0.401914,77.442044,-12.638372
2017-01-18,-0.484086,77.067158,-13.869784
2017-01-19,0.003037,77.069498,-12.629211
2017-01-20,0.274812,77.281295,-12.509983
2017-01-23,0.213256,77.446102,-11.942673
2017-01-24,-0.412645,77.126524,-11.995131
2017-01-25,-0.104524,77.045909,-12.600885
2017-01-26,-0.109454,76.961579,-13.488496
2017-02-03,0.333188,77.218006,-13.982144
2017-02-06,0.297332,77.447600,-13.191120
2017-02-07,0.142905,77.558277,-13.477711
2017-02-08,0.007405,77.564020,-13.333630
2017-02-09,0.041929,77.596541,-13.158847
2017-02-10,-0.460357,77.239320,-13.817317
2017-02-13,-0.006144,77.234574,-14.728296
2017-02-14,-0.084372,77.169409,-14.671882
2017-02-15,-0.346563,76.901969,-14.618936
2017-02-16,0.029934,76.924988,-14.324070
2017-02-17,0.166060,77.052730,-14.551822
2017-02-20,-0.500656,76.666961,-15.353373
2017-02-21,0.156686,76.787087,-15.815349
2017-02-22,-0.110659,76.702115,-16.073870
2017-02-23,0.256602,76.898935,-15.775259
2017-02-24,-0.049315,76.861012,-16.416048
2017-02-27,-0.053994,76.819512,-16.188346
2017-02-28,-0.844899,76.170465,-17.149998
2017-03-01,-0.068924,76.117965,-17.326439
2017-03-02,0.145327,76.228585,-17.625855
2017-03-03,0.370502,76.511013,-16.496173
2017-03-06,0.358438,76.785258,-16.493966
2017-03-07,-0.026058,76.765250,-16.093788
2017-03-08,-0.115413,76.676652,-16.856352
2017-03-09,0.272641,76.885704,-15.679765
2017-03-10,0.048669,76.923123,-13.883360
2017-03-13,-0.198757,76.770234,-13.850537
2017-03-14,-0.120591,76.677655,-13.300941
2017-03-15,-0.105312,76.596904,-13.223335
2017-03-16,0.167844,76.725467,-10.353263
2017-03-17,0.226422,76.899191,-11.008811
2017-03-20,0.312991,77.139878,-10.942773
2017-03-21,-0.387357,76.841071,-11.040460
2017-03-22,0.251028,77.033964,-11.455274
2017-03-23,-0.233859,76.853813,-11.324404
2017-03-24,-0.272740,76.644202,-12.261492
2017-03-27,0.293435,76.869103,-11.465601
2017-03-28,0.132457,76.970921,-10.434966
2017-03-29,-0.094396,76.898264,-11.379195
2017-03-30,-0.330563,76.644066,-12.374146
2017-03-31,-0.020490,76.628362,-12.152530
2017-04-05,0.019797,76.643532,-12.705300
2017-04-06,-0.047977,76.606761,-13.031619
2017-04-07,-0.061266,76.559827,-13.385459
2017-04-10,-0.342585,76.297544,-13.787388
2017-04-11,-0.122889,76.203783,-14.375790
2017-04-12,-0.381305,75.913214,-14.591086
2017-04-13,-0.083817,75.849586,-14.783377
2017-04-14,-0.103235,75.771283,-14.663796
2017-04-17,-0.721029,75.224950,-14.892600
2017-04-18,-0.087210,75.159346,-15.501643
2017-04-19,0.049404,75.196478,-15.826045
2017-04-20,-0.483484,74.832915,-16.471235
2017-04-21,-0.846757,74.199262,-17.549717
2017-04-24,-0.922017,73.515132,-18.499971
2017-04-25,0.051095,73.552695,-18.192260
2017-04-26,-0.545840,73.151215,-18.464418
2017-04-27,0.331509,73.393718,-18.298303
2017-04-28,0.967241,74.103612,-17.257586
2017-05-02,0.604484,74.551556,-16.798602
2017-05-03,0.181162,74.686615,-16.501294
2017-05-04,-0.005007,74.682876,-15.593919
2017-05-05,-0.184520,74.545071,-15.617584
2017-05-08,-0.512941,74.162698,-16.010901
2017-05-09,0.410518,74.467149,-15.580720
2017-05-10,-0.555663,74.053363,-16.024027
2017-05-11,-0.751888,73.496564,-16.575531
2017-05-12,-0.735902,72.955702,-17.021504
2017-05-15,-0.056743,72.914305,-16.156697
2017-05-16,0.547277,73.313348,-15.743532
2017-05-17,0.000000,73.313348,-15.942313
2017-05-18,0.346321,73.567248,-15.789689
2017-05-19,-0.068661,73.516736,-16.070630
2017-05-22,-0.948768,72.819233,-16.732708
2017-05-23,-1.654226,71.614638,-18.286964
2017-05-24,0.203791,71.760582,-17.376593
2017-05-25,-0.774352,71.204902,-18.038855
2017-05-26,-0.031819,71.182245,-18.187874
2017-05-31,-0.328206,70.948621,-18.698120
2017-06-01,-1.302749,70.024338,-20.124193
2017-06-02,0.634735,70.468807,-18.664664
2017-06-05,0.949915,71.138201,-18.063994
2017-06-06,-0.118859,71.053647,-18.342045
2017-06-07,0.179293,71.181041,-18.590317
2017-06-08,-0.326116,70.948909,-18.929344
2017-06-09,-0.209236,70.800458,-19.127954
2017-06-12,-2.025666,69.366277,-21.197600
2017-06-13,0.439054,69.670832,-20.747166
2017-06-14,0.740386,70.186665,-19.638733
2017-06-15,0.714940,70.688458,-18.592187
2017-06-16,0.174010,70.811463,-18.874976
2017-06-19,-0.201696,70.668639,-19.440361
2017-06-20,0.110213,70.746525,-19.071141
2017-06-21,-0.533901,70.368808,-19.774219
2017-06-22,-0.821592,69.790664,-20.691270
2017-06-23,-0.378668,69.526389,-21.267574
2017-06-26,-0.068938,69.478459,-21.475094
2017-06-27,-0.050874,69.443112,-21.350968
2017-06-28,0.133165,69.535586,-21.969051
2017-06-29,-0.230167,69.375538,-22.633333
2017-06-30,0.082752,69.432948,-22.597045
2017-07-03,0.541317,69.808800,-22.189306
2017-07-04,0.281681,70.005439,-21.534880
2017-07-05,-0.171853,69.885132,-21.916243
2017-07-06,-0.034248,69.861198,-22.111022
2017-07-07,0.151248,69.966861,-22.505741
2017-07-10,-0.233964,69.803164,-22.951915
2017-07-11,-0.665368,69.338717,-23.757074
2017-07-12,0.071593,69.388358,-23.367946
2017-07-13,-0.528044,69.021957,-23.959347
2017-07-14,-0.364495,68.770376,-24.187592
2017-07-17,-1.927851,67.444585,-25.858538
2017-07-18,0.298537,67.645932,-25.536072
2017-07-19,-0.294412,67.446775,-25.855126
2017-07-20,-0.149561,67.345900,-26.077807
2017-07-21,0.277749,67.532953,-26.368486
2017-07-24,0.033406,67.555513,-25.653492
2017-07-25,-0.025720,67.538137,-24.642169
2017-07-26,-0.092583,67.475609,-24.846047
2017-07-27,0.472182,67.794216,-24.679749
2017-07-28,-0.119553,67.713166,-24.395603
2017-07-31,0.068254,67.759384,-24.234716
2017-08-01,-0.613893,67.343413,-25.307484
2017-08-02,-0.342470,67.112783,-25.909135
2017-08-03,0.668354,67.561334,-25.014069
2017-08-04,0.049869,67.595026,-25.046370
2017-08-07,0.059468,67.635223,-24.720455
2017-08-08,-0.029160,67.615501,-24.551632
2017-08-09,0.512061,67.961734,-22.930708
2017-08-10,-0.174529,67.843121,-22.968968
2017-08-11,0.444222,68.144495,-22.134248
2017-08-14,0.200784,68.281318,-21.419573
2017-08-15,-0.337102,68.051141,-21.939941
2017-08-16,0.272265,68.236420,-21.711079
2017-08-17,0.015016,68.246666,-21.919178
2017-08-18,-0.507544,67.900285,-22.214922
2017-08-21,-0.196817,67.766645,-22.298963
2017-08-22,-0.553974,67.391235,-22.674111
2017-08-23,-0.604455,66.983886,-23.313543
2017-08-24,-0.101715,66.915753,-22.795502
2017-08-25,-1.257098,66.074556,-23.075306
2017-08-28,-0.128681,65.989531,-22.150564
2017-08-29,-0.298733,65.792398,-23.145475
2017-08-30,0.323240,66.005065,-23.115947
2017-08-31,1.021628,66.679391,-22.364751
2017-09-01,0.634499,67.102471,-21.659785
2017-09-04,-0.047306,67.070727,-21.442931
2017-09-05,-0.310855,66.862234,-21.366257
2017-09-06,0.391007,67.123671,-21.268000
2017-09-07,0.193837,67.253781,-21.019872
2017-09-08,0.182542,67.376548,-20.463986
2017-09-11,0.405064,67.649466,-19.521416
2017-09-12,-0.318216,67.434194,-19.859528
2017-09-13,0.134522,67.524908,-19.102404
2017-09-14,0.221992,67.674808,-19.038205
2017-09-15,-0.022282,67.659729,-18.675435
2017-09-18,0.186110,67.785650,-18.602360
2017-09-19,-0.115266,67.707516,-19.110087
2017-09-20,0.194205,67.839007,-18.870827
2017-09-21,-0.596579,67.434294,-19.643204
2017-09-22,-0.226749,67.281388,-19.914438
2017-09-25,-0.547871,66.912772,-20.266416
2017-09-26,0.036782,66.937384,-20.614038
2017-09-27,0.439964,67.231885,-20.502529
2017-09-28,-0.210251,67.090529,-20.748353
2017-09-29,0.236574,67.249248,-20.702867
2017-10-09,-0.106611,67.177553,-20.783122
2017-10-10,0.113923,67.254084,-20.367416
2017-10-11,-0.360874,67.011382,-20.774364
2017-10-12,-0.143838,66.914994,-21.071690
2017-10-13,0.170059,67.028789,-21.017231
2017-10-16,-0.748508,66.527074,-21.927262
2017-10-17,-0.000612,66.526667,-21.782252
2017-10-18,-0.971550,65.880327,-22.811288
2017-10-19,-0.540859,65.524008,-23.433091
2017-10-20,0.554254,65.887177,-22.858355
2017-10-23,0.228810,66.037934,-22.798569
2017-10-24,-0.691675,65.581166,-23.556593
2017-10-25,0.055778,65.617746,-23.364660
2017-10-26,0.050815,65.651090,-23.469545
2017-10-27,-0.477964,65.337302,-23.524731
2017-10-30,-0.587341,64.953549,-24.031282
2017-10-31,0.596921,65.341270,-23.531335
2017-11-01,0.039238,65.366909,-22.976835
2017-11-02,-0.601353,64.973823,-22.963593
2017-11-03,-0.201561,64.842861,-23.266423
2017-11-06,0.195450,64.969597,-23.049725
2017-11-07,-0.329568,64.755478,-23.219772
2017-11-08,0.189327,64.878077,-22.603388
2017-11-09,0.024320,64.893856,-22.444570
2017-11-10,-0.047962,64.862731,-22.468643
2017-11-13,-0.247658,64.702093,-22.994620
2017-11-14,0.087494,64.758704,-22.534753
2017-11-15,0.079637,64.810276,-22.561730
2017-11-16,-0.216008,64.670280,-22.718672
2017-11-17,-1.827382,63.488507,-24.468256
2017-11-20,-0.271181,63.316338,-24.825027
2017-11-21,-0.723395,62.858311,-25.384790
2017-11-22,-0.509152,62.538267,-25.643527
2017-11-23,0.741723,63.002128,-24.750773
2017-11-24,0.041947,63.028555,-25.012093
2017-11-27,0.069675,63.072471,-25.009188
2017-11-28,0.652479,63.484005,-24.061744
2017-11-29,0.115405,63.557269,-24.252351
2017-11-30,0.294150,63.744223,-23.540251
2017-12-01,0.499059,64.062344,-22.835037
2017-12-04,-0.569093,63.697770,-23.051231
2017-12-05,-1.535845,62.719471,-24.205651
2017-12-06,0.897666,63.282482,-22.801651
2017-12-07,0.635956,63.684931,-21.791115
2017-12-08,0.141509,63.775051,-20.696068
2017-12-11,-1.760430,62.652336,-23.136933
2017-12-12,0.530131,62.984475,-22.323142
2017-12-13,-0.220013,62.845901,-22.284551
2017-12-14,0.409155,63.103038,-22.624332
2017-12-15,0.469974,63.399606,-22.456150
2017-12-18,-0.488805,63.089705,-23.177545
2017-12-19,-0.552360,62.741223,-23.549478
2017-12-20,-0.391852,62.495371,-23.147095
2017-12-21,-0.242064,62.344092,-22.749716
2017-12-22,0.070760,62.388207,-22.775430
2017-12-25,-0.439065,62.114282,-23.321295
2017-12-26,-0.209428,61.984197,-24.963854
2017-12-27,0.607950,62.361031,-24.689284
2017-12-28,-0.413212,62.103347,-25.253566
2017-12-29,0.068937,62.146159,-25.576761
2018-01-02,-0.473920,61.851636,-25.670903
2018-01-03,0.033155,61.872143,-25.593320
2018-01-04,-0.146584,61.781449,-25.735718
2018-01-05,-0.144599,61.692113,-25.845243
2018-01-08,-0.200028,61.568712,-26.509359
2018-01-09,-0.272621,61.400863,-26.795740
2018-01-10,-0.683243,60.981346,-27.415157
2018-01-11,0.084663,61.032975,-27.064543
2018-01-12,-0.463326,60.750193,-27.267790
2018-01-15,-1.101635,60.080948,-28.362012
2018-01-16,-0.156787,59.986749,-28.396879
2018-01-17,-0.270799,59.824305,-28.526110
2018-01-18,-0.841728,59.320747,-29.261587
2018-01-19,-0.456906,59.049707,-29.656304
2018-01-22,-0.090342,58.996360,-29.701902
2018-01-23,-1.172643,58.304543,-30.764698
2018-01-24,0.242826,58.446122,-29.598491
2018-01-25,0.325893,58.636594,-27.415977
2018-01-26,-0.341965,58.436077,-28.159637
2018-01-29,0.364166,58.648882,-27.310871
2018-01-30,0.789407,59.111860,-26.527601
2018-01-31,-1.183324,58.412375,-27.992418
2018-02-01,-1.477731,57.549197,-29.694205
2018-02-02,-0.564797,57.224161,-29.847104
2018-02-05,-0.715434,56.814760,-30.460531
2018-02-06,-0.024840,56.800647,-30.375861
2018-02-07,1.887349,57.872673,-28.838736
2018-02-08,1.440638,58.706409,-27.705268
2018-02-09,1.436959,59.549996,-26.421338
2018-02-12,0.589155,59.900838,-25.841316
2018-02-13,-0.580540,59.553090,-26.465468
2018-02-14,-0.181799,59.444823,-26.186011
2018-02-22,-0.804423,58.966635,-26.987543
2018-02-23,-0.256498,58.815387,-27.159962
2018-02-26,0.103380,58.876191,-26.709471
2018-02-27,0.866498,59.386352,-25.876634
2018-02-28,0.853044,59.892944,-25.193130
2018-03-01,0.218218,60.023641,-24.473236
2018-03-02,0.295873,60.201235,-24.334363
2018-03-05,0.212973,60.329447,-24.010896
2018-03-06,-0.243611,60.182478,-24.511078
2018-03-07,0.057949,60.217353,-24.403819
2018-03-08,-0.147341,60.128628,-24.497260
2018-03-09,0.267855,60.289685,-23.381275
2018-03-12,0.494043,60.587542,-22.819501
2018-03-13,0.229622,60.726664,-22.735364
2018-03-14,-0.108728,60.660637,-23.213969
2018-03-15,-0.271217,60.496115,-23.843352
2018-03-16,0.307855,60.682355,-23.509909
2018-03-19,-0.189005,60.567662,-23.583613
2018-03-20,-0.361603,60.348648,-24.218142
2018-03-21,0.545312,60.677736,-23.722968
2018-03-22,0.394530,60.917128,-23.130260
2018-03-23,-0.283920,60.744172,-23.293919
2018-03-26,1.253830,61.505801,-21.942517
2018-03-27,0.715024,61.945582,-21.397740
2018-03-28,0.822673,62.455192,-20.804598
2018-03-29,-0.776576,61.970180,-21.896708
2018-03-30,0.899076,62.527339,-20.613540
2018-04-02,-0.030199,62.508456,-20.894457
2018-04-03,-0.032135,62.488369,-20.692464
2018-04-04,-0.132283,62.405707,-20.551722
2018-04-09,0.012150,62.413290,-20.832578
2018-04-10,-1.289816,61.608273,-22.263154
2018-04-11,-0.378472,61.375103,-22.547904
2018-04-12,0.526917,61.698498,-21.691260
2018-04-13,0.477199,61.992923,-21.194703
2018-04-16,1.235934,62.759115,-19.986140
2018-04-17,-0.149367,62.665373,-20.087629
2018-04-18,0.052023,62.697974,-19.974335
2018-04-19,-0.464937,62.406468,-20.097183
2018-04-20,-0.072796,62.361038,-20.047042
2018-04-23,-0.682181,61.935623,-20.349526
2018-04-24,-0.540599,61.600800,-20.807739
2018-04-25,0.662037,62.008620,-20.044596
2018-04-26,0.400530,62.256983,-18.921225
2018-04-27,-0.631852,61.863611,-19.467834
2018-05-02,0.283929,62.039260,-19.233699
2018-05-03,-0.008698,62.033864,-18.757741
2018-05-04,0.236652,62.180668,-17.671005
2018-05-07,-0.248945,62.025873,-16.993967
2018-05-08,-0.476439,61.730357,-17.522627
2018-05-09,0.049366,61.760831,-16.925938
2018-05-10,-0.076672,61.713478,-17.333600
2018-05-11,-0.262937,61.551210,-18.559476
2018-05-14,-0.701848,61.119214,-19.866463
2018-05-15,0.194493,61.238086,-19.853157
2018-05-16,0.364420,61.461250,-19.484393
2018-05-17,0.149740,61.553283,-19.150073
2018-05-18,-0.741111,61.097105,-19.379683
2018-05-21,0.281463,61.269070,-19.508293
2018-05-22,0.434367,61.535203,-18.517654
2018-05-23,0.534124,61.863877,-17.230222
2018-05-24,0.331668,62.069060,-16.160480
2018-05-25,-0.179585,61.957593,-16.283468
2018-05-28,-0.351516,61.739802,-17.181388
2018-05-29,0.122610,61.815501,-17.058853
2018-05-30,0.180951,61.927357,-17.223789
2018-05-31,-0.575627,61.570886,-17.732394
2018-06-01,-0.059181,61.534448,-16.838296
2018-06-04,-0.581329,61.176730,-15.753260
2018-06-05,0.345346,61.388001,-15.612093
2018-06-06,0.191828,61.505761,-14.643082
2018-06-07,-0.336136,61.299018,-14.947961
2018-06-08,0.543123,61.631947,-14.077561
2018-06-11,-0.429967,61.366950,-13.197146
2018-06-12,-0.407430,61.116923,-14.238136
2018-06-13,-0.117203,61.045292,-15.300840
2018-06-14,-0.078633,60.997290,-15.260574
2018-06-15,-0.681718,60.581461,-16.123759
2018-06-19,-0.836189,60.074885,-16.636815
2018-06-20,0.533746,60.395533,-15.895033
2018-06-21,-0.169425,60.293208,-14.018137
2018-06-22,0.420121,60.546512,-14.036989
2018-06-25,0.714268,60.978976,-14.062918
2018-06-26,0.941525,61.553109,-13.838194
2018-06-27,0.709638,61.989913,-13.304921
2018-06-28,0.175172,62.098502,-12.928002
2018-06-29,-0.198103,61.975484,-13.236453
2018-07-02,1.519318,62.917088,-11.193230
2018-07-03,0.322470,63.119977,-10.046293
2018-07-04,-0.285654,62.939672,-9.952969
2018-07-05,-0.767569,62.456567,-10.654537
2018-07-06,-0.179577,62.344409,-10.783389
2018-07-09,-1.013783,61.712372,-11.935422
2018-07-10,0.094331,61.770586,-11.610704
2018-07-11,0.181547,61.882728,-11.512040
2018-07-12,-0.264624,61.718972,-12.316872
2018-07-13,0.363830,61.943524,-12.234987
2018-07-16,0.654164,62.348736,-11.410953
2018-07-17,0.699731,62.785009,-10.679405
2018-07-18,0.026756,62.801808,-10.803786
2018-07-19,-0.239053,62.651678,-10.808888
2018-07-20,-1.167876,61.919984,-11.316046
2018-07-23,-0.459084,61.635719,-11.847755
2018-07-24,-0.326611,61.434411,-11.645456
2018-07-25,0.134394,61.516975,-11.145992
2018-07-26,0.342350,61.727578,-8.857550
2018-07-27,0.006801,61.731776,-9.148842
2018-07-30,-0.589262,61.368014,-9.445001
2018-07-31,-0.218636,61.233841,-9.514203
2018-08-01,0.684026,61.652697,-9.109870
2018-08-02,0.418991,61.911016,-8.725155
2018-08-03,0.052087,61.943264,-8.647357
2018-08-06,-0.243878,61.792197,-8.798908
2018-08-07,-0.866817,61.256572,-10.140575
2018-08-08,0.244167,61.406140,-9.777081
2018-08-09,-0.446343,61.132058,-10.292654
2018-08-10,0.267889,61.295824,-9.409339
2018-08-13,0.566382,61.642993,-8.501497
2018-08-14,-0.055176,61.608981,-9.222819
2018-08-15,0.517763,61.927969,-8.756248
2018-08-16,-0.206421,61.800136,-9.022334
2018-08-17,0.120367,61.874523,-8.872875
2018-08-20,-0.908047,61.312674,-10.295824
2018-08-21,-0.785092,60.831313,-10.909332
2018-08-22,0.193039,60.948741,-11.159717
2018-08-23,0.050274,60.979383,-11.310039
2018-08-24,-0.518821,60.663009,-11.492539
2018-08-27,-0.326110,60.465181,-12.091077
2018-08-28,0.233049,60.606094,-11.873314
2018-08-29,0.307533,60.792478,-11.057416
2018-08-30,0.076756,60.839140,-10.783678
2018-08-31,-0.184785,60.726718,-10.413120
2018-09-03,0.137160,60.810011,-9.669765
2018-09-04,-0.324834,60.612479,-9.893361
2018-09-05,0.668611,61.017741,-7.961908
2018-09-06,0.288815,61.193969,-7.544747
2018-09-07,-0.144726,61.105405,-7.390397
2018-09-10,0.007170,61.109786,-7.705946
2018-09-11,0.099718,61.170724,-8.622722
2018-09-12,0.300413,61.354489,-8.955254
2018-09-13,-0.536827,61.025121,-9.446209
2018-09-14,-0.417657,60.770245,-9.553401
2018-09-17,-0.013679,60.761933,-9.957326
2018-09-18,-0.437789,60.495924,-10.589725
2018-09-19,-0.411838,60.246779,-11.184789
2018-09-20,-0.160734,60.149942,-11.749898
2018-09-21,-1.508968,59.242298,-12.951644
2018-09-25,0.450849,59.509392,-12.636239
2018-09-26,-0.473416,59.227665,-13.332525
2018-09-27,-0.366475,59.010610,-13.677389
2018-09-28,-0.432434,58.755428,-14.296697
2018-10-08,1.426478,59.593561,-12.764965
2018-10-09,-0.057234,59.559454,-13.016232
2018-10-10,-0.057182,59.525396,-12.475065
2018-10-11,0.196571,59.642406,-12.051681
2018-10-12,-1.266823,58.886842,-12.777219
2018-10-15,0.406974,59.126496,-12.407846
2018-10-16,-0.598860,58.772411,-13.447506
2018-10-17,-0.090868,58.719006,-13.327944
2018-10-18,0.459865,58.989034,-13.105427
2018-10-19,-0.973956,58.414506,-13.977490
2018-10-22,-0.690830,58.010962,-14.784576
2018-10-23,1.043595,58.616361,-13.384862
2018-10-24,-0.336656,58.419026,-13.578145
2018-10-25,-0.548696,58.098483,-14.298267
2018-10-26,0.102624,58.158106,-13.444372
2018-10-29,1.042405,58.764349,-12.406752
2018-10-30,-0.397154,58.530963,-11.828397
2018-10-31,0.389672,58.759042,-10.897156
2018-11-01,0.067717,58.798832,-11.382186
2018-11-02,-0.676163,58.401256,-12.289193
2018-11-05,0.862210,58.904798,-10.736601
2018-11-06,0.294115,59.078046,-10.498681
2018-11-07,0.315007,59.264146,-10.234971
2018-11-08,-0.080119,59.216664,-9.836012
2018-11-09,1.039950,59.832487,-8.212360
2018-11-12,0.483026,60.121494,-8.325644
2018-11-13,0.236502,60.263682,-8.128651
2018-11-14,0.719534,60.697299,-6.808526
2018-11-15,-0.075868,60.651249,-6.682659
2018-11-16,0.213334,60.780639,-6.664811
2018-11-19,-0.542796,60.450724,-6.878973
2018-11-20,0.351985,60.663502,-6.716754
2018-11-21,0.148089,60.753338,-6.593092
2018-11-22,0.217842,60.885684,-6.327513
2018-11-23,-0.305697,60.699558,-6.385713
2018-11-26,-0.037039,60.677076,-6.510214
2018-11-27,0.358434,60.894563,-6.232027
2018-11-28,-0.205868,60.769201,-6.221865
2018-11-29,-0.167898,60.667171,-4.545620
2018-11-30,-0.335951,60.463359,-4.610587
2018-12-03,-0.480774,60.172667,-4.366496
2018-12-04,0.222600,60.306611,-3.633690
2018-12-05,0.148549,60.396196,-4.224237
2018-12-06,0.511265,60.704981,-3.756214
2018-12-07,0.121526,60.778753,-3.704412
2018-12-10,0.183779,60.890452,-4.171162
2018-12-11,0.085511,60.942520,-4.201026
2018-12-12,-0.285770,60.768364,-4.780923
2018-12-13,-0.499947,60.464555,-5.779941
2018-12-14,0.014900,60.473564,-5.194325
2018-12-17,1.869567,61.604157,-1.794259
2018-12-18,0.385127,61.841411,-2.303532
2018-12-19,0.190880,61.959454,-2.746777
2018-12-20,0.685951,62.384466,-2.204576
2018-12-21,0.380737,62.621987,-0.048452
2018-12-24,0.228602,62.765142,-0.348842
2018-12-25,0.103968,62.830398,-0.024672
2018-12-26,0.039178,62.855013,-0.393822
2018-12-27,-0.276555,62.681185,-1.139633
2018-12-28,-0.302957,62.491288,-0.953046
2019-01-02,0.780470,62.979014,0.378286
2019-01-03,-0.351534,62.757621,0.418754
2019-01-04,-0.314830,62.560041,0.345784
2019-01-07,0.437444,62.833707,0.711540
2019-01-08,0.113701,62.905149,1.265207
2019-01-09,-0.567229,62.548333,0.906011
2019-01-10,0.156086,62.645962,0.455866
2019-01-11,-0.139661,62.558470,0.730175
2019-01-14,0.319504,62.758347,0.980257
2019-01-15,-0.604202,62.379160,0.849269
2019-01-16,-0.079564,62.329529,0.736523
2019-01-17,-0.065914,62.288445,0.817280
2019-01-18,-0.883371,61.738207,0.074687
2019-01-21,-0.161088,61.638754,0.113697
2019-01-22,0.402292,61.886721,0.788175
2019-01-23,0.055034,61.920780,1.528782
2019-01-24,-0.084071,61.868723,1.360048
2019-01-25,-0.743446,61.408762,1.078227
2019-01-28,-0.533949,61.080871,1.650596
2019-01-29,-0.834611,60.571083,0.969392
2019-01-30,-0.266484,60.409671,0.973719
2019-01-31,-1.293390,59.628338,0.517182
2019-02-01,0.344062,59.833497,1.318607
2019-02-11,0.246232,59.980826,1.654920
2019-02-12,0.166453,60.080666,3.000807
2019-02-13,-0.718543,59.648961,2.037138
2019-02-14,0.272686,59.811615,1.984090
2019-02-15,1.091180,60.464267,3.411910
2019-02-18,-0.571479,60.118726,2.475287
2019-02-19,0.159063,60.214353,1.847917
2019-02-20,-0.223796,60.079596,2.814251
2019-02-21,0.000173,60.079700,4.303183
2019-02-22,-0.393600,59.843226,4.475205
2019-02-25,-1.804130,58.763576,3.372607
2019-02-26,0.785648,59.225251,4.180028
2019-02-27,-0.307249,59.043282,2.002547
2019-02-28,1.402253,59.871219,1.964700
2019-03-01,-1.028845,59.255237,-0.496207
2019-03-04,0.165671,59.353406,-0.918100
2019-03-05,0.783363,59.818358,0.444442
2019-03-06,-0.138938,59.735247,0.487371
2019-03-07,1.143391,60.418255,2.431951
2019-03-08,1.127148,61.099258,3.809622
2019-03-11,0.604801,61.468787,4.309274
2019-03-12,0.339683,61.677586,3.785616
2019-03-13,-0.044111,61.650379,2.892068
2019-03-14,-0.565279,61.301883,2.107205
2019-03-15,-0.032836,61.281753,1.778927
2019-03-18,-0.771745,60.808814,0.791442
2019-03-19,0.252068,60.962094,1.287101
2019-03-20,0.045893,60.990071,1.275052
2019-03-21,0.504976,61.298056,1.926207
2019-03-22,0.283160,61.471628,1.941470
2019-03-25,1.474611,62.378095,2.912488
2019-03-26,-0.284344,62.200727,2.398381
2019-03-27,-0.251300,62.044416,2.255551
2019-03-28,-0.535838,61.711959,1.989858
2019-03-29,-0.937204,61.133592,0.740853
2019-04-01,0.429869,61.396386,1.358985
2019-04-02,0.245237,61.546953,1.966180
2019-04-03,-0.451620,61.268994,0.969706
2019-04-04,-0.614450,60.892527,-0.040393
2019-04-08,-0.093197,60.835777,0.150691
2019-04-09,0.064442,60.874981,-1.030923
2019-04-10,-0.177423,60.766975,-1.920983
2019-04-11,0.322708,60.963075,-2.418102
2019-04-12,0.005982,60.966722,-1.632513
2019-04-15,0.120495,61.040184,-2.407148
2019-04-16,-1.032275,60.410081,-3.414585
2019-04-17,0.050785,60.440760,-3.331673
2019-04-18,0.094160,60.497671,-3.105187
2019-04-19,-0.173545,60.392680,-3.291032
2019-04-22,0.912512,60.943771,-1.084452
2019-04-23,-0.453161,60.667597,-1.159453
2019-04-24,0.363278,60.887989,-1.322366
2019-04-25,-0.339166,60.681477,-2.138173
2019-04-26,0.608294,61.050599,-2.760080
2019-04-29,-1.541024,60.109795,-4.163623
2019-04-30,1.020961,60.723493,-3.199848
2019-05-06,0.614045,61.096362,-2.121659
2019-05-07,0.118551,61.168792,-1.930356
2019-05-08,0.751494,61.628473,-0.497153
2019-05-09,0.648733,62.028277,0.691551
2019-05-10,-0.486534,61.726488,-0.456026
2019-05-13,0.718941,62.170265,-0.139388
2019-05-14,0.056574,62.205437,0.551027
2019-05-15,-0.434070,61.935422,-0.167515
2019-05-16,-0.016841,61.924991,-0.175659
2019-05-17,0.148675,62.017059,-0.263467
2019-05-20,0.067159,62.058709,0.052926
2019-05-21,0.058791,62.095194,0.589278
2019-05-22,0.052718,62.127929,0.592628
2019-05-23,0.085802,62.181237,0.755095
2019-05-24,-0.577031,61.822432,0.439676
2019-05-27,0.402347,62.071172,1.545539
2019-05-28,-0.566637,61.719454,0.782986
2019-05-29,0.248167,61.872621,0.667087
2019-05-30,0.020371,61.885225,0.537828
2019-05-31,0.190215,62.002940,1.471733
2019-06-03,-0.512946,61.684899,0.676399
2019-06-04,-0.226931,61.544917,0.015784
2019-06-05,-0.039763,61.520445,-0.556688
2019-06-06,-0.406520,61.270352,-1.295156
2019-06-10,-0.183572,61.157877,-1.299150
2019-06-11,-0.131003,61.077758,-1.078104
2019-06-12,0.279862,61.248692,-0.921168
2019-06-13,0.249252,61.401355,-0.853013
2019-06-14,-0.345310,61.189330,-0.621631
2019-06-17,-1.254298,60.421833,-1.824663
2019-06-18,-0.161794,60.324074,-1.403562
2019-06-19,-0.107865,60.259006,-1.856236
2019-06-20,-1.094723,59.599337,-3.148639
2019-06-21,0.460760,59.873947,-2.352235
2019-06-24,-0.140199,59.790004,-3.034185
2019-06-25,0.273886,59.953761,-2.329780
2019-06-26,0.135083,60.034748,-1.786526
2019-06-27,-0.186640,59.922700,-1.856069
2019-06-28,-0.316149,59.733255,-2.094055
2019-07-01,-0.382654,59.504683,-1.793391
2019-07-02,0.095499,59.561509,-0.858233
2019-07-03,0.167338,59.661178,-1.223362
2019-07-04,0.024969,59.676075,-1.028828
2019-07-05,-0.070024,59.634287,-1.518117
2019-07-08,0.292445,59.808685,-1.937827
2019-07-09,0.287770,59.980796,-2.587591
2019-07-10,-0.009821,59.974906,-3.304544
2019-07-11,-0.068523,59.933810,-3.548109
2019-07-12,-0.296813,59.755918,-3.647065
2019-07-15,0.183628,59.865647,-4.971497
2019-07-16,0.339589,60.068944,-4.954435
2019-07-17,0.052636,60.100562,-4.615750
2019-07-18,-0.123656,60.026244,-3.968953
2019-07-19,-0.356766,59.812090,-4.146618
2019-07-22,-0.520606,59.500705,-3.649627
2019-07-23,0.239663,59.643306,-3.504538
2019-07-24,-0.033170,59.623522,-3.719096
2019-07-25,-0.267414,59.464080,-3.721893
2019-07-26,-0.073170,59.420570,-4.158259
2019-07-29,0.135704,59.501207,-4.674680
2019-07-30,-0.203661,59.380026,-5.575843
2019-07-31,0.104653,59.442169,-5.497997
2019-08-01,0.305137,59.623549,-4.953985
2019-08-02,0.400031,59.862062,-3.380002
2019-08-05,0.754205,60.313545,-2.168486
2019-08-06,-0.262323,60.155328,-2.104009
2019-08-07,0.209778,60.281521,-2.028754
2019-08-08,-0.450311,60.010067,-2.821847
2019-08-09,0.056862,60.044190,-2.771802
2019-08-12,-0.349848,59.834126,-2.531259
2019-08-13,0.435778,60.094870,-1.877552
2019-08-14,0.006420,60.098728,-2.552829
2019-08-15,0.021939,60.111913,-2.949009
2019-08-16,0.381871,60.341463,-2.619938
2019-08-19,-0.079739,60.293347,-2.455533
2019-08-20,0.155075,60.386847,-1.429982
2019-08-21,0.145988,60.475004,-1.527971
2019-08-22,-0.060510,60.438411,-1.141156
2019-08-23,-0.161520,60.340791,-1.570337
2019-08-26,0.848801,60.852964,-1.289902
2019-08-27,-0.214357,60.722522,-1.449299
2019-08-28,0.105614,60.786653,-1.860168
2019-08-29,0.782149,61.262095,-0.874427
2019-08-30,-0.606213,60.890716,-1.602780
2019-09-02,0.503508,61.197306,-0.188340
2019-09-03,0.151248,61.289866,0.750984
2019-09-04,-0.332918,61.085821,0.224658
2019-09-05,-0.337283,60.879789,-0.163457
2019-09-06,-0.152286,60.787078,0.204312
2019-09-09,0.509674,61.096893,1.039334
2019-09-10,0.297014,61.278360,1.103130
2019-09-11,-0.095840,61.219631,0.700184
2019-09-12,-0.378666,60.987813,0.244072
2019-09-16,0.346156,61.198926,0.774587
2019-09-17,0.113454,61.268358,0.750910
2019-09-18,-0.144513,61.179817,0.931655
2019-09-19,0.201417,61.303044,0.466484
2019-09-20,-0.099774,61.241879,0.078262
2019-09-23,0.321238,61.438611,0.543816
2019-09-24,0.046877,61.467412,0.583512
2019-09-25,-0.202906,61.342691,0.280732
2019-09-26,-0.820114,60.839611,-0.842726
2019-09-27,0.185197,60.952284,-0.119428
2019-09-30,0.169720,61.055732,0.468680
2019-10-08,-0.293552,60.876502,0.188376
2019-10-09,0.177626,60.984635,0.804595
2019-10-10,0.149610,61.075874,1.366782
2019-10-11,-0.608041,60.704507,0.917747
2019-10-14,-0.144831,60.616588,2.293280
2019-10-15,-0.314589,60.425895,1.528359
2019-10-16,0.142262,60.511858,2.145060
2019-10-17,-0.067867,60.470791,2.444319
2019-10-18,0.330224,60.670480,3.207370
2019-10-21,-0.597251,60.308125,1.191929
2019-10-22,0.164429,60.407288,1.413473
2019-10-23,0.079445,60.455279,1.550085
2019-10-24,-0.208304,60.329348,1.145185
2019-10-25,0.117217,60.400064,2.537249
2019-10-28,0.255584,60.554437,2.386359
2019-10-29,0.188088,60.668333,3.174932
2019-10-30,0.047903,60.697395,3.313733
2019-10-31,0.212373,60.826300,3.067070
2019-11-01,-0.381117,60.594481,3.663956
2019-11-04,-0.149002,60.504194,4.208070
2019-11-05,-0.264746,60.344012,2.904785
2019-11-06,-0.135199,60.262427,3.106719
2019-11-07,0.232955,60.402812,3.889611
2019-11-08,0.296543,60.581932,4.083143
2019-11-11,0.106171,60.646252,3.152249
2019-11-12,-0.013445,60.638099,3.536748
2019-11-13,0.138488,60.722075,3.286226
2019-11-14,0.253951,60.876280,3.472162
2019-11-15,-0.085108,60.824469,4.065477
2019-11-18,-0.182517,60.713454,3.024279
2019-11-19,0.210976,60.841545,2.941349
2019-11-20,0.387297,61.077183,3.013386
2019-11-21,0.140335,61.162895,3.233773
2019-11-22,-0.042968,61.136615,2.156217
2019-11-25,-0.773679,60.663614,0.897667
2019-11-26,-0.164021,60.564113,0.497289
2019-11-27,0.202746,60.686904,-0.017128
2019-11-28,0.210307,60.814532,0.268855
2019-11-29,0.416734,61.067968,0.471616
2019-12-02,-0.014290,61.059241,1.001599
2019-12-03,0.042410,61.085136,0.692633
2019-12-04,0.206268,61.211135,0.750708
2019-12-05,0.033928,61.231902,0.567026
2019-12-06,-0.023292,61.217640,0.849896
2019-12-09,0.203089,61.341966,1.089825
2019-12-10,0.186483,61.456359,0.918341
2019-12-11,-0.319499,61.260007,0.804411
2019-12-12,0.179726,61.370107,1.152015
2019-12-13,-0.737973,60.917212,0.747822
2019-12-16,-0.593382,60.555740,0.634606
2019-12-17,-0.358265,60.338790,0.053345
2019-12-18,0.104536,60.401866,0.009387
2019-12-19,0.172060,60.505793,-0.328663
2019-12-20,-0.270665,60.342025,-0.721148
2019-12-23,0.051066,60.372839,-0.853705
2019-12-24,0.263557,60.531956,-0.675970
2019-12-25,0.249760,60.683140,-0.140342
2019-12-26,-0.241199,60.536773,0.119368
2019-12-27,-0.285820,60.363747,-0.181760
2019-12-30,-0.541585,60.036826,-2.577122
2019-12-31,0.121547,60.109799,-2.840036
2020-01-02,-0.107412,60.045234,-3.138203
2020-01-03,0.211320,60.172121,-3.610716
2020-01-06,0.523094,60.486878,-3.468999
2020-01-07,0.199898,60.607790,-3.497642
2020-01-08,0.269076,60.770871,-3.332842
2020-01-09,0.170295,60.874361,-3.201862
2020-01-10,-0.065275,60.834625,-2.990221
2020-01-13,-0.018239,60.823529,-2.705045
2020-01-14,0.105543,60.887724,-3.376998
2020-01-15,0.413062,61.139228,-2.612633
2020-01-16,0.368837,61.364732,-1.929148
2020-01-17,-0.121391,61.290241,-2.487103
2020-01-20,0.113505,61.359808,-2.487299
2020-01-21,0.632818,61.748104,-1.287631
2020-01-22,-0.050718,61.716787,-1.494327
2020-01-23,0.350841,61.933315,-1.004341
2020-02-03,1.793407,63.044031,0.454180
2020-02-04,-1.219146,62.275432,-0.166425
2020-02-05,0.204086,62.402527,0.117049
2020-02-06,0.089938,62.458651,0.272881
2020-02-07,0.497888,62.769625,1.656830
2020-02-10,0.276262,62.943033,2.093929
2020-02-11,-0.704709,62.499468,0.985241
2020-02-12,0.355382,62.721580,1.284973
2020-02-13,0.049532,62.752647,1.418599
2020-02-14,-0.220956,62.613991,1.943622
2020-02-17,-0.082129,62.562567,2.396839
2020-02-18,1.137560,63.274254,4.366091
2020-02-19,-0.312924,63.076253,4.319516
2020-02-20,-0.600918,62.697217,5.018612
2020-02-21,0.352766,62.918391,5.027286
2020-02-24,1.097054,63.608640,5.872436
2020-02-25,0.523538,63.941655,6.228294
2020-02-26,-0.627814,63.540221,6.319638
2020-02-27,0.040024,63.565652,6.087339
2020-02-28,0.113854,63.638024,5.115858
2020-03-02,-0.321942,63.433146,5.366515
2020-03-03,0.287073,63.615246,5.494240
2020-03-04,-0.158345,63.514514,5.559817
2020-03-05,-0.768283,63.026543,4.788395
2020-03-06,0.624416,63.420091,5.805245
2020-03-09,0.561206,63.776008,8.185486
2020-03-10,-0.286945,63.593006,7.115551
2020-03-11,0.114481,63.665808,7.537688
2020-03-12,0.245899,63.822362,6.390773
2020-03-13,0.477073,64.126841,7.900886
2020-03-16,0.356713,64.355590,8.091430
2020-03-17,0.198878,64.483579,7.509800
2020-03-18,0.626424,64.887519,8.273305
2020-03-19,1.499379,65.860429,8.624651
2020-03-20,-0.695630,65.402285,6.805747
2020-03-23,0.405549,65.667523,6.607496
2020-03-24,-0.973897,65.027989,5.289718
2020-03-25,-0.578956,64.651505,4.753200
2020-03-26,0.283850,64.835018,5.603530
2020-03-27,-0.279073,64.654081,5.356909
2020-03-30,-0.299700,64.460312,5.831497
2020-03-31,0.477542,64.768138,6.056152
2020-04-01,0.008448,64.773609,6.018717
2020-04-02,-0.109626,64.702601,5.405326
2020-04-03,0.170571,64.812965,5.292993
2020-04-07,-0.042091,64.785684,3.787048
2020-04-08,0.544261,65.138288,4.614583
2020-04-09,0.197816,65.267142,5.063820
2020-04-10,-0.486085,64.949888,5.113828
2020-04-13,-0.016450,64.939204,6.039001
2020-04-14,-0.109927,64.867818,5.500065
2020-04-15,0.199720,64.997372,5.454649
2020-04-16,0.341353,65.219243,6.248064
2020-04-17,-0.427951,64.940136,6.435540
2020-04-20,0.596058,65.327217,7.123070
2020-04-21,0.681595,65.772484,7.737931
2020-04-22,-0.260864,65.600907,7.654307
2020-04-23,0.089779,65.659803,7.421857
2020-04-24,-0.400893,65.396578,7.014176
2020-04-27,-0.343801,65.171743,6.549360
2020-04-28,-0.378989,64.924750,7.207290
2020-04-29,0.100752,64.990163,7.257220
2020-04-30,-0.400079,64.730150,6.762223
2020-05-06,0.613869,65.127509,7.547911
2020-05-07,0.254170,65.293044,6.893385
2020-05-08,-0.156848,65.190633,7.190606
2020-05-11,-0.116846,65.114460,6.711072
2020-05-12,0.309285,65.315850,7.359623
2020-05-13,0.243827,65.475108,6.996701
2020-05-14,0.282205,65.659882,8.831531
2020-05-15,0.313382,65.865648,8.128638
2020-05-18,-0.275599,65.684123,7.240491
2020-05-19,0.002676,65.685881,7.124687
2020-05-20,-0.193510,65.558772,6.182305
2020-05-21,-0.156894,65.455914,5.378649
2020-05-22,0.683924,65.903583,6.547966
2020-05-25,-0.081238,65.850044,5.750326
2020-05-26,0.347022,66.078558,6.040190
2020-05-27,-0.017851,66.066762,6.457352
2020-05-28,-0.296400,65.870940,6.177354
2020-05-29,0.377508,66.119608,6.405586
2020-06-01,-0.349960,65.888216,5.987875
2020-06-02,-0.267388,65.712038,5.661354
2020-06-03,-0.102489,65.644690,5.506108
2020-06-04,0.258389,65.814309,5.678399
2020-06-05,-0.270910,65.636012,5.985823
2020-06-08,-0.375753,65.389382,5.207823
2020-06-09,-0.153099,65.289272,5.622856
2020-06-10,0.308212,65.490501,5.682735
2020-06-11,0.490441,65.811694,6.151608
2020-06-12,0.032060,65.832793,5.993629
2020-06-15,0.320273,66.043638,6.827656
2020-06-16,-0.100210,65.977455,6.954584
2020-06-17,0.142074,66.071192,7.136327
2020-06-18,-0.492844,65.745564,7.049614
2020-06-19,-0.480855,65.429423,6.751339
2020-06-22,0.246825,65.590920,7.128950
2020-06-23,-0.026584,65.573483,6.822891
2020-06-24,-0.314027,65.367565,6.259428
2020-06-29,0.377392,65.614257,6.982017
2020-06-30,0.229749,65.765005,8.473734
2020-07-01,-1.044250,65.078254,7.585919
2020-07-02,-1.047972,64.396252,6.640340
2020-07-03,-1.053634,63.717751,6.681874
2020-07-06,-2.471038,62.143261,3.720092
2020-07-07,0.276508,62.315093,4.136516
2020-07-08,-0.120066,62.240274,3.742866
2020-07-09,0.397210,62.487498,4.004297
2020-07-10,1.496810,63.422818,5.676830
2020-07-13,0.182812,63.538762,6.176126
2020-07-14,0.276388,63.714376,6.835520
2020-07-15,-0.020438,63.701354,6.719627
2020-07-16,0.784232,64.200920,7.333602
2020-07-17,-0.130754,64.116975,7.177797
2020-07-20,-0.585819,63.741365,6.660303
2020-07-21,0.196499,63.866617,6.564592
2020-07-22,0.153248,63.964491,6.430365
2020-07-23,0.194404,64.088841,6.634402
2020-07-24,0.805711,64.605212,7.505431
2020-07-27,-0.298282,64.412506,7.503958
2020-07-28,-0.056727,64.375967,7.263755
2020-07-29,-0.340367,64.156853,6.583794
2020-07-30,0.275511,64.333611,6.806303
2020-07-31,-0.029419,64.314685,6.900612
2020-08-03,0.174059,64.426630,7.431924
2020-08-04,-0.497433,64.106151,7.455215
2020-08-05,0.310495,64.305197,7.525853
2020-08-06,0.006001,64.309056,7.565030
2020-08-07,0.133340,64.394806,7.966054
2020-08-10,-0.384432,64.147252,7.654078
2020-08-11,-0.215072,64.009289,7.303162
2020-08-12,-0.329344,63.798478,7.177142
2020-08-13,0.301835,63.991044,7.373924
2020-08-14,-0.661641,63.567653,6.405412
2020-08-17,-0.888471,63.002873,5.113738
2020-08-18,0.308638,63.197324,4.670526
2020-08-19,0.232233,63.344089,5.165158
2020-08-20,0.014103,63.353023,4.969702
2020-08-21,-0.074905,63.305568,5.346097
2020-08-24,0.007649,63.310411,5.296900
2020-08-25,-0.373979,63.073643,5.272681
2020-08-26,-0.495331,62.761219,4.341288
2020-08-27,-0.208521,62.630349,4.126129
2020-08-28,-0.110480,62.561155,3.993652
2020-08-31,-2.182026,61.196055,1.406324
2020-09-01,-0.158754,61.098903,1.327215
2020-09-02,0.086076,61.151495,1.258299
2020-09-03,-0.073713,61.106418,1.038677
2020-09-04,0.425224,61.366257,1.523528
2020-09-07,0.430363,61.630355,2.114618
2020-09-08,-0.386873,61.391923,0.881775
2020-09-09,0.093408,61.449268,1.189727
2020-09-10,-1.088924,60.780132,-0.010728
2020-09-11,0.109075,60.846428,-0.680818
2020-09-14,0.261628,61.005619,0.188526
2020-09-15,-0.170394,60.901669,-0.484258
2020-09-16,-0.044604,60.874505,-0.680006
2020-09-17,0.408189,61.122988,0.060824
2020-09-18,-0.856550,60.599439,-0.461562
2020-09-21,0.581244,60.951669,0.270402
2020-09-22,0.195419,61.070781,-0.042749
2020-09-23,0.144922,61.159285,-0.194506
2020-09-24,0.074797,61.205031,-0.023852
2020-09-25,-0.299627,61.021644,0.055456
2020-09-28,-0.659979,60.618914,-0.952268
2020-09-29,0.315724,60.810302,-0.750432
2020-09-30,0.080008,60.858955,-0.525838
2020-10-09,0.038158,60.882178,-0.688901
2020-10-12,-0.649439,60.486785,-1.240634
2020-10-13,-0.011425,60.479875,-1.572782
2020-10-14,0.045465,60.507372,-1.574193
2020-10-15,-0.308271,60.320845,-1.679829
2020-10-16,-0.220889,60.187604,-1.077466
2020-10-19,-0.092563,60.131892,-1.355098
2020-10-20,0.179311,60.239715,-1.345523
2020-10-21,-0.682048,59.828851,-1.735924
2020-10-22,-0.073297,59.784998,-1.986717
2020-10-23,0.053645,59.817070,-2.082585
2020-10-26,0.192002,59.931920,-1.280870
2020-10-27,0.046720,59.959920,-1.089224
2020-10-28,-0.711293,59.533429,-1.487974
2020-10-29,0.132768,59.612471,-1.497456
2020-10-30,-0.720666,59.182864,-2.152841
2020-11-02,-0.657277,58.793868,-3.141968
2020-11-03,-0.071602,58.751771,-2.614554
2020-11-04,-0.363486,58.538217,-3.142995
2020-11-05,-0.163620,58.442437,-3.386162
2020-11-06,-0.353867,58.235628,-3.532135
2020-11-09,-0.271077,58.077765,-3.920728
2020-11-10,-0.119614,58.008296,-4.295671
2020-11-11,-0.147995,57.922446,-4.631688
2020-11-12,0.161543,58.016016,-4.518168
2020-11-13,0.743982,58.447645,-3.989087
2020-11-16,-0.314062,58.264083,-3.921799
2020-11-17,-0.290687,58.094716,-4.063797
2020-11-18,-0.137254,58.014979,-3.936048
2020-11-19,-0.174197,57.913919,-3.975106
2020-11-20,0.136863,57.993182,-4.071021
2020-11-23,-0.606253,57.641596,-4.975224
2020-11-24,0.389000,57.865822,-4.693092
2020-11-25,0.020942,57.877941,-4.658706
2020-11-26,-0.396578,57.648410,-5.194465
2020-11-27,-0.972151,57.087980,-6.425002
2020-11-30,0.202876,57.203798,-6.137188
2020-12-01,-0.712583,56.796173,-6.669638
2020-12-02,0.243006,56.934191,-6.637680
2020-12-03,0.030138,56.951350,-6.994096
2020-12-04,0.242704,57.089573,-6.891922
2020-12-07,0.604625,57.434751,-6.246141
2020-12-08,0.270297,57.589995,-5.199522
2020-12-09,0.034195,57.609688,-5.001177
2020-12-10,0.161114,57.702505,-5.042733
2020-12-11,-0.063212,57.666030,-5.316051
2020-12-14,-2.554209,56.193119,-8.319315
2020-12-15,0.199956,56.305481,-8.105268
2020-12-16,-0.309659,56.131126,-8.457808
2020-12-17,-0.440007,55.884145,-9.104841
2020-12-18,0.059759,55.917540,-9.079022
2020-12-21,0.167229,56.011051,-8.888637
2020-12-22,0.322722,56.191811,-8.769318
2020-12-23,-0.223727,56.066095,-9.179605
2020-12-24,-0.441416,55.818610,-9.301988
2020-12-25,-0.134560,55.743501,-9.616203
2020-12-28,-0.487961,55.471494,-9.364650
2020-12-29,-0.023978,55.458193,-8.793481
2020-12-30,-0.440669,55.213805,-8.876216
2020-12-31,-0.431904,54.975335,-9.413537
2021-01-04,,,
2021-01-05,-1.153158,54.975335,-9.585448
2021-01-06,-1.067031,54.391850,-10.381447
2021-01-07,-1.634694,53.509938,-12.067193
2021-01-08,0.362129,53.704064,-11.968275
2021-01-11,-0.104226,53.648119,-12.321949
2021-01-12,-1.405690,52.899268,-13.486149
2021-01-13,0.049061,52.925228,-13.150859
2021-01-14,1.207487,53.568167,-11.400315
2021-01-15,0.053336,53.596746,-11.468452
2021-01-18,-0.044422,53.572942,-11.405405
2021-01-19,1.341323,54.296369,-10.275178
2021-01-20,-0.331586,54.116628,-11.128495
2021-01-21,-0.614442,53.785132,-11.942635
2021-01-22,-0.472764,53.531456,-12.684114
2021-01-25,-0.951101,53.024731,-13.805365
2021-01-26,0.548142,53.316180,-13.191926
2021-01-27,-0.168092,53.226635,-13.341777
2021-01-28,1.151483,53.843073,-12.295782
2021-01-29,-0.133040,53.771488,-12.841033
2021-02-01,-0.591647,53.454290,-13.800838
2021-02-02,-0.658652,53.103369,-14.338025
2021-02-03,-0.397475,52.892716,-14.848940
2021-02-04,0.035311,52.911396,-15.444453
2021-02-05,-0.961623,52.405026,-16.355346
2021-02-08,-0.745554,52.015771,-17.451127
2021-02-09,-0.398923,51.808682,-19.627565
2021-02-10,-1.116044,51.233689,-19.516969
2021-02-18,1.461759,51.988102,-18.259088
2021-02-19,0.903125,52.459746,-17.445862
2021-02-22,2.487836,53.781228,-15.454679
2021-02-23,0.000766,53.781640,-15.729793
2021-02-24,1.530384,54.611036,-13.492205
2021-02-25,-0.699339,54.230453,-14.546296
2021-02-26,1.068569,54.813050,-13.527246
2021-03-01,-0.082453,54.767873,-13.388498
2021-03-02,0.472990,55.027533,-12.833346
2021-03-03,-0.579159,54.709758,-14.543644
2021-03-04,1.634288,55.611219,-12.595940
2021-03-05,0.286454,55.770748,-11.706756
2021-03-08,1.690573,56.721608,-10.368327
2021-03-09,0.367216,56.930282,-11.092192
2021-03-10,-1.034258,56.344510,-12.648621
2021-03-11,-1.613023,55.442951,-13.631852
2021-03-12,-0.253035,55.302838,-13.924903
2021-03-15,1.522728,56.151395,-12.515963
2021-03-16,-0.235981,56.019044,-12.429483
2021-03-17,-0.077781,55.975489,-12.793927
2021-03-18,-0.481111,55.706831,-13.116567
2021-03-19,1.552009,56.578150,-10.793309
2021-03-22,0.321739,56.760477,-11.094045
2021-03-23,0.030920,56.778030,-11.622762
2021-03-24,0.455446,57.037213,-10.879959
2021-03-25,-0.127714,56.964415,-11.122088
2021-03-26,-0.946743,56.427653,-12.314428
2021-03-29,0.506454,56.714159,-12.283912
2021-03-30,-1.010937,56.143703,-13.650927
2021-03-31,0.559723,56.458833,-13.289885
2021-04-01,-0.520075,56.165967,-14.434430
2021-04-02,-0.559897,55.852374,-16.482576
2021-04-06,0.548074,56.159327,-15.236443
2021-04-07,0.569548,56.480094,-15.071623
2021-04-08,-0.298306,56.311861,-14.391258
2021-04-09,0.864135,56.800580,-12.946484
2021-04-12,0.287284,56.963994,-12.942647
2021-04-13,0.001094,56.964617,-12.662090
2021-04-14,-0.160867,56.873054,-12.522806
2021-04-15,0.343277,57.068621,-12.655936
2021-04-16,0.247459,57.210017,-12.416924
2021-04-19,-1.215966,56.518575,-13.523205
2021-04-20,0.417393,56.754973,-13.276238
2021-04-21,-0.371245,56.544664,-13.605382
2021-04-22,-0.352899,56.345470,-14.501068
2021-04-23,-0.826595,55.881640,-15.525284
2021-04-26,0.572222,56.202324,-14.465791
2021-04-27,-0.160230,56.112343,-14.609570
2021-04-28,-0.250494,55.971961,-14.750076
2021-04-29,-0.018029,55.961871,-14.967625
2021-04-30,0.256444,56.105566,-15.051954
2021-05-06,-0.161526,56.015014,-14.784609
2021-05-07,0.734924,56.428198,-14.643974
2021-05-10,0.176350,56.527797,-15.146907
2021-05-11,-0.550771,56.217314,-15.436473
2021-05-12,0.070348,56.256876,-15.455864
2021-05-13,0.333631,56.444880,-14.720535
2021-05-14,-1.033766,55.864378,-15.409906
2021-05-17,-0.962869,55.329058,-15.993067
2021-05-18,0.132681,55.402518,-15.961088
2021-05-19,0.054824,55.432900,-15.505381
2021-05-20,-0.493331,55.160106,-16.610705
2021-05-21,0.752115,55.576537,-16.112439
2021-05-24,-0.123165,55.508128,-16.078632
2021-05-25,-1.648385,54.600641,-17.610103
2021-05-26,0.281878,54.754765,-17.637033
2021-05-27,0.098279,54.808604,-17.782285
2021-05-28,0.106181,54.866831,-17.957912
2021-05-31,0.264036,55.011891,-18.006767
2021-06-01,0.103008,55.068587,-17.627780
2021-06-02,0.201508,55.179666,-17.428949
2021-06-03,0.445543,55.426063,-16.789708
2021-06-04,-0.293684,55.263525,-16.926374
2021-06-07,0.541634,55.563663,-17.066337
2021-06-08,0.508885,55.847139,-16.476180
2021-06-09,-0.203504,55.733603,-17.026105
2021-06-10,-0.064181,55.697844,-17.072434
2021-06-11,0.042860,55.721721,-16.732733
2021-06-15,0.458662,55.977883,-16.650868
2021-06-16,0.369245,56.184960,-15.931050
2021-06-17,0.183190,56.287980,-15.480112
2021-06-18,0.317263,56.466844,-15.060308
2021-06-21,0.684562,56.854721,-14.633802
2021-06-22,-0.293276,56.688224,-14.655801
2021-06-23,0.173185,56.786485,-14.106154
2021-06-24,-0.755241,56.359225,-14.708180
2021-06-25,-0.835436,55.890341,-15.851353
2021-06-28,0.003033,55.892037,-16.337563
2021-06-29,0.406861,56.119903,-15.962756
2021-06-30,-0.215940,55.998848,-16.498458
2021-07-01,-4.538429,53.514189,-20.936626
2021-07-02,1.801048,54.486737,-19.277551
2021-07-05,0.608184,54.819126,-18.175305
2021-07-06,-0.004080,54.816889,-17.697370
2021-07-07,-0.464573,54.562816,-18.408465
2021-07-08,0.604749,54.893783,-17.777128
2021-07-09,0.778157,55.322609,-16.684451
2021-07-12,-0.358369,55.124705,-17.419502
2021-07-13,0.250657,55.263052,-17.398331
2021-07-14,0.371947,55.468984,-15.976644
2021-07-15,-0.965357,54.936086,-15.888499
2021-07-16,1.062233,55.522746,-13.767041
2021-07-19,-0.535690,55.226111,-11.800651
2021-07-20,0.213854,55.344341,-11.862925
2021-07-21,0.038671,55.365747,-11.704116
2021-07-22,0.350100,55.559922,-11.750439
2021-07-23,0.684250,55.941394,-12.551909
2021-07-26,1.654824,56.874828,-11.079729
2021-07-27,1.450418,57.705762,-9.905319
2021-07-28,-1.219385,57.006379,-11.104264
2021-07-29,-0.161396,56.914447,-12.046833
2021-07-30,1.013038,57.493942,-10.902956
2021-08-02,-0.902443,56.977426,-11.217856
2021-08-03,-0.712857,56.572703,-12.127020
2021-08-04,0.117843,56.639410,-12.162307
2021-08-05,0.122792,56.709001,-12.233731
2021-08-06,0.715025,57.115938,-12.321189
2021-08-09,-0.469365,56.848484,-12.491826
2021-08-10,-0.512185,56.558059,-12.947269
2021-08-11,0.537278,56.862750,-12.069044
2021-08-12,0.892783,57.372684,-11.451391
2021-08-13,0.400884,57.603144,-11.021084
2021-08-16,-0.214380,57.479787,-11.409371
2021-08-17,0.465522,57.747991,-10.445175
2021-08-18,-0.510976,57.453665,-11.266165
2021-08-19,0.535901,57.762386,-10.736265
2021-08-20,1.362732,58.554921,-9.506785
2021-08-23,-0.119740,58.484849,-9.241353
2021-08-24,-0.513685,58.185191,-9.539734
2021-08-25,0.109346,58.248849,-9.100500
2021-08-26,1.042361,58.859188,-8.359518
2021-08-27,-0.088361,58.807203,-7.784040
2021-08-30,0.456956,59.076541,-6.434643
2021-08-31,0.442689,59.338645,-6.300117
2021-09-01,-1.353263,58.541046,-7.885344
2021-09-02,0.974128,59.114098,-6.925319
2021-09-03,0.092841,59.169005,-6.757545
2021-09-06,-0.963733,58.601513,-7.728928
2021-09-07,0.188786,58.712249,-7.165461
2021-09-08,0.783206,59.173892,-5.885692
2021-09-09,0.205589,59.295672,-5.471365
2021-09-10,-0.465756,59.020141,-5.826580
2021-09-13,0.485295,59.307259,-3.135102
2021-09-14,0.423173,59.558763,-2.553047
2021-09-15,1.046335,60.185219,-1.592752
2021-09-16,-0.172150,60.081700,-1.691161
2021-09-17,-0.896471,59.545491,-3.011954
2021-09-22,0.875995,60.069398,-2.565399
2021-09-23,-0.120829,59.996861,-2.298604
2021-09-24,-0.732700,59.558871,-3.124668
2021-09-27,-1.918154,58.427327,-3.947926
2021-09-28,0.014914,58.436041,-4.042028
2021-09-29,-0.853760,57.939261,-5.157073
2021-09-30,0.381143,58.160514,-4.605391
2021-10-08,-0.753683,57.723815,-5.314462
2021-10-11,-0.113659,57.658244,-5.835479
2021-10-12,-0.321185,57.473352,-5.296425
2021-10-13,-0.707648,57.068078,-6.583633
2021-10-14,0.480825,57.343137,-6.298038
2021-10-15,-0.526844,57.041822,-6.969697
2021-10-18,1.154836,57.704380,-5.889632
2021-10-19,-0.209215,57.583780,-5.798770
2021-10-20,0.349542,57.785411,-4.787061
2021-10-21,-0.471340,57.513687,-5.573627
2021-10-22,-0.695912,57.114831,-6.349515
2021-10-25,0.208818,57.234222,-6.178848
2021-10-26,0.348512,57.434038,-5.178778
2021-10-27,0.459187,57.698374,-4.708167
2021-10-28,-0.262656,57.547025,-5.016277
2021-10-29,-0.044393,57.521484,-4.751922
2021-11-01,0.862793,58.019923,-3.667997
2021-11-02,0.184672,58.127168,-3.390718
2021-11-03,0.587197,58.469494,-2.982671
2021-11-04,-0.243298,58.327411,-2.541584
2021-11-05,-0.092540,58.273460,-2.560800
2021-11-08,0.046624,58.300636,-2.567807
2021-11-09,0.537502,58.614847,-2.222123
2021-11-10,0.389196,58.843418,-1.879636
2021-11-11,-0.739474,58.409891,-1.905275
2021-11-12,0.679597,58.808194,-1.358359
2021-11-15,-0.003166,58.806332,-0.638250
2021-11-16,-0.463596,58.534339,-0.442398
2021-11-17,0.487978,58.820672,0.117206
2021-11-18,0.666023,59.213739,1.147377
2021-11-19,-0.272984,59.052315,1.038146
2021-11-22,0.131763,59.130176,1.524405
2021-11-23,0.089206,59.182947,1.885055
2021-11-24,-0.042915,59.157554,1.961826
2021-11-25,0.162538,59.253786,2.272470
2021-11-26,0.443985,59.517449,2.555042
2021-11-29,0.138781,59.600105,1.952594
2021-11-30,0.436067,59.860569,2.703218
2021-12-01,0.065696,59.899908,3.060026
2021-12-02,-0.568110,59.560575,2.629263
2021-12-03,-0.223784,59.427437,2.579828
2021-12-06,-0.149389,59.338726,2.293669
2021-12-07,-0.685769,58.933191,2.215999
2021-12-08,-0.378704,58.710431,1.449050
2021-12-09,-0.960913,58.148977,0.467196
2021-12-10,0.340345,58.347221,1.204907
2021-12-13,-0.087079,58.296435,2.094736
2021-12-14,0.344292,58.497491,2.236357
2021-12-15,0.513752,58.798796,3.465244
2021-12-16,-0.029832,58.781258,3.192701
2021-12-17,0.546091,59.103136,3.708658
2021-12-20,0.279260,59.268417,3.745508
2021-12-21,0.035859,59.289674,3.178562
2021-12-22,0.340183,59.491711,3.248814
2021-12-23,-0.363832,59.275655,2.850793
2021-12-24,-0.288661,59.104796,2.401148
2021-12-27,-0.034223,59.084571,2.430157
2021-12-28,-0.184984,58.975375,4.832568
2021-12-29,0.963855,59.546561,5.596666
2021-12-30,-0.223583,59.413574,5.683223
2021-12-31,0.150567,59.503098,6.274767
2022-01-04,-6.500940,55.757893,-0.285912
2022-01-05,-0.039831,55.735689,-0.492834
2022-01-06,0.946988,56.266006,0.131952
2022-01-07,-0.514284,55.977382,-0.158355
2022-01-10,-0.011807,55.970773,0.272231
2022-01-11,0.331301,56.156512,0.738182
2022-01-12,-0.318247,55.978079,0.909090
2022-01-13,0.506210,56.262164,1.439281
2022-01-14,0.553178,56.574257,2.434104
2022-01-17,-0.020143,56.562862,2.846799
2022-01-18,-0.716504,56.159035,2.130295
2022-01-19,-0.303351,55.988934,2.893975
2022-01-20,-1.283773,55.274757,3.244895
2022-01-21,-0.012257,55.267982,2.870509
2022-01-24,-0.116643,55.203554,2.858092
2022-01-25,-0.102916,55.146769,4.160866
2022-01-26,-0.277156,54.994138,3.834649
2022-01-27,0.304816,55.162025,2.931977
2022-01-28,0.778810,55.593310,3.657452
2022-02-07,-0.575910,55.274063,3.125964
2022-02-08,0.950711,55.802065,2.735352
2022-02-09,0.043064,55.826101,3.110002
2022-02-10,0.124629,55.895720,3.849073
2022-02-11,-0.136189,55.819648,4.185648
2022-02-14,0.390839,56.038240,5.527588
2022-02-15,-0.584410,55.711702,4.395036
2022-02-16,-0.158248,55.623609,4.404880
2022-02-17,-0.229103,55.496319,3.024295
2022-02-18,0.061377,55.530392,3.218711
2022-02-21,0.616631,55.873867,4.426989
2022-02-22,0.320029,56.052966,5.405669
2022-02-23,-0.131647,55.979223,5.671497
2022-02-24,0.465455,56.240388,6.101640
2022-02-25,-0.341800,56.048486,6.721463
2022-02-28,0.072516,56.089145,7.539533
2022-03-01,-0.444020,55.840650,7.494435
2022-03-02,0.789899,56.283481,9.400378
2022-03-03,0.323109,56.465632,8.261728
2022-03-04,0.389233,56.685843,7.747836
2022-03-07,1.376119,57.471299,6.636119
2022-03-08,-0.015514,57.462384,6.619840
2022-03-09,-0.090063,57.410655,4.999392
2022-03-10,-0.277436,57.251598,5.421295
2022-03-11,0.088939,57.302539,4.441664
2022-03-14,1.023839,57.892239,5.547956
2022-03-15,0.716438,58.308490,5.791404
2022-03-16,-1.651649,57.353348,4.718914
2022-03-17,-0.554819,57.036022,2.529806
2022-03-18,-0.750620,56.609500,1.492732
2022-03-21,0.577597,56.937422,0.379756
2022-03-22,-0.127260,56.865009,-0.114720
2022-03-23,0.062001,56.900277,0.981539
2022-03-24,-0.201396,56.785797,2.393166
2022-03-25,0.905896,57.302555,3.552097
2022-03-28,0.473460,57.574503,2.502829
2022-03-29,0.282448,57.737351,3.021259
2022-03-30,-1.315799,56.982620,1.783241
2022-03-31,0.397647,57.209660,2.661999
2022-04-01,-0.666861,56.829420,0.443129
2022-04-06,0.410487,57.063177,0.531877
2022-04-07,-0.013101,57.055702,0.487856
2022-04-08,-0.783544,56.610392,-0.751133
2022-04-11,0.900205,57.122303,0.276786
2022-04-12,-0.596617,56.782516,0.626912
2022-04-13,0.164506,56.876004,0.284963
2022-04-14,-0.370395,56.665727,0.925505
2022-04-15,-0.512047,56.376314,-0.146265
2022-04-18,0.905560,56.889154,1.279370
2022-04-19,0.683389,57.279259,2.522656
2022-04-20,0.519671,57.577698,2.494253
2022-04-21,-0.160959,57.485096,1.763746
2022-04-22,-0.652100,57.111455,1.409952
2022-04-25,0.109771,57.174181,0.655588
2022-04-26,-0.158048,57.083890,0.210256
2022-04-27,-0.451601,56.826680,-0.242439
2022-04-28,-0.397353,56.601326,-0.478925
2022-04-29,-0.142519,56.520715,-0.964721
2022-05-05,2.857077,58.158846,1.644897
2022-05-06,1.087110,58.794545,3.947974
2022-05-09,1.016624,59.395313,4.547204
2022-05-10,-0.154777,59.303454,4.763672
2022-05-11,-0.913284,58.764311,4.203288
2022-05-12,0.567759,59.098900,5.597642
2022-05-13,-0.198408,58.981759,4.827012
2022-05-16,0.584175,59.327325,5.571417
2022-05-17,-0.850511,58.824879,4.971401
2022-05-18,0.161197,58.919779,5.150626
2022-05-19,0.194656,59.034582,5.088838
2022-05-20,-0.773288,58.579835,4.477076
2022-05-23,0.904902,59.112330,4.647053
2022-05-24,0.054257,59.144412,4.524961
2022-05-25,0.431322,59.400066,5.507054
2022-05-26,0.195068,59.516050,5.631774
2022-05-27,-0.384295,59.287771,4.913848
2022-05-30,-0.325108,59.095335,5.622506
2022-05-31,-0.461644,58.823154,6.123732
2022-06-01,0.314637,59.008525,6.305688
2022-06-02,0.063376,59.045934,6.314240
2022-06-06,-0.152291,58.956080,6.655279
2022-06-07,-0.660941,58.567700,5.242223
2022-06-08,-0.484680,58.284521,4.880708
2022-06-09,-0.005282,58.281442,6.523811
2022-06-10,-0.247317,58.137481,5.994616
2022-06-13,0.962928,58.700006,6.859265
2022-06-14,-0.431991,58.446975,6.321093
2022-06-15,-0.984451,57.874416,5.072606
2022-06-16,0.528059,58.180835,5.497657
2022-06-17,-0.631264,57.814717,4.664885
2022-06-20,-0.034873,57.794559,4.184469
2022-06-21,-0.320402,57.609680,4.157751
2022-06-22,0.324472,57.796911,3.940589
2022-06-23,-0.437287,57.544724,2.994416
2022-06-24,-0.398716,57.315741,2.799205
2022-06-27,-0.393170,57.090835,2.470216
2022-06-28,-0.228057,56.960784,2.199299
2022-06-29,0.207285,57.078977,1.947921
2022-06-30,-0.614217,56.729463,0.964460
2022-07-01,1.487184,57.579439,2.268454
2022-07-04,0.033060,57.598478,1.984251
2022-07-05,-0.134646,57.520977,1.165043
2022-07-06,0.431341,57.769624,1.889660
2022-07-07,0.088881,57.820993,1.805356
2022-07-08,-0.024522,57.806816,2.536075
2022-07-11,0.676084,58.198962,4.047594
2022-07-12,0.045830,58.225641,4.090391
2022-07-13,0.116061,58.293258,3.799591
2022-07-14,0.389616,58.520820,4.405147
2022-07-15,0.516978,58.824143,9.460553
2022-07-18,0.379663,59.047901,8.039169
2022-07-19,0.749226,59.491965,8.180212
2022-07-20,0.237823,59.633620,8.422116
2022-07-21,0.536197,59.954232,9.422886
2022-07-22,-0.313037,59.766847,8.505100
2022-07-25,-0.100198,59.706991,7.626745
2022-07-26,-0.064888,59.668261,7.920226
2022-07-27,0.593722,60.023578,8.263291
2022-07-28,0.353102,60.235897,8.244446
2022-07-29,0.581405,60.587132,9.791208
2022-08-01,-0.016198,60.577319,8.712777
2022-08-02,0.602060,60.943131,9.850527
2022-08-03,0.500198,61.248730,10.136871
2022-08-04,-0.810153,60.754526,9.288046
2022-08-05,-0.216269,60.623275,8.721677
2022-08-08,0.547980,60.956390,8.585408
2022-08-09,-0.315290,60.764503,6.615294
2022-08-10,0.967364,61.355170,6.132241
2022-08-11,-0.778297,60.879498,6.573329
2022-08-12,-0.135473,60.797078,6.599253
2022-08-15,0.193497,60.914833,5.779712
2022-08-16,0.344506,61.125050,7.026661
2022-08-17,-0.557621,60.785153,7.181896
2022-08-18,1.091514,61.452265,8.155567
2022-08-19,-0.200901,61.328931,7.831874
2022-08-22,-0.160218,61.230750,6.956632
2022-08-23,0.418861,61.487760,7.844858
2022-08-24,-0.080289,61.438412,8.276755
2022-08-25,-0.493440,61.135997,7.246037
2022-08-26,0.118464,61.208464,6.471717
2022-08-29,0.451327,61.485338,6.522160
2022-08-30,0.110947,61.553592,6.847487
2022-08-31,-1.166933,60.839478,5.215032
2022-09-01,4.160780,63.424276,9.886789
2022-09-02,0.682600,63.858691,10.033488
2022-09-05,0.167660,63.965846,8.838416
2022-09-06,0.050621,63.998235,9.008778
2022-09-07,0.291890,64.185312,9.814353
2022-09-08,-0.029338,64.166484,9.675668
2022-09-09,-0.813923,63.646338,7.819384
2022-09-13,-0.373495,63.409066,7.534251
2022-09-14,0.330550,63.619011,7.407845
2022-09-15,-0.398763,63.365828,6.566393
2022-09-16,0.673944,63.794320,8.593600
2022-09-19,-0.421883,63.525749,7.197589
2022-09-20,0.375676,63.764849,7.480424
2022-09-21,0.673974,64.196059,9.118132
2022-09-22,0.541707,64.544757,9.471052
2022-09-23,-0.466931,64.244080,8.220915
2022-09-26,-0.335016,64.029213,7.680310
2022-09-27,-0.168669,63.921306,7.977398
2022-09-28,-0.014855,63.911811,7.477248
2022-09-29,0.012510,63.919807,7.066584
2022-09-30,-0.094117,63.859676,5.926131
2022-10-10,0.811041,64.379710,6.909322
2022-10-11,0.122666,64.458730,7.928460
2022-10-12,0.116208,64.533680,7.168672
2022-10-13,0.921997,65.131430,8.211498
2022-10-14,-0.681625,64.688987,8.262573
2022-10-17,0.335408,64.906324,10.516136
2022-10-18,0.308795,65.107061,10.810017
2022-10-19,0.784118,65.619584,12.447895
2022-10-20,0.284985,65.806856,12.351737
2022-10-21,0.292446,65.999588,13.397866
2022-10-24,1.612598,67.072524,15.124123
2022-10-25,-0.069563,67.025882,15.375746
2022-10-26,0.224503,67.176527,16.307897
2022-10-27,0.536588,67.537957,16.363660
2022-10-28,0.254948,67.710363,17.145453
2022-10-31,0.849873,68.288267,16.840490
2022-11-01,0.754360,68.805354,17.804064
2022-11-02,-0.357729,68.559657,17.096793
2022-11-03,0.731005,69.062668,18.299138
2022-11-04,-1.440145,68.075193,17.554905
2022-11-07,-0.197444,67.940915,17.148643
2022-11-08,0.393159,68.208557,17.193289
2022-11-09,0.655723,68.657286,17.389826
2022-11-10,0.183390,68.783312,17.835872
2022-11-11,-1.618380,67.679096,16.261884
2022-11-14,-0.189625,67.550881,15.209466
2022-11-15,-0.445265,67.250769,14.579528
2022-11-16,0.310699,67.460041,14.303030
2022-11-17,0.488066,67.790096,15.034394
2022-11-18,0.075563,67.841339,15.202497
2022-11-21,0.689151,68.310483,15.845024
2022-11-22,-0.493796,67.974000,14.813726
2022-11-23,-0.172427,67.856896,14.252104
2022-11-24,0.400967,68.129526,15.392545
2022-11-25,-0.589328,67.729201,14.123620
2022-11-28,0.609012,68.142938,14.735799
2022-11-29,-1.352950,67.227207,13.846445
2022-11-30,-0.078276,67.174605,13.280191
2022-12-01,-0.482298,66.851403,12.131870
2022-12-02,0.485636,67.176848,12.890491
2022-12-05,-0.918331,66.562766,11.840397
2022-12-06,-0.491781,66.236226,11.259410
2022-12-07,0.016849,66.247387,11.319174
2022-12-08,-0.227929,66.096562,10.928706
2022-12-09,-0.582476,65.712685,9.902245
2022-12-12,0.629277,66.127503,10.392740
2022-12-13,-0.074644,66.078161,9.882029
2022-12-14,-0.384451,65.824611,9.431882
2022-12-15,0.230331,65.976400,10.230324
2022-12-16,-0.337988,65.753784,10.116120
2022-12-19,0.120056,65.832773,10.385565
2022-12-20,0.881396,66.415585,11.952729
2022-12-21,-0.350312,66.183331,11.981121
2022-12-22,-0.689395,65.728635,12.252639
2022-12-23,-0.003523,65.726320,11.908771
2022-12-26,0.390520,65.983496,12.386370
2022-12-27,-0.562650,65.613282,11.479428
2022-12-28,0.026218,65.630486,10.991893
2022-12-29,0.155691,65.732747,11.177416
2022-12-30,-0.091561,65.672589,10.539764
2023-01-03,0.571664,66.049091,10.832169
2023-01-04,-0.046733,66.018231,10.749577
2023-01-05,-0.965606,65.383823,9.443788
2023-01-06,-0.302149,65.186565,9.505471
2023-01-09,-0.358410,64.953348,9.435722
2023-01-10,-0.135251,64.865557,9.334695
2023-01-11,-0.154153,64.765642,9.365526
2023-01-12,-0.149810,64.668689,8.251860
2023-01-13,-0.676005,64.233000,7.799438
2023-01-16,-0.673029,63.802145,6.975843
2023-01-17,0.088588,63.858691,13.565370
2023-01-18,0.264223,64.027643,13.869424
2023-01-19,-0.019346,64.015257,12.903090
2023-01-20,-0.035120,63.992779,13.382254
2023-01-30,-0.050491,63.960477,13.343570
2023-01-31,0.806673,64.478515,13.818943
2023-02-01,-0.040207,64.452596,14.096983
2023-02-02,0.315535,64.656288,13.906309
2023-02-03,0.593273,65.041016,13.946404
2023-02-06,0.719539,65.510700,14.686086
2023-02-07,0.113080,65.584821,15.515670
2023-02-08,0.007173,65.589526,15.826195
2023-02-09,-0.220350,65.445158,16.889618
2023-02-10,0.279961,65.628636,17.181836
2023-02-13,-0.116411,65.552281,17.182068
2023-02-14,0.070310,65.598387,17.355295
2023-02-15,0.349942,65.828346,17.982393
2023-02-16,-0.254807,65.660824,17.422770
2023-02-17,0.587615,66.047793,17.231575
2023-02-20,-0.946147,65.425831,16.861337
2023-02-21,0.023786,65.441395,15.934413
2023-02-22,0.627808,65.853533,16.519156
2023-02-23,-0.170025,65.741661,16.224503
2023-02-24,0.682146,66.191649,17.042838
2023-02-27,-0.003380,66.189412,16.648620
2023-02-28,-0.044915,66.159689,17.188114
2023-03-01,-0.542592,65.801684,16.803770
2023-03-02,0.091233,65.861745,17.124107
2023-03-03,-0.205585,65.726482,16.857145
2023-03-06,0.408270,65.995371,16.648783
2023-03-07,0.207473,66.132436,16.536227
2023-03-08,0.545417,66.494119,17.213291
2023-03-09,0.227738,66.645724,16.975574
2023-03-10,0.437505,66.937941,17.754879
2023-03-13,-0.362231,66.695910,17.320133
2023-03-14,0.077161,66.747393,17.841314
2023-03-15,0.143039,66.842936,17.194454
2023-03-16,-0.097635,66.777705,16.773710
2023-03-17,0.094189,66.840632,16.478667
2023-03-20,0.288127,67.033496,15.390675
2023-03-21,-0.435097,66.742469,14.971092
2023-03-22,-0.056922,66.704488,15.004232
2023-03-23,-0.322327,66.489828,14.959342
2023-03-24,0.208405,66.628541,15.078809
2023-03-27,0.367697,66.873983,14.422668
2023-03-28,-0.196635,66.742615,13.509595
2023-03-29,-0.097768,66.677394,15.063475
2023-03-30,-0.451089,66.377297,15.167206
2023-03-31,0.478914,66.695950,16.396740
2023-04-03,0.118479,66.775017,15.937622
2023-04-04,-0.311669,66.567224,15.753213
2023-04-06,0.244616,66.730258,15.935828
2023-04-07,-0.092255,66.668724,16.044970
2023-04-10,-0.424985,66.385994,14.714089
2023-04-11,0.035125,66.409316,14.275754
2023-04-12,0.412635,66.683910,14.405940
2023-04-13,0.044386,66.713515,15.766125
2023-04-14,-0.044386,66.683910,15.324093
2023-04-17,-0.471738,66.370077,15.519216
2023-04-18,-0.346061,66.140793,14.762668
2023-04-19,0.238528,66.298746,15.014297
2023-04-20,0.310691,66.505051,16.108531
2023-04-21,0.006123,66.509123,15.214449
2023-04-24,0.697025,66.974327,16.508090
2023-04-25,0.367098,67.220640,16.710683
2023-04-26,0.283118,67.411224,17.364196
2023-04-27,-0.622285,66.993037,17.253958
2023-04-28,0.897933,67.597298,17.246332
2023-05-04,2.986540,69.646568,19.549483
2023-05-05,-0.271857,69.457486,18.757955
2023-05-08,-0.385540,69.190215,18.533373
2023-05-09,0.047792,69.223290,19.233266
2023-05-10,0.449555,69.535188,19.573050
2023-05-11,-0.060586,69.493072,19.670512
2023-05-12,0.383898,69.760367,20.506011
2023-05-15,-0.757727,69.233771,20.145636
2023-05-16,-0.114034,69.154866,20.174121
2023-05-17,0.503384,69.503858,17.820428
2023-05-18,0.390205,69.775596,17.123523
2023-05-19,0.248614,69.949283,16.355513
2023-05-22,-0.496366,69.602939,16.013924
2023-05-23,0.427097,69.900847,17.354304
2023-05-24,0.681175,70.378619,17.467720
2023-05-25,0.055145,70.417440,17.721273
2023-05-26,0.446125,70.732292,17.583223
2023-05-29,0.235826,70.899294,18.669560
2023-05-30,0.320796,71.127102,18.829159
2023-05-31,0.740953,71.656077,19.375457
2023-06-01,-0.106586,71.579742,20.042158
2023-06-02,-0.799623,71.009657,18.337634
2023-06-05,0.432575,71.317492,18.715952
2023-06-06,-0.314287,71.093702,17.970342
2023-06-07,0.376059,71.361560,18.151333
2023-06-08,-0.757374,70.823127,17.778254
2023-06-09,0.093820,70.889605,18.197182
2023-06-12,0.010687,70.897182,18.669513
2023-06-13,-0.180980,70.768988,18.173896
2023-06-14,0.175754,70.893477,18.286275
2023-06-15,-1.024577,70.170827,17.413989
2023-06-16,-0.236832,70.004837,17.838098
2023-06-19,0.738869,70.523996,19.061647
2023-06-20,0.034065,70.548024,19.100994
2023-06-21,0.059855,70.590264,19.408167
2023-06-26,0.233817,70.755508,18.679056
2023-06-27,-0.072843,70.703987,19.038203
2023-06-28,-0.150955,70.597336,19.871699
2023-06-29,0.496578,70.948779,19.840218
2023-06-30,0.095734,71.016733,20.567216
2023-07-03,-3.787912,68.376993,16.814177
2023-07-04,0.123504,68.461493,17.258084
2023-07-05,0.200347,68.598791,17.133958
2023-07-06,0.314476,68.814858,17.885722
2023-07-07,-0.007991,68.809359,18.276446
2023-07-10,-0.307328,68.598213,18.362289
2023-07-11,-0.167242,68.483584,18.423104
2023-07-12,-0.116102,68.404119,18.099717
2023-07-13,-0.631551,67.973474,18.082383
2023-07-14,0.000000,67.973474,16.595198
2023-07-17,0.345400,68.208660,16.907539
2023-07-18,0.267667,68.391477,17.309851
2023-07-19,0.033097,68.414115,16.911607
2023-07-20,-0.011423,68.406301,16.811303
2023-07-21,0.033273,68.429065,16.869098
2023-07-24,0.289559,68.627495,16.482573
2023-07-25,-1.301626,67.740010,15.135117
2023-07-26,-0.078948,67.686551,14.940107
2023-07-27,-0.203804,67.548744,14.346688
2023-07-28,-1.078785,66.823955,12.750925
2023-07-31,-0.002828,66.822066,12.368435
2023-08-01,0.274747,67.005910,11.893956
2023-08-02,0.402609,67.276226,12.058741
2023-08-03,-0.525656,66.923512,10.996888
2023-08-04,-0.040885,66.896156,11.269040
2023-08-07,0.284724,67.086897,11.653962
2023-08-08,-0.019007,67.074147,11.699843
2023-08-09,-0.107493,67.002086,10.998629
2023-08-10,-0.063063,66.959845,10.582464
2023-08-11,0.784238,67.487034,10.785298
2023-08-14,0.626383,67.911088,11.427878
2023-08-15,-0.141082,67.815345,10.684736
2023-08-16,-0.009331,67.809018,10.175207
2023-08-17,0.140517,67.904368,11.125878
2023-08-18,0.026482,67.922353,11.368630
2023-08-21,0.588589,68.323315,11.409238
2023-08-22,-0.196839,68.188961,11.527689
2023-08-23,0.369163,68.441155,10.929489
2023-08-24,-0.465584,68.123244,11.242202
2023-08-25,-0.336698,67.894261,11.040977
2023-08-28,-0.469416,67.576301,10.378063
2023-08-29,0.475247,67.898220,10.508804
2023-08-30,0.204002,68.036875,11.270427
2023-08-31,0.112957,68.113771,10.291871
2023-09-01,0.674274,68.574596,11.167045
2023-09-04,-0.346038,68.337712,10.981225
2023-09-05,0.270467,68.522793,10.832831
2023-09-06,0.350203,68.763183,11.263322
2023-09-07,0.384622,69.028170,12.141384
2023-09-08,0.395279,69.301564,12.418200
2023-09-11,-0.016870,69.289874,11.950003
2023-09-12,0.076582,69.342958,11.915639
2023-09-13,-0.059713,69.301564,13.022859
2023-09-14,-0.081927,69.244810,8.780151
2023-09-15,0.480305,69.578197,8.577857
2023-09-18,-0.311057,69.362105,8.099140
2023-09-19,-0.179060,69.238017,7.869458
2023-09-20,-0.005698,69.234071,7.571870
2023-09-21,0.435073,69.535946,8.036281
2023-09-22,-0.574281,69.137759,8.275923
2023-09-25,0.246852,69.308638,8.896270
2023-09-26,0.229272,69.467725,8.794991
2023-09-27,0.077772,69.521773,9.271526
2023-09-28,0.477500,69.854533,9.075083
2023-10-09,0.040108,69.882556,9.537074
2023-10-10,0.356351,70.132027,9.517749
2023-10-11,-0.075488,70.079106,8.768287
2023-10-12,-0.334422,69.845137,7.892158
2023-10-13,0.528801,70.215458,8.887890
2023-10-16,0.369245,70.475204,9.592151
2023-10-17,-0.321941,70.248680,9.438878
2023-10-18,-0.160725,70.135864,9.293009
2023-10-19,1.004084,70.843634,10.284583
2023-10-20,0.017890,70.856309,10.396590
2023-10-23,-0.338337,70.616981,9.247211
2023-10-24,0.339257,70.856961,9.463803
2023-10-25,0.041362,70.886275,9.388957
2023-10-26,-0.060154,70.843647,8.406806
2023-10-27,-0.246234,70.669420,8.842197
2023-10-30,-0.048686,70.635023,8.458103
2023-10-31,0.161498,70.749189,8.310806
2023-11-01,-0.454954,70.428044,7.071735
2023-11-02,-0.052533,70.391056,6.734217
2023-11-03,-0.094355,70.324670,6.347416
2023-11-06,-0.152423,70.217560,4.582395
2023-11-07,0.345622,70.460667,4.997579
2023-11-08,0.353727,70.710347,5.126803
2023-11-09,-0.135617,70.614517,4.454598
2023-11-10,0.274746,70.808794,4.474396
2023-11-13,0.541846,71.193510,4.166369
2023-11-14,0.120116,71.279076,3.532126
2023-11-15,-0.264117,71.091065,3.625738
2023-11-16,0.208147,71.239193,3.102880
2023-11-17,0.368749,71.502371,4.911774
2023-11-20,0.172722,71.625979,5.281941
2023-11-21,-0.401898,71.338693,4.486884
2023-11-22,0.226452,71.500424,4.057612
2023-11-23,0.016813,71.512446,3.891035
2023-11-24,-0.023433,71.495691,5.485982
2023-11-27,0.391443,71.776104,6.067050
2023-11-28,0.041236,71.805708,6.553552
2023-11-29,0.374387,72.075043,6.617239
2023-11-30,-0.303124,71.856897,5.826050
2023-12-01,0.585301,72.278709,6.335788
2023-12-04,0.354284,72.535236,6.000921
2023-12-05,0.452994,72.864561,6.947711
2023-12-06,0.069326,72.915093,7.189463
2023-12-07,0.128526,73.008868,6.917022
2023-12-08,-0.230096,72.841070,7.276254
2023-12-11,0.139014,72.942400,6.806255
2023-12-12,-0.070346,72.891106,8.088859
2023-12-13,0.824367,73.494480,8.991502
2023-12-14,0.159547,73.611832,9.633348
2023-12-15,-0.096872,73.540557,9.050839
2023-12-18,-0.246421,73.359561,9.722749
2023-12-19,-0.107000,73.281108,10.107530
2023-12-20,0.102788,73.356471,10.193469
2023-12-21,-0.489049,72.998598,9.932349
2023-12-22,-0.618959,72.548162,9.895866
2023-12-25,-0.137314,72.448611,9.129276
2023-12-26,-0.112718,72.366995,9.091202
2023-12-27,0.098695,72.438452,9.574348
2023-12-28,-0.961985,71.744946,8.382031
2023-12-29,0.118814,71.830241,8.838834
2024-01-02,-0.735770,71.303675,7.983008
2024-01-03,0.049488,71.338971,7.151100
2024-01-04,0.439261,71.653024,7.940673
2024-01-05,-0.399643,71.367239,8.230425
2024-01-08,-0.011589,71.358969,8.222359
2024-01-09,-0.043243,71.328117,7.788596
2024-01-10,0.010625,71.335697,8.361871
2024-01-11,0.219656,71.492562,8.555309
2024-01-12,0.039110,71.520528,8.438728
2024-01-15,-0.042679,71.490010,8.487610
2024-01-16,-0.474527,71.151574,7.441419
2024-01-17,0.479001,71.493209,7.967153
2024-01-18,-0.944486,70.821144,7.988273
2024-01-19,-0.346808,70.575956,7.943614
2024-01-22,-1.147084,69.771016,7.154940
2024-01-23,0.379320,70.036174,7.669511
2024-01-24,-0.350314,69.791257,7.473350
2024-01-25,-0.061701,69.748209,7.561459
2024-01-26,-0.498741,69.401211,7.738723
2024-01-29,-0.353387,69.156390,8.058365
2024-01-30,0.115279,69.236158,8.085056
2024-01-31,-0.786520,68.693738,7.034312
2024-02-01,-0.293016,68.492749,6.760643
2024-02-02,-0.465758,68.174481,6.330006
2024-02-05,-2.341130,66.596966,4.039367
2024-02-06,0.467051,66.908735,3.699746
2024-02-07,1.359949,67.824875,5.099902
2024-02-08,0.385067,68.086550,5.169433
2024-02-19,-0.260395,67.909487,4.315766
2024-02-20,-0.017834,67.897377,3.578392
2024-02-21,-0.801065,67.355647,2.664247
2024-02-22,0.035041,67.379254,2.692115
2024-02-23,0.317213,67.593329,3.229679
2024-02-26,0.741145,68.096155,3.690862
2024-02-27,0.194365,68.228639,4.001639
2024-02-28,-0.577295,67.835893,3.354034
2024-02-29,0.062060,67.878005,3.066152
2024-03-01,-0.043262,67.848646,3.277697
2024-03-04,0.226382,68.002417,2.916464
2024-03-05,-0.817560,67.448723,3.045051
2024-03-06,0.295854,67.648568,3.317118
2024-03-07,-0.205613,67.509617,2.483697
2024-03-08,0.272553,67.693867,2.926275
2024-03-11,-0.294736,67.494643,1.949393
2024-03-12,-0.132048,67.405576,1.820724
2024-03-13,0.679926,67.865446,2.545565
2024-03-14,-0.105647,67.793786,2.982510
2024-03-15,0.278843,67.983088,3.170119
2024-03-18,-0.024137,67.966681,3.351568
2024-03-19,0.241020,68.130691,3.184318
2024-03-20,0.101349,68.199776,3.078194
2024-03-21,-0.028459,68.180370,2.504319
2024-03-22,-0.124122,68.095795,2.152459
2024-03-25,-0.332924,67.869465,1.382030
2024-03-26,-0.410064,67.591727,1.334197
2024-03-27,-0.482654,67.266279,0.774382
2024-03-28,0.240192,67.428042,0.871535
2024-03-29,-1.014595,66.747379,-0.045425
2024-04-01,-0.183716,66.624866,-0.323330
2024-04-02,-0.029471,66.605234,-0.640928
2024-04-03,0.144902,66.701816,-0.060928
2024-04-08,0.019675,66.714941,0.015669
2024-04-09,0.223986,66.864540,0.561981
2024-04-10,0.036498,66.888949,0.390074
2024-04-11,0.113400,66.964844,0.135777
2024-04-12,0.361806,67.207566,0.694218
2024-04-15,-1.333308,66.317430,-0.541322
2024-04-16,-0.692376,65.859850,-0.782608
2024-04-17,0.485311,66.180252,-0.776211
2024-04-18,-0.096630,66.116333,-0.991320
2024-04-19,0.204625,66.251762,-0.475026
2024-04-22,-0.300172,66.053191,-1.019814
2024-04-23,-0.255995,65.884314,-1.183555
2024-04-24,0.537475,66.239380,-0.221095
2024-04-25,-0.079534,66.186718,-0.335754
2024-04-26,-0.369151,65.942839,-1.117540
2024-04-29,0.115359,66.018954,-1.046566
2024-04-30,-0.000092,66.018894,-1.002272
2024-05-06,2.028101,67.371493,1.497567
2024-05-07,0.026484,67.389338,1.870112
2024-05-08,-0.016783,67.378029,1.614801
2024-05-09,0.065355,67.422079,1.369466
2024-05-10,-0.278335,67.234681,1.085007
2024-05-13,-0.263333,67.057862,0.124650
2024-05-14,0.269985,67.239153,0.027536
2024-05-15,0.185805,67.364203,-0.069777
2024-05-16,-0.351402,67.127899,0.201105
2024-05-17,-0.247193,66.962169,-0.944020
2024-05-20,0.095364,67.026057,-3.835196
2024-05-21,-0.128256,66.940148,-3.691595
2024-05-22,-0.118039,66.861179,-3.424094
2024-05-23,-0.095806,66.797152,-3.567692
2024-05-24,0.367765,67.043261,-3.649483
2024-05-27,-0.207434,66.904335,-3.796330
2024-05-28,0.131816,66.992584,-4.048412
2024-05-29,-0.003199,66.990441,-3.293884
2024-05-30,0.275316,67.175130,-2.904533
2024-05-31,0.307996,67.382346,-3.099921
2024-06-03,-0.541140,67.018698,-4.031266
2024-06-04,-0.145261,66.921417,-4.425141
2024-06-05,-0.059296,66.881747,-3.988071
2024-06-06,-0.592105,66.486907,-5.007273
2024-06-07,0.461781,66.794640,-5.226667
2024-06-11,0.830003,67.351345,-4.451809
2024-06-12,0.112605,67.427229,-4.785329
2024-06-13,0.139981,67.521680,-4.881174
2024-06-14,-0.305824,67.315498,-5.507795
2024-06-17,0.077115,67.367428,-6.171633
2024-06-18,0.057234,67.405997,-6.007812
2024-06-19,-0.147072,67.306934,-5.355262
2024-06-20,-1.563296,66.262909,-7.351133
2024-06-21,0.217135,66.406946,-6.819710
2024-06-24,-0.790049,65.884365,-7.985819
2024-06-25,0.012889,65.892858,-7.215555
2024-06-26,0.517844,66.234965,-6.791532
2024-06-27,-0.375959,65.986416,-7.178178
2024-06-28,0.142552,66.080548,-6.854646
2024-07-01,1.723171,67.229096,-5.307230
2024-07-02,-0.257413,67.056262,-4.540066
2024-07-03,-0.181608,66.934593,-4.484842
2024-07-04,-0.462720,66.625588,-5.686432
2024-07-05,0.680080,67.080239,-5.040417
2024-07-08,-0.370423,66.832218,-5.470695
2024-07-09,0.069521,66.878697,-5.634991
2024-07-10,0.050549,66.912512,-5.511599
2024-07-11,0.200778,67.046993,-5.159866
2024-07-12,-0.171599,66.932039,-5.828042
2024-07-15,-0.449803,66.631653,-6.373579
2024-07-16,-0.269046,66.452625,-2.854712
2024-07-17,-0.342348,66.225514,-3.320565
2024-07-18,-0.203792,66.090689,-3.724704
2024-07-19,-0.217632,65.947011,-4.256812
2024-07-22,0.466655,66.255475,-3.782166
2024-07-23,0.305194,66.457992,-3.169645
2024-07-24,-0.080943,66.404221,-3.083345
2024-07-25,0.450970,66.704360,-2.516272
2024-07-26,0.254745,66.874503,-1.629976
2024-07-29,0.098977,66.940726,-1.530999
2024-07-30,0.566937,67.321316,-1.309462
2024-07-31,0.100642,67.389103,-1.476487
2024-08-01,0.372891,67.640860,-1.136693
2024-08-02,0.212293,67.784609,-0.912977
2024-08-05,-0.196422,67.651596,-1.142671
2024-08-06,0.622996,68.074378,-0.809235
2024-08-07,-0.047235,68.042231,0.445156
2024-08-08,-0.049327,68.008676,0.474777
2024-08-09,-0.168378,67.894261,0.510203
2024-08-12,-0.109832,67.819732,1.479156
2024-08-13,0.011062,67.827235,1.493046
2024-08-14,0.030107,67.847658,1.248405
2024-08-15,-0.386460,67.585960,0.459336
2024-08-16,-0.435869,67.292015,0.549122
2024-08-19,-0.261018,67.116599,0.328989
2024-08-20,-0.257269,66.944151,-0.213005
2024-08-21,-0.065887,66.900058,-0.259885
2024-08-22,-0.282977,66.711014,-0.435369
2024-08-23,-0.345024,66.481241,-0.717329
2024-08-26,0.264789,66.657509,-1.236779
2024-08-27,-0.088675,66.598427,-1.951837
2024-08-28,0.430827,66.885970,-1.379928
2024-08-29,0.848873,67.456164,-0.521723
2024-08-30,-0.255459,67.284061,-0.917699
2024-09-02,1.406705,68.237238,0.462524
2024-09-03,0.237163,68.399264,0.111098
2024-09-04,0.290703,68.598391,0.598640
2024-09-05,0.154992,68.704796,0.384468
2024-09-06,-0.155246,68.598217,0.694806
2024-09-09,0.541506,68.970688,1.573010
2024-09-10,-0.002473,68.968982,2.039953
2024-09-11,0.187065,69.098120,1.751771
2024-09-12,0.062162,69.141086,1.609931
2024-09-13,-0.221171,68.988335,1.275802
2024-09-18,-0.292278,68.786991,0.309250
2024-09-19,0.128822,68.875661,0.784110
2024-09-20,-0.350284,68.634822,0.163358
2024-09-23,-0.271981,68.448402,-0.458825
2024-09-24,-1.409945,67.490089,-2.253393
2024-09-25,-0.590018,67.093057,-3.238690
2024-09-26,-1.165936,66.315338,-4.387757
2024-09-27,-0.779193,65.800622,-5.243532
2024-09-30,-1.349751,64.918444,-6.533570
2024-10-08,-0.698120,64.466814,-7.149763
2024-10-09,1.954265,65.739057,-5.675803
2024-10-10,-1.298740,64.890798,-6.663486
2024-10-11,0.128878,64.974482,-6.355548
2024-10-14,-0.091119,64.915305,-6.440968
2024-10-15,1.055659,65.604219,-5.820382
2024-10-16,0.435225,65.890368,-4.810876
2024-10-17,0.567905,66.265627,-4.489824
2024-10-18,-0.753420,65.768244,-5.472515
2024-10-21,0.488870,66.090553,-5.061417
2024-10-22,-0.133492,66.002386,-5.672409
2024-10-23,-0.237985,65.845497,-5.950501
2024-10-24,0.450786,66.142990,-5.856066
2024-10-25,0.293199,66.337205,-5.487379
2024-10-28,0.458257,66.641897,-4.694700
2024-10-29,0.010037,66.648586,-5.213465
2024-10-30,0.720931,67.130813,-4.861778
2024-10-31,0.453461,67.435916,-4.086376
2024-11-01,1.906371,68.733827,-2.019280
2024-11-04,-0.272958,68.546468,-3.296322
2024-11-05,-0.341182,68.312998,-3.655394
2024-11-06,0.508031,68.660933,-2.809026
2024-11-07,-1.345306,67.743419,-4.493589
2024-11-08,0.768554,68.266069,-3.766398
2024-11-11,0.667225,68.723081,-3.039018
2024-11-12,0.287800,68.921151,-2.504984
2024-11-13,-0.513859,68.567901,-2.970158
2024-11-14,-0.122107,68.484226,-3.253762
2024-11-15,0.208182,68.626947,-2.590627
2024-11-18,-0.477881,68.299774,-3.015974
2024-11-19,0.462800,68.616598,-2.458819
2024-11-20,0.442618,68.920981,-1.863778
2024-11-21,-0.054441,68.883469,-2.263841
2024-11-22,0.564752,69.273591,-2.052817
2024-11-25,0.426083,69.569384,-1.491116
2024-11-26,-0.280388,69.374592,-2.046251
2024-11-27,-0.290399,69.173422,-2.878495
2024-11-28,0.393766,69.446340,-2.604846
2024-11-29,-0.163328,69.333007,-2.504057
2024-12-02,0.133509,69.425635,-2.578695
2024-12-03,-0.176104,69.303481,-3.123548
2024-12-04,-0.196220,69.167627,-3.492491
2024-12-05,0.540990,69.542831,-2.549602
2024-12-06,-0.347874,69.301330,-3.123928
2024-12-09,-0.183661,69.174167,-3.324403
2024-12-10,-0.242333,69.006738,-3.543303
2024-12-11,0.510307,69.359784,-3.424439
2024-12-12,-0.381962,69.095362,-3.847637
2024-12-13,0.848632,69.684222,-3.373391
2024-12-16,-0.088800,69.622370,-3.159068
2024-12-17,-0.873328,69.016985,-4.617697
2024-12-18,-0.057206,68.977514,-5.029188
2024-12-19,0.064393,69.021945,-5.417789
2024-12-20,0.586624,69.428034,-4.900491
2024-12-23,-1.021927,68.722143,-6.050944
2024-12-24,-0.392328,68.453055,-6.213176
2024-12-25,-0.427396,68.161114,-6.779586
2024-12-26,0.372902,68.415763,-6.336337
2024-12-27,0.211348,68.560511,-6.949357
2024-12-30,-0.441992,68.258148,-7.550897
2024-12-31,-0.111162,68.182313,-7.565186
2025-01-02,-1.248158,67.336579,-8.566924
2025-01-03,-0.236764,67.177339,-8.696687
2025-01-06,0.105854,67.248486,-8.693621
2025-01-07,-0.029820,67.228436,-8.234392
2025-01-08,-0.058832,67.188896,-7.674265
2025-01-09,0.199104,67.322805,-7.337847
2025-01-10,-0.059060,67.283056,-7.284189
2025-01-13,0.373275,67.534676,-7.009609
2025-01-14,-0.132639,67.445157,-6.180263
2025-01-15,0.184956,67.570017,-6.114122
2025-01-16,0.117787,67.649652,-5.260565
2025-01-17,0.102802,67.719233,-5.207252
2025-01-20,-0.211976,67.575836,-5.858489
2025-01-21,0.093340,67.638941,-5.365506
2025-01-22,0.307192,67.847042,-5.046726
2025-01-23,-0.287795,67.652062,-5.291277
2025-01-24,0.175462,67.770870,-5.126441
2025-01-27,-0.176813,67.651148,-5.522909
2025-02-05,0.648637,68.091385,-4.913382
2025-02-06,0.153601,68.196054,-4.717101
2025-02-07,-0.210702,68.052515,-4.453276
2025-02-10,0.325302,68.274252,-4.606975
2025-02-11,0.209199,68.417231,-3.453290
2025-02-12,-0.041414,68.388902,-3.147896
2025-02-13,-0.204650,68.249087,-2.205462
2025-02-14,-0.208066,68.107232,-2.792848
2025-02-17,0.089543,68.168244,-2.352991
2025-02-18,-0.204995,68.028646,-2.496286
2025-02-19,0.397609,68.299672,-1.599935
2025-02-20,0.462817,68.616507,-0.783732
2025-02-21,-0.150600,68.513249,-1.049611
2025-02-24,0.161033,68.623666,-0.102057
2025-02-25,0.403213,68.900925,0.594172
2025-02-26,0.004971,68.904350,1.064900
2025-02-27,-0.366107,68.652548,3.039923
2025-02-28,-0.060000,68.611369,2.512872
2025-03-03,0.127328,68.698786,1.280251
2025-03-04,0.632379,69.134599,1.527563
2025-03-05,-0.106306,69.061144,1.681651
2025-03-06,-0.178511,68.937972,1.520975
2025-03-07,0.060450,68.979658,2.382490
2025-03-10,0.259503,69.158895,2.606952
2025-03-11,0.004387,69.161929,2.294125
2025-03-12,0.189684,69.293242,1.742665
2025-03-13,-0.246845,69.122407,1.301454
2025-03-14,-1.045636,68.403403,0.833113
2025-03-17,0.297446,68.607170,1.068499
2025-03-18,-0.325263,68.384379,0.786498
2025-03-19,-0.361784,68.137422,0.198332
2025-03-20,0.953452,68.790187,1.969345
2025-03-21,0.374705,69.048431,2.048196
2025-03-24,-0.325499,68.824044,1.928311
2025-03-25,-0.068774,68.776727,1.586984
2025-03-26,0.362960,69.026813,2.244679
2025-03-27,-0.055383,68.988594,2.321344
2025-03-28,0.121020,69.072134,1.762438
2025-03-31,0.221317,69.225172,2.089402
2025-04-01,0.422531,69.518289,2.233090
2025-04-02,0.161931,69.630952,2.419158
2025-04-03,-0.070626,69.581791,2.107513
2025-04-07,0.506817,69.935339,2.512981
2025-04-08,-0.930597,69.287542,1.610842
2025-04-09,0.795919,69.841215,2.530883
2025-04-10,-0.143537,69.741038,2.720270
2025-04-11,0.366003,69.996760,3.496336
2025-04-14,0.250368,70.172229,4.229359
2025-04-15,-0.269274,69.983528,3.719892
2025-04-16,-0.696148,69.498031,4.038339
2025-04-17,-0.045447,69.466453,4.176608
2025-04-18,-0.031951,69.444261,4.174127
2025-04-21,0.807039,70.006971,4.836264
2025-04-22,-0.128438,69.917113,4.688151
2025-04-23,0.158511,70.028027,4.622677
2025-04-24,-0.037592,70.001708,4.548586
2025-04-25,0.244293,70.172926,4.679479
2025-04-28,0.111431,70.251164,4.429104
2025-04-29,0.308583,70.468282,6.070995
2025-04-30,0.270054,70.658841,7.033425
2025-05-06,1.560936,71.770434,8.109050
2025-05-07,-0.352879,71.517617,7.852800
2025-05-08,-0.170350,71.395890,7.477824
2025-05-09,-0.424278,71.093615,7.353719
2025-05-12,-0.251169,70.915274,7.358545
2025-05-13,-0.116716,70.832553,6.704353
2025-05-14,-0.731631,70.316211,6.052256
2025-05-15,-0.104551,70.242733,6.316856
2025-05-16,0.395305,70.520956,6.596803
2025-05-19,0.253014,70.699610,6.849908
2025-05-20,-0.166330,70.582113,4.655477
2025-05-21,-0.349412,70.335921,4.279582
2025-05-22,-0.331607,70.103069,3.964758
2025-05-23,0.088377,70.165051,3.987779
2025-05-26,0.578714,70.572284,4.844829
2025-05-27,0.215812,70.724752,5.323974
2025-05-28,-0.065544,70.678411,4.988445
2025-05-29,0.343347,70.921500,5.145987
2025-05-30,-0.010992,70.913705,5.486397
2025-06-03,0.013415,70.923219,5.747005
2025-06-04,0.088603,70.986087,5.740244
2025-06-05,0.129098,71.077788,5.997598
2025-06-06,0.018431,71.090889,6.134068
2025-06-09,0.235037,71.258176,6.464911
2025-06-10,-0.017662,71.245591,6.079484
2025-06-11,-0.350852,70.996063,5.936067
2025-06-12,0.113970,71.077023,5.918220
2025-06-13,-0.007022,71.072033,5.914397
2025-06-16,0.047768,71.105990,5.686849
2025-06-17,0.078639,71.161929,5.457492
2025-06-18,-0.126779,71.071768,5.871853
2025-06-19,0.003146,71.074004,6.020260
2025-06-20,-0.373133,70.809298,5.706423
2025-06-23,0.148564,70.914574,6.447093
2025-06-24,-0.127706,70.824069,5.857606
2025-06-25,-0.733891,70.306200,4.293712
2025-06-26,0.054859,70.344780,4.235965
2025-06-27,0.564794,70.743207,4.660779
2025-06-30,0.177433,70.868840,5.144035
2025-07-01,-0.154831,70.759198,4.912089
2025-07-02,-0.330434,70.525772,4.524421
2025-07-03,-0.255949,70.345493,4.415545
2025-07-04,-0.394038,70.068850,5.584803
2025-07-07,0.299445,70.278982,5.667113
2025-07-08,0.010895,70.286640,6.468057
2025-07-09,-0.017727,70.274181,6.437441
2025-07-10,-0.133651,70.180322,5.785947
2025-07-11,0.148338,70.284503,6.310244
2025-07-14,0.023160,70.300783,6.190852
2025-07-15,-0.066678,70.253923,4.401003
2025-07-16,0.301448,70.466022,4.959865
2025-07-17,-0.012448,70.457251,5.129025
2025-07-18,-0.283869,70.257529,5.307877
2025-07-21,-0.021856,70.242175,4.605941
2025-07-22,-0.298050,70.033130,4.678314
2025-07-23,-0.208048,69.887579,4.400745
2025-07-24,0.145622,69.989425,4.495818
2025-07-25,0.370761,70.249400,4.665801
2025-07-28,-0.113881,70.169444,4.723518
2025-07-29,0.073112,70.220766,5.246433
2025-07-30,-0.232680,70.057566,5.282799
2025-07-31,0.781601,70.607282,6.406749
2025-08-01,0.399702,70.890066,7.010243
2025-08-04,0.107171,70.966080,7.335046
2025-08-05,-0.315503,70.742533,6.552889
2025-08-06,0.146197,70.846032,6.393892
2025-08-07,-0.075072,70.792867,6.399763
2025-08-08,-0.004308,70.789817,5.944484
2025-08-11,0.265008,70.977665,5.954747
2025-08-12,-0.283810,70.776509,5.571960
2025-08-13,0.019025,70.789975,5.024048
2025-08-14,-0.553027,70.399567,4.370378
2025-08-15,0.316930,70.623038,4.314417
2025-08-18,0.098922,70.692935,4.201047
2025-08-19,0.268119,70.882731,4.665588
2025-08-20,-0.441014,70.570816,3.601578
2025-08-21,-0.541847,70.189465,3.106967
2025-08-22,-0.883611,69.571995,2.272683
2025-08-25,-0.701315,69.085783,1.739746
2025-08-26,0.312547,69.302046,2.162125
2025-08-27,0.382060,69.567328,2.533123
2025-08-28,-0.567008,69.173992,1.936008
2025-08-29,-0.446610,68.865743,1.875858
2025-09-01,1.037163,69.583709,3.348890
2025-09-02,-0.516373,69.225324,3.093536
2025-09-03,-0.085235,69.166345,3.265570
2025-09-04,0.518546,69.525936,3.850003
2025-09-05,-0.659095,69.069201,3.473885
2025-09-08,0.385203,69.335770,4.204111
2025-09-09,0.079741,69.391081,4.019064
2025-09-10,-0.237305,69.226608,3.870434
2025-09-11,-0.723045,68.727874,2.716562
2025-09-12,0.416936,69.015023,2.284625
2025-09-15,-0.183324,68.888617,2.356759
2025-09-16,0.046470,68.920637,0.996523
2025-09-17,-0.050308,68.885974,0.709052
2025-09-18,0.319115,69.106150,0.737465
2025-09-19,-0.119217,69.023813,0.463255
2025-09-22,-0.139758,68.927414,0.478743
2025-09-23,-0.335781,68.696357,-0.398544
2025-09-24,-0.020413,68.682335,-0.416483
2025-09-25,-0.428017,68.388991,-1.031566
2025-09-26,0.045469,68.420094,-1.048258
2025-09-29,-0.482627,68.090676,-1.309714
2025-09-30,0.163016,68.201765,-0.854420
2025-10-09,-0.376275,67.945621,-1.359516
2025-10-10,0.690652,68.416514,-0.318579
2025-10-13,0.414121,68.700429,0.367523
2025-10-14,-0.012475,68.691859,1.764993
2025-10-15,-0.497491,68.350972,1.857521
2025-10-16,-0.602618,67.940315,2.420839
2025-10-17,0.265836,68.121165,3.465868
2025-10-20,0.018034,68.133451,4.833653
2025-10-21,-0.533029,67.771247,4.998744
2025-10-22,-0.031461,67.749929,3.013018
2025-10-23,-0.226994,67.596315,4.084765
2025-10-24,-0.256416,67.423209,3.699470
2025-10-27,-0.354585,67.184560,3.436005
2025-10-28,0.263682,67.361947,2.644027
2025-10-29,-0.146613,67.263258,2.062189
2025-10-30,0.199922,67.397867,1.694206
2025-10-31,1.066286,68.120366,3.513912
2025-11-03,1.633637,69.242345,4.658679
2025-11-04,-0.087083,69.182073,4.705088
2025-11-05,0.032128,69.204303,4.975200
2025-11-06,-0.471591,68.878711,4.052823
2025-11-07,0.286971,69.076656,4.046594
2025-11-10,-0.036472,69.051467,3.551865
2025-11-11,0.489598,69.390370,4.031426
2025-11-12,-0.352129,69.146456,2.958366
2025-11-13,-0.202455,69.006608,2.302450
2025-11-14,0.610127,69.428923,1.006207
2025-11-17,0.624715,69.864013,1.903879
2025-11-18,-0.029888,69.843135,2.215174
2025-11-19,-0.512021,69.486437,1.195122
2025-11-20,0.044850,69.517609,2.585277
2025-11-21,0.086048,69.577453,1.902771
2025-11-24,0.483460,69.914647,1.719006
2025-11-25,-0.151757,69.808627,1.279449
2025-11-26,-0.487125,69.469399,1.306184
2025-11-27,-0.020285,69.455309,1.408006
2025-11-28,0.245365,69.625937,1.445189
2025-12-01,-0.358285,69.376924,1.564784
2025-12-02,-0.145057,69.276361,0.956927
2025-12-03,0.130197,69.366615,0.644506
2025-12-04,-0.255644,69.189510,0.443304
2025-12-05,-0.046172,69.157572,-0.167620
2025-12-08,-0.106393,69.084032,-0.700096
2025-12-09,-0.035317,69.059638,-0.455024
2025-12-10,0.295368,69.263920,0.130742
2025-12-11,0.098295,69.332036,-0.164729
2025-12-12,-0.050919,69.296742,-0.052319
2025-12-15,0.022620,69.312419,-0.163208
2025-12-16,0.151973,69.417835,0.164869
2025-12-17,-0.415663,69.129890,-0.054573
2025-12-18,0.201599,69.269396,-0.393964
2025-12-19,0.094590,69.334949,0.048500
2025-12-22,-0.158236,69.225323,0.073925
2025-12-23,-0.154925,69.118158,0.161333
2025-12-24,0.480998,69.451416,0.132024
2025-12-25,0.174644,69.572815,0.688629
2025-12-26,0.018997,69.586033,-0.141006
2025-12-29,0.077398,69.639912,0.025193
2025-12-30,-0.067710,69.592775,0.830811
2025-12-31,0.404732,69.875010,1.292750
2026-01-05,-3.603970,67.401574,-2.375613
2026-01-06,-0.410873,67.125207,-3.373110
2026-01-07,0.449994,67.427947,-1.901189
2026-01-08,0.923250,68.053358,-0.585611
2026-01-09,0.419115,68.339179,0.260901
2026-01-12,0.744322,68.849741,0.632321
2026-01-13,-0.272444,68.662419,0.148528
2026-01-14,0.525136,69.023938,1.115657
2026-01-15,-0.202844,68.884069,1.023975
2026-01-16,0.194295,69.018038,2.466428
2026-01-19,0.016997,69.029770,2.720189
2026-01-20,-0.034399,69.006029,2.579936
2026-01-21,0.174517,69.126561,2.784273
2026-01-22,0.301514,69.335302,3.144619
2026-01-23,1.301129,70.243338,4.246644
2026-01-26,-0.609470,69.816528,3.696234
2026-01-27,0.033610,69.839997,3.356569
2026-01-28,-0.057837,69.799615,3.431371
2026-01-29,-0.816943,69.231715,2.429472
2026-01-30,0.089899,69.293982,2.401585
2026-02-02,0.009193,69.300352,2.307976
2026-02-03,0.562162,69.691030,3.082114
2026-02-04,-0.422157,69.397444,2.566617
2026-02-05,-0.190033,69.265691,2.069393
2026-02-06,0.348581,69.507559,2.705768
2026-02-09,-0.246079,69.336726,2.284228
2026-02-10,0.016857,69.348415,2.477897
2026-02-11,0.094747,69.414152,1.924007
2026-02-12,0.189286,69.545668,1.959692
2026-02-13,0.320786,69.769119,2.491180
2026-02-24,-0.325334,69.542505,1.840543
2026-02-25,0.197442,69.679946,1.828786
2026-02-26,0.409168,69.965638,2.279368
2026-02-27,0.661800,70.430206,3.145817
2026-03-02,-0.471701,70.098768,2.882182
2026-03-03,-0.576197,69.696023,2.216443
2026-03-04,0.508630,70.051421,2.930068
2026-03-05,-0.303411,69.839200,2.229048
2026-03-06,0.106497,69.913616,1.872728
2026-03-09,0.201291,70.054487,2.224619
2026-03-10,0.074190,70.106480,2.137776
2026-03-11,-0.358533,69.855576,1.376030
2026-03-12,0.108324,69.931287,1.479383
2026-03-13,-0.335562,69.697017,1.509927
2026-03-16,-0.271724,69.507890,1.298203
2026-03-17,-0.441714,69.201541,0.729161
2026-03-18,0.057286,69.241195,0.154068
2026-03-19,0.063460,69.285150,0.323834
2026-03-20,-0.449744,68.974244,0.052601
2026-03-23,0.406121,69.254932,0.398272
2026-03-24,0.222872,69.409454,0.361640
2026-03-25,-0.141274,69.311466,0.215980
2026-03-26,0.233813,69.473714,0.260108
2026-03-27,0.137673,69.569427,0.644626
2026-03-30,-0.009885,69.562550,1.680377
2026-03-31,0.100482,69.632483,1.483412
2026-04-01,-0.488478,69.293173,1.320197
2026-04-02,0.192305,69.426556,1.874286
2026-04-03,0.200004,69.565551,1.120839
2026-04-07,0.292465,69.769303,1.038598
2026-04-08,-0.628403,69.332246,0.735694
2026-04-09,0.074401,69.383849,0.878870
2026-04-10,-0.771843,68.850376,-0.255933
2026-04-13,0.166239,68.964928,-0.034310
2026-04-14,0.969435,69.636749,0.814105
2026-04-15,0.116285,69.717773,0.709072
2026-04-16,-0.148566,69.614273,0.137975
2026-04-17,0.130130,69.704921,0.106174
2026-04-20,-0.081218,69.648331,0.095582
2026-04-21,0.081389,69.705040,-0.329846
2026-04-22,-0.095104,69.638779,0.505647
2026-04-23,-0.292121,69.435647,-0.582392
2026-04-24,0.281114,69.631115,-0.157741
2026-04-27,-0.002584,69.629316,-0.526327
2026-04-28,-1.711894,68.447481,-2.488590
2026-04-29,-0.594503,68.041766,-2.813818
2026-04-30,0.579590,68.437274,-1.538080
2026-05-06,0.342233,68.671890,-1.150400
2026-05-07,0.137270,68.766220,-0.981179
2026-05-08,0.592672,69.174989,-1.195546
2026-05-11,-0.609508,68.754644,-1.676616
2026-05-12,-0.102486,68.684216,-1.937613
2026-05-13,-0.136843,68.590291,-2.036865
2026-05-14,0.216780,68.739142,-2.064378
2026-05-15,0.250787,68.911747,-1.925022
2026-05-18,0.505541,69.261006,-1.728064
2026-05-19,0.212857,69.408590,-1.785261
2026-05-20,0.045099,69.439899,-3.301099
2026-05-21,-0.259312,69.260067,-3.207531
2026-05-22,-0.072546,69.209840,-3.109727
2026-05-25,-0.775228,68.675380,-3.460677
2026-05-26,-0.761974,68.154080,-3.971482
2026-05-27,-0.107826,68.080632,-3.962591
2026-05-28,0.224731,68.233802,-3.006229
2026-05-29,-0.746227,67.726518,-3.647906
2026-06-01,0.428116,68.017088,-3.615095
2026-06-02,-0.927282,67.389293,-4.795391
2026-06-03,-0.191005,67.260699,-4.820066
2026-06-04,0.557364,67.636633,-3.913290
2026-06-05,1.037532,68.342038,-2.544151
2026-06-08,0.111466,68.418258,-2.521062
2026-06-09,-0.104500,68.346798,-3.204277
2026-06-10,0.158128,68.454959,-3.261961
2026-06-11,0.222054,68.607135,-2.974362
2026-06-12,-0.440896,68.305315,-3.758605
2026-06-15,-0.123576,68.220958,-3.871190
2026-06-16,0.657617,68.671069,-3.226988
2026-06-17,-0.121593,68.587620,-3.437185
2026-06-18,0.051385,68.622873,-3.514898
2026-06-22,-0.944796,67.977580,-4.478124
2026-06-23,1.040403,68.688513,-3.672758
2026-06-24,0.172696,68.807238,-3.482400
2026-06-25,-0.691501,68.333077,-3.823049
2026-06-26,1.095686,69.085909,-2.841333
2026-06-29,-0.505153,68.737800,-3.339465
2026-06-30,0.037753,68.763755,-3.349479
2026-07-01,-7.593636,63.735418,-11.021755
2026-07-02,1.473614,64.681586,-9.421362
2026-07-03,-0.468374,64.379343,-9.892883
2026-07-06,-0.485248,64.067700,-10.004998
2026-07-07,-0.176429,63.954765,-10.329992
2026-07-08,-0.286477,63.771812,-10.488763
2026-07-09,-1.279730,62.960905,-11.034602
2026-07-10,1.369191,63.828888,-9.720270
2026-07-13,-0.480007,63.523240,-10.765070
2026-07-14,-1.117249,62.817477,-12.059751
2026-07-15,-0.059736,62.779964,-11.964656
2026-07-16,0.614746,63.167090,-11.019477
2026-07-17,0.477855,63.469659,-10.285673
2026-07-20,-1.476320,62.539527,-11.367955
2026-07-21,-0.978112,61.930802,-12.645512
2026-07-22,0.153788,62.026117,-12.502620
2026-07-23,0.152414,62.120725,-12.332479
2026-07-24,-0.098808,62.059375,-12.297636
2026-07-27,0.263808,62.223309,-12.182167
2026-07-28,1.264845,63.015336,-10.940481
2026-07-29,0.115670,63.088268,-10.758133
2026-07-30,0.040034,63.113530,-11.019547
2026-07-31,0.253468,63.273706,-10.753631
2026-08-03,0.848198,63.812675,-9.621564
2026-08-04,-0.271884,63.639414,-9.871591
2026-08-05,-0.093866,63.579707,-9.667407
2026-08-06,0.156105,63.679035,-9.303255
2026-08-07,-0.108398,63.610045,-9.557275
2026-08-10,0.239579,63.762624,-9.688457
2026-08-11,0.309650,63.960371,-9.264926
2026-08-12,-0.038595,63.935691,-9.376633
2026-08-13,-0.029684,63.916715,-9.173637
2026-08-14,0.050240,63.948835,-9.904998
2026-08-17,-0.325134,63.741253,-10.629834
