日期,index_net,index_neg,neg_log_mom_pct,hf_level,hf_fitted,hf_mom_pct,yield_10y
2015-01-04,115.300500,-115.300500,,-115.300500,3.527628,,3.628500
2015-01-05,115.305400,-115.305400,-0.004250,-115.305400,3.527029,-0.004250,3.625100
2015-01-06,115.265700,-115.265700,0.034436,-115.265700,3.531884,0.034436,3.635300
2015-01-07,115.305900,-115.305900,-0.034870,-115.305900,3.526968,-0.034870,3.640800
2015-01-08,115.318400,-115.318400,-0.010840,-115.318400,3.525440,-0.010840,3.641500
2015-01-09,115.302700,-115.302700,0.013615,-115.302700,3.527359,0.013615,3.634800
2015-01-12,115.328700,-115.328700,-0.022547,-115.328700,3.524180,-0.022547,3.637100
2015-01-13,115.652500,-115.652500,-0.280369,-115.652500,3.484655,-0.280369,3.583600
2015-01-14,115.927300,-115.927300,-0.237327,-115.927300,3.451197,-0.237327,3.541100
2015-01-15,115.903700,-115.903700,0.020360,-115.903700,3.454068,0.020360,3.546400
2015-01-16,116.199700,-116.199700,-0.255059,-116.199700,3.418110,-0.255059,3.501700
2015-01-19,116.329500,-116.329500,-0.111642,-116.329500,3.402371,-0.111642,3.475000
2015-01-20,116.382100,-116.382100,-0.045206,-116.382100,3.395998,-0.045206,3.471100
2015-01-21,116.433600,-116.433600,-0.044241,-116.433600,3.389762,-0.044241,3.467200
2015-01-22,116.541900,-116.541900,-0.092971,-116.541900,3.376655,-0.092971,3.452100
2015-01-23,116.573500,-116.573500,-0.027111,-116.573500,3.372833,-0.027111,3.452000
2015-01-26,116.725800,-116.725800,-0.130562,-116.725800,3.354427,-0.130562,3.434100
2015-01-27,116.718900,-116.718900,0.005911,-116.718900,3.355260,0.005911,3.430900
2015-01-28,116.530000,-116.530000,0.161973,-116.530000,3.378094,0.161973,3.476700
2015-01-29,116.388700,-116.388700,0.121330,-116.388700,3.395199,0.121330,3.496600
2015-01-30,116.339000,-116.339000,0.042711,-116.339000,3.401220,0.042711,3.501900
2015-02-02,116.491900,-116.491900,-0.131340,-116.491900,3.382704,-0.131340,3.472900
2015-02-03,116.607600,-116.607600,-0.099271,-116.607600,3.368710,-0.099271,3.453300
2015-02-04,116.620500,-116.620500,-0.011062,-116.620500,3.367150,-0.011062,3.458900
2015-02-05,116.929600,-116.929600,-0.264697,-116.929600,3.329834,-0.264697,3.401800
2015-02-06,116.776600,-116.776600,0.130934,-116.776600,3.348293,0.130934,3.432500
2015-02-09,116.856500,-116.856500,-0.068398,-116.856500,3.338650,-0.068398,3.423600
2015-02-10,116.871400,-116.871400,-0.012750,-116.871400,3.336853,-0.012750,3.429900
2015-02-11,117.108100,-117.108100,-0.202325,-117.108100,3.308329,-0.202325,3.395500
2015-02-12,117.198900,-117.198900,-0.077505,-117.198900,3.297403,-0.077505,3.386500
2015-02-13,117.313700,-117.313700,-0.097905,-117.313700,3.283601,-0.097905,3.355200
2015-02-15,117.376600,-117.376600,-0.053603,-117.376600,3.276044,-0.053603,3.362500
2015-02-16,117.512800,-117.512800,-0.115969,-117.512800,3.259695,-0.115969,3.337400
2015-02-17,117.503500,-117.503500,0.007914,-117.503500,3.260811,0.007914,3.337300
2015-02-25,117.525700,-117.525700,-0.018891,-117.525700,3.258147,-0.018891,3.349000
2015-02-26,117.440600,-117.440600,0.072436,-117.440600,3.268359,0.072436,3.359400
2015-02-27,117.319600,-117.319600,0.103084,-117.319600,3.282892,0.103084,3.374500
2015-02-28,117.377700,-117.377700,-0.049511,-117.377700,3.275912,-0.049511,3.360200
2015-03-02,117.179400,-117.179400,0.169085,-117.179400,3.299749,0.169085,3.388300
2015-03-03,117.076800,-117.076800,0.087596,-117.076800,3.312098,0.087596,3.402200
2015-03-04,117.074200,-117.074200,0.002221,-117.074200,3.312411,0.002221,3.386900
2015-03-05,116.744800,-116.744800,0.281757,-116.744800,3.352132,0.281757,3.436900
2015-03-06,116.544700,-116.544700,0.171547,-116.544700,3.376316,0.171547,3.475300
2015-03-09,116.350400,-116.350400,0.166856,-116.350400,3.399839,0.166856,3.492200
2015-03-10,116.279600,-116.279600,0.060869,-116.279600,3.408420,0.060869,3.522800
2015-03-11,116.708200,-116.708200,-0.367917,-116.708200,3.356552,-0.367917,3.446600
2015-03-12,116.773800,-116.773800,-0.056193,-116.773800,3.348631,-0.056193,3.441200
2015-03-13,116.510300,-116.510300,0.225905,-116.510300,3.380478,0.225905,3.487900
2015-03-16,116.245300,-116.245300,0.227707,-116.245300,3.412579,0.227707,3.530100
2015-03-17,116.171200,-116.171200,0.063765,-116.171200,3.421569,0.063765,3.542800
2015-03-18,116.110800,-116.110800,0.052006,-116.110800,3.428900,0.052006,3.551900
2015-03-19,116.067700,-116.067700,0.037127,-116.067700,3.434134,0.037127,3.534800
2015-03-20,116.209900,-116.209900,-0.122440,-116.209900,3.416873,-0.122440,3.495800
2015-03-23,116.180400,-116.180400,0.025388,-116.180400,3.420452,0.025388,3.493300
2015-03-24,116.114800,-116.114800,0.056480,-116.114800,3.428414,0.056480,3.484100
2015-03-25,116.062500,-116.062500,0.045052,-116.062500,3.434766,0.045052,3.503700
2015-03-26,115.690600,-115.690600,0.320945,-115.690600,3.480011,0.320945,3.544000
2015-03-27,115.567000,-115.567000,0.106894,-115.567000,3.495081,0.106894,3.567800
2015-03-30,115.366700,-115.366700,0.173470,-115.366700,3.519536,0.173470,3.584900
2015-03-31,115.048900,-115.048900,0.275850,-115.048900,3.558424,0.275850,3.648300
2015-04-01,115.328400,-115.328400,-0.242646,-115.328400,3.524217,-0.242646,3.599700
2015-04-02,115.652900,-115.652900,-0.280975,-115.652900,3.484606,-0.280975,3.543800
2015-04-03,115.504600,-115.504600,0.128311,-115.504600,3.502695,0.128311,3.572000
2015-04-07,115.361400,-115.361400,0.124055,-115.361400,3.520184,0.124055,3.598700
2015-04-08,114.803500,-114.803500,0.484784,-114.803500,3.588527,0.484784,3.693800
2015-04-09,114.765100,-114.765100,0.033454,-114.765100,3.593243,0.033454,3.704000
2015-04-10,114.830900,-114.830900,-0.057318,-114.830900,3.585163,-0.057318,3.694700
2015-04-13,114.915800,-114.915800,-0.073907,-114.915800,3.574744,-0.073907,3.668500
2015-04-14,115.146800,-115.146800,-0.200815,-115.146800,3.546433,-0.200815,3.621100
2015-04-15,115.324500,-115.324500,-0.154206,-115.324500,3.524694,-0.154206,3.595400
2015-04-16,115.470400,-115.470400,-0.126433,-115.470400,3.506870,-0.126433,3.560000
2015-04-17,115.472100,-115.472100,-0.001472,-115.472100,3.506662,-0.001472,3.562700
2015-04-20,116.216100,-116.216100,-0.642245,-116.216100,3.416121,-0.642245,3.455400
2015-04-21,116.460200,-116.460200,-0.209819,-116.460200,3.386541,-0.209819,3.405500
2015-04-22,116.410400,-116.410400,0.042771,-116.410400,3.392571,0.042771,3.405200
2015-04-23,116.313000,-116.313000,0.083705,-116.313000,3.404371,0.083705,3.415100
2015-04-24,116.047000,-116.047000,0.228955,-116.047000,3.436649,0.228955,3.445400
2015-04-27,116.186700,-116.186700,-0.120310,-116.186700,3.419688,-0.120310,3.395200
2015-04-28,116.312600,-116.312600,-0.108301,-116.312600,3.404420,-0.108301,3.380400
2015-04-29,116.291700,-116.291700,0.017970,-116.291700,3.406953,0.017970,3.400000
2015-04-30,116.501800,-116.501800,-0.180503,-116.501800,3.381506,-0.180503,3.350300
2015-05-04,116.409900,-116.409900,0.078914,-116.409900,3.392631,0.078914,3.380400
2015-05-05,116.315400,-116.315400,0.081212,-116.315400,3.404080,0.081212,3.400600
2015-05-06,116.038900,-116.038900,0.237999,-116.038900,3.437633,0.237999,3.456000
2015-05-07,116.064800,-116.064800,-0.022318,-116.064800,3.434486,-0.022318,3.440100
2015-05-08,116.408500,-116.408500,-0.295690,-116.408500,3.392801,-0.295690,3.370300
2015-05-11,116.410700,-116.410700,-0.001890,-116.410700,3.392535,-0.001890,3.375200
2015-05-12,116.466500,-116.466500,-0.047922,-116.466500,3.385779,-0.047922,3.400200
2015-05-13,116.647600,-116.647600,-0.155375,-116.647600,3.363874,-0.155375,3.400200
2015-05-14,116.892500,-116.892500,-0.209729,-116.892500,3.334308,-0.209729,3.380300
2015-05-15,116.936800,-116.936800,-0.037891,-116.936800,3.328966,-0.037891,3.390700
2015-05-18,116.876200,-116.876200,0.051836,-116.876200,3.336274,0.051836,3.410900
2015-05-19,116.759800,-116.759800,0.099642,-116.759800,3.350321,0.099642,3.431100
2015-05-20,116.741800,-116.741800,0.015417,-116.741800,3.352494,0.015417,3.428200
2015-05-21,116.770400,-116.770400,-0.024496,-116.770400,3.349041,-0.024496,3.425700
2015-05-22,116.865400,-116.865400,-0.081323,-116.865400,3.337576,-0.081323,3.416000
2015-05-25,116.953500,-116.953500,-0.075357,-116.953500,3.326953,-0.075357,3.431000
2015-05-26,116.702800,-116.702800,0.214589,-116.702800,3.357205,0.214589,3.521400
2015-05-27,116.728400,-116.728400,-0.021934,-116.728400,3.354113,-0.021934,3.505500
2015-05-28,116.424100,-116.424100,0.261031,-116.424100,3.390912,0.261031,3.565200
2015-05-29,116.385800,-116.385800,0.032902,-116.385800,3.395550,0.032902,3.595400
2015-06-01,116.137200,-116.137200,0.213828,-116.137200,3.425695,0.213828,3.640400
2015-06-02,116.307900,-116.307900,-0.146873,-116.307900,3.404989,-0.146873,3.588000
2015-06-03,116.372500,-116.372500,-0.055527,-116.372500,3.397161,-0.055527,3.611100
2015-06-04,116.489200,-116.489200,-0.100231,-116.489200,3.383031,-0.100231,3.591200
2015-06-05,116.559500,-116.559500,-0.060331,-116.559500,3.374526,-0.060331,3.581400
2015-06-08,116.608800,-116.608800,-0.042287,-116.608800,3.368564,-0.042287,3.561300
2015-06-09,116.683400,-116.683400,-0.063954,-116.683400,3.359548,-0.063954,3.556500
2015-06-10,116.544600,-116.544600,0.119025,-116.544600,3.376328,0.119025,3.591200
2015-06-11,116.367100,-116.367100,0.152418,-116.367100,3.397816,0.152418,3.619700
2015-06-12,116.373900,-116.373900,-0.005843,-116.373900,3.396992,-0.005843,3.622600
2015-06-15,116.130500,-116.130500,0.209372,-116.130500,3.426508,0.209372,3.668100
2015-06-16,116.361300,-116.361300,-0.198545,-116.361300,3.398518,-0.198545,3.609900
2015-06-17,116.398400,-116.398400,-0.031878,-116.398400,3.394024,-0.031878,3.605200
2015-06-18,116.623800,-116.623800,-0.193458,-116.623800,3.366751,-0.193458,3.573000
2015-06-19,116.641100,-116.641100,-0.014833,-116.641100,3.364660,-0.014833,3.582500
2015-06-23,116.531600,-116.531600,0.093922,-116.531600,3.377901,0.093922,3.605400
2015-06-24,116.486100,-116.486100,0.039053,-116.486100,3.383406,0.039053,3.607900
2015-06-25,116.497800,-116.497800,-0.010044,-116.497800,3.381990,-0.010044,3.602800
2015-06-26,116.482200,-116.482200,0.013392,-116.482200,3.383878,0.013392,3.608000
2015-06-29,116.489200,-116.489200,-0.006009,-116.489200,3.383031,-0.006009,3.603000
2015-06-30,116.509200,-116.509200,-0.017167,-116.509200,3.380611,-0.017167,3.597600
2015-07-01,116.455400,-116.455400,0.046187,-116.455400,3.387122,0.046187,3.612700
2015-07-02,116.420600,-116.420600,0.029887,-116.420600,3.391336,0.029887,3.622300
2015-07-03,116.569000,-116.569000,-0.127388,-116.569000,3.373377,-0.127388,3.571900
2015-07-06,117.068500,-117.068500,-0.427586,-117.068500,3.313097,-0.427586,3.491700
2015-07-07,117.305800,-117.305800,-0.202497,-117.305800,3.284550,-0.202497,3.436100
2015-07-08,117.213100,-117.213100,0.079055,-117.213100,3.295695,0.079055,3.430700
2015-07-09,117.259400,-117.259400,-0.039493,-117.259400,3.290127,-0.039493,3.435800
2015-07-10,116.954700,-116.954700,0.260189,-116.954700,3.326808,0.260189,3.488500
2015-07-13,116.953100,-116.953100,0.001368,-116.953100,3.327001,0.001368,3.501400
2015-07-14,116.834500,-116.834500,0.101460,-116.834500,3.341304,0.101460,3.534100
2015-07-15,116.814300,-116.814300,0.017291,-116.814300,3.343742,0.017291,3.549500
2015-07-16,116.894700,-116.894700,-0.068804,-116.894700,3.334042,-0.068804,3.520800
2015-07-17,116.997000,-116.997000,-0.087476,-116.997000,3.321710,-0.087476,3.512300
2015-07-20,116.991600,-116.991600,0.004616,-116.991600,3.322361,0.004616,3.500900
2015-07-21,116.908100,-116.908100,0.071398,-116.908100,3.332426,0.071398,3.521400
2015-07-22,116.913400,-116.913400,-0.004533,-116.913400,3.331787,-0.004533,3.514500
2015-07-23,117.036100,-117.036100,-0.104894,-117.036100,3.317000,-0.104894,3.475100
2015-07-24,117.199400,-117.199400,-0.139432,-117.199400,3.297343,-0.139432,3.460200
2015-07-27,117.207900,-117.207900,-0.007252,-117.207900,3.296320,-0.007252,3.460200
2015-07-28,117.279800,-117.279800,-0.061325,-117.279800,3.287675,-0.061325,3.440100
2015-07-29,117.355400,-117.355400,-0.064440,-117.355400,3.278590,-0.064440,3.430200
2015-07-30,117.306400,-117.306400,0.041762,-117.306400,3.284478,0.041762,3.440200
2015-07-31,117.060200,-117.060200,0.210098,-117.060200,3.314097,0.210098,3.475200
2015-08-03,117.005000,-117.005000,0.047166,-117.005000,3.320746,0.047166,3.470000
2015-08-04,117.004200,-117.004200,0.000684,-117.004200,3.320843,0.000684,3.470000
2015-08-05,116.957200,-116.957200,0.040178,-116.957200,3.326507,0.040178,3.470100
2015-08-06,117.033700,-117.033700,-0.065387,-117.033700,3.317289,-0.065387,3.460000
2015-08-07,117.115900,-117.115900,-0.070212,-117.115900,3.307390,-0.070212,3.455300
2015-08-10,117.043800,-117.043800,0.061582,-117.043800,3.316072,0.061582,3.475500
2015-08-11,116.785200,-116.785200,0.221187,-116.785200,3.347254,0.221187,3.525600
2015-08-12,116.663700,-116.663700,0.104091,-116.663700,3.361929,0.104091,3.540200
2015-08-13,116.768100,-116.768100,-0.089448,-116.768100,3.349319,-0.089448,3.515300
2015-08-14,116.826300,-116.826300,-0.049830,-116.826300,3.342294,-0.049830,3.505200
2015-08-17,116.782200,-116.782200,0.037755,-116.782200,3.347616,0.037755,3.517600
2015-08-18,116.774700,-116.774700,0.006422,-116.774700,3.348522,0.006422,3.512600
2015-08-19,116.735200,-116.735200,0.033832,-116.735200,3.353291,0.033832,3.520100
2015-08-20,116.705400,-116.705400,0.025531,-116.705400,3.356891,0.025531,3.505100
2015-08-21,116.781400,-116.781400,-0.065100,-116.781400,3.347713,-0.065100,3.495100
2015-08-24,116.883300,-116.883300,-0.087219,-116.883300,3.335417,-0.087219,3.470100
2015-08-25,116.983000,-116.983000,-0.085262,-116.983000,3.323397,-0.085262,3.457700
2015-08-26,117.088100,-117.088100,-0.089802,-117.088100,3.310737,-0.089802,3.429000
2015-08-27,117.387800,-117.387800,-0.255634,-117.387800,3.274699,-0.255634,3.390200
2015-08-28,117.490200,-117.490200,-0.087194,-117.490200,3.262406,-0.087194,3.380300
2015-08-31,117.795600,-117.795600,-0.259599,-117.795600,3.225809,-0.259599,3.325200
2015-09-01,117.868700,-117.868700,-0.062037,-117.868700,3.217063,-0.062037,3.300200
2015-09-02,117.854300,-117.854300,0.012218,-117.854300,3.218786,0.012218,3.300200
2015-09-06,117.783000,-117.783000,0.060517,-117.783000,3.227317,0.060517,3.320300
2015-09-07,117.607500,-117.607500,0.149114,-117.607500,3.248339,0.149114,3.335300
2015-09-08,117.591100,-117.591100,0.013946,-117.591100,3.250305,0.013946,3.360300
2015-09-09,117.607000,-117.607000,-0.013521,-117.607000,3.248399,-0.013521,3.347800
2015-09-10,117.602500,-117.602500,0.003826,-117.602500,3.248938,0.003826,3.345300
2015-09-11,117.643500,-117.643500,-0.034857,-117.643500,3.244024,-0.034857,3.340400
2015-09-14,117.671100,-117.671100,-0.023458,-117.671100,3.240717,-0.023458,3.330300
2015-09-15,117.786900,-117.786900,-0.098361,-117.786900,3.226850,-0.098361,3.310400
2015-09-16,117.736700,-117.736700,0.042628,-117.736700,3.232860,0.042628,3.310300
2015-09-17,117.732600,-117.732600,0.003482,-117.732600,3.233351,0.003482,3.320400
2015-09-18,117.789600,-117.789600,-0.048403,-117.789600,3.226527,-0.048403,3.310500
2015-09-21,117.680700,-117.680700,0.092496,-117.680700,3.239567,0.092496,3.320400
2015-09-22,117.586900,-117.586900,0.079739,-117.586900,3.250808,0.079739,3.325500
2015-09-23,117.526100,-117.526100,0.051720,-117.526100,3.258100,0.051720,3.335400
2015-09-24,117.554100,-117.554100,-0.023822,-117.554100,3.254741,-0.023822,3.318000
2015-09-25,117.560000,-117.560000,-0.005019,-117.560000,3.254034,-0.005019,3.310100
2015-09-28,117.695100,-117.695100,-0.114854,-117.695100,3.237842,-0.114854,3.290600
2015-09-29,117.758500,-117.758500,-0.053853,-117.758500,3.230250,-0.053853,3.245700
2015-09-30,117.851600,-117.851600,-0.079029,-117.851600,3.219109,-0.079029,3.236200
2015-10-08,117.875600,-117.875600,-0.020363,-117.875600,3.216238,-0.020363,3.240900
2015-10-09,118.306400,-118.306400,-0.364804,-118.306400,3.164809,-0.364804,3.148600
2015-10-10,118.354900,-118.354900,-0.040987,-118.354900,3.159031,-0.040987,3.161200
2015-10-12,118.227500,-118.227500,0.107700,-118.227500,3.174214,0.107700,3.148800
2015-10-13,118.350300,-118.350300,-0.103814,-118.350300,3.159579,-0.103814,3.106400
2015-10-14,118.791800,-118.791800,-0.372351,-118.791800,3.107086,-0.372351,3.041400
2015-10-15,118.666100,-118.666100,0.105871,-118.666100,3.122012,0.105871,3.081400
2015-10-16,118.366900,-118.366900,0.252454,-118.366900,3.157602,0.252454,3.121600
2015-10-19,118.494000,-118.494000,-0.107320,-118.494000,3.142472,-0.107320,3.121400
2015-10-20,118.804200,-118.804200,-0.261443,-118.804200,3.105615,-0.261443,3.061500
2015-10-21,118.811300,-118.811300,-0.005976,-118.811300,3.104772,-0.005976,3.061600
2015-10-22,118.838000,-118.838000,-0.022470,-118.838000,3.101604,-0.022470,3.051600
2015-10-23,118.823600,-118.823600,0.012118,-118.823600,3.103313,0.012118,3.040000
2015-10-26,119.030900,-119.030900,-0.174308,-119.030900,3.078739,-0.174308,3.020000
2015-10-27,119.321000,-119.321000,-0.243422,-119.321000,3.044423,-0.243422,2.980000
2015-10-28,119.275400,-119.275400,0.038224,-119.275400,3.049811,0.038224,2.987000
2015-10-29,119.028800,-119.028800,0.206962,-119.028800,3.078988,0.206962,3.050000
2015-10-30,118.928800,-118.928800,0.084049,-118.928800,3.090837,0.084049,3.060000
2015-11-02,118.965700,-118.965700,-0.031022,-118.965700,3.086464,-0.031022,3.052500
2015-11-03,118.775800,-118.775800,0.159753,-118.775800,3.108985,0.159753,3.080000
2015-11-04,118.464600,-118.464600,0.262350,-118.464600,3.145970,0.262350,3.135100
2015-11-05,118.472400,-118.472400,-0.006584,-118.472400,3.145042,-0.006584,3.115000
2015-11-06,118.527500,-118.527500,-0.046498,-118.527500,3.138487,-0.046498,3.125000
2015-11-09,117.896300,-117.896300,0.533958,-117.896300,3.213763,0.533958,3.209900
2015-11-10,117.983900,-117.983900,-0.074275,-117.983900,3.203292,-0.074275,3.200100
2015-11-11,118.274800,-118.274800,-0.246256,-118.274800,3.168575,-0.246256,3.122600
2015-11-12,118.260700,-118.260700,0.011922,-118.260700,3.170256,0.011922,3.135100
2015-11-13,118.333800,-118.333800,-0.061793,-118.333800,3.161545,-0.061793,3.125100
2015-11-16,118.295500,-118.295500,0.032371,-118.295500,3.166108,0.032371,3.135200
2015-11-17,118.315100,-118.315100,-0.016567,-118.315100,3.163773,-0.016567,3.125200
2015-11-18,118.203000,-118.203000,0.094792,-118.203000,3.177136,0.094792,3.140200
2015-11-19,118.151000,-118.151000,0.044002,-118.151000,3.183339,0.044002,3.140200
2015-11-20,118.217400,-118.217400,-0.056183,-118.217400,3.175419,-0.056183,3.125100
2015-11-23,118.219700,-118.219700,-0.001946,-118.219700,3.175144,-0.001946,3.130200
2015-11-24,118.373200,-118.373200,-0.129759,-118.373200,3.156851,-0.129759,3.107700
2015-11-25,118.485100,-118.485100,-0.094487,-118.485100,3.143531,-0.094487,3.085300
2015-11-26,118.555700,-118.555700,-0.059568,-118.555700,3.135133,-0.059568,3.050300
2015-11-27,118.556500,-118.556500,-0.000675,-118.556500,3.135038,-0.000675,3.060300
2015-11-30,118.697500,-118.697500,-0.118860,-118.697500,3.118282,-0.118860,3.040400
2015-12-01,118.687700,-118.687700,0.008257,-118.687700,3.119446,0.008257,3.050400
2015-12-02,118.680400,-118.680400,0.006151,-118.680400,3.120313,0.006151,3.045400
2015-12-03,118.811600,-118.811600,-0.110488,-118.811600,3.104737,-0.110488,3.030400
2015-12-04,118.880700,-118.880700,-0.058142,-118.880700,3.096540,-0.058142,3.025400
2015-12-07,118.851000,-118.851000,0.024986,-118.851000,3.100062,0.024986,3.028000
2015-12-08,118.972200,-118.972200,-0.101924,-118.972200,3.085693,-0.101924,3.000500
2015-12-09,119.018100,-119.018100,-0.038573,-119.018100,3.080255,-0.038573,2.996800
2015-12-10,119.013700,-119.013700,0.003697,-119.013700,3.080777,0.003697,3.001800
2015-12-11,119.098500,-119.098500,-0.071227,-119.098500,3.070735,-0.071227,2.993100
2015-12-14,118.857300,-118.857300,0.202727,-118.857300,3.099315,0.202727,3.030600
2015-12-15,118.923200,-118.923200,-0.055429,-118.923200,3.091501,-0.055429,3.015700
2015-12-16,119.046300,-119.046300,-0.103459,-119.046300,3.076916,-0.103459,3.000700
2015-12-17,119.157200,-119.157200,-0.093114,-119.157200,3.063789,-0.093114,2.985700
2015-12-18,119.423900,-119.423900,-0.223572,-119.423900,3.032270,-0.223572,2.940800
2015-12-21,119.796700,-119.796700,-0.311679,-119.796700,2.988331,-0.311679,2.881100
2015-12-22,119.965800,-119.965800,-0.141056,-119.965800,2.968445,-0.141056,2.861000
2015-12-23,120.017800,-120.017800,-0.043336,-120.017800,2.962336,-0.043336,2.846000
2015-12-24,120.296000,-120.296000,-0.231531,-120.296000,2.929695,-0.231531,2.801000
2015-12-25,120.262800,-120.262800,0.027602,-120.262800,2.933587,0.027602,2.806100
2015-12-28,120.346200,-120.346200,-0.069324,-120.346200,2.923814,-0.069324,2.796100
2015-12-29,120.290400,-120.290400,0.046377,-120.290400,2.930352,0.046377,2.806100
2015-12-30,120.273200,-120.273200,0.014300,-120.273200,2.932368,0.014300,2.826100
2015-12-31,120.287400,-120.287400,-0.011806,-120.287400,2.930703,-0.011806,2.821200
2016-01-04,120.071500,-120.071500,0.179648,-120.071500,2.956030,0.179648,2.871000
2016-01-05,119.866600,-119.866600,0.170794,-119.866600,2.980107,0.170794,2.891100
2016-01-06,119.975000,-119.975000,-0.090393,-119.975000,2.967364,-0.090393,2.886100
2016-01-07,120.164000,-120.164000,-0.157409,-120.164000,2.945173,-0.157409,2.851100
2016-01-08,120.302200,-120.302200,-0.114943,-120.302200,2.928969,-0.114943,2.836200
2016-01-11,120.420000,-120.420000,-0.097872,-120.420000,2.915171,-0.097872,2.818700
2016-01-12,120.671300,-120.671300,-0.208469,-120.671300,2.885782,-0.208469,2.788700
2016-01-13,121.132500,-121.132500,-0.381467,-121.132500,2.832004,-0.381467,2.723700
2016-01-14,120.966000,-120.966000,0.137547,-120.966000,2.851395,0.137547,2.751300
2016-01-15,121.000600,-121.000600,-0.028599,-121.000600,2.847363,-0.028599,2.746400
2016-01-18,120.808700,-120.808700,0.158720,-120.808700,2.869739,0.158720,2.776400
2016-01-19,120.618800,-120.618800,0.157314,-120.618800,2.891917,0.157314,2.796400
2016-01-20,120.477700,-120.477700,0.117049,-120.477700,2.908418,0.117049,2.811400
2016-01-21,120.590000,-120.590000,-0.093169,-120.590000,2.895283,-0.093169,2.791400
2016-01-22,120.705400,-120.705400,-0.095650,-120.705400,2.881799,-0.095650,2.774100
2016-01-25,120.226600,-120.226600,0.397457,-120.226600,2.937831,0.397457,2.859000
2016-01-26,120.191100,-120.191100,0.029532,-120.191100,2.941994,0.029532,2.861600
2016-01-27,119.946500,-119.946500,0.203717,-119.946500,2.970713,0.203717,2.901600
2016-01-28,119.992100,-119.992100,-0.038010,-119.992100,2.965355,-0.038010,2.886600
2016-01-29,120.243400,-120.243400,-0.209211,-120.243400,2.935861,-0.209211,2.841900
2016-02-01,120.316500,-120.316500,-0.060775,-120.316500,2.927293,-0.060775,2.836800
2016-02-02,120.077900,-120.077900,0.198507,-120.077900,2.955278,0.198507,2.881800
2016-02-03,119.999900,-119.999900,0.064979,-119.999900,2.964439,0.064979,2.891800
2016-02-04,120.226900,-120.226900,-0.188988,-120.226900,2.937796,-0.188988,2.855000
2016-02-05,120.231000,-120.231000,-0.003410,-120.231000,2.937315,-0.003410,2.853500
2016-02-06,120.221200,-120.221200,0.008151,-120.221200,2.938464,0.008151,2.853500
2016-02-14,120.482700,-120.482700,-0.217279,-120.482700,2.907833,-0.217279,2.822100
2016-02-15,120.354500,-120.354500,0.106462,-120.354500,2.922841,0.106462,2.837100
2016-02-16,120.317200,-120.317200,0.030997,-120.317200,2.927211,0.030997,2.837600
2016-02-17,120.350500,-120.350500,-0.027673,-120.350500,2.923310,-0.027673,2.835100
2016-02-18,120.374300,-120.374300,-0.019774,-120.374300,2.920522,-0.019774,2.835100
2016-02-19,120.435100,-120.435100,-0.050496,-120.435100,2.913404,-0.050496,2.825100
2016-02-22,120.411900,-120.411900,0.019265,-120.411900,2.916120,0.019265,2.842600
2016-02-23,120.423200,-120.423200,-0.009384,-120.423200,2.914797,-0.009384,2.845100
2016-02-24,120.346500,-120.346500,0.063712,-120.346500,2.923779,0.063712,2.867600
2016-02-25,120.229000,-120.229000,0.097682,-120.229000,2.937549,0.097682,2.865100
2016-02-26,120.297600,-120.297600,-0.057042,-120.297600,2.929508,-0.057042,2.855100
2016-02-29,120.343900,-120.343900,-0.038480,-120.343900,2.924083,-0.038480,2.850200
2016-03-01,120.484700,-120.484700,-0.116930,-120.484700,2.907599,-0.116930,2.852700
2016-03-02,120.511400,-120.511400,-0.022158,-120.511400,2.904475,-0.022158,2.875200
2016-03-03,120.492700,-120.492700,0.015518,-120.492700,2.906663,0.015518,2.900200
2016-03-04,120.538000,-120.538000,-0.037589,-120.538000,2.901364,-0.037589,2.895200
2016-03-07,120.321500,-120.321500,0.179773,-120.321500,2.926707,0.179773,2.930300
2016-03-08,120.301400,-120.301400,0.016707,-120.301400,2.929063,0.016707,2.935200
2016-03-09,120.505100,-120.505100,-0.169182,-120.505100,2.905212,-0.169182,2.892800
2016-03-10,120.671000,-120.671000,-0.137576,-120.671000,2.885817,-0.137576,2.865300
2016-03-11,120.692800,-120.692800,-0.018064,-120.692800,2.883270,-0.018064,2.845300
2016-03-14,120.730900,-120.730900,-0.031563,-120.730900,2.878821,-0.031563,2.850400
2016-03-15,120.812300,-120.812300,-0.067400,-120.812300,2.869319,-0.067400,2.840400
2016-03-16,121.031400,-121.031400,-0.181191,-121.031400,2.843775,-0.181191,2.805400
2016-03-17,121.081500,-121.081500,-0.041386,-121.081500,2.837941,-0.041386,2.815400
2016-03-18,121.113600,-121.113600,-0.026508,-121.113600,2.834204,-0.026508,2.822900
2016-03-21,121.140600,-121.140600,-0.022291,-121.140600,2.831061,-0.022291,2.830500
2016-03-22,121.135400,-121.135400,0.004293,-121.135400,2.831667,0.004293,2.830400
2016-03-23,121.188000,-121.188000,-0.043413,-121.188000,2.825546,-0.043413,2.830700
2016-03-24,121.222800,-121.222800,-0.028712,-121.222800,2.821499,-0.028712,2.830900
2016-03-25,121.338400,-121.338400,-0.095316,-121.338400,2.808061,-0.095316,2.831100
2016-03-28,121.305200,-121.305200,0.027365,-121.305200,2.811919,0.027365,2.866500
2016-03-29,121.333700,-121.333700,-0.023492,-121.333700,2.808607,-0.023492,2.851000
2016-03-30,121.417800,-121.417800,-0.069289,-121.417800,2.798839,-0.069289,2.836200
2016-03-31,121.469000,-121.469000,-0.042160,-121.469000,2.792896,-0.042160,2.841900
2016-04-01,121.447100,-121.447100,0.018031,-121.447100,2.795438,0.018031,2.842200
2016-04-05,121.353700,-121.353700,0.076935,-121.353700,2.806284,0.076935,2.863700
2016-04-06,121.307700,-121.307700,0.037913,-121.307700,2.811629,0.037913,2.868900
2016-04-07,121.153300,-121.153300,0.127361,-121.153300,2.829584,0.127361,2.904900
2016-04-08,121.120000,-121.120000,0.027490,-121.120000,2.833459,0.027490,2.915800
2016-04-11,121.077800,-121.077800,0.034848,-121.077800,2.838372,0.034848,2.909100
2016-04-12,121.078100,-121.078100,-0.000248,-121.078100,2.838337,-0.000248,2.910000
2016-04-13,120.876900,-120.876900,0.166312,-120.876900,2.861783,0.166312,2.927100
2016-04-14,120.795400,-120.795400,0.067447,-120.795400,2.871291,0.067447,2.935200
2016-04-15,120.842500,-120.842500,-0.038984,-120.842500,2.865795,-0.038984,2.915100
2016-04-18,120.906500,-120.906500,-0.052947,-120.906500,2.858331,-0.052947,2.904700
2016-04-19,120.880300,-120.880300,0.021672,-120.880300,2.861386,0.021672,2.906000
2016-04-20,120.647000,-120.647000,0.193187,-120.647000,2.888621,0.193187,2.925800
2016-04-21,120.575800,-120.575800,0.059033,-120.575800,2.896943,0.059033,2.920800
2016-04-22,120.256900,-120.256900,0.264831,-120.256900,2.934278,0.264831,2.930900
2016-04-25,119.832700,-119.832700,0.353368,-119.832700,2.984095,0.353368,2.936200
2016-04-26,119.922600,-119.922600,-0.074993,-119.922600,2.973523,-0.074993,2.921200
2016-04-27,120.020800,-120.020800,-0.081853,-120.020800,2.961983,-0.081853,2.910800
2016-04-28,120.117700,-120.117700,-0.080703,-120.117700,2.950606,-0.080703,2.886300
2016-04-29,120.107800,-120.107800,0.008242,-120.107800,2.951768,0.008242,2.891300
2016-05-03,120.126700,-120.126700,-0.015735,-120.126700,2.949550,-0.015735,2.889000
2016-05-04,120.038700,-120.038700,0.073283,-120.038700,2.959881,0.073283,2.896500
2016-05-05,120.010400,-120.010400,0.023579,-120.010400,2.963205,0.023579,2.901700
2016-05-06,120.005100,-120.005100,0.004416,-120.005100,2.963828,0.004416,2.901600
2016-05-09,120.131000,-120.131000,-0.104857,-120.131000,2.949045,-0.104857,2.881800
2016-05-10,120.118600,-120.118600,0.010323,-120.118600,2.950501,0.010323,2.900000
2016-05-11,120.125800,-120.125800,-0.005994,-120.125800,2.949656,-0.005994,2.907500
2016-05-12,120.188600,-120.188600,-0.052265,-120.188600,2.942287,-0.052265,2.897500
2016-05-13,120.186100,-120.186100,0.002080,-120.186100,2.942581,0.002080,2.905000
2016-05-16,120.058300,-120.058300,0.106392,-120.058300,2.957579,0.106392,2.927500
2016-05-17,120.019900,-120.019900,0.031990,-120.019900,2.962089,0.031990,2.930000
2016-05-18,119.897800,-119.897800,0.101785,-119.897800,2.976438,0.101785,2.955000
2016-05-19,119.839200,-119.839200,0.048887,-119.839200,2.983330,0.048887,2.960000
2016-05-20,119.817700,-119.817700,0.017942,-119.817700,2.985860,0.017942,2.950000
2016-05-23,119.759700,-119.759700,0.048419,-119.759700,2.992686,0.048419,2.955000
2016-05-24,119.829300,-119.829300,-0.058099,-119.829300,2.984495,-0.058099,2.935000
2016-05-25,119.809400,-119.809400,0.016608,-119.809400,2.986836,0.016608,2.940100
2016-05-26,119.783600,-119.783600,0.021537,-119.783600,2.989873,0.021537,2.940100
2016-05-27,119.747400,-119.747400,0.030226,-119.747400,2.994134,0.030226,2.945100
2016-05-30,119.675600,-119.675600,0.059978,-119.675600,3.002589,0.059978,2.977600
2016-05-31,119.642200,-119.642200,0.027913,-119.642200,3.006524,0.027913,2.985100
2016-06-01,119.595000,-119.595000,0.039459,-119.595000,3.012087,0.039459,2.995200
2016-06-02,119.524700,-119.524700,0.058799,-119.524700,3.020376,0.058799,3.012700
2016-06-03,119.491000,-119.491000,0.028199,-119.491000,3.024352,0.028199,3.015200
2016-06-06,119.567100,-119.567100,-0.063667,-119.567100,3.015376,-0.063667,3.004100
2016-06-07,119.559500,-119.559500,0.006356,-119.559500,3.016272,0.006356,3.007100
2016-06-08,119.531200,-119.531200,0.023673,-119.531200,3.019610,0.023673,3.007700
2016-06-12,119.521100,-119.521100,0.008450,-119.521100,3.020801,0.008450,3.005300
2016-06-13,119.557100,-119.557100,-0.030116,-119.557100,3.016555,-0.030116,2.997900
2016-06-14,119.721400,-119.721400,-0.137330,-119.721400,2.997195,-0.137330,2.965400
2016-06-15,119.780000,-119.780000,-0.048935,-119.780000,2.990296,-0.048935,2.960400
2016-06-16,119.883700,-119.883700,-0.086538,-119.883700,2.978096,-0.086538,2.945500
2016-06-17,119.907400,-119.907400,-0.019767,-119.907400,2.975310,-0.019767,2.937900
2016-06-20,119.890300,-119.890300,0.014262,-119.890300,2.977320,0.014262,2.948100
2016-06-21,119.874500,-119.874500,0.013180,-119.874500,2.979178,0.013180,2.940500
2016-06-22,119.959900,-119.959900,-0.071216,-119.959900,2.969139,-0.071216,2.930700
2016-06-23,119.936200,-119.936200,0.019759,-119.936200,2.971924,0.019759,2.930700
2016-06-24,119.885100,-119.885100,0.042615,-119.885100,2.977932,0.042615,2.880800
2016-06-27,120.013900,-120.013900,-0.107379,-120.013900,2.962794,-0.107379,2.831000
2016-06-28,120.016700,-120.016700,-0.002333,-120.016700,2.962465,-0.002333,2.861000
2016-06-29,119.985900,-119.985900,0.025666,-119.985900,2.966083,0.025666,2.858600
2016-06-30,120.033000,-120.033000,-0.039247,-120.033000,2.960551,-0.039247,2.841100
2016-07-01,120.189100,-120.189100,-0.129963,-120.189100,2.942229,-0.129963,2.803800
2016-07-04,120.177600,-120.177600,0.009569,-120.177600,2.943578,0.009569,2.831400
2016-07-05,120.124200,-120.124200,0.044444,-120.124200,2.949843,0.044444,2.851400
2016-07-06,120.168800,-120.168800,-0.037121,-120.168800,2.944610,-0.037121,2.836500
2016-07-07,120.287400,-120.287400,-0.098646,-120.287400,2.930703,-0.098646,2.806600
2016-07-08,120.327400,-120.327400,-0.033248,-120.327400,2.926016,-0.033248,2.801600
2016-07-11,120.380200,-120.380200,-0.043871,-120.380200,2.919831,-0.043871,2.826800
2016-07-12,120.331400,-120.331400,0.040546,-120.331400,2.925547,0.040546,2.836800
2016-07-13,120.237000,-120.237000,0.078481,-120.237000,2.936611,0.078481,2.849400
2016-07-14,120.251200,-120.251200,-0.011809,-120.251200,2.934947,-0.011809,2.839500
2016-07-15,120.267000,-120.267000,-0.013138,-120.267000,2.933094,-0.013138,2.827100
2016-07-18,120.298800,-120.298800,-0.026438,-120.298800,2.929367,-0.026438,2.827100
2016-07-19,120.333900,-120.333900,-0.029173,-120.333900,2.925255,-0.029173,2.819700
2016-07-20,120.582700,-120.582700,-0.206545,-120.582700,2.896137,-0.206545,2.799600
2016-07-21,120.880200,-120.880200,-0.246415,-120.880200,2.861398,-0.246415,2.780600
2016-07-22,120.804800,-120.804800,0.062395,-120.804800,2.870194,0.062395,2.790700
2016-07-25,120.709500,-120.709500,0.078919,-120.709500,2.881320,0.078919,2.806800
2016-07-26,120.756700,-120.756700,-0.039094,-120.756700,2.875808,-0.039094,2.791300
2016-07-27,120.844600,-120.844600,-0.072765,-120.844600,2.865550,-0.072765,2.796700
2016-07-28,120.896200,-120.896200,-0.042690,-120.896200,2.859532,-0.042690,2.786700
2016-07-29,120.985700,-120.985700,-0.074003,-120.985700,2.849099,-0.074003,2.776800
2016-08-01,120.999300,-120.999300,-0.011240,-120.999300,2.847515,-0.011240,2.783000
2016-08-02,121.019600,-121.019600,-0.016776,-121.019600,2.845150,-0.016776,2.779200
2016-08-03,121.048700,-121.048700,-0.024043,-121.048700,2.841760,-0.024043,2.771800
2016-08-04,121.071300,-121.071300,-0.018668,-121.071300,2.839128,-0.018668,2.769400
2016-08-05,121.186300,-121.186300,-0.094940,-121.186300,2.825744,-0.094940,2.753400
2016-08-08,121.275300,-121.275300,-0.073414,-121.275300,2.815395,-0.073414,2.747200
2016-08-09,121.510100,-121.510100,-0.193422,-121.510100,2.788127,-0.193422,2.712500
2016-08-10,121.646800,-121.646800,-0.112438,-121.646800,2.772275,-0.112438,2.695000
2016-08-11,121.707500,-121.707500,-0.049886,-121.707500,2.765243,-0.049886,2.687500
2016-08-12,121.884900,-121.884900,-0.145653,-121.884900,2.744709,-0.145653,2.670100
2016-08-15,122.082400,-122.082400,-0.161907,-122.082400,2.721884,-0.161907,2.640100
2016-08-16,122.047900,-122.047900,0.028264,-122.047900,2.725868,0.028264,2.665100
2016-08-17,121.921300,-121.921300,0.103784,-121.921300,2.740499,0.103784,2.690100
2016-08-18,121.900700,-121.900700,0.016898,-121.900700,2.742882,0.016898,2.680100
2016-08-19,121.744000,-121.744000,0.128630,-121.744000,2.761015,0.128630,2.700100
2016-08-22,121.774100,-121.774100,-0.024721,-121.774100,2.757530,-0.024721,2.680100
2016-08-23,121.538500,-121.538500,0.193660,-121.538500,2.784832,0.193660,2.720100
2016-08-24,121.404100,-121.404100,0.110643,-121.404100,2.800430,0.110643,2.730100
2016-08-25,121.427400,-121.427400,-0.019190,-121.427400,2.797725,-0.019190,2.720100
2016-08-26,121.501200,-121.501200,-0.060759,-121.501200,2.789159,-0.060759,2.692700
2016-08-29,121.437900,-121.437900,0.052112,-121.437900,2.796506,0.052112,2.706400
2016-08-30,121.215500,-121.215500,0.183307,-121.215500,2.822348,0.183307,2.752700
2016-08-31,121.281100,-121.281100,-0.054104,-121.281100,2.814720,-0.054104,2.742500
2016-09-01,121.240300,-121.240300,0.033647,-121.240300,2.819464,0.033647,2.745200
2016-09-02,121.274400,-121.274400,-0.028122,-121.274400,2.815499,-0.028122,2.745200
2016-09-05,121.219200,-121.219200,0.045527,-121.219200,2.821917,0.045527,2.750300
2016-09-06,121.201900,-121.201900,0.014273,-121.201900,2.823929,0.014273,2.762800
2016-09-07,121.151200,-121.151200,0.041840,-121.151200,2.829828,0.041840,2.785300
2016-09-08,121.199000,-121.199000,-0.039447,-121.199000,2.824267,-0.039447,2.775300
2016-09-09,121.269800,-121.269800,-0.058399,-121.269800,2.816034,-0.058399,2.767800
2016-09-12,121.163700,-121.163700,0.087529,-121.163700,2.828373,0.087529,2.791600
2016-09-13,121.239500,-121.239500,-0.062540,-121.239500,2.819557,-0.062540,2.765400
2016-09-14,121.286100,-121.286100,-0.038429,-121.286100,2.814139,-0.038429,2.757900
2016-09-18,121.300300,-121.300300,-0.011707,-121.300300,2.812489,-0.011707,2.765500
2016-09-19,121.321600,-121.321600,-0.017558,-121.321600,2.810013,-0.017558,2.760500
2016-09-20,121.375000,-121.375000,-0.044006,-121.375000,2.803810,-0.044006,2.743100
2016-09-21,121.384000,-121.384000,-0.007415,-121.384000,2.802764,-0.007415,2.751800
2016-09-22,121.443800,-121.443800,-0.049253,-121.443800,2.795821,-0.049253,2.745600
2016-09-23,121.600000,-121.600000,-0.128537,-121.600000,2.777700,-0.128537,2.731800
2016-09-26,121.662100,-121.662100,-0.051056,-121.662100,2.770502,-0.051056,2.715700
2016-09-27,121.651700,-121.651700,0.008549,-121.651700,2.771708,0.008549,2.714400
2016-09-28,121.638500,-121.638500,0.010851,-121.638500,2.773237,0.010851,2.724400
2016-09-29,121.651700,-121.651700,-0.010851,-121.651700,2.771708,-0.010851,2.728200
2016-09-30,121.689500,-121.689500,-0.031067,-121.689500,2.767328,-0.031067,2.725800
2016-10-08,121.737700,-121.737700,-0.039601,-121.737700,2.761745,-0.039601,2.704700
2016-10-09,121.869900,-121.869900,-0.108535,-121.869900,2.746444,-0.108535,2.676000
2016-10-10,121.929400,-121.929400,-0.048811,-121.929400,2.739563,-0.048811,2.673500
2016-10-11,121.922200,-121.922200,0.005905,-121.922200,2.740395,0.005905,2.683500
2016-10-12,121.857600,-121.857600,0.052999,-121.857600,2.747867,0.052999,2.709800
2016-10-13,121.872100,-121.872100,-0.011898,-121.872100,2.746190,-0.011898,2.701000
2016-10-14,121.979400,-121.979400,-0.088004,-121.979400,2.733783,-0.088004,2.695200
2016-10-17,122.061800,-122.061800,-0.067530,-122.061800,2.724263,-0.067530,2.690400
2016-10-18,122.089300,-122.089300,-0.022527,-122.089300,2.721087,-0.022527,2.696500
2016-10-19,122.248200,-122.248200,-0.130066,-122.248200,2.702751,-0.130066,2.666400
2016-10-20,122.410000,-122.410000,-0.132266,-122.410000,2.684104,-0.132266,2.651800
2016-10-21,122.580100,-122.580100,-0.138863,-122.580100,2.664528,-0.138863,2.645100
2016-10-24,122.519400,-122.519400,0.049531,-122.519400,2.671511,0.049531,2.659500
2016-10-25,122.455000,-122.455000,0.052577,-122.455000,2.678923,0.052577,2.685900
2016-10-26,122.218900,-122.218900,0.192992,-122.218900,2.706130,0.192992,2.720000
2016-10-27,122.200400,-122.200400,0.015138,-122.200400,2.708264,0.015138,2.706800
2016-10-28,122.199100,-122.199100,0.001064,-122.199100,2.708414,0.001064,2.702700
2016-10-31,122.086700,-122.086700,0.092023,-122.086700,2.721387,0.092023,2.742500
2016-11-01,122.026800,-122.026800,0.049076,-122.026800,2.728306,0.049076,2.737500
2016-11-02,122.006500,-122.006500,0.016637,-122.006500,2.730651,0.016637,2.737200
2016-11-03,122.044900,-122.044900,-0.031469,-122.044900,2.726215,-0.031469,2.730100
2016-11-04,122.026300,-122.026300,0.015241,-122.026300,2.728364,0.015241,2.733900
2016-11-07,121.821300,-121.821300,0.168138,-121.821300,2.752067,0.168138,2.747500
2016-11-08,121.695400,-121.695400,0.103402,-121.695400,2.766644,0.103402,2.763400
2016-11-09,121.699000,-121.699000,-0.002958,-121.699000,2.766227,-0.002958,2.765100
2016-11-10,121.552400,-121.552400,0.120534,-121.552400,2.783220,0.120534,2.792600
2016-11-11,121.439100,-121.439100,0.093254,-121.439100,2.796366,0.093254,2.815000
2016-11-14,121.041500,-121.041500,0.327944,-121.041500,2.842599,0.327944,2.857700
2016-11-15,120.847000,-120.847000,0.160818,-120.847000,2.865270,0.160818,2.850100
2016-11-16,120.757700,-120.757700,0.073922,-120.757700,2.875692,0.073922,2.865200
2016-11-17,120.485900,-120.485900,0.225332,-120.485900,2.907458,0.225332,2.905500
2016-11-18,120.543900,-120.543900,-0.048127,-120.543900,2.900674,-0.048127,2.890100
2016-11-21,120.511900,-120.511900,0.026550,-120.511900,2.904416,0.026550,2.885100
2016-11-22,120.573900,-120.573900,-0.051434,-120.573900,2.897166,-0.051434,2.868900
2016-11-23,120.720600,-120.720600,-0.121594,-120.720600,2.880024,-0.121594,2.845100
2016-11-24,120.769800,-120.769800,-0.040747,-120.769800,2.874279,-0.040747,2.850200
2016-11-25,120.715100,-120.715100,0.045303,-120.715100,2.880666,0.045303,2.865000
2016-11-28,120.837400,-120.837400,-0.101262,-120.837400,2.866390,-0.101262,2.850200
2016-11-29,120.491100,-120.491100,0.286995,-120.491100,2.906850,0.286995,2.890600
2016-11-30,120.220700,-120.220700,0.224667,-120.220700,2.938523,0.224667,2.950200
2016-12-01,119.766200,-119.766200,0.378771,-119.766200,2.991921,0.378771,2.989300
2016-12-02,119.692400,-119.692400,0.061639,-119.692400,3.000610,0.061639,2.989500
2016-12-05,119.547500,-119.547500,0.121134,-119.547500,3.017687,0.121134,3.030200
2016-12-06,118.898200,-118.898200,0.544612,-118.898200,3.094465,0.544612,3.115100
2016-12-07,119.037900,-119.037900,-0.117426,-119.037900,3.077910,-0.117426,3.087700
2016-12-08,119.129900,-119.129900,-0.077256,-119.129900,3.067019,-0.077256,3.075300
2016-12-09,119.119200,-119.119200,0.008982,-119.119200,3.068285,0.008982,3.085300
2016-12-12,118.728500,-118.728500,0.328530,-118.728500,3.114600,0.328530,3.145800
2016-12-13,118.351600,-118.351600,0.317952,-118.351600,3.159424,0.317952,3.186300
2016-12-14,118.099700,-118.099700,0.213067,-118.099700,3.189462,0.213067,3.218600
2016-12-15,116.958800,-116.958800,0.970745,-116.958800,3.326314,0.970745,3.331500
2016-12-16,116.981200,-116.981200,-0.019150,-116.981200,3.323614,-0.019150,3.280300
2016-12-19,116.548800,-116.548800,0.370317,-116.548800,3.375820,0.370317,3.331600
2016-12-20,116.385400,-116.385400,0.140297,-116.385400,3.395599,0.140297,3.373900
2016-12-21,116.711800,-116.711800,-0.280055,-116.711800,3.356118,-0.280055,3.281500
2016-12-22,117.244000,-117.244000,-0.454959,-117.244000,3.291979,-0.454959,3.190800
2016-12-23,117.547300,-117.547300,-0.258357,-117.547300,3.255557,-0.258357,3.176900
2016-12-26,117.817200,-117.817200,-0.229346,-117.817200,3.223224,-0.229346,3.155100
2016-12-27,117.796900,-117.796900,0.017232,-117.796900,3.225653,0.017232,3.162800
2016-12-28,117.924900,-117.924900,-0.108603,-117.924900,3.210343,-0.108603,3.122300
2016-12-29,118.381700,-118.381700,-0.386617,-118.381700,3.155839,-0.386617,3.047100
2016-12-30,118.712800,-118.712800,-0.279298,-118.712800,3.116465,-0.279298,3.011500
2016-12-31,118.718000,-118.718000,-0.004380,-118.718000,3.115847,-0.004380,3.011500
2017-01-03,118.360100,-118.360100,0.301926,-118.360100,3.158412,0.301926,3.105400
2017-01-04,118.122900,-118.122900,0.200606,-118.122900,3.186692,0.200606,3.182300
2017-01-05,117.919600,-117.919600,0.172257,-117.919600,3.210977,0.172257,3.208600
2017-01-06,117.985900,-117.985900,-0.056209,-117.985900,3.203053,-0.056209,3.195300
2017-01-09,118.089700,-118.089700,-0.087938,-118.089700,3.190655,-0.087938,3.169200
2017-01-10,118.165700,-118.165700,-0.064337,-118.165700,3.181585,-0.064337,3.179200
2017-01-11,117.942200,-117.942200,0.189320,-117.942200,3.208275,0.189320,3.205500
2017-01-12,118.034000,-118.034000,-0.077804,-118.034000,3.197306,-0.077804,3.188800
2017-01-13,118.028800,-118.028800,0.004406,-118.028800,3.197928,0.004406,3.202200
2017-01-16,117.953800,-117.953800,0.063564,-117.953800,3.206889,0.063564,3.249600
2017-01-17,117.750900,-117.750900,0.172165,-117.750900,3.231160,0.172165,3.269200
2017-01-18,117.750500,-117.750500,0.000340,-117.750500,3.231208,0.000340,3.268200
2017-01-19,117.719300,-117.719300,0.026500,-117.719300,3.234944,0.026500,3.258400
2017-01-20,117.800400,-117.800400,-0.068869,-117.800400,3.225235,-0.068869,3.244000
2017-01-22,117.792300,-117.792300,0.006876,-117.792300,3.226204,0.006876,3.255000
2017-01-23,117.820900,-117.820900,-0.024277,-117.820900,3.222782,-0.024277,3.242900
2017-01-24,117.616100,-117.616100,0.173974,-117.616100,3.247308,0.173974,3.283700
2017-01-25,117.317500,-117.317500,0.254200,-117.317500,3.283144,0.254200,3.346300
2017-01-26,117.272300,-117.272300,0.038535,-117.272300,3.288577,0.038535,3.346500
2017-02-03,116.910800,-116.910800,0.308733,-116.910800,3.332101,0.308733,3.421400
2017-02-04,116.910100,-116.910100,0.000599,-116.910100,3.332185,0.000599,3.409900
2017-02-06,116.532800,-116.532800,0.323248,-116.532800,3.377756,0.323248,3.490500
2017-02-07,116.442600,-116.442600,0.077433,-116.442600,3.388672,0.077433,3.486600
2017-02-08,116.458100,-116.458100,-0.013310,-116.458100,3.386795,-0.013310,3.459100
2017-02-09,116.647000,-116.647000,-0.162073,-116.647000,3.363947,-0.162073,3.414800
2017-02-10,116.577800,-116.577800,0.059342,-116.577800,3.372313,0.059342,3.436800
2017-02-13,116.575300,-116.575300,0.002145,-116.575300,3.372615,0.002145,3.419200
2017-02-14,116.588900,-116.588900,-0.011666,-116.588900,3.370971,-0.011666,3.410700
2017-02-15,116.553600,-116.553600,0.030282,-116.553600,3.375240,0.030282,3.405800
2017-02-16,116.674100,-116.674100,-0.103333,-116.674100,3.360672,-0.103333,3.355900
2017-02-17,116.869500,-116.869500,-0.167335,-116.869500,3.337082,-0.167335,3.331100
2017-02-20,117.098300,-117.098300,-0.195583,-117.098300,3.309509,-0.195583,3.281200
2017-02-21,116.971800,-116.971800,0.108087,-116.971800,3.324747,0.108087,3.301300
2017-02-22,117.099200,-117.099200,-0.108856,-117.099200,3.309401,-0.108856,3.283900
2017-02-23,117.209400,-117.209400,-0.094064,-117.209400,3.296140,-0.094064,3.271400
2017-02-24,117.125500,-117.125500,0.071607,-117.125500,3.306235,0.071607,3.291600
2017-02-27,117.161300,-117.161300,-0.030561,-117.161300,3.301927,-0.030561,3.287100
2017-02-28,117.116200,-117.116200,0.038501,-117.116200,3.307354,0.038501,3.292100
2017-03-01,117.037100,-117.037100,0.067563,-117.037100,3.316879,0.067563,3.325200
2017-03-02,117.026300,-117.026300,0.009228,-117.026300,3.318180,0.009228,3.348300
2017-03-03,117.020500,-117.020500,0.004956,-117.020500,3.318879,0.004956,3.357300
2017-03-06,116.915700,-116.915700,0.089597,-116.915700,3.331510,0.089597,3.361500
2017-03-07,116.878200,-116.878200,0.032080,-116.878200,3.336032,0.032080,3.364300
2017-03-08,116.724200,-116.724200,0.131848,-116.724200,3.354620,0.131848,3.408800
2017-03-09,116.684000,-116.684000,0.034446,-116.684000,3.359476,0.034446,3.415100
2017-03-10,116.660900,-116.660900,0.019799,-116.660900,3.362267,0.019799,3.415600
2017-03-13,116.744300,-116.744300,-0.071464,-116.744300,3.352192,-0.071464,3.385100
2017-03-14,116.789000,-116.789000,-0.038281,-116.789000,3.346796,-0.038281,3.365300
2017-03-15,116.772000,-116.772000,0.014557,-116.772000,3.348848,0.014557,3.352400
2017-03-16,116.957500,-116.957500,-0.158731,-116.957500,3.326471,-0.158731,3.309700
2017-03-17,116.900400,-116.900400,0.048833,-116.900400,3.333355,0.048833,3.312400
2017-03-20,116.802100,-116.802100,0.084124,-116.802100,3.345214,0.084124,3.314100
2017-03-21,116.668700,-116.668700,0.114276,-116.668700,3.361325,0.114276,3.314100
2017-03-22,116.685600,-116.685600,-0.014484,-116.685600,3.359283,-0.014484,3.306800
2017-03-23,116.638500,-116.638500,0.040373,-116.638500,3.364974,0.040373,3.303400
2017-03-24,116.868900,-116.868900,-0.197339,-116.868900,3.337154,-0.197339,3.252900
2017-03-27,116.980300,-116.980300,-0.095275,-116.980300,3.323723,-0.095275,3.245100
2017-03-28,116.985200,-116.985200,-0.004189,-116.985200,3.323132,-0.004189,3.262600
2017-03-29,116.956600,-116.956600,0.024451,-116.956600,3.326579,0.024451,3.269500
2017-03-30,116.950700,-116.950700,0.005045,-116.950700,3.327290,0.005045,3.289000
2017-03-31,116.957400,-116.957400,-0.005729,-116.957400,3.326483,-0.005729,3.282800
2017-04-01,117.004800,-117.004800,-0.040519,-117.004800,3.320770,-0.040519,3.273000
2017-04-05,116.939000,-116.939000,0.056253,-116.939000,3.328701,0.056253,3.310200
2017-04-06,116.908900,-116.908900,0.025743,-116.908900,3.332330,0.025743,3.310900
2017-04-07,116.920300,-116.920300,-0.009751,-116.920300,3.330955,-0.009751,3.296600
2017-04-10,116.875400,-116.875400,0.038410,-116.875400,3.336370,0.038410,3.316600
2017-04-11,116.882500,-116.882500,-0.006075,-116.882500,3.335514,-0.006075,3.320900
2017-04-12,116.800100,-116.800100,0.070523,-116.800100,3.345456,0.070523,3.328300
2017-04-13,116.855400,-116.855400,-0.047335,-116.855400,3.338783,-0.047335,3.322000
2017-04-14,116.654700,-116.654700,0.171898,-116.654700,3.363016,0.171898,3.359900
2017-04-17,116.321600,-116.321600,0.285952,-116.321600,3.403329,0.285952,3.416000
2017-04-18,116.186500,-116.186500,0.116211,-116.186500,3.419712,0.116211,3.406400
2017-04-19,116.164800,-116.164800,0.018679,-116.164800,3.422345,0.018679,3.406500
2017-04-20,116.048800,-116.048800,0.099908,-116.048800,3.436430,0.099908,3.424000
2017-04-21,115.803600,-115.803600,0.211514,-115.803600,3.466248,0.211514,3.461400
2017-04-24,115.565300,-115.565300,0.205991,-115.565300,3.495288,0.205991,3.499100
2017-04-25,115.677000,-115.677000,-0.096609,-115.677000,3.481669,-0.096609,3.456800
2017-04-26,115.629900,-115.629900,0.040725,-115.629900,3.487410,0.040725,3.451900
2017-04-27,115.664500,-115.664500,-0.029919,-115.664500,3.483192,-0.029919,3.449400
2017-04-28,115.648400,-115.648400,0.013921,-115.648400,3.485155,0.013921,3.466800
2017-05-02,115.483700,-115.483700,0.142516,-115.483700,3.505246,0.142516,3.487000
2017-05-03,115.265900,-115.265900,0.188776,-115.265900,3.531859,0.188776,3.521900
2017-05-04,115.096600,-115.096600,0.146986,-115.096600,3.552581,0.146986,3.551700
2017-05-05,115.057400,-115.057400,0.034064,-115.057400,3.557383,0.034064,3.559200
2017-05-08,114.813500,-114.813500,0.212206,-114.813500,3.587299,0.212206,3.604200
2017-05-09,114.617100,-114.617100,0.171206,-114.617100,3.611435,0.171206,3.632500
2017-05-10,114.287500,-114.287500,0.287980,-114.287500,3.652034,0.287980,3.690000
2017-05-11,114.468500,-114.468500,-0.158247,-114.468500,3.629725,-0.158247,3.640000
2017-05-12,114.319800,-114.319800,0.129989,-114.319800,3.648050,0.129989,3.652500
2017-05-15,114.383800,-114.383800,-0.055968,-114.383800,3.640160,-0.055968,3.610000
2017-05-16,114.339300,-114.339300,0.038912,-114.339300,3.645645,0.038912,3.622500
2017-05-17,114.090100,-114.090100,0.218186,-114.090100,3.676405,0.218186,3.627500
2017-05-18,114.122000,-114.122000,-0.027956,-114.122000,3.672463,-0.027956,3.607500
2017-05-19,114.060400,-114.060400,0.053992,-114.060400,3.680075,0.053992,3.625000
2017-05-22,113.869300,-113.869300,0.167683,-113.869300,3.703714,0.167683,3.660100
2017-05-23,113.909400,-113.909400,-0.035210,-113.909400,3.698751,-0.035210,3.672500
2017-05-24,114.026300,-114.026300,-0.102573,-114.026300,3.684290,-0.102573,3.660100
2017-05-25,114.167600,-114.167600,-0.123842,-114.167600,3.666831,-0.123842,3.647600
2017-05-26,114.125600,-114.125600,0.036795,-114.125600,3.672019,0.036795,3.650100
2017-05-27,114.176000,-114.176000,-0.044152,-114.176000,3.665794,-0.044152,3.649900
2017-05-31,114.412200,-114.412200,-0.206660,-114.412200,3.636660,-0.206660,3.610200
2017-06-01,114.398700,-114.398700,0.011800,-114.398700,3.638324,0.011800,3.615200
2017-06-02,114.377500,-114.377500,0.018533,-114.377500,3.640936,0.018533,3.627700
2017-06-05,114.450500,-114.450500,-0.063803,-114.450500,3.631942,-0.063803,3.615200
2017-06-06,114.367500,-114.367500,0.072547,-114.367500,3.642169,0.072547,3.632800
2017-06-07,114.311900,-114.311900,0.048627,-114.311900,3.649024,0.048627,3.642700
2017-06-08,114.257700,-114.257700,0.047425,-114.257700,3.655710,0.047425,3.647800
2017-06-09,114.355200,-114.355200,-0.085297,-114.355200,3.643685,-0.085297,3.630300
2017-06-12,114.716000,-114.716000,-0.315011,-114.716000,3.599276,-0.315011,3.584100
2017-06-13,114.789900,-114.789900,-0.064399,-114.789900,3.590197,-0.064399,3.575400
2017-06-14,114.921600,-114.921600,-0.114666,-114.921600,3.574032,-0.114666,3.535400
2017-06-15,114.941900,-114.941900,-0.017663,-114.941900,3.571542,-0.017663,3.555400
2017-06-16,114.681900,-114.681900,0.226457,-114.681900,3.603467,0.226457,3.568000
2017-06-19,115.029300,-115.029300,-0.302467,-115.029300,3.560826,-0.302467,3.500600
2017-06-20,115.095200,-115.095200,-0.057273,-115.095200,3.552752,-0.057273,3.488100
2017-06-21,114.870300,-114.870300,0.195595,-114.870300,3.580326,0.195595,3.540600
2017-06-22,114.695300,-114.695300,0.152462,-114.695300,3.601820,0.152462,3.560700
2017-06-23,114.740600,-114.740600,-0.039488,-114.740600,3.596253,-0.039488,3.545700
2017-06-26,114.892600,-114.892600,-0.132385,-114.892600,3.577590,-0.132385,3.513400
2017-06-27,115.021600,-115.021600,-0.112216,-115.021600,3.561770,-0.112216,3.508400
2017-06-28,114.977900,-114.977900,0.038000,-114.977900,3.567127,0.038000,3.533300
2017-06-29,114.944200,-114.944200,0.029314,-114.944200,3.571260,0.029314,3.548300
2017-06-30,114.808300,-114.808300,0.118301,-114.808300,3.587938,0.118301,3.568300
2017-07-03,114.660100,-114.660100,0.129168,-114.660100,3.606147,0.129168,3.603300
2017-07-04,114.630200,-114.630200,0.026080,-114.630200,3.609824,0.026080,3.600900
2017-07-05,114.767600,-114.767600,-0.119792,-114.767600,3.592936,-0.119792,3.576000
2017-07-06,114.870400,-114.870400,-0.089532,-114.870400,3.580314,-0.089532,3.566000
2017-07-07,114.839300,-114.839300,0.027078,-114.839300,3.584132,0.027078,3.589700
2017-07-10,114.804700,-114.804700,0.030134,-114.804700,3.588380,0.030134,3.591100
2017-07-11,114.816900,-114.816900,-0.010626,-114.816900,3.586882,-0.010626,3.583600
2017-07-12,114.821300,-114.821300,-0.003832,-114.821300,3.586341,-0.003832,3.574900
2017-07-13,114.863900,-114.863900,-0.037094,-114.863900,3.581112,-0.037094,3.564300
2017-07-14,114.898500,-114.898500,-0.030118,-114.898500,3.576866,-0.030118,3.563700
2017-07-17,114.895300,-114.895300,0.002785,-114.895300,3.577259,0.002785,3.562600
2017-07-18,114.773000,-114.773000,0.106501,-114.773000,3.592273,0.106501,3.585100
2017-07-19,114.808100,-114.808100,-0.030577,-114.808100,3.587962,-0.030577,3.590100
2017-07-20,114.823800,-114.823800,-0.013674,-114.823800,3.586034,-0.013674,3.574000
2017-07-21,114.696400,-114.696400,0.111014,-114.696400,3.601685,0.111014,3.582900
2017-07-24,114.563700,-114.563700,0.115764,-114.563700,3.618005,0.115764,3.576900
2017-07-25,114.483300,-114.483300,0.070204,-114.483300,3.627902,0.070204,3.592000
2017-07-26,114.304900,-114.304900,0.155952,-114.304900,3.649888,0.155952,3.617000
2017-07-27,114.356900,-114.356900,-0.045482,-114.356900,3.643476,-0.045482,3.602100
2017-07-28,114.344700,-114.344700,0.010669,-114.344700,3.644980,0.010669,3.603400
2017-07-31,114.253700,-114.253700,0.079616,-114.253700,3.656204,0.079616,3.626000
2017-08-01,114.181000,-114.181000,0.063651,-114.181000,3.665177,0.063651,3.637300
2017-08-02,114.219300,-114.219300,-0.033538,-114.219300,3.660449,-0.033538,3.631100
2017-08-03,114.240600,-114.240600,-0.018647,-114.240600,3.657820,-0.018647,3.626200
2017-08-04,114.278000,-114.278000,-0.032733,-114.278000,3.653206,-0.032733,3.626200
2017-08-07,114.087800,-114.087800,0.166575,-114.087800,3.676689,0.166575,3.662600
2017-08-08,114.078700,-114.078700,0.007977,-114.078700,3.677813,0.007977,3.653800
2017-08-09,114.058400,-114.058400,0.017796,-114.058400,3.680322,0.017796,3.660000
2017-08-10,114.109800,-114.109800,-0.045054,-114.109800,3.673970,-0.045054,3.637500
2017-08-11,114.250600,-114.250600,-0.123314,-114.250600,3.656586,-0.123314,3.616300
2017-08-14,114.298500,-114.298500,-0.041917,-114.298500,3.650677,-0.041917,3.592500
2017-08-15,114.327600,-114.327600,-0.025456,-114.327600,3.647088,-0.025456,3.580100
2017-08-16,114.255100,-114.255100,0.063434,-114.255100,3.656031,0.063434,3.598800
2017-08-17,114.162100,-114.162100,0.081430,-114.162100,3.667511,0.081430,3.592600
2017-08-18,114.010000,-114.010000,0.133320,-114.010000,3.686306,0.133320,3.595100
2017-08-21,113.883100,-113.883100,0.111368,-113.883100,3.702006,0.111368,3.618100
2017-08-22,113.861300,-113.861300,0.019144,-113.861300,3.704705,0.019144,3.620100
2017-08-23,113.880700,-113.880700,-0.017037,-113.880700,3.702303,-0.017037,3.615200
2017-08-24,113.786500,-113.786500,0.082752,-113.786500,3.713969,0.082752,3.625200
2017-08-25,113.720400,-113.720400,0.058108,-113.720400,3.722161,0.058108,3.632700
2017-08-28,113.584100,-113.584100,0.119927,-113.584100,3.739068,0.119927,3.650200
2017-08-29,113.656800,-113.656800,-0.063985,-113.656800,3.730048,-0.063985,3.630300
2017-08-30,113.665500,-113.665500,-0.007654,-113.665500,3.728969,-0.007654,3.630300
2017-08-31,113.704700,-113.704700,-0.034481,-113.704700,3.724107,-0.034481,3.626500
2017-09-01,113.697800,-113.697800,0.006069,-113.697800,3.724963,0.006069,3.635300
2017-09-04,113.636000,-113.636000,0.054369,-113.636000,3.732628,0.054369,3.645400
2017-09-05,113.550900,-113.550900,0.074916,-113.550900,3.743189,0.074916,3.664100
2017-09-06,113.577900,-113.577900,-0.023775,-113.577900,3.739838,-0.023775,3.655400
2017-09-07,113.738600,-113.738600,-0.141389,-113.738600,3.719905,-0.141389,3.615500
2017-09-08,113.825200,-113.825200,-0.076111,-113.825200,3.709175,-0.076111,3.600500
2017-09-11,113.775500,-113.775500,0.043673,-113.775500,3.715332,0.043673,3.615600
2017-09-12,113.767300,-113.767300,0.007207,-113.767300,3.716348,0.007207,3.618100
2017-09-13,113.682000,-113.682000,0.075006,-113.682000,3.726922,0.075006,3.635600
2017-09-14,113.793800,-113.793800,-0.098296,-113.793800,3.713065,-0.098296,3.598200
2017-09-15,113.708000,-113.708000,0.075428,-113.708000,3.723698,0.075428,3.598200
2017-09-18,113.617600,-113.617600,0.079534,-113.617600,3.734911,0.079534,3.622000
2017-09-19,113.631800,-113.631800,-0.012497,-113.631800,3.733149,-0.012497,3.615800
2017-09-20,113.592900,-113.592900,0.034239,-113.592900,3.737976,0.034239,3.620900
2017-09-21,113.528400,-113.528400,0.056798,-113.528400,3.745983,0.056798,3.633400
2017-09-22,113.670400,-113.670400,-0.125001,-113.670400,3.728361,-0.125001,3.620900
2017-09-25,113.827000,-113.827000,-0.137672,-113.827000,3.708952,-0.137672,3.598500
2017-09-26,113.807900,-113.807900,0.016781,-113.807900,3.711318,0.016781,3.617200
2017-09-27,113.762400,-113.762400,0.039988,-113.762400,3.716955,0.039988,3.623500
2017-09-28,113.805700,-113.805700,-0.038055,-113.805700,3.711591,-0.038055,3.613600
2017-09-29,113.828100,-113.828100,-0.019681,-113.828100,3.708816,-0.019681,3.613600
2017-09-30,113.814100,-113.814100,0.012300,-113.814100,3.710550,0.012300,3.613600
2017-10-09,113.686400,-113.686400,0.112264,-113.686400,3.726377,0.112264,3.647700
2017-10-10,113.659100,-113.659100,0.024016,-113.659100,3.729762,0.024016,3.647000
2017-10-11,113.659800,-113.659800,-0.000616,-113.659800,3.729676,-0.000616,3.654000
2017-10-12,113.528200,-113.528200,0.115851,-113.528200,3.746008,0.115851,3.676500
2017-10-13,113.562700,-113.562700,-0.030384,-113.562700,3.741724,-0.030384,3.674000
2017-10-16,113.350700,-113.350700,0.186855,-113.350700,3.768067,0.186855,3.705400
2017-10-17,113.173100,-113.173100,0.156805,-113.173100,3.790172,0.156805,3.740900
2017-10-18,113.190800,-113.190800,-0.015639,-113.190800,3.787968,-0.015639,3.736600
2017-10-19,113.292300,-113.292300,-0.089631,-113.292300,3.775332,-0.089631,3.716700
2017-10-20,113.311300,-113.311300,-0.016769,-113.311300,3.772968,-0.016769,3.721700
2017-10-23,113.303400,-113.303400,0.006972,-113.303400,3.773951,0.006972,3.723100
2017-10-24,113.295500,-113.295500,0.006973,-113.295500,3.774934,0.006973,3.722000
2017-10-25,113.091400,-113.091400,0.180311,-113.091400,3.800353,0.180311,3.776800
2017-10-26,113.082200,-113.082200,0.008135,-113.082200,3.801500,0.008135,3.776900
2017-10-27,112.921500,-112.921500,0.142210,-112.921500,3.821548,0.142210,3.826600
2017-10-30,112.447300,-112.447300,0.420822,-112.447300,3.880874,0.420822,3.911500
2017-10-31,112.494100,-112.494100,-0.041611,-112.494100,3.875008,-0.041611,3.891700
2017-11-01,112.708000,-112.708000,-0.189963,-112.708000,3.848228,-0.189963,3.863000
2017-11-02,112.656500,-112.656500,0.045704,-112.656500,3.854671,0.045704,3.871800
2017-11-03,112.620500,-112.620500,0.031961,-112.620500,3.859177,0.031961,3.881600
2017-11-06,112.641500,-112.641500,-0.018645,-112.641500,3.856548,-0.018645,3.869400
2017-11-07,112.546900,-112.546900,0.084019,-112.546900,3.868393,0.084019,3.881300
2017-11-08,112.543700,-112.543700,0.002843,-112.543700,3.868794,0.002843,3.872500
2017-11-09,112.552900,-112.552900,-0.008174,-112.552900,3.867641,-0.008174,3.886300
2017-11-10,112.479200,-112.479200,0.065502,-112.479200,3.876876,0.065502,3.900000
2017-11-13,112.276600,-112.276600,0.180285,-112.276600,3.902292,0.180285,3.950000
2017-11-14,112.225500,-112.225500,0.045523,-112.225500,3.908709,0.045523,3.952500
2017-11-15,112.292400,-112.292400,-0.059594,-112.292400,3.900308,-0.059594,3.950000
2017-11-16,112.432600,-112.432600,-0.124775,-112.432600,3.882718,-0.124775,3.922500
2017-11-17,112.496900,-112.496900,-0.057173,-112.496900,3.874657,-0.057173,3.920000
2017-11-20,112.493900,-112.493900,0.002667,-112.493900,3.875033,0.002667,3.940000
2017-11-21,112.441400,-112.441400,0.046680,-112.441400,3.881614,0.046680,3.950000
2017-11-22,112.261000,-112.261000,0.160568,-112.261000,3.904250,0.160568,3.985000
2017-11-23,112.275700,-112.275700,-0.013094,-112.275700,3.902405,-0.013094,3.985100
2017-11-24,112.417800,-112.417800,-0.126483,-112.417800,3.884573,-0.126483,3.946300
2017-11-27,112.418600,-112.418600,-0.000712,-112.418600,3.884473,-0.000712,3.950100
2017-11-28,112.373000,-112.373000,0.040571,-112.373000,3.890193,0.040571,3.960100
2017-11-29,112.495800,-112.495800,-0.109219,-112.495800,3.874795,-0.109219,3.910100
2017-11-30,112.587900,-112.587900,-0.081836,-112.587900,3.863258,-0.081836,3.890100
2017-12-01,112.634000,-112.634000,-0.040937,-112.634000,3.857487,-0.040937,3.885200
2017-12-04,112.664300,-112.664300,-0.026898,-112.664300,3.853695,-0.026898,3.890200
2017-12-05,112.690600,-112.690600,-0.023341,-112.690600,3.850405,-0.023341,3.875200
2017-12-06,112.719400,-112.719400,-0.025553,-112.719400,3.846802,-0.025553,3.875200
2017-12-07,112.664200,-112.664200,0.048983,-112.664200,3.853708,0.048983,3.892700
2017-12-08,112.586500,-112.586500,0.068990,-112.586500,3.863434,0.068990,3.910200
2017-12-11,112.413500,-112.413500,0.153778,-112.413500,3.885113,0.153778,3.930300
2017-12-12,112.349500,-112.349500,0.056949,-112.349500,3.893141,0.056949,3.937800
2017-12-13,112.336400,-112.336400,0.011661,-112.336400,3.894785,0.011661,3.930300
2017-12-14,112.380500,-112.380500,-0.039249,-112.380500,3.889252,-0.039249,3.910400
2017-12-15,112.479800,-112.479800,-0.088322,-112.479800,3.876800,-0.088322,3.890400
2017-12-18,112.528500,-112.528500,-0.043287,-112.528500,3.870698,-0.043287,3.890400
2017-12-19,112.509800,-112.509800,0.016619,-112.509800,3.873041,0.016619,3.900500
2017-12-20,112.486100,-112.486100,0.021067,-112.486100,3.876011,0.021067,3.900500
2017-12-21,112.480000,-112.480000,0.005423,-112.480000,3.876775,0.005423,3.900500
2017-12-22,112.527000,-112.527000,-0.041776,-112.527000,3.870886,-0.041776,3.878000
2017-12-25,112.521700,-112.521700,0.004710,-112.521700,3.871550,0.004710,3.873100
2017-12-26,112.457100,-112.457100,0.057428,-112.457100,3.879646,0.057428,3.888100
2017-12-27,112.412800,-112.412800,0.039401,-112.412800,3.885200,0.039401,3.895600
2017-12-28,112.440900,-112.440900,-0.024994,-112.440900,3.881677,-0.024994,3.885700
2017-12-29,112.489000,-112.489000,-0.042769,-112.489000,3.875647,-0.042769,3.880700
2017-12-30,112.494400,-112.494400,-0.004800,-112.494400,3.874971,-0.004800,3.880700
2017-12-31,112.495700,-112.495700,-0.001156,-112.495700,3.874808,-0.001156,3.880700
2018-01-02,112.493600,-112.493600,0.001867,-112.493600,3.875071,0.001867,3.900800
2018-01-03,112.473800,-112.473800,0.017603,-112.473800,3.877552,0.017603,3.916200
2018-01-04,112.419900,-112.419900,0.047934,-112.419900,3.884310,0.047934,3.931900
2018-01-05,112.525000,-112.525000,-0.093445,-112.525000,3.871136,-0.093445,3.921200
2018-01-08,112.624300,-112.624300,-0.088208,-112.624300,3.858701,-0.088208,3.911000
2018-01-09,112.677200,-112.677200,-0.046959,-112.677200,3.852081,-0.046959,3.890900
2018-01-10,112.598500,-112.598500,0.069870,-112.598500,3.861931,0.069870,3.920100
2018-01-11,112.526100,-112.526100,0.064320,-112.526100,3.870999,0.064320,3.954600
2018-01-12,112.579000,-112.579000,-0.047000,-112.579000,3.864373,-0.047000,3.933700
2018-01-15,112.467300,-112.467300,0.099268,-112.467300,3.878367,0.099268,3.965000
2018-01-16,112.489200,-112.489200,-0.019470,-112.489200,3.875622,-0.019470,3.959600
2018-01-17,112.459500,-112.459500,0.026406,-112.459500,3.879345,0.026406,3.959700
2018-01-18,112.401900,-112.401900,0.051232,-112.401900,3.886567,0.051232,3.979700
2018-01-19,112.423000,-112.423000,-0.018770,-112.423000,3.883921,-0.018770,3.975400
2018-01-22,112.466500,-112.466500,-0.038686,-112.466500,3.878468,-0.038686,3.952200
2018-01-23,112.511800,-112.511800,-0.040271,-112.511800,3.872790,-0.040271,3.941400
2018-01-24,112.516200,-112.516200,-0.003911,-112.516200,3.872239,-0.003911,3.950700
2018-01-25,112.516800,-112.516800,-0.000533,-112.516800,3.872164,-0.000533,3.943500
2018-01-26,112.548800,-112.548800,-0.028436,-112.548800,3.868155,-0.028436,3.936500
2018-01-29,112.556300,-112.556300,-0.006664,-112.556300,3.867216,-0.006664,3.936800
2018-01-30,112.547600,-112.547600,0.007730,-112.547600,3.868305,0.007730,3.929200
2018-01-31,112.610200,-112.610200,-0.055605,-112.610200,3.860466,-0.055605,3.914000
2018-02-01,112.645700,-112.645700,-0.031520,-112.645700,3.856023,-0.031520,3.906600
2018-02-02,112.653400,-112.653400,-0.006835,-112.653400,3.855059,-0.006835,3.909200
2018-02-05,112.617200,-112.617200,0.032139,-112.617200,3.859590,0.032139,3.916700
2018-02-06,112.765800,-112.765800,-0.131864,-112.765800,3.841000,-0.131864,3.882500
2018-02-07,112.854100,-112.854100,-0.078273,-112.854100,3.829965,-0.078273,3.870000
2018-02-08,112.809800,-112.809800,0.039262,-112.809800,3.835500,0.039262,3.880100
2018-02-09,112.854800,-112.854800,-0.039882,-112.854800,3.829878,-0.039882,3.880000
2018-02-11,112.866000,-112.866000,-0.009924,-112.866000,3.828479,-0.009924,3.877500
2018-02-12,112.867600,-112.867600,-0.001418,-112.867600,3.828279,-0.001418,3.875000
2018-02-13,112.896000,-112.896000,-0.025159,-112.896000,3.824732,-0.025159,3.870000
2018-02-14,112.910100,-112.910100,-0.012489,-112.910100,3.822972,-0.012489,3.870200
2018-02-22,112.897000,-112.897000,0.011603,-112.897000,3.824607,0.011603,3.875200
2018-02-23,112.942100,-112.942100,-0.039940,-112.942100,3.818977,-0.039940,3.870200
2018-02-24,112.970600,-112.970600,-0.025231,-112.970600,3.815420,-0.025231,3.865200
2018-02-26,113.179300,-113.179300,-0.184568,-113.179300,3.789400,-0.184568,3.845200
2018-02-27,113.296300,-113.296300,-0.103322,-113.296300,3.774834,-0.103322,3.820100
2018-02-28,113.376500,-113.376500,-0.070763,-113.376500,3.764858,-0.070763,3.820200
2018-03-01,113.358900,-113.358900,0.015525,-113.358900,3.767047,0.015525,3.820100
2018-03-02,113.313100,-113.313100,0.040411,-113.313100,3.772744,0.040411,3.835200
2018-03-05,113.238800,-113.238800,0.065592,-113.238800,3.781991,0.065592,3.845300
2018-03-06,113.248200,-113.248200,-0.008301,-113.248200,3.780820,-0.008301,3.825300
2018-03-07,113.302000,-113.302000,-0.047495,-113.302000,3.774125,-0.047495,3.820300
2018-03-08,113.327800,-113.327800,-0.022768,-113.327800,3.770915,-0.022768,3.820300
2018-03-09,113.362900,-113.362900,-0.030967,-113.362900,3.766549,-0.030967,3.827800
2018-03-12,113.389900,-113.389900,-0.023814,-113.389900,3.763192,-0.023814,3.824300
2018-03-13,113.349700,-113.349700,0.035459,-113.349700,3.768191,0.035459,3.836200
2018-03-14,113.341100,-113.341100,0.007587,-113.341100,3.769261,0.007587,3.841300
2018-03-15,113.366000,-113.366000,-0.021967,-113.366000,3.766164,-0.021967,3.825700
2018-03-16,113.446800,-113.446800,-0.071248,-113.446800,3.756120,-0.071248,3.815400
2018-03-19,113.427000,-113.427000,0.017455,-113.427000,3.758580,0.017455,3.810400
2018-03-20,113.515100,-113.515100,-0.077641,-113.515100,3.747635,-0.077641,3.790600
2018-03-21,113.600100,-113.600100,-0.074852,-113.600100,3.737082,-0.074852,3.763000
2018-03-22,113.731800,-113.731800,-0.115866,-113.731800,3.720748,-0.115866,3.748000
2018-03-23,114.025600,-114.025600,-0.257994,-114.025600,3.684377,-0.257994,3.700500
2018-03-26,113.965300,-113.965300,0.052897,-113.965300,3.691834,0.052897,3.730700
2018-03-27,113.880400,-113.880400,0.074524,-113.880400,3.702340,0.074524,3.743200
2018-03-28,113.872700,-113.872700,0.006762,-113.872700,3.703293,0.006762,3.740600
2018-03-29,113.836500,-113.836500,0.031795,-113.836500,3.707776,0.031795,3.745600
2018-03-30,113.835300,-113.835300,0.001054,-113.835300,3.707924,0.001054,3.740700
2018-04-02,113.865200,-113.865200,-0.026263,-113.865200,3.704222,-0.026263,3.735700
2018-04-03,113.880200,-113.880200,-0.013173,-113.880200,3.702365,-0.013173,3.750700
2018-04-04,113.941900,-113.941900,-0.054165,-113.941900,3.694729,-0.054165,3.723400
2018-04-08,114.023800,-114.023800,-0.071853,-114.023800,3.684599,-0.071853,3.700800
2018-04-09,114.246200,-114.246200,-0.194857,-114.246200,3.657129,-0.194857,3.695900
2018-04-10,114.240400,-114.240400,0.005077,-114.240400,3.657845,0.005077,3.715900
2018-04-11,114.291000,-114.291000,-0.044283,-114.291000,3.651602,-0.044283,3.710900
2018-04-12,114.349800,-114.349800,-0.051434,-114.349800,3.644351,-0.051434,3.710900
2018-04-13,114.443400,-114.443400,-0.081821,-114.443400,3.632816,-0.081821,3.706200
2018-04-16,114.616200,-114.616200,-0.150878,-114.616200,3.611546,-0.150878,3.656100
2018-04-17,114.703800,-114.703800,-0.076400,-114.703800,3.600775,-0.076400,3.651200
2018-04-18,115.752700,-115.752700,-0.910287,-115.752700,3.472446,-0.910287,3.501300
2018-04-19,115.610500,-115.610500,0.122924,-115.610500,3.489776,0.122924,3.506400
2018-04-20,115.640000,-115.640000,-0.025513,-115.640000,3.486179,-0.025513,3.521500
2018-04-23,115.318800,-115.318800,0.278145,-115.318800,3.525391,0.278145,3.601900
2018-04-24,115.402600,-115.402600,-0.072642,-115.402600,3.515150,-0.072642,3.585500
2018-04-25,115.285800,-115.285800,0.101262,-115.285800,3.529426,0.101262,3.611800
2018-04-26,115.212700,-115.212700,0.063428,-115.212700,3.538367,0.063428,3.634400
2018-04-27,115.126800,-115.126800,0.074586,-115.126800,3.548882,0.074586,3.636400
2018-04-28,115.167100,-115.167100,-0.034999,-115.167100,3.543948,-0.034999,3.621700
2018-05-02,115.002300,-115.002300,0.143199,-115.002300,3.564136,0.143199,3.666500
2018-05-03,115.033900,-115.033900,-0.027474,-115.033900,3.560263,-0.027474,3.646700
2018-05-04,115.107800,-115.107800,-0.064221,-115.107800,3.551209,-0.064221,3.631900
2018-05-07,115.042200,-115.042200,0.057006,-115.042200,3.559246,0.057006,3.651800
2018-05-08,114.873300,-114.873300,0.146924,-114.873300,3.579958,0.146924,3.692200
2018-05-09,114.785800,-114.785800,0.076200,-114.785800,3.590701,0.076200,3.707400
2018-05-10,114.830800,-114.830800,-0.039196,-114.830800,3.585175,-0.039196,3.692400
2018-05-11,114.889200,-114.889200,-0.050845,-114.889200,3.578007,-0.050845,3.688200
2018-05-14,114.838400,-114.838400,0.044226,-114.838400,3.584242,0.044226,3.693700
2018-05-15,114.731200,-114.731200,0.093392,-114.731200,3.597408,0.093392,3.715100
2018-05-16,114.723700,-114.723700,0.006537,-114.723700,3.598330,0.006537,3.707600
2018-05-17,114.650500,-114.650500,0.063826,-114.650500,3.607328,0.063826,3.712000
2018-05-18,114.722200,-114.722200,-0.062518,-114.722200,3.598514,-0.062518,3.709900
2018-05-21,114.783600,-114.783600,-0.053506,-114.783600,3.590971,-0.053506,3.693900
2018-05-22,114.908700,-114.908700,-0.108928,-114.908700,3.575615,-0.108928,3.670000
2018-05-23,115.008400,-115.008400,-0.086727,-115.008400,3.563388,-0.086727,3.640000
2018-05-24,115.010200,-115.010200,-0.001565,-115.010200,3.563167,-0.001565,3.650100
2018-05-25,115.187700,-115.187700,-0.154215,-115.187700,3.541427,-0.154215,3.612600
2018-05-28,115.191500,-115.191500,-0.003299,-115.191500,3.540962,-0.003299,3.610100
2018-05-29,115.172700,-115.172700,0.016322,-115.172700,3.543263,0.016322,3.600100
2018-05-30,115.200400,-115.200400,-0.024048,-115.200400,3.539872,-0.024048,3.597600
2018-05-31,115.107900,-115.107900,0.080327,-115.107900,3.551197,0.080327,3.612900
2018-06-01,115.016500,-115.016500,0.079435,-115.016500,3.562395,0.079435,3.620200
2018-06-04,114.820600,-114.820600,0.170469,-114.820600,3.586427,0.170469,3.653200
2018-06-05,114.757600,-114.757600,0.054883,-114.757600,3.594165,0.054883,3.660200
2018-06-06,114.680900,-114.680900,0.066859,-114.680900,3.603590,0.066859,3.660200
2018-06-07,114.655600,-114.655600,0.022064,-114.655600,3.606701,0.022064,3.670200
2018-06-08,114.736100,-114.736100,-0.070186,-114.736100,3.596806,-0.070186,3.645300
2018-06-11,114.713500,-114.713500,0.019699,-114.713500,3.599583,0.019699,3.650200
2018-06-12,114.566800,-114.566800,0.127966,-114.566800,3.617623,0.127966,3.685300
2018-06-13,114.653400,-114.653400,-0.075561,-114.653400,3.606971,-0.075561,3.662700
2018-06-14,114.762700,-114.762700,-0.095285,-114.762700,3.593538,-0.095285,3.622700
2018-06-15,114.885700,-114.885700,-0.107120,-114.885700,3.578437,-0.107120,3.602800
2018-06-19,115.097500,-115.097500,-0.184187,-115.097500,3.552470,-0.184187,3.560300
2018-06-20,114.968900,-114.968900,0.111794,-114.968900,3.568231,0.111794,3.605400
2018-06-21,115.039600,-115.039600,-0.061476,-115.039600,3.559564,-0.061476,3.575300
2018-06-22,115.083500,-115.083500,-0.038153,-115.083500,3.554185,-0.038153,3.560400
2018-06-25,115.044400,-115.044400,0.033981,-115.044400,3.558976,0.033981,3.580300
2018-06-26,115.075800,-115.075800,-0.027290,-115.075800,3.555129,-0.027290,3.580400
2018-06-27,115.127800,-115.127800,-0.045177,-115.127800,3.548760,-0.045177,3.552900
2018-06-28,115.350300,-115.350300,-0.193077,-115.350300,3.521540,-0.193077,3.530400
2018-06-29,115.780000,-115.780000,-0.371825,-115.780000,3.469122,-0.371825,3.475600
2018-07-02,115.835100,-115.835100,-0.047579,-115.835100,3.462414,-0.047579,3.466800
2018-07-03,115.839000,-115.839000,-0.003367,-115.839000,3.461940,-0.003367,3.495500
2018-07-04,115.801100,-115.801100,0.032723,-115.801100,3.466553,0.032723,3.510700
2018-07-05,115.877600,-115.877600,-0.066040,-115.877600,3.457243,-0.066040,3.500500
2018-07-06,115.754900,-115.754900,0.105944,-115.754900,3.472178,0.105944,3.525900
2018-07-09,115.670300,-115.670300,0.073112,-115.670300,3.482485,0.073112,3.543200
2018-07-10,115.638800,-115.638800,0.027236,-115.638800,3.486325,0.027236,3.543100
2018-07-11,115.711000,-115.711000,-0.062416,-115.711000,3.477526,-0.062416,3.510700
2018-07-12,115.720300,-115.720300,-0.008037,-115.720300,3.476393,-0.008037,3.515800
2018-07-13,115.898300,-115.898300,-0.153701,-115.898300,3.454725,-0.153701,3.485800
2018-07-16,115.958300,-115.958300,-0.051756,-115.958300,3.447428,-0.051756,3.480800
2018-07-17,115.946100,-115.946100,0.010522,-115.946100,3.448911,0.010522,3.480800
2018-07-18,116.019000,-116.019000,-0.062854,-116.019000,3.440050,-0.062854,3.470800
2018-07-19,116.159800,-116.159800,-0.121286,-116.159800,3.422952,-0.121286,3.440900
2018-07-20,115.969300,-115.969300,0.164133,-115.969300,3.446091,0.164133,3.513500
2018-07-23,115.893700,-115.893700,0.065211,-115.893700,3.455284,0.065211,3.518600
2018-07-24,115.703400,-115.703400,0.164337,-115.703400,3.478452,0.164337,3.561500
2018-07-25,115.682900,-115.682900,0.017719,-115.682900,3.480950,0.017719,3.561400
2018-07-26,115.732700,-115.732700,-0.043039,-115.732700,3.474882,-0.043039,3.536100
2018-07-27,115.880500,-115.880500,-0.127627,-115.880500,3.456890,-0.127627,3.521200
2018-07-30,115.941400,-115.941400,-0.052540,-115.941400,3.449483,-0.052540,3.521300
2018-07-31,116.143300,-116.143300,-0.173988,-116.143300,3.424955,-0.173988,3.481200
2018-08-01,116.250300,-116.250300,-0.092085,-116.250300,3.411973,-0.092085,3.463800
2018-08-02,116.265600,-116.265600,-0.013160,-116.265600,3.410117,-0.013160,3.471300
2018-08-03,116.366900,-116.366900,-0.087090,-116.366900,3.397840,-0.087090,3.456700
2018-08-06,116.399800,-116.399800,-0.028269,-116.399800,3.393855,-0.028269,3.456800
2018-08-07,116.375600,-116.375600,0.020793,-116.375600,3.396786,0.020793,3.487600
2018-08-08,116.166200,-116.166200,0.180097,-116.166200,3.422175,0.180097,3.522200
2018-08-09,115.841500,-115.841500,0.279905,-115.841500,3.461635,0.279905,3.547600
2018-08-10,115.786100,-115.786100,0.047835,-115.786100,3.468379,0.047835,3.552500
2018-08-13,115.509900,-115.509900,0.238828,-115.509900,3.502048,0.238828,3.582600
2018-08-14,115.589400,-115.589400,-0.068802,-115.589400,3.492349,-0.068802,3.551900
2018-08-15,115.535000,-115.535000,0.047074,-115.535000,3.498985,0.047074,3.582900
2018-08-16,115.393700,-115.393700,0.122375,-115.393700,3.516237,0.122375,3.614100
2018-08-17,114.841500,-114.841500,0.479684,-114.841500,3.583861,0.479684,3.652400
2018-08-20,114.856700,-114.856700,-0.013235,-114.856700,3.581996,-0.013235,3.632600
2018-08-21,114.719500,-114.719500,0.119525,-114.719500,3.598846,0.119525,3.630000
2018-08-22,114.845800,-114.845800,-0.110034,-114.845800,3.583334,-0.110034,3.607500
2018-08-23,114.968300,-114.968300,-0.106608,-114.968300,3.568304,-0.106608,3.610100
2018-08-24,114.949900,-114.949900,0.016006,-114.949900,3.570561,0.016006,3.627800
2018-08-27,114.921300,-114.921300,0.024884,-114.921300,3.574069,0.024884,3.630300
2018-08-28,114.949600,-114.949600,-0.024623,-114.949600,3.570598,-0.024623,3.610100
2018-08-29,114.920500,-114.920500,0.025319,-114.920500,3.574167,0.025319,3.610100
2018-08-30,115.054800,-115.054800,-0.116795,-115.054800,3.557702,-0.116795,3.580100
2018-08-31,115.113300,-115.113300,-0.050832,-115.113300,3.550535,-0.050832,3.575100
2018-09-03,114.985700,-114.985700,0.110909,-114.985700,3.566171,0.110909,3.595100
2018-09-04,114.878600,-114.878600,0.093185,-114.878600,3.579308,0.093185,3.610100
2018-09-05,114.874500,-114.874500,0.003569,-114.874500,3.579811,0.003569,3.610100
2018-09-06,114.845900,-114.845900,0.024900,-114.845900,3.583321,0.024900,3.610100
2018-09-07,114.782200,-114.782200,0.055481,-114.782200,3.591143,0.055481,3.630100
2018-09-10,114.533000,-114.533000,0.217343,-114.533000,3.621783,0.217343,3.655100
2018-09-11,114.419400,-114.419400,0.099235,-114.419400,3.635773,0.099235,3.675100
2018-09-12,114.463900,-114.463900,-0.038884,-114.463900,3.630291,-0.038884,3.655100
2018-09-13,114.516700,-114.516700,-0.046117,-114.516700,3.623790,-0.046117,3.652600
2018-09-14,114.614100,-114.614100,-0.085017,-114.614100,3.611804,-0.085017,3.635100
2018-09-17,114.669500,-114.669500,-0.048324,-114.669500,3.604992,-0.048324,3.632700
2018-09-18,114.661500,-114.661500,0.006977,-114.661500,3.605975,0.006977,3.645200
2018-09-19,114.545800,-114.545800,0.100957,-114.545800,3.620208,0.100957,3.672700
2018-09-20,114.474400,-114.474400,0.062353,-114.474400,3.628998,0.062353,3.700300
2018-09-21,114.566900,-114.566900,-0.080771,-114.566900,3.617611,-0.080771,3.675200
2018-09-25,114.615100,-114.615100,-0.042063,-114.615100,3.611681,-0.042063,3.675400
2018-09-26,114.719500,-114.719500,-0.091046,-114.719500,3.598846,-0.091046,3.650300
2018-09-27,114.850100,-114.850100,-0.113778,-114.850100,3.582806,-0.113778,3.625300
2018-09-28,114.904100,-114.904100,-0.047007,-114.904100,3.576179,-0.047007,3.615300
2018-09-29,114.940000,-114.940000,-0.031239,-114.940000,3.571775,-0.031239,3.610400
2018-09-30,114.952900,-114.952900,-0.011223,-114.952900,3.570193,-0.011223,3.610300
2018-10-08,114.936500,-114.936500,0.014268,-114.936500,3.572204,0.014268,3.615500
2018-10-09,114.941800,-114.941800,-0.004611,-114.941800,3.571554,-0.004611,3.615600
2018-10-10,114.982000,-114.982000,-0.034968,-114.982000,3.566625,-0.034968,3.615600
2018-10-11,115.197000,-115.197000,-0.186811,-115.197000,3.540289,-0.186811,3.580600
2018-10-12,115.213600,-115.213600,-0.014409,-115.213600,3.538257,-0.014409,3.583100
2018-10-15,115.178600,-115.178600,0.030383,-115.178600,3.542540,0.030383,3.585700
2018-10-16,115.212000,-115.212000,-0.028994,-115.212000,3.538453,-0.028994,3.575700
2018-10-17,115.218400,-115.218400,-0.005555,-115.218400,3.537670,-0.005555,3.580700
2018-10-18,115.365000,-115.365000,-0.127156,-115.365000,3.519744,-0.127156,3.550800
2018-10-19,115.434600,-115.434600,-0.060312,-115.434600,3.511241,-0.060312,3.565800
2018-10-22,115.341800,-115.341800,0.080424,-115.341800,3.522579,0.080424,3.591000
2018-10-23,115.375600,-115.375600,-0.029300,-115.375600,3.518449,-0.029300,3.570900
2018-10-24,115.518600,-115.518600,-0.123866,-115.518600,3.500986,-0.123866,3.540900
2018-10-25,115.608300,-115.608300,-0.077620,-115.608300,3.490044,-0.077620,3.540900
2018-10-26,115.636600,-115.636600,-0.024476,-115.636600,3.486593,-0.024476,3.541000
2018-10-29,115.770600,-115.770600,-0.115813,-115.770600,3.470266,-0.115813,3.511100
2018-10-30,115.851500,-115.851500,-0.069855,-115.851500,3.460418,-0.069855,3.516100
2018-10-31,115.868000,-115.868000,-0.014241,-115.868000,3.458411,-0.014241,3.508600
2018-11-01,115.917300,-115.917300,-0.042539,-115.917300,3.452414,-0.042539,3.493600
2018-11-02,115.714900,-115.714900,0.174760,-115.714900,3.477051,0.174760,3.546100
2018-11-05,115.744400,-115.744400,-0.025490,-115.744400,3.473457,-0.025490,3.531200
2018-11-06,115.834700,-115.834700,-0.077986,-115.834700,3.462463,-0.077986,3.511300
2018-11-07,116.036300,-116.036300,-0.173890,-116.036300,3.437948,-0.173890,3.481300
2018-11-08,116.074200,-116.074200,-0.032657,-116.074200,3.433345,-0.032657,3.481300
2018-11-09,116.101200,-116.101200,-0.023258,-116.101200,3.430066,-0.023258,3.476300
2018-11-12,116.129400,-116.129400,-0.024286,-116.129400,3.426642,-0.024286,3.486500
2018-11-13,116.218500,-116.218500,-0.076695,-116.218500,3.415830,-0.076695,3.474000
2018-11-14,116.597800,-116.597800,-0.325837,-116.597800,3.369894,-0.325837,3.421800
2018-11-15,116.814500,-116.814500,-0.185680,-116.814500,3.343718,-0.185680,3.391500
2018-11-16,117.161800,-117.161800,-0.296868,-117.161800,3.301866,-0.296868,3.351500
2018-11-19,117.145800,-117.145800,0.013657,-117.145800,3.303792,0.013657,3.377200
2018-11-20,116.978000,-116.978000,0.143343,-116.978000,3.324000,0.143343,3.377100
2018-11-21,117.057200,-117.057200,-0.067682,-117.057200,3.314458,-0.067682,3.371600
2018-11-22,116.982100,-116.982100,0.064177,-116.982100,3.323506,0.064177,3.391700
2018-11-23,116.884100,-116.884100,0.083809,-116.884100,3.335321,0.083809,3.391700
2018-11-26,116.812700,-116.812700,0.061105,-116.812700,3.343935,0.061105,3.415100
2018-11-27,116.844100,-116.844100,-0.026877,-116.844100,3.340146,-0.026877,3.400000
2018-11-28,116.941200,-116.941200,-0.083068,-116.941200,3.328435,-0.083068,3.370000
2018-11-29,117.090300,-117.090300,-0.127419,-117.090300,3.310472,-0.127419,3.360000
2018-11-30,117.123400,-117.123400,-0.028265,-117.123400,3.306488,-0.028265,3.355000
2018-12-03,117.129000,-117.129000,-0.004781,-117.129000,3.305814,-0.004781,3.350000
2018-12-04,117.429900,-117.429900,-0.256567,-117.429900,3.269644,-0.256567,3.305000
2018-12-05,117.569800,-117.569800,-0.119064,-117.569800,3.252859,-0.119064,3.275000
2018-12-06,117.734300,-117.734300,-0.139819,-117.734300,3.233147,-0.139819,3.275100
2018-12-07,117.840300,-117.840300,-0.089993,-117.840300,3.220460,-0.089993,3.285300
2018-12-10,117.958900,-117.958900,-0.100594,-117.958900,3.206279,-0.100594,3.267800
2018-12-11,118.043900,-118.043900,-0.072033,-118.043900,3.196124,-0.072033,3.265200
2018-12-12,118.046000,-118.046000,-0.001779,-118.046000,3.195873,-0.001779,3.270300
2018-12-13,117.652600,-117.652600,0.333816,-117.652600,3.242934,0.333816,3.331100
2018-12-14,117.594100,-117.594100,0.049735,-117.594100,3.249945,0.049735,3.346800
2018-12-17,117.441000,-117.441000,0.130278,-117.441000,3.268311,0.130278,3.371300
2018-12-18,117.463800,-117.463800,-0.019412,-117.463800,3.265575,-0.019412,3.371400
2018-12-19,117.527000,-117.527000,-0.053789,-117.527000,3.257992,-0.053789,3.341200
2018-12-20,117.728700,-117.728700,-0.171473,-117.728700,3.233818,-0.171473,3.300300
2018-12-21,117.757000,-117.757000,-0.024035,-117.757000,3.230429,-0.024035,3.316800
2018-12-24,117.685600,-117.685600,0.060652,-117.685600,3.238980,0.060652,3.348300
2018-12-25,117.718300,-117.718300,-0.027782,-117.718300,3.235063,-0.027782,3.311300
2018-12-26,117.806800,-117.806800,-0.075151,-117.806800,3.224469,-0.075151,3.301100
2018-12-27,117.986300,-117.986300,-0.152252,-117.986300,3.203005,-0.152252,3.270900
2018-12-28,118.284800,-118.284800,-0.252676,-118.284800,3.167383,-0.252676,3.231500
2018-12-29,118.331300,-118.331300,-0.039304,-118.331300,3.161842,-0.039304,3.226500
2018-12-30,118.323100,-118.323100,0.006930,-118.323100,3.162819,0.006930,3.226500
2018-12-31,118.322800,-118.322800,0.000254,-118.322800,3.162855,0.000254,3.226500
2019-01-02,118.664100,-118.664100,-0.288033,-118.664100,3.122249,-0.288033,3.173400
2019-01-03,118.726100,-118.726100,-0.052235,-118.726100,3.114885,-0.052235,3.141000
2019-01-04,118.659000,-118.659000,0.056533,-118.659000,3.122855,0.056533,3.151300
2019-01-07,118.601000,-118.601000,0.048892,-118.601000,3.129748,0.048892,3.150700
2019-01-08,118.846500,-118.846500,-0.206783,-118.846500,3.100596,-0.206783,3.121100
2019-01-09,118.756700,-118.756700,0.075588,-118.756700,3.111252,0.075588,3.110600
2019-01-10,118.693300,-118.693300,0.053401,-118.693300,3.118781,0.053401,3.100600
2019-01-11,118.684400,-118.684400,0.007499,-118.684400,3.119838,0.007499,3.105800
2019-01-14,118.573000,-118.573000,0.093906,-118.573000,3.133076,0.093906,3.129700
2019-01-15,118.516200,-118.516200,0.047914,-118.516200,3.139831,0.047914,3.138300
2019-01-16,118.892500,-118.892500,-0.317006,-118.892500,3.095141,-0.317006,3.074500
2019-01-17,118.937700,-118.937700,-0.038010,-118.937700,3.089782,-0.038010,3.076000
2019-01-18,118.809800,-118.809800,0.107593,-118.809800,3.104950,0.107593,3.091000
2019-01-21,118.752200,-118.752200,0.048493,-118.752200,3.111786,0.048493,3.103700
2019-01-22,118.746000,-118.746000,0.005221,-118.746000,3.112523,0.005221,3.107100
2019-01-23,118.732600,-118.732600,0.011285,-118.732600,3.114114,0.011285,3.119000
2019-01-24,118.637700,-118.637700,0.079959,-118.637700,3.125386,0.079959,3.133800
2019-01-25,118.579100,-118.579100,0.049406,-118.579100,3.132351,0.049406,3.139800
2019-01-28,118.479400,-118.479400,0.084114,-118.479400,3.144209,0.084114,3.139700
2019-01-29,118.637300,-118.637300,-0.133183,-118.637300,3.125433,-0.133183,3.124600
2019-01-30,118.728000,-118.728000,-0.076422,-118.728000,3.114660,-0.076422,3.115100
2019-01-31,118.785700,-118.785700,-0.048587,-118.785700,3.107810,-0.048587,3.103700
2019-02-01,118.794600,-118.794600,-0.007492,-118.794600,3.106754,-0.007492,3.103200
2019-02-02,118.844500,-118.844500,-0.041996,-118.844500,3.100833,-0.041996,3.097800
2019-02-03,118.878500,-118.878500,-0.028605,-118.878500,3.096801,-0.028605,3.096700
2019-02-11,118.916500,-118.916500,-0.031960,-118.916500,3.092295,-0.031960,3.067000
2019-02-12,118.938600,-118.938600,-0.018583,-118.938600,3.089675,-0.018583,3.074800
2019-02-13,118.972000,-118.972000,-0.028078,-118.972000,3.085717,-0.028078,3.071900
2019-02-14,118.929200,-118.929200,0.035981,-118.929200,3.090790,0.035981,3.072600
2019-02-15,118.902500,-118.902500,0.022453,-118.902500,3.093955,0.022453,3.079400
2019-02-18,118.741300,-118.741300,0.135665,-118.741300,3.113081,0.135665,3.109400
2019-02-19,118.732300,-118.732300,0.007580,-118.732300,3.114149,0.007580,3.127900
2019-02-20,118.738100,-118.738100,-0.004885,-118.738100,3.113460,-0.004885,3.119600
2019-02-21,118.703100,-118.703100,0.029481,-118.703100,3.117617,0.029481,3.136100
2019-02-22,118.745000,-118.745000,-0.035292,-118.745000,3.112641,-0.035292,3.145100
2019-02-25,118.413200,-118.413200,0.279813,-118.413200,3.152088,0.279813,3.178700
2019-02-26,118.243800,-118.243800,0.143161,-118.243800,3.172271,0.143161,3.187800
2019-02-27,118.366000,-118.366000,-0.103292,-118.366000,3.157709,-0.103292,3.168900
2019-02-28,118.304800,-118.304800,0.051717,-118.304800,3.165000,0.051717,3.173100
2019-03-01,118.224600,-118.224600,0.067814,-118.224600,3.174560,0.067814,3.187000
2019-03-04,118.155200,-118.155200,0.058719,-118.155200,3.182838,0.058719,3.202300
2019-03-05,118.069700,-118.069700,0.072389,-118.069700,3.193043,0.072389,3.214900
2019-03-06,118.067700,-118.067700,0.001694,-118.067700,3.193282,0.001694,3.202100
2019-03-07,118.242100,-118.242100,-0.147603,-118.242100,3.172473,-0.147603,3.157200
2019-03-08,118.360300,-118.360300,-0.099914,-118.360300,3.158388,-0.099914,3.142300
2019-03-11,118.385400,-118.385400,-0.021204,-118.385400,3.155399,-0.021204,3.137400
2019-03-12,118.353200,-118.353200,0.027203,-118.353200,3.159234,0.027203,3.142400
2019-03-13,118.349700,-118.349700,0.002957,-118.349700,3.159650,0.002957,3.137500
2019-03-14,118.291100,-118.291100,0.049527,-118.291100,3.166633,0.049527,3.147500
2019-03-15,118.324000,-118.324000,-0.027809,-118.324000,3.162712,-0.027809,3.137600
2019-03-18,118.319000,-118.319000,0.004226,-118.319000,3.163308,0.004226,3.137700
2019-03-19,118.332400,-118.332400,-0.011325,-118.332400,3.161711,-0.011325,3.137700
2019-03-20,118.289300,-118.289300,0.036429,-118.289300,3.166847,0.036429,3.145300
2019-03-21,118.361300,-118.361300,-0.060849,-118.361300,3.158269,-0.060849,3.129100
2019-03-22,118.507900,-118.507900,-0.123781,-118.507900,3.140818,-0.123781,3.108000
2019-03-25,118.641400,-118.641400,-0.112587,-118.641400,3.124946,-0.112587,3.083100
2019-03-26,118.709400,-118.709400,-0.057299,-118.709400,3.116868,-0.057299,3.063300
2019-03-27,118.670200,-118.670200,0.033027,-118.670200,3.121524,0.033027,3.088200
2019-03-28,118.730700,-118.730700,-0.050969,-118.730700,3.114339,-0.050969,3.063400
2019-03-29,118.804400,-118.804400,-0.062054,-118.804400,3.105591,-0.062054,3.068300
2019-04-01,118.447400,-118.447400,0.300946,-118.447400,3.148017,0.300946,3.133200
2019-04-02,118.317400,-118.317400,0.109814,-118.317400,3.163498,0.109814,3.168100
2019-04-03,117.879300,-117.879300,0.370962,-117.879300,3.215795,0.370962,3.233100
2019-04-04,117.729600,-117.729600,0.127075,-117.729600,3.233710,0.127075,3.267900
2019-04-08,117.734500,-117.734500,-0.004162,-117.734500,3.233123,-0.004162,3.248200
2019-04-09,117.458500,-117.458500,0.234701,-117.458500,3.266211,0.234701,3.288200
2019-04-10,117.416900,-117.416900,0.035423,-117.416900,3.271205,0.035423,3.293200
2019-04-11,117.428400,-117.428400,-0.009794,-117.428400,3.269824,-0.009794,3.278400
2019-04-12,117.250400,-117.250400,0.151697,-117.250400,3.291210,0.151697,3.333400
2019-04-15,116.846700,-116.846700,0.344900,-116.846700,3.339832,0.344900,3.373600
2019-04-16,116.656300,-116.656300,0.163081,-116.656300,3.362823,0.163081,3.393700
2019-04-17,116.630400,-116.630400,0.022204,-116.630400,3.365953,0.022204,3.393800
2019-04-18,116.830100,-116.830100,-0.171078,-116.830100,3.341835,-0.171078,3.358900
2019-04-19,116.726200,-116.726200,0.088972,-116.726200,3.354378,0.088972,3.374100
2019-04-22,116.543800,-116.543800,0.156385,-116.543800,3.376425,0.156385,3.409100
2019-04-23,116.531300,-116.531300,0.010726,-116.531300,3.377937,0.010726,3.399300
2019-04-24,116.340800,-116.340800,0.163609,-116.340800,3.401002,0.163609,3.434300
2019-04-25,116.439700,-116.439700,-0.084973,-116.439700,3.389023,-0.084973,3.419300
2019-04-26,116.536000,-116.536000,-0.082670,-116.536000,3.377369,-0.082670,3.404300
2019-04-28,116.550300,-116.550300,-0.012270,-116.550300,3.375639,-0.012270,3.404300
2019-04-29,116.493700,-116.493700,0.048575,-116.493700,3.382487,0.048575,3.426800
2019-04-30,116.613300,-116.613300,-0.102614,-116.613300,3.368020,-0.102614,3.386900
2019-05-05,116.642600,-116.642600,-0.025123,-116.642600,3.364479,-0.025123,3.384900
2019-05-06,116.845700,-116.845700,-0.173970,-116.845700,3.339953,-0.173970,3.355000
2019-05-07,116.786200,-116.786200,0.050935,-116.786200,3.347134,0.050935,3.355100
2019-05-08,116.868100,-116.868100,-0.070104,-116.868100,3.337251,-0.070104,3.342600
2019-05-09,117.036200,-117.036200,-0.143734,-117.036200,3.316988,-0.143734,3.311600
2019-05-10,117.050200,-117.050200,-0.011961,-117.050200,3.315301,-0.011961,3.301700
2019-05-13,117.195900,-117.195900,-0.124399,-117.195900,3.297764,-0.124399,3.270900
2019-05-14,117.101300,-117.101300,0.080752,-117.101300,3.309148,0.080752,3.285900
2019-05-15,117.102800,-117.102800,-0.001281,-117.102800,3.308967,-0.001281,3.276200
2019-05-16,117.201900,-117.201900,-0.084591,-117.201900,3.297042,-0.084591,3.266200
2019-05-17,117.112700,-117.112700,0.076137,-117.112700,3.307776,0.076137,3.266500
2019-05-20,117.099400,-117.099400,0.011357,-117.099400,3.309377,0.011357,3.271700
2019-05-21,117.004900,-117.004900,0.080733,-117.004900,3.320758,0.080733,3.299000
2019-05-22,116.914200,-116.914200,0.077548,-116.914200,3.331691,0.077548,3.326400
2019-05-23,117.009600,-117.009600,-0.081565,-117.009600,3.320192,-0.081565,3.310000
2019-05-24,117.036700,-117.036700,-0.023158,-117.036700,3.316927,-0.023158,3.312500
2019-05-27,116.802700,-116.802700,0.200137,-116.802700,3.345142,0.200137,3.350000
2019-05-28,116.943500,-116.943500,-0.120473,-116.943500,3.328158,-0.120473,3.310000
2019-05-29,117.126300,-117.126300,-0.156193,-117.126300,3.306139,-0.156193,3.287500
2019-05-30,117.189900,-117.189900,-0.054286,-117.189900,3.298486,-0.054286,3.275000
2019-05-31,117.165100,-117.165100,0.021164,-117.165100,3.301469,0.021164,3.275100
2019-06-03,117.337600,-117.337600,-0.147120,-117.337600,3.280729,-0.147120,3.240100
2019-06-04,117.559200,-117.559200,-0.188679,-117.559200,3.254130,-0.188679,3.210100
2019-06-05,117.628500,-117.628500,-0.058932,-117.628500,3.245822,-0.058932,3.210000
2019-06-06,117.679900,-117.679900,-0.043687,-117.679900,3.239663,-0.043687,3.213600
2019-06-10,117.587500,-117.587500,0.078549,-117.587500,3.250736,0.078549,3.225100
2019-06-11,117.349000,-117.349000,0.203034,-117.349000,3.279359,0.203034,3.265100
2019-06-12,117.356800,-117.356800,-0.006647,-117.356800,3.278422,-0.006647,3.260100
2019-06-13,117.460400,-117.460400,-0.088239,-117.460400,3.265983,-0.088239,3.245100
2019-06-14,117.627600,-117.627600,-0.142245,-117.627600,3.245929,-0.142245,3.230200
2019-06-17,117.678200,-117.678200,-0.043008,-117.678200,3.239866,-0.043008,3.225200
2019-06-18,117.637800,-117.637800,0.034337,-117.637800,3.244707,0.034337,3.230200
2019-06-19,117.556400,-117.556400,0.069219,-117.556400,3.254465,0.069219,3.242700
2019-06-20,117.631400,-117.631400,-0.063779,-117.631400,3.245474,-0.063779,3.235200
2019-06-21,117.605800,-117.605800,0.021765,-117.605800,3.248542,0.021765,3.230300
2019-06-24,117.487100,-117.487100,0.100981,-117.487100,3.262778,0.100981,3.245300
2019-06-25,117.529700,-117.529700,-0.036253,-117.529700,3.257668,-0.036253,3.235300
2019-06-26,117.476600,-117.476600,0.045190,-117.476600,3.264038,0.045190,3.245300
2019-06-27,117.431000,-117.431000,0.038824,-117.431000,3.269512,0.038824,3.255300
2019-06-28,117.545200,-117.545200,-0.097201,-117.545200,3.255809,-0.097201,3.225400
2019-07-01,117.558000,-117.558000,-0.010889,-117.558000,3.254274,-0.010889,3.225400
2019-07-02,117.930700,-117.930700,-0.316533,-117.930700,3.209650,-0.316533,3.170400
2019-07-03,118.050100,-118.050100,-0.101195,-118.050100,3.195384,-0.101195,3.155400
2019-07-04,118.108800,-118.108800,-0.049712,-118.108800,3.188375,-0.049712,3.147900
2019-07-05,118.027700,-118.027700,0.068689,-118.027700,3.198059,0.068689,3.170500
2019-07-08,117.938200,-117.938200,0.075858,-117.938200,3.208753,0.075858,3.180500
2019-07-09,117.960600,-117.960600,-0.018991,-117.960600,3.206076,-0.018991,3.168000
2019-07-10,117.940500,-117.940500,0.017041,-117.940500,3.208478,0.017041,3.170600
2019-07-11,117.993300,-117.993300,-0.044758,-117.993300,3.202168,-0.044758,3.168000
2019-07-12,118.056900,-118.056900,-0.053887,-118.056900,3.194572,-0.053887,3.153100
2019-07-15,117.939700,-117.939700,0.099323,-117.939700,3.208574,0.099323,3.178200
2019-07-16,117.915800,-117.915800,0.020267,-117.915800,3.211431,0.020267,3.173200
2019-07-17,117.879500,-117.879500,0.030789,-117.879500,3.215772,0.030789,3.175700
2019-07-18,117.945300,-117.945300,-0.055804,-117.945300,3.207904,-0.055804,3.160800
2019-07-19,117.890600,-117.890600,0.046388,-117.890600,3.214444,0.046388,3.155900
2019-07-22,117.976900,-117.976900,-0.073177,-117.976900,3.204128,-0.073177,3.148400
2019-07-23,118.017000,-118.017000,-0.033984,-118.017000,3.199337,-0.033984,3.148400
2019-07-24,117.904500,-117.904500,0.095371,-117.904500,3.212782,0.095371,3.171000
2019-07-25,117.947800,-117.947800,-0.036718,-117.947800,3.207606,-0.036718,3.163500
2019-07-26,117.930700,-117.930700,0.014499,-117.930700,3.209650,0.014499,3.166100
2019-07-29,117.836700,-117.836700,0.079740,-117.836700,3.220891,0.079740,3.183600
2019-07-30,117.852300,-117.852300,-0.013238,-117.852300,3.219025,-0.013238,3.176100
2019-07-31,117.992500,-117.992500,-0.118892,-117.992500,3.202264,-0.118892,3.155200
2019-08-01,118.036900,-118.036900,-0.037622,-118.036900,3.196960,-0.037622,3.148700
2019-08-02,118.377200,-118.377200,-0.287885,-118.377200,3.156375,-0.287885,3.091400
2019-08-05,118.662100,-118.662100,-0.240382,-118.662100,3.122487,-0.240382,3.056300
2019-08-06,118.605400,-118.605400,0.047794,-118.605400,3.129225,0.047794,3.061300
2019-08-07,118.705000,-118.705000,-0.083941,-118.705000,3.117391,-0.083941,3.051400
2019-08-08,118.733700,-118.733700,-0.024175,-118.733700,3.113983,-0.024175,3.046500
2019-08-09,118.901600,-118.901600,-0.141309,-118.901600,3.094062,-0.141309,3.021600
2019-08-12,118.809000,-118.809000,0.077910,-118.809000,3.105045,0.077910,3.039100
2019-08-13,119.012100,-119.012100,-0.170801,-119.012100,3.080966,-0.170801,3.004100
2019-08-14,119.129100,-119.129100,-0.098261,-119.129100,3.067114,-0.098261,3.010500
2019-08-15,119.167000,-119.167000,-0.031809,-119.167000,3.062629,-0.031809,3.011500
2019-08-16,119.105900,-119.105900,0.051286,-119.105900,3.069859,0.051286,3.021700
2019-08-19,119.161400,-119.161400,-0.046586,-119.161400,3.063292,-0.046586,3.019100
2019-08-20,119.085500,-119.085500,0.063715,-119.085500,3.072274,0.063715,3.031700
2019-08-21,118.913600,-118.913600,0.144454,-118.913600,3.092639,0.144454,3.056700
2019-08-22,118.888500,-118.888500,0.021110,-118.888500,3.095615,0.021110,3.054300
2019-08-23,118.849000,-118.849000,0.033230,-118.849000,3.100300,0.033230,3.064400
2019-08-26,118.953600,-118.953600,-0.087972,-118.953600,3.087898,-0.087972,3.049400
2019-08-27,118.886600,-118.886600,0.056340,-118.886600,3.095840,0.056340,3.052000
2019-08-28,118.876600,-118.876600,0.008412,-118.876600,3.097026,0.008412,3.052000
2019-08-29,119.003600,-119.003600,-0.106776,-119.003600,3.081973,-0.106776,3.032100
2019-08-30,118.804300,-118.804300,0.167614,-118.804300,3.105603,0.167614,3.057300
2019-09-02,118.699800,-118.699800,0.087998,-118.699800,3.118009,0.087998,3.072300
2019-09-03,118.700600,-118.700600,-0.000674,-118.700600,3.117914,-0.000674,3.062400
2019-09-04,118.808100,-118.808100,-0.090523,-118.808100,3.105152,-0.090523,3.047300
2019-09-05,119.100400,-119.100400,-0.245725,-119.100400,3.070510,-0.245725,3.017300
2019-09-06,119.142500,-119.142500,-0.035342,-119.142500,3.065528,-0.035342,3.017300
2019-09-09,119.075400,-119.075400,0.056335,-119.075400,3.073470,0.056335,3.025000
2019-09-10,118.981400,-118.981400,0.078973,-118.981400,3.084603,0.078973,3.042500
2019-09-11,118.949400,-118.949400,0.026899,-118.949400,3.088395,0.026899,3.052500
2019-09-12,118.747300,-118.747300,0.170049,-118.747300,3.112368,0.170049,3.087600
2019-09-16,118.715700,-118.715700,0.026615,-118.715700,3.116120,0.026615,3.092600
2019-09-17,118.650900,-118.650900,0.054599,-118.650900,3.123817,0.054599,3.107600
2019-09-18,118.462200,-118.462200,0.159165,-118.462200,3.146256,0.159165,3.127800
2019-09-19,118.532300,-118.532300,-0.059157,-118.532300,3.137916,-0.059157,3.105300
2019-09-20,118.542400,-118.542400,-0.008521,-118.542400,3.136715,-0.008521,3.098000
2019-09-23,118.532500,-118.532500,0.008352,-118.532500,3.137892,0.008352,3.100500
2019-09-24,118.439600,-118.439600,0.078406,-118.439600,3.148946,0.078406,3.120500
2019-09-25,118.430900,-118.430900,0.007346,-118.430900,3.149981,0.007346,3.115700
2019-09-26,118.315100,-118.315100,0.097826,-118.315100,3.163773,0.097826,3.138100
2019-09-27,118.239500,-118.239500,0.063918,-118.239500,3.172783,0.063918,3.148200
2019-09-29,118.279900,-118.279900,-0.034162,-118.279900,3.167967,-0.034162,3.143400
2019-09-30,118.242600,-118.242600,0.031540,-118.242600,3.172414,0.031540,3.141100
2019-10-08,118.398200,-118.398200,-0.131507,-118.398200,3.153874,-0.131507,3.106300
2019-10-09,118.415900,-118.415900,-0.014948,-118.415900,3.151767,-0.014948,3.108900
2019-10-10,118.318100,-118.318100,0.082624,-118.318100,3.163415,0.082624,3.128900
2019-10-11,118.193200,-118.193200,0.105619,-118.193200,3.178305,0.105619,3.156400
2019-10-12,118.059800,-118.059800,0.112930,-118.059800,3.194225,0.112930,3.171600
2019-10-14,118.099100,-118.099100,-0.033283,-118.099100,3.189533,-0.033283,3.164100
2019-10-15,118.040000,-118.040000,0.050055,-118.040000,3.196590,0.050055,3.166800
2019-10-16,118.075000,-118.075000,-0.029647,-118.075000,3.192410,-0.029647,3.169300
2019-10-17,118.128500,-118.128500,-0.045300,-118.128500,3.186024,-0.045300,3.156900
2019-10-18,117.971000,-117.971000,0.133418,-117.971000,3.204833,0.133418,3.187000
2019-10-21,117.750700,-117.750700,0.186915,-117.750700,3.231184,0.186915,3.219600
2019-10-22,117.728400,-117.728400,0.018940,-117.728400,3.233854,0.018940,3.219600
2019-10-23,117.760800,-117.760800,-0.027517,-117.760800,3.229975,-0.027517,3.212200
2019-10-24,117.766200,-117.766200,-0.004585,-117.766200,3.229328,-0.004585,3.219600
2019-10-25,117.679700,-117.679700,0.073478,-117.679700,3.239687,0.073478,3.237200
2019-10-28,117.366600,-117.366600,0.266416,-117.366600,3.277245,0.266416,3.292400
2019-10-29,117.329800,-117.329800,0.031360,-117.329800,3.281666,0.031360,3.302900
2019-10-30,117.172700,-117.172700,0.133986,-117.172700,3.300555,0.133986,3.312500
2019-10-31,117.318200,-117.318200,-0.124099,-117.318200,3.283060,-0.124099,3.288000
2019-11-01,117.433400,-117.433400,-0.098146,-117.433400,3.269224,-0.098146,3.275700
2019-11-04,117.308400,-117.308400,0.106500,-117.308400,3.284238,0.106500,3.295400
2019-11-05,117.572200,-117.572200,-0.224625,-117.572200,3.252571,-0.224625,3.245400
2019-11-06,117.584800,-117.584800,-0.010716,-117.584800,3.251060,-0.010716,3.255500
2019-11-07,117.503800,-117.503800,0.068910,-117.503800,3.260775,0.068910,3.273600
2019-11-08,117.477900,-117.477900,0.022044,-117.477900,3.263882,0.022044,3.276500
2019-11-11,117.573300,-117.573300,-0.081174,-117.573300,3.252439,-0.081174,3.246300
2019-11-12,117.592700,-117.592700,-0.016499,-117.592700,3.250113,-0.016499,3.255000
2019-11-13,117.659700,-117.659700,-0.056960,-117.659700,3.242083,-0.056960,3.237000
2019-11-14,117.567500,-117.567500,0.078392,-117.567500,3.253134,0.078392,3.255500
2019-11-15,117.679000,-117.679000,-0.094794,-117.679000,3.239771,-0.094794,3.235500
2019-11-18,117.942600,-117.942600,-0.223749,-117.942600,3.208227,-0.223749,3.199300
2019-11-19,118.142700,-118.142700,-0.169515,-118.142700,3.184330,-0.169515,3.174300
2019-11-20,118.147000,-118.147000,-0.003640,-118.147000,3.183816,-0.003640,3.174700
2019-11-21,118.240300,-118.240300,-0.078938,-118.240300,3.172688,-0.078938,3.174900
2019-11-22,118.255800,-118.255800,-0.013108,-118.255800,3.170840,-0.013108,3.174700
2019-11-25,118.101500,-118.101500,0.130565,-118.101500,3.189247,0.130565,3.187500
2019-11-26,118.166800,-118.166800,-0.055276,-118.166800,3.181454,-0.055276,3.167500
2019-11-27,118.159800,-118.159800,0.005924,-118.159800,3.182289,0.005924,3.170000
2019-11-28,118.180100,-118.180100,-0.017179,-118.180100,3.179867,-0.017179,3.165000
2019-11-29,118.230600,-118.230600,-0.042722,-118.230600,3.173845,-0.042722,3.165000
2019-12-02,118.045500,-118.045500,0.156681,-118.045500,3.195933,0.156681,3.206200
2019-12-03,118.123000,-118.123000,-0.065631,-118.123000,3.186681,-0.065631,3.174600
2019-12-04,118.190900,-118.190900,-0.057466,-118.190900,3.178579,-0.057466,3.175100
2019-12-05,118.183300,-118.183300,0.006430,-118.183300,3.179486,0.006430,3.177600
2019-12-06,118.164100,-118.164100,0.016247,-118.164100,3.181776,0.016247,3.175100
2019-12-09,118.112500,-118.112500,0.043678,-118.112500,3.187934,0.043678,3.190300
2019-12-10,118.152900,-118.152900,-0.034199,-118.152900,3.183112,-0.034199,3.177600
2019-12-11,118.199200,-118.199200,-0.039179,-118.199200,3.177589,-0.039179,3.170200
2019-12-12,118.237800,-118.237800,-0.032651,-118.237800,3.172986,-0.032651,3.165200
2019-12-13,118.177500,-118.177500,0.051012,-118.177500,3.180178,0.051012,3.182800
2019-12-16,118.156800,-118.156800,0.017518,-118.156800,3.182647,0.017518,3.185400
2019-12-17,118.020000,-118.020000,0.115845,-118.020000,3.198979,0.115845,3.213300
2019-12-18,118.001400,-118.001400,0.015761,-118.001400,3.201201,0.015761,3.213900
2019-12-19,118.028700,-118.028700,-0.023133,-118.028700,3.197939,-0.023133,3.213900
2019-12-20,118.265500,-118.265500,-0.200428,-118.265500,3.169684,-0.200428,3.180800
2019-12-23,118.407800,-118.407800,-0.120250,-118.407800,3.152731,-0.120250,3.166100
2019-12-24,118.543700,-118.543700,-0.114707,-118.543700,3.136560,-0.114707,3.153500
2019-12-25,118.641400,-118.641400,-0.082383,-118.641400,3.124946,-0.082383,3.146300
2019-12-26,118.843900,-118.843900,-0.170537,-118.843900,3.100905,-0.170537,3.113700
2019-12-27,118.814000,-118.814000,0.025162,-118.814000,3.104452,0.025162,3.129200
2019-12-30,118.796300,-118.796300,0.014898,-118.796300,3.106552,0.014898,3.132200
2019-12-31,118.859700,-118.859700,-0.053354,-118.859700,3.099030,-0.053354,3.136500
2020-01-02,118.746600,-118.746600,0.095200,-118.746600,3.112451,0.095200,3.148500
2020-01-03,118.710000,-118.710000,0.030827,-118.710000,3.116797,0.030827,3.142800
2020-01-06,118.792100,-118.792100,-0.069136,-118.792100,3.107051,-0.069136,3.135200
2020-01-07,118.770600,-118.770600,0.018100,-118.770600,3.109602,0.018100,3.137900
2020-01-08,118.843500,-118.843500,-0.061360,-118.843500,3.100952,-0.061360,3.133700
2020-01-09,118.916200,-118.916200,-0.061154,-118.916200,3.092331,-0.061154,3.118400
2020-01-10,119.087700,-119.087700,-0.144115,-119.087700,3.072014,-0.144115,3.081900
2020-01-13,119.088400,-119.088400,-0.000588,-119.088400,3.071931,-0.000588,3.084000
2020-01-14,119.002800,-119.002800,0.071905,-119.002800,3.082068,0.071905,3.099400
2020-01-15,119.019100,-119.019100,-0.013696,-119.019100,3.080137,-0.013696,3.089700
2020-01-16,119.013700,-119.013700,0.004537,-119.013700,3.080777,0.004537,3.091800
2020-01-17,119.072100,-119.072100,-0.049058,-119.072100,3.073861,-0.049058,3.083200
2020-01-19,119.106100,-119.106100,-0.028550,-119.106100,3.069836,-0.028550,3.078000
2020-01-20,119.227800,-119.227800,-0.102126,-119.227800,3.055438,-0.102126,3.077600
2020-01-21,119.525500,-119.525500,-0.249379,-119.525500,3.020282,-0.249379,3.033700
2020-01-22,119.543500,-119.543500,-0.015058,-119.543500,3.018159,-0.015058,3.028200
2020-01-23,119.823800,-119.823800,-0.234201,-119.823800,2.985142,-0.234201,2.993200
2020-02-03,120.987400,-120.987400,-0.966408,-120.987400,2.848901,-0.966408,2.823100
2020-02-04,120.857000,-120.857000,0.107838,-120.857000,2.864104,0.107838,2.855100
2020-02-05,120.855300,-120.855300,0.001407,-120.855300,2.864302,0.001407,2.844000
2020-02-06,120.910500,-120.910500,-0.045664,-120.910500,2.857865,-0.045664,2.839200
2020-02-07,121.127000,-121.127000,-0.178898,-121.127000,2.832644,-0.178898,2.802400
2020-02-10,121.266800,-121.266800,-0.115349,-121.266800,2.816383,-0.115349,2.787200
2020-02-11,121.088000,-121.088000,0.147552,-121.088000,2.837184,0.147552,2.834000
2020-02-12,121.050900,-121.050900,0.030644,-121.050900,2.841504,0.030644,2.833300
2020-02-13,121.075600,-121.075600,-0.020403,-121.075600,2.838628,-0.020403,2.820100
2020-02-14,120.895100,-120.895100,0.149192,-120.895100,2.859660,0.149192,2.863100
2020-02-17,120.685000,-120.685000,0.173938,-120.685000,2.884182,0.173938,2.892800
2020-02-18,120.781500,-120.781500,-0.079928,-120.781500,2.872914,-0.079928,2.866400
2020-02-19,120.743400,-120.743400,0.031550,-120.743400,2.877361,0.031550,2.877600
2020-02-20,120.606900,-120.606900,0.113114,-120.606900,2.893308,0.113114,2.885700
2020-02-21,120.842500,-120.842500,-0.195155,-120.842500,2.865795,-0.195155,2.847000
2020-02-24,121.021700,-121.021700,-0.148182,-121.021700,2.844905,-0.148182,2.812000
2020-02-25,120.976200,-120.976200,0.037604,-120.976200,2.850206,0.037604,2.822000
2020-02-26,121.050500,-121.050500,-0.061398,-121.050500,2.841551,-0.061398,2.797300
2020-02-27,121.204700,-121.204700,-0.127304,-121.204700,2.823604,-0.127304,2.770200
2020-02-28,121.425700,-121.425700,-0.182170,-121.425700,2.797922,-0.182170,2.737600
2020-03-02,121.392200,-121.392200,0.027593,-121.392200,2.801812,0.027593,2.742800
2020-03-03,121.338900,-121.338900,0.043917,-121.338900,2.808003,0.043917,2.747800
2020-03-04,121.630000,-121.630000,-0.239619,-121.630000,2.774223,-0.239619,2.673000
2020-03-05,121.633400,-121.633400,-0.002795,-121.633400,2.773828,-0.002795,2.682900
2020-03-06,121.986000,-121.986000,-0.289468,-121.986000,2.733020,-0.289468,2.628000
2020-03-09,122.935000,-122.935000,-0.774948,-122.935000,2.623771,-0.774948,2.520500
2020-03-10,122.413500,-122.413500,0.425110,-122.413500,2.683701,0.425110,2.613000
2020-03-11,122.424100,-122.424100,-0.008659,-122.424100,2.682481,-0.008659,2.607900
2020-03-12,122.326100,-122.326100,0.080082,-122.326100,2.693770,0.080082,2.637900
2020-03-13,121.947200,-121.947200,0.310227,-121.947200,2.737505,0.310227,2.675900
2020-03-16,122.001400,-122.001400,-0.044436,-122.001400,2.731241,-0.044436,2.675800
2020-03-17,121.711800,-121.711800,0.237657,-121.711800,2.764745,0.237657,2.713500
2020-03-18,121.623700,-121.623700,0.072410,-121.623700,2.774953,0.072410,2.713600
2020-03-19,121.515400,-121.515400,0.089085,-121.515400,2.787512,0.089085,2.729900
2020-03-20,121.717200,-121.717200,-0.165932,-121.717200,2.764119,-0.165932,2.681500
2020-03-23,121.974000,-121.974000,-0.210759,-121.974000,2.734407,-0.210759,2.631500
2020-03-24,122.053600,-122.053600,-0.065239,-122.053600,2.725210,-0.065239,2.628900
2020-03-25,122.121700,-122.121700,-0.055780,-122.121700,2.717346,-0.055780,2.628900
2020-03-26,122.377400,-122.377400,-0.209162,-122.377400,2.687859,-0.209162,2.594000
2020-03-27,122.302700,-122.302700,0.061059,-122.302700,2.696467,0.061059,2.609000
2020-03-30,122.317400,-122.317400,-0.012019,-122.317400,2.694773,-0.012019,2.614200
2020-03-31,122.512600,-122.512600,-0.159458,-122.512600,2.672293,-0.159458,2.589900
2020-04-01,122.734100,-122.734100,-0.180634,-122.734100,2.646828,-0.180634,2.555000
2020-04-02,122.599500,-122.599500,0.109728,-122.599500,2.662297,0.109728,2.585400
2020-04-03,122.496400,-122.496400,0.084130,-122.496400,2.674157,0.084130,2.596500
2020-04-07,123.288600,-123.288600,-0.644631,-123.288600,2.583280,-0.644631,2.511200
2020-04-08,123.637500,-123.637500,-0.282595,-123.637500,2.543440,-0.282595,2.482400
2020-04-09,123.430900,-123.430900,0.167241,-123.430900,2.567017,0.167241,2.522600
2020-04-10,123.230100,-123.230100,0.162815,-123.230100,2.589971,0.162815,2.540300
2020-04-13,123.180000,-123.180000,0.040664,-123.180000,2.595703,0.040664,2.565800
2020-04-14,123.251000,-123.251000,-0.057623,-123.251000,2.587580,-0.057623,2.559100
2020-04-15,123.319800,-123.319800,-0.055805,-123.319800,2.579712,-0.055805,2.545500
2020-04-16,123.427400,-123.427400,-0.087215,-123.427400,2.567417,-0.087215,2.527600
2020-04-17,123.324100,-123.324100,0.083728,-123.324100,2.579221,0.083728,2.559000
2020-04-20,123.052500,-123.052500,0.220476,-123.052500,2.610303,0.220476,2.592000
2020-04-21,123.139200,-123.139200,-0.070433,-123.139200,2.600373,-0.070433,2.579100
2020-04-22,123.359800,-123.359800,-0.178987,-123.359800,2.575141,-0.178987,2.556700
2020-04-23,123.681700,-123.681700,-0.260604,-123.681700,2.538401,-0.260604,2.522700
2020-04-24,123.804800,-123.804800,-0.099480,-123.804800,2.524377,-0.099480,2.510000
2020-04-26,123.767500,-123.767500,0.030133,-123.767500,2.528625,0.030133,2.520500
2020-04-27,123.656300,-123.656300,0.089886,-123.656300,2.541297,0.089886,2.534500
2020-04-28,123.722900,-123.722900,-0.053844,-123.722900,2.533706,-0.053844,2.525400
2020-04-29,123.888900,-123.888900,-0.134081,-123.888900,2.514804,-0.134081,2.500900
2020-04-30,123.732100,-123.732100,0.126645,-123.732100,2.532658,0.126645,2.538000
2020-05-06,123.383400,-123.383400,0.282216,-123.383400,2.572444,0.282216,2.580900
2020-05-07,123.035200,-123.035200,0.282609,-123.035200,2.612285,0.282609,2.629800
2020-05-08,123.022400,-123.022400,0.010404,-123.022400,2.613752,0.010404,2.620700
2020-05-09,122.902200,-122.902200,0.097754,-122.902200,2.627533,0.097754,2.640000
2020-05-11,122.557200,-122.557200,0.281106,-122.557200,2.667162,0.281106,2.669800
2020-05-12,122.562400,-122.562400,-0.004243,-122.562400,2.666564,-0.004243,2.660300
2020-05-13,122.403400,-122.403400,0.129814,-122.403400,2.684865,0.129814,2.707600
2020-05-14,122.404000,-122.404000,-0.000490,-122.404000,2.684795,-0.000490,2.698900
2020-05-15,122.466200,-122.466200,-0.050802,-122.466200,2.677634,-0.050802,2.682000
2020-05-18,122.113000,-122.113000,0.288823,-122.113000,2.718351,0.288823,2.725300
2020-05-19,122.035700,-122.035700,0.063322,-122.035700,2.727278,0.063322,2.727200
2020-05-20,122.133000,-122.133000,-0.079699,-122.133000,2.716042,-0.079699,2.690000
2020-05-21,122.119200,-122.119200,0.011300,-122.119200,2.717635,0.011300,2.685000
2020-05-22,122.473500,-122.473500,-0.289706,-122.473500,2.676793,-0.289706,2.617600
2020-05-25,122.029100,-122.029100,0.363514,-122.029100,2.728040,0.363514,2.685200
2020-05-26,121.643400,-121.643400,0.316573,-121.643400,2.772669,0.316573,2.740200
2020-05-27,121.418700,-121.418700,0.184891,-121.418700,2.798735,0.184891,2.752700
2020-05-28,121.508200,-121.508200,-0.073685,-121.508200,2.788347,-0.073685,2.720100
2020-05-29,121.578600,-121.578600,-0.057922,-121.578600,2.780181,-0.057922,2.705300
2020-06-01,121.463600,-121.463600,0.094634,-121.463600,2.793523,0.094634,2.725300
2020-06-02,120.881300,-120.881300,0.480556,-120.881300,2.861270,0.480556,2.785200
2020-06-03,120.590600,-120.590600,0.240773,-120.590600,2.895213,0.240773,2.790100
2020-06-04,120.305200,-120.305200,0.236949,-120.305200,2.928617,0.236949,2.830100
2020-06-05,120.093600,-120.093600,0.176041,-120.093600,2.953435,0.176041,2.847500
2020-06-08,120.260400,-120.260400,-0.138795,-120.260400,2.933868,-0.138795,2.810100
2020-06-09,120.267200,-120.267200,-0.005654,-120.267200,2.933071,-0.005654,2.803100
2020-06-10,120.229800,-120.229800,0.031102,-120.229800,2.937456,0.031102,2.820100
2020-06-11,120.521900,-120.521900,-0.242657,-120.521900,2.903247,-0.242657,2.770100
2020-06-12,120.678200,-120.678200,-0.129602,-120.678200,2.884976,-0.129602,2.745100
2020-06-15,120.597300,-120.597300,0.067060,-120.597300,2.894430,0.067060,2.787800
2020-06-16,120.134700,-120.134700,0.384328,-120.134700,2.948611,0.384328,2.840200
2020-06-17,119.891600,-119.891600,0.202561,-119.891600,2.977167,0.202561,2.880200
2020-06-18,120.028000,-120.028000,-0.113705,-120.028000,2.961138,-0.113705,2.852700
2020-06-19,119.886000,-119.886000,0.118376,-119.886000,2.977826,0.118376,2.875200
2020-06-22,119.656200,-119.656200,0.191866,-119.656200,3.004875,0.191866,2.915300
2020-06-23,119.609600,-119.609600,0.038952,-119.609600,3.010366,0.038952,2.912700
2020-06-24,119.919600,-119.919600,-0.258841,-119.919600,2.973875,-0.258841,2.861400
2020-06-28,120.043800,-120.043800,-0.103516,-120.043800,2.959282,-0.103516,2.840400
2020-06-29,119.998100,-119.998100,0.038077,-119.998100,2.964650,0.038077,2.850400
2020-06-30,120.180000,-120.180000,-0.151471,-120.180000,2.943296,-0.151471,2.823000
2020-07-01,120.078200,-120.078200,0.084742,-120.078200,2.955243,0.084742,2.845600
2020-07-02,120.099200,-120.099200,-0.017487,-120.099200,2.952778,-0.017487,2.858400
2020-07-03,119.864500,-119.864500,0.195613,-119.864500,2.980354,0.195613,2.897400
2020-07-06,119.083300,-119.083300,0.653869,-119.083300,3.072535,0.653869,2.995900
2020-07-07,118.892900,-118.892900,0.160016,-118.892900,3.095093,0.160016,3.015800
2020-07-08,118.614000,-118.614000,0.234856,-118.614000,3.128202,0.234856,3.063200
2020-07-09,118.372500,-118.372500,0.203809,-118.372500,3.156935,0.203809,3.080900
2020-07-10,118.578600,-118.578600,-0.173960,-118.578600,3.132410,-0.173960,3.030500
2020-07-13,118.362900,-118.362900,0.182070,-118.362900,3.158078,0.182070,3.055700
2020-07-14,118.608600,-118.608600,-0.207367,-118.608600,3.128844,-0.207367,3.005700
2020-07-15,118.841200,-118.841200,-0.195915,-118.841200,3.101225,-0.195915,2.955900
2020-07-16,119.029100,-119.029100,-0.157985,-119.029100,3.078953,-0.157985,2.945900
2020-07-17,119.034200,-119.034200,-0.004285,-119.034200,3.078349,-0.004285,2.950700
2020-07-20,119.108200,-119.108200,-0.062148,-119.108200,3.069587,-0.062148,2.931100
2020-07-21,119.387100,-119.387100,-0.233883,-119.387100,3.036615,-0.233883,2.901100
2020-07-22,119.543500,-119.543500,-0.130917,-119.543500,3.018159,-0.130917,2.886100
2020-07-23,119.459600,-119.459600,0.070208,-119.459600,3.028057,0.070208,2.906400
2020-07-24,119.773300,-119.773300,-0.262255,-119.773300,2.991085,-0.262255,2.861200
2020-07-27,119.728100,-119.728100,0.037745,-119.728100,2.996406,0.037745,2.879100
2020-07-28,119.433800,-119.433800,0.246110,-119.433800,3.031102,0.246110,2.921400
2020-07-29,119.312400,-119.312400,0.101698,-119.312400,3.045439,0.101698,2.941500
2020-07-30,119.277600,-119.277600,0.029171,-119.277600,3.049551,0.029171,2.936400
2020-07-31,119.062000,-119.062000,0.180918,-119.062000,3.075057,0.180918,2.966400
2020-08-03,119.058300,-119.058300,0.003108,-119.058300,3.075495,0.003108,2.946600
2020-08-04,119.052600,-119.052600,0.004788,-119.052600,3.076170,0.004788,2.936500
2020-08-05,118.865300,-118.865300,0.157449,-118.865300,3.098366,0.157449,2.959200
2020-08-06,118.660800,-118.660800,0.172192,-118.660800,3.122641,0.172192,2.981600
2020-08-07,118.531800,-118.531800,0.108772,-118.531800,3.137976,0.108772,2.991800
2020-08-10,118.743800,-118.743800,-0.178695,-118.743800,3.112784,-0.178695,2.954300
2020-08-11,118.779700,-118.779700,-0.030229,-118.779700,3.108522,-0.030229,2.954400
2020-08-12,118.688400,-118.688400,0.076895,-118.688400,3.119363,0.076895,2.962000
2020-08-13,118.753800,-118.753800,-0.055087,-118.753800,3.111597,-0.055087,2.955500
2020-08-14,118.899900,-118.899900,-0.122952,-118.899900,3.094263,-0.122952,2.936900
2020-08-17,118.956200,-118.956200,-0.047340,-118.956200,3.087589,-0.047340,2.942100
2020-08-18,118.811500,-118.811500,0.121715,-118.811500,3.104748,0.121715,2.977100
2020-08-19,118.624300,-118.624300,0.157685,-118.624300,3.126978,0.157685,2.992100
2020-08-20,118.464200,-118.464200,0.135055,-118.464200,3.146018,0.135055,2.997300
2020-08-21,118.627500,-118.627500,-0.137753,-118.627500,3.126598,-0.137753,2.982300
2020-08-24,118.522800,-118.522800,0.088298,-118.522800,3.139046,0.088298,2.999800
2020-08-25,118.232800,-118.232800,0.244978,-118.232800,3.173582,0.244978,3.042400
2020-08-26,118.181100,-118.181100,0.043737,-118.181100,3.179748,0.043737,3.051100
2020-08-27,118.105900,-118.105900,0.063651,-118.105900,3.188722,0.063651,3.059900
2020-08-28,117.992200,-117.992200,0.096316,-117.992200,3.202300,0.096316,3.067200
2020-08-31,118.265600,-118.265600,-0.231442,-118.265600,3.169672,-0.231442,3.017700
2020-09-01,118.106100,-118.106100,0.134957,-118.106100,3.188698,0.134957,3.047800
2020-09-02,117.824200,-117.824200,0.238969,-117.824200,3.222387,0.238969,3.102700
2020-09-03,117.764300,-117.764300,0.050851,-117.764300,3.229556,0.050851,3.105100
2020-09-04,117.650600,-117.650600,0.096595,-117.650600,3.243173,0.096595,3.122800
2020-09-07,117.453700,-117.453700,0.167500,-117.453700,3.266787,0.167500,3.145400
2020-09-08,117.548500,-117.548500,-0.080680,-117.548500,3.255413,-0.080680,3.123000
2020-09-09,117.817800,-117.817800,-0.228835,-117.817800,3.223152,-0.228835,3.080500
2020-09-10,117.834100,-117.834100,-0.013834,-117.834100,3.221202,-0.013834,3.083300
2020-09-11,117.665700,-117.665700,0.143015,-117.665700,3.241364,0.143015,3.134600
2020-09-14,117.557000,-117.557000,0.092423,-117.557000,3.254393,0.092423,3.153200
2020-09-15,117.780000,-117.780000,-0.189516,-117.780000,3.227676,-0.189516,3.108300
2020-09-16,117.719800,-117.719800,0.051125,-117.719800,3.234884,0.051125,3.126000
2020-09-17,117.676800,-117.676800,0.036534,-117.676800,3.240034,0.036534,3.133400
2020-09-18,117.684700,-117.684700,-0.006713,-117.684700,3.239088,-0.006713,3.116200
2020-09-21,117.808400,-117.808400,-0.105056,-117.808400,3.224277,-0.105056,3.099900
2020-09-22,117.908700,-117.908700,-0.085102,-117.908700,3.212280,-0.085102,3.086300
2020-09-23,117.894700,-117.894700,0.011874,-117.894700,3.213954,0.011874,3.089000
2020-09-24,117.915900,-117.915900,-0.017981,-117.915900,3.211419,-0.017981,3.084000
2020-09-25,117.702400,-117.702400,0.181225,-117.702400,3.236968,0.181225,3.129500
2020-09-27,117.689400,-117.689400,0.011045,-117.689400,3.238525,0.011045,3.132400
2020-09-28,117.757600,-117.757600,-0.057932,-117.757600,3.230358,-0.057932,3.109200
2020-09-29,117.647400,-117.647400,0.093626,-117.647400,3.243557,0.093626,3.129200
2020-09-30,117.492000,-117.492000,0.132177,-117.492000,3.262191,0.132177,3.148200
2020-10-09,117.150600,-117.150600,0.290996,-117.150600,3.303214,0.290996,3.187300
2020-10-10,117.139500,-117.139500,0.009475,-117.139500,3.304550,0.009475,3.189800
2020-10-12,117.190000,-117.190000,-0.043102,-117.190000,3.298474,-0.043102,3.186100
2020-10-13,117.158700,-117.158700,0.026712,-117.158700,3.302239,0.026712,3.195000
2020-10-14,117.046500,-117.046500,0.095813,-117.046500,3.315747,0.095813,3.215000
2020-10-15,116.985800,-116.985800,0.051873,-116.985800,3.323060,0.051873,3.230000
2020-10-16,116.973800,-116.973800,0.010258,-116.973800,3.324506,0.010258,3.220200
2020-10-19,117.076700,-117.076700,-0.087930,-117.076700,3.312110,-0.087930,3.200500
2020-10-20,117.112400,-117.112400,-0.030488,-117.112400,3.307812,-0.030488,3.195500
2020-10-21,117.195600,-117.195600,-0.071018,-117.195600,3.297800,-0.071018,3.185500
2020-10-22,117.388200,-117.388200,-0.164206,-117.388200,3.274651,-0.164206,3.170700
2020-10-23,117.279400,-117.279400,0.092727,-117.279400,3.287723,0.092727,3.195700
2020-10-26,117.259400,-117.259400,0.017055,-117.259400,3.290127,0.017055,3.193400
2020-10-27,117.439800,-117.439800,-0.153729,-117.439800,3.268455,-0.153729,3.160900
2020-10-28,117.350800,-117.350800,0.075812,-117.350800,3.279143,0.075812,3.181000
2020-10-29,117.355400,-117.355400,-0.003920,-117.355400,3.278590,-0.003920,3.186000
2020-10-30,117.399100,-117.399100,-0.037230,-117.399100,3.273342,-0.037230,3.181000
2020-11-02,117.460800,-117.460800,-0.052542,-117.460800,3.265935,-0.052542,3.178500
2020-11-03,117.501000,-117.501000,-0.034218,-117.501000,3.261111,-0.034218,3.176200
2020-11-04,117.565600,-117.565600,-0.054963,-117.565600,3.253362,-0.054963,3.168700
2020-11-05,117.462700,-117.462700,0.087564,-117.462700,3.265707,0.087564,3.191200
2020-11-06,117.329700,-117.329700,0.113292,-117.329700,3.281678,0.113292,3.206300
2020-11-09,117.183200,-117.183200,0.124940,-117.183200,3.299292,0.124940,3.236300
2020-11-10,117.216700,-117.216700,-0.028584,-117.216700,3.295262,-0.028584,3.224100
2020-11-11,117.194100,-117.194100,0.019282,-117.194100,3.297980,0.019282,3.239100
2020-11-12,117.092300,-117.092300,0.086902,-117.092300,3.310232,0.086902,3.261400
2020-11-13,116.989200,-116.989200,0.088089,-116.989200,3.322650,0.088089,3.271500
2020-11-16,116.987400,-116.987400,0.001539,-116.987400,3.322867,0.001539,3.274100
2020-11-17,116.930600,-116.930600,0.048564,-116.930600,3.329713,0.048564,3.286600
2020-11-18,116.733200,-116.733200,0.168961,-116.733200,3.353533,0.168961,3.324000
2020-11-19,116.563200,-116.563200,0.145737,-116.563200,3.374078,0.145737,3.348700
2020-11-20,116.634100,-116.634100,-0.060807,-116.634100,3.365506,-0.060807,3.310000
2020-11-23,116.842300,-116.842300,-0.178348,-116.842300,3.340363,-0.178348,3.265000
2020-11-24,116.777500,-116.777500,0.055475,-116.777500,3.348184,0.055475,3.290000
2020-11-25,116.867800,-116.867800,-0.077297,-116.867800,3.337287,-0.077297,3.267500
2020-11-26,116.845900,-116.845900,0.018741,-116.845900,3.339929,0.018741,3.285000
2020-11-27,116.798400,-116.798400,0.040660,-116.798400,3.345661,0.040660,3.300000
2020-11-30,117.139100,-117.139100,-0.291275,-117.139100,3.304598,-0.291275,3.250000
2020-12-01,117.054500,-117.054500,0.072248,-117.054500,3.314783,0.072248,3.272500
2020-12-02,116.916800,-116.916800,0.117707,-116.916800,3.331377,0.117707,3.292500
2020-12-03,116.949400,-116.949400,-0.027879,-116.949400,3.327447,-0.027879,3.285100
2020-12-04,117.067000,-117.067000,-0.100506,-117.067000,3.313278,-0.100506,3.265100
2020-12-07,117.051300,-117.051300,0.013412,-117.051300,3.315169,0.013412,3.270100
2020-12-08,117.202500,-117.202500,-0.129091,-117.202500,3.296970,-0.129091,3.255100
2020-12-09,117.200800,-117.200800,0.001450,-117.200800,3.297174,0.001450,3.272600
2020-12-10,117.260600,-117.260600,-0.051011,-117.260600,3.289983,-0.051011,3.260100
2020-12-11,117.082100,-117.082100,0.152341,-117.082100,3.311460,0.152341,3.295100
2020-12-14,117.102300,-117.102300,-0.017251,-117.102300,3.309028,-0.017251,3.285100
2020-12-15,117.178800,-117.178800,-0.065306,-117.178800,3.299821,-0.065306,3.277700
2020-12-16,117.239500,-117.239500,-0.051788,-117.239500,3.292520,-0.051788,3.275200
2020-12-17,117.201800,-117.201800,0.032162,-117.201800,3.297054,0.032162,3.280200
2020-12-18,117.232100,-117.232100,-0.025850,-117.232100,3.293410,-0.025850,3.290200
2020-12-21,117.361300,-117.361300,-0.110148,-117.361300,3.277882,-0.110148,3.265200
2020-12-22,117.594000,-117.594000,-0.198080,-117.594000,3.249957,-0.198080,3.227800
2020-12-23,117.642700,-117.642700,-0.041405,-117.642700,3.244120,-0.041405,3.215300
2020-12-24,117.518000,-117.518000,0.106055,-117.518000,3.259071,0.106055,3.230300
2020-12-25,117.708600,-117.708600,-0.162057,-117.708600,3.236225,-0.162057,3.187800
2020-12-28,117.847100,-117.847100,-0.117594,-117.847100,3.219647,-0.117594,3.162900
2020-12-29,117.921900,-117.921900,-0.063452,-117.921900,3.210702,-0.063452,3.155400
2020-12-30,118.142100,-118.142100,-0.186560,-118.142100,3.184401,-0.186560,3.120400
2020-12-31,118.096300,-118.096300,0.038774,-118.096300,3.189867,0.038774,3.142900
2021-01-04,117.832000,-117.832000,,-117.832000,,,3.178000
2021-01-05,118.075400,-118.075400,-0.206352,-118.075400,,-0.206352,3.130500
2021-01-06,118.172100,-118.172100,-0.081863,-118.172100,,-0.081863,3.125600
2021-01-07,118.253600,-118.253600,-0.068943,-118.253600,,-0.068943,3.125600
2021-01-08,118.147200,-118.147200,0.090017,-118.147200,,0.090017,3.145600
2021-01-11,118.047100,-118.047100,0.084761,-118.047100,,0.084761,3.163200
2021-01-12,118.145400,-118.145400,-0.083237,-118.145400,,-0.083237,3.145700
2021-01-13,118.364400,-118.364400,-0.185193,-118.364400,,-0.185193,3.115700
2021-01-14,118.439600,-118.439600,-0.063512,-118.439600,,-0.063512,3.105900
2021-01-15,118.143600,-118.143600,0.250229,-118.143600,,0.250229,3.150800
2021-01-18,117.996000,-117.996000,0.125011,-117.996000,,0.125011,3.165800
2021-01-19,118.027800,-118.027800,-0.026946,-118.027800,,-0.026946,3.160900
2021-01-20,118.118800,-118.118800,-0.077071,-118.118800,,-0.077071,3.161000
2021-01-21,118.278300,-118.278300,-0.134942,-118.278300,,-0.134942,3.133500
2021-01-22,118.320900,-118.320900,-0.036010,-118.320900,,-0.036010,3.118500
2021-01-25,118.272200,-118.272200,0.041168,-118.272200,,0.041168,3.132300
2021-01-26,118.059400,-118.059400,0.180086,-118.059400,,0.180086,3.158500
2021-01-27,118.041400,-118.041400,0.015248,-118.041400,,0.015248,3.163600
2021-01-28,117.837100,-117.837100,0.173225,-117.837100,,0.173225,3.196100
2021-01-29,117.904600,-117.904600,-0.057266,-117.904600,,-0.057266,3.178600
2021-02-01,117.992300,-117.992300,-0.074355,-117.992300,,-0.074355,3.171200
2021-02-02,117.964100,-117.964100,0.023903,-117.964100,,0.023903,3.186200
2021-02-03,117.767000,-117.767000,0.167224,-117.767000,,0.167224,3.211200
2021-02-04,117.661200,-117.661200,0.089879,-117.661200,,0.089879,3.234700
2021-02-05,117.679300,-117.679300,-0.015382,-117.679300,,-0.015382,3.216400
2021-02-08,117.641500,-117.641500,0.032126,-117.641500,,0.032126,3.237000
2021-02-09,117.722000,-117.722000,-0.068405,-117.722000,,-0.068405,3.230300
2021-02-10,117.659700,-117.659700,0.052935,-117.659700,,0.052935,3.244900
2021-02-18,117.401300,-117.401300,0.219858,-117.401300,,0.219858,3.283100
2021-02-19,117.567100,-117.567100,-0.141125,-117.567100,,-0.141125,3.257800
2021-02-22,117.507700,-117.507700,0.050537,-117.507700,,0.050537,3.273600
2021-02-23,117.519300,-117.519300,-0.009871,-117.519300,,-0.009871,3.263500
2021-02-24,117.552100,-117.552100,-0.027906,-117.552100,,-0.027906,3.262700
2021-02-25,117.499000,-117.499000,0.045182,-117.499000,,0.045182,3.272300
2021-02-26,117.433800,-117.433800,0.055505,-117.433800,,0.055505,3.279800
2021-03-01,117.615800,-117.615800,-0.154861,-117.615800,,-0.154861,3.247500
2021-03-02,117.634000,-117.634000,-0.015473,-117.634000,,-0.015473,3.247400
2021-03-03,117.613100,-117.613100,0.017769,-117.613100,,0.017769,3.255300
2021-03-04,117.568900,-117.568900,0.037588,-117.568900,,0.037588,3.265500
2021-03-05,117.675400,-117.675400,-0.090544,-117.675400,,-0.090544,3.245700
2021-03-08,117.722000,-117.722000,-0.039593,-117.722000,,-0.039593,3.240400
2021-03-09,117.694000,-117.694000,0.023788,-117.694000,,0.023788,3.247800
2021-03-10,117.717300,-117.717300,-0.019795,-117.717300,,-0.019795,3.235300
2021-03-11,117.715800,-117.715800,0.001274,-117.715800,,0.001274,3.250600
2021-03-12,117.672300,-117.672300,0.036960,-117.672300,,0.036960,3.261300
2021-03-15,117.613000,-117.613000,0.050407,-117.613000,,0.050407,3.274000
2021-03-16,117.650600,-117.650600,-0.031964,-117.650600,,-0.031964,3.261400
2021-03-17,117.713800,-117.713800,-0.053704,-117.713800,,-0.053704,3.256400
2021-03-18,117.738600,-117.738600,-0.021066,-117.738600,,-0.021066,3.259200
2021-03-19,117.836700,-117.836700,-0.083285,-117.836700,,-0.083285,3.236400
2021-03-22,117.889400,-117.889400,-0.044713,-117.889400,,-0.044713,3.230900
2021-03-23,117.949700,-117.949700,-0.051137,-117.949700,,-0.051137,3.210500
2021-03-24,118.063800,-118.063800,-0.096689,-118.063800,,-0.096689,3.193000
2021-03-25,118.085200,-118.085200,-0.018124,-118.085200,,-0.018124,3.188200
2021-03-26,118.043700,-118.043700,0.035150,-118.043700,,0.035150,3.198500
2021-03-29,118.024200,-118.024200,0.016521,-118.024200,,0.016521,3.196200
2021-03-30,118.011200,-118.011200,0.011015,-118.011200,,0.011015,3.206000
2021-03-31,118.100000,-118.100000,-0.075219,-118.100000,,-0.075219,3.188700
2021-04-01,118.068100,-118.068100,0.027015,-118.068100,,0.027015,3.196000
2021-04-02,118.066100,-118.066100,0.001694,-118.066100,,0.001694,3.201300
2021-04-06,118.018100,-118.018100,0.040663,-118.018100,,0.040663,3.208700
2021-04-07,117.963000,-117.963000,0.046699,-117.963000,,0.046699,3.221500
2021-04-08,117.942100,-117.942100,0.017719,-117.942100,,0.017719,3.222100
2021-04-09,118.011600,-118.011600,-0.058910,-118.011600,,-0.058910,3.212100
2021-04-12,118.106500,-118.106500,-0.080384,-118.106500,,-0.080384,3.194800
2021-04-13,118.318700,-118.318700,-0.179507,-118.318700,,-0.179507,3.162600
2021-04-14,118.353000,-118.353000,-0.028985,-118.353000,,-0.028985,3.165100
2021-04-15,118.372700,-118.372700,-0.016644,-118.372700,,-0.016644,3.172800
2021-04-16,118.453800,-118.453800,-0.068489,-118.453800,,-0.068489,3.163100
2021-04-19,118.517800,-118.517800,-0.054015,-118.517800,,-0.054015,3.155900
2021-04-20,118.595500,-118.595500,-0.065538,-118.595500,,-0.065538,3.155400
2021-04-21,118.655200,-118.655200,-0.050327,-118.655200,,-0.050327,3.153000
2021-04-22,118.626700,-118.626700,0.024022,-118.626700,,0.024022,3.161400
2021-04-23,118.576500,-118.576500,0.042327,-118.576500,,0.042327,3.171900
2021-04-26,118.355400,-118.355400,0.186636,-118.355400,,0.186636,3.202400
2021-04-27,118.328100,-118.328100,0.023069,-118.328100,,0.023069,3.207800
2021-04-28,118.369400,-118.369400,-0.034897,-118.369400,,-0.034897,3.197900
2021-04-29,118.437900,-118.437900,-0.057853,-118.437900,,-0.057853,3.187200
2021-04-30,118.553100,-118.553100,-0.097219,-118.553100,,-0.097219,3.164000
2021-05-06,118.620700,-118.620700,-0.057005,-118.620700,,-0.057005,3.150700
2021-05-07,118.638500,-118.638500,-0.015005,-118.638500,,-0.015005,3.158900
2021-05-10,118.698800,-118.698800,-0.050814,-118.698800,,-0.050814,3.146000
2021-05-11,118.773200,-118.773200,-0.062660,-118.773200,,-0.062660,3.138000
2021-05-12,118.810300,-118.810300,-0.031231,-118.810300,,-0.031231,3.131000
2021-05-13,118.752800,-118.752800,0.048408,-118.752800,,0.048408,3.136600
2021-05-14,118.784300,-118.784300,-0.026522,-118.784300,,-0.026522,3.142200
2021-05-17,118.715400,-118.715400,0.058021,-118.715400,,0.058021,3.152400
2021-05-18,118.743300,-118.743300,-0.023499,-118.743300,,-0.023499,3.145700
2021-05-19,118.859900,-118.859900,-0.098147,-118.859900,,-0.098147,3.129800
2021-05-20,118.987200,-118.987200,-0.107044,-118.987200,,-0.107044,3.100100
2021-05-21,119.141100,-119.141100,-0.129258,-119.141100,,-0.129258,3.087600
2021-05-24,119.117900,-119.117900,0.019475,-119.117900,,0.019475,3.085000
2021-05-25,119.110700,-119.110700,0.006045,-119.110700,,0.006045,3.085000
2021-05-26,119.197200,-119.197200,-0.072595,-119.197200,,-0.072595,3.060000
2021-05-27,119.120600,-119.120600,0.064284,-119.120600,,0.064284,3.072500
2021-05-28,119.042700,-119.042700,0.065417,-119.042700,,0.065417,3.082500
2021-05-31,119.108200,-119.108200,-0.055007,-119.108200,,-0.055007,3.045000
2021-06-01,119.159800,-119.159800,-0.043313,-119.159800,,-0.043313,3.040000
2021-06-02,119.056200,-119.056200,0.086980,-119.056200,,0.086980,3.065000
2021-06-03,119.087700,-119.087700,-0.026455,-119.087700,,-0.026455,3.055000
2021-06-04,118.866900,-118.866900,0.185582,-118.866900,,0.185582,3.092500
2021-06-07,118.699300,-118.699300,0.141098,-118.699300,,0.141098,3.110000
2021-06-08,118.686400,-118.686400,0.010868,-118.686400,,0.010868,3.110000
2021-06-09,118.672500,-118.672500,0.011712,-118.672500,,0.011712,3.105100
2021-06-10,118.716800,-118.716800,-0.037323,-118.716800,,-0.037323,3.100000
2021-06-11,118.532600,-118.532600,0.155280,-118.532600,,0.155280,3.127600
2021-06-15,118.525600,-118.525600,0.005906,-118.525600,,0.005906,3.117600
2021-06-16,118.472800,-118.472800,0.044557,-118.472800,,0.044557,3.130100
2021-06-17,118.327700,-118.327700,0.122550,-118.327700,,0.122550,3.140100
2021-06-18,118.423800,-118.423800,-0.081182,-118.423800,,-0.081182,3.120200
2021-06-21,118.618100,-118.618100,-0.163937,-118.618100,,-0.163937,3.095300
2021-06-22,118.652900,-118.652900,-0.029334,-118.652900,,-0.029334,3.087700
2021-06-23,118.705000,-118.705000,-0.043900,-118.705000,,-0.043900,3.085300
2021-06-24,118.732500,-118.732500,-0.023164,-118.732500,,-0.023164,3.082800
2021-06-25,118.745300,-118.745300,-0.010780,-118.745300,,-0.010780,3.082700
2021-06-28,118.655500,-118.655500,0.075653,-118.655500,,0.075653,3.090300
2021-06-29,118.698000,-118.698000,-0.035812,-118.698000,,-0.035812,3.085300
2021-06-30,118.750800,-118.750800,-0.044473,-118.750800,,-0.044473,3.077800
2021-07-01,118.716700,-118.716700,0.028720,-118.716700,,0.028720,3.087800
2021-07-02,118.725600,-118.725600,-0.007497,-118.725600,,-0.007497,3.080300
2021-07-05,118.812400,-118.812400,-0.073083,-118.812400,,-0.073083,3.075400
2021-07-06,118.789800,-118.789800,0.019023,-118.789800,,0.019023,3.085400
2021-07-07,118.984700,-118.984700,-0.163937,-118.984700,,-0.163937,3.055400
2021-07-08,119.500800,-119.500800,-0.432815,-119.500800,,-0.432815,2.983000
2021-07-09,119.353900,-119.353900,0.123004,-119.353900,,0.123004,3.010500
2021-07-12,119.752100,-119.752100,-0.333074,-119.752100,,-0.333074,2.943100
2021-07-13,119.879800,-119.879800,-0.106580,-119.879800,,-0.106580,2.925600
2021-07-14,119.905600,-119.905600,-0.021519,-119.905600,,-0.021519,2.935600
2021-07-15,119.735800,-119.735800,0.141712,-119.735800,,0.141712,2.955700
2021-07-16,119.798700,-119.798700,-0.052519,-119.798700,,-0.052519,2.943200
2021-07-19,119.819200,-119.819200,-0.017111,-119.819200,,-0.017111,2.948300
2021-07-20,119.971800,-119.971800,-0.127278,-119.971800,,-0.127278,2.925800
2021-07-21,120.056300,-120.056300,-0.070408,-120.056300,,-0.070408,2.918400
2021-07-22,120.025300,-120.025300,0.025825,-120.025300,,0.025825,2.928400
2021-07-23,120.125600,-120.125600,-0.083531,-120.125600,,-0.083531,2.913400
2021-07-26,120.398000,-120.398000,-0.226506,-120.398000,,-0.226506,2.871100
2021-07-27,120.208100,-120.208100,0.157851,-120.208100,,0.157851,2.911000
2021-07-28,120.063300,-120.063300,0.120530,-120.063300,,0.120530,2.931200
2021-07-29,120.232000,-120.232000,-0.140411,-120.232000,,-0.140411,2.884000
2021-07-30,120.540100,-120.540100,-0.255927,-120.540100,,-0.255927,2.836300
2021-08-02,120.785600,-120.785600,-0.203460,-120.785600,,-0.203460,2.821200
2021-08-03,120.689800,-120.689800,0.079346,-120.689800,,0.079346,2.833700
2021-08-04,120.646400,-120.646400,0.035966,-120.646400,,0.035966,2.833800
2021-08-05,120.859600,-120.859600,-0.176559,-120.859600,,-0.176559,2.798800
2021-08-06,120.798800,-120.798800,0.050319,-120.798800,,0.050319,2.813900
2021-08-09,120.471500,-120.471500,0.271314,-120.471500,,0.271314,2.861500
2021-08-10,120.381100,-120.381100,0.075067,-120.381100,,0.075067,2.876600
2021-08-11,120.309200,-120.309200,0.059745,-120.309200,,0.059745,2.884100
2021-08-12,120.434800,-120.434800,-0.104343,-120.434800,,-0.104343,2.856600
2021-08-13,120.306800,-120.306800,0.106338,-120.306800,,0.106338,2.879200
2021-08-16,120.228800,-120.228800,0.064855,-120.228800,,0.064855,2.894300
2021-08-17,120.284600,-120.284600,-0.046401,-120.284600,,-0.046401,2.881900
2021-08-18,120.511900,-120.511900,-0.188790,-120.511900,,-0.188790,2.849400
2021-08-19,120.606900,-120.606900,-0.078799,-120.606900,,-0.078799,2.839500
2021-08-20,120.571200,-120.571200,0.029605,-120.571200,,0.029605,2.852000
2021-08-23,120.472500,-120.472500,0.081894,-120.472500,,0.081894,2.867200
2021-08-24,120.516300,-120.516300,-0.036350,-120.516300,,-0.036350,2.852200
2021-08-25,120.561400,-120.561400,-0.037415,-120.561400,,-0.037415,2.854700
2021-08-26,120.356700,-120.356700,0.169933,-120.356700,,0.169933,2.884800
2021-08-27,120.422600,-120.422600,-0.054739,-120.422600,,-0.054739,2.869800
2021-08-30,120.522300,-120.522300,-0.082758,-120.522300,,-0.082758,2.850500
2021-08-31,120.557700,-120.557700,-0.029368,-120.557700,,-0.029368,2.845000
2021-09-01,120.714700,-120.714700,-0.130143,-120.714700,,-0.130143,2.822600
2021-09-02,120.701900,-120.701900,0.010604,-120.701900,,0.010604,2.830100
2021-09-03,120.669300,-120.669300,0.027012,-120.669300,,0.027012,2.832700
2021-09-06,120.657400,-120.657400,0.009862,-120.657400,,0.009862,2.835400
2021-09-07,120.514300,-120.514300,0.118671,-120.514300,,0.118671,2.860400
2021-09-08,120.442400,-120.442400,0.059679,-120.442400,,0.059679,2.870500
2021-09-09,120.412800,-120.412800,0.024579,-120.412800,,0.024579,2.873000
2021-09-10,120.431200,-120.431200,-0.015280,-120.431200,,-0.015280,2.865600
2021-09-13,120.345400,-120.345400,0.071269,-120.345400,,0.071269,2.890800
2021-09-14,120.281300,-120.281300,0.053278,-120.281300,,0.053278,2.885800
2021-09-15,120.257300,-120.257300,0.019955,-120.257300,,0.019955,2.900900
2021-09-16,120.277300,-120.277300,-0.016630,-120.277300,,-0.016630,2.888500
2021-09-17,120.345100,-120.345100,-0.056354,-120.345100,,-0.056354,2.878500
2021-09-22,120.460000,-120.460000,-0.095430,-120.460000,,-0.095430,2.863900
2021-09-23,120.507700,-120.507700,-0.039590,-120.507700,,-0.039590,2.856500
2021-09-24,120.466300,-120.466300,0.034361,-120.466300,,0.034361,2.871900
2021-09-27,120.424900,-120.424900,0.034372,-120.424900,,0.034372,2.882500
2021-09-28,120.382200,-120.382200,0.035464,-120.382200,,0.035464,2.876900
2021-09-29,120.452300,-120.452300,-0.058214,-120.452300,,-0.058214,2.864600
2021-09-30,120.444800,-120.444800,0.006227,-120.444800,,0.006227,2.877600
2021-10-08,120.271300,-120.271300,0.144153,-120.271300,,0.144153,2.913100
2021-10-11,119.956100,-119.956100,0.262418,-119.956100,,0.262418,2.958000
2021-10-12,119.870800,-119.870800,0.071135,-119.870800,,0.071135,2.965700
2021-10-13,119.823500,-119.823500,0.039467,-119.823500,,0.039467,2.957800
2021-10-14,119.813100,-119.813100,0.008680,-119.813100,,0.008680,2.958100
2021-10-15,119.709400,-119.709400,0.086589,-119.709400,,0.086589,2.968300
2021-10-18,119.178500,-119.178500,0.444477,-119.178500,,0.444477,3.042600
2021-10-19,119.382800,-119.382800,-0.171277,-119.382800,,-0.171277,3.010200
2021-10-20,119.494800,-119.494800,-0.093772,-119.494800,,-0.093772,2.997800
2021-10-21,119.642400,-119.642400,-0.123444,-119.642400,,-0.123444,2.970200
2021-10-22,119.609500,-119.609500,0.027502,-119.609500,,0.027502,2.995300
2021-10-25,119.577700,-119.577700,0.026590,-119.577700,,0.026590,2.987900
2021-10-26,119.619800,-119.619800,-0.035201,-119.619800,,-0.035201,2.978000
2021-10-27,119.651000,-119.651000,-0.026079,-119.651000,,-0.026079,2.978100
2021-10-28,119.732300,-119.732300,-0.067925,-119.732300,,-0.067925,2.968200
2021-10-29,119.767000,-119.767000,-0.028977,-119.767000,,-0.028977,2.973200
2021-11-01,119.960000,-119.960000,-0.161017,-119.960000,,-0.161017,2.943500
2021-11-02,120.111300,-120.111300,-0.126046,-120.111300,,-0.126046,2.925900
2021-11-03,120.098300,-120.098300,0.010824,-120.098300,,0.010824,2.938500
2021-11-04,120.164500,-120.164500,-0.055106,-120.164500,,-0.055106,2.926100
2021-11-05,120.416700,-120.416700,-0.209659,-120.416700,,-0.209659,2.891100
2021-11-08,120.396600,-120.396600,0.016693,-120.396600,,0.016693,2.901300
2021-11-09,120.349900,-120.349900,0.038796,-120.349900,,0.038796,2.898800
2021-11-10,120.335900,-120.335900,0.011633,-120.335900,,0.011633,2.913900
2021-11-11,120.193900,-120.193900,0.118073,-120.193900,,0.118073,2.936500
2021-11-12,120.204300,-120.204300,-0.008652,-120.204300,,-0.008652,2.939100
2021-11-15,120.286900,-120.286900,-0.068693,-120.286900,,-0.068693,2.926900
2021-11-16,120.306000,-120.306000,-0.015877,-120.306000,,-0.015877,2.924400
2021-11-17,120.289600,-120.289600,0.013633,-120.289600,,0.013633,2.929500
2021-11-18,120.350900,-120.350900,-0.050947,-120.350900,,-0.050947,2.914600
2021-11-19,120.305400,-120.305400,0.037813,-120.305400,,0.037813,2.930200
2021-11-22,120.389000,-120.389000,-0.069466,-120.389000,,-0.069466,2.887600
2021-11-23,120.366600,-120.366600,0.018608,-120.366600,,0.018608,2.887500
2021-11-24,120.515500,-120.515500,-0.123629,-120.515500,,-0.123629,2.860000
2021-11-25,120.532000,-120.532000,-0.013690,-120.532000,,-0.013690,2.855000
2021-11-26,120.711600,-120.711600,-0.148895,-120.711600,,-0.148895,2.820000
2021-11-29,120.681300,-120.681300,0.025104,-120.681300,,0.025104,2.825000
2021-11-30,120.638500,-120.638500,0.035472,-120.638500,,0.035472,2.825000
2021-12-01,120.578800,-120.578800,0.049499,-120.578800,,0.049499,2.840100
2021-12-02,120.475800,-120.475800,0.085458,-120.475800,,0.085458,2.860100
2021-12-03,120.387800,-120.387800,0.073070,-120.387800,,0.073070,2.870100
2021-12-06,120.710800,-120.710800,-0.267940,-120.710800,,-0.267940,2.817600
2021-12-07,120.618000,-120.618000,0.076908,-120.618000,,0.076908,2.845100
2021-12-08,120.526300,-120.526300,0.076054,-120.526300,,0.076054,2.855100
2021-12-09,120.500800,-120.500800,0.021159,-120.500800,,0.021159,2.852600
2021-12-10,120.572400,-120.572400,-0.059401,-120.572400,,-0.059401,2.842600
2021-12-13,120.514400,-120.514400,0.048115,-120.514400,,0.048115,2.855200
2021-12-14,120.573100,-120.573100,-0.048696,-120.573100,,-0.048696,2.847700
2021-12-15,120.572700,-120.572700,0.000332,-120.572700,,0.000332,2.850200
2021-12-16,120.532100,-120.532100,0.033678,-120.532100,,0.033678,2.857700
2021-12-17,120.581600,-120.581600,-0.041059,-120.581600,,-0.041059,2.851200
2021-12-20,120.558900,-120.558900,0.018827,-120.558900,,0.018827,2.853300
2021-12-21,120.539600,-120.539600,0.016010,-120.539600,,0.016010,2.850800
2021-12-22,120.616800,-120.616800,-0.064025,-120.616800,,-0.064025,2.830300
2021-12-23,120.744800,-120.744800,-0.106065,-120.744800,,-0.106065,2.814300
2021-12-24,120.748600,-120.748600,-0.003147,-120.748600,,-0.003147,2.820300
2021-12-27,120.825000,-120.825000,-0.063252,-120.825000,,-0.063252,2.812800
2021-12-28,120.912000,-120.912000,-0.071979,-120.912000,,-0.071979,2.800400
2021-12-29,121.007600,-121.007600,-0.079035,-121.007600,,-0.079035,2.785400
2021-12-30,121.148100,-121.148100,-0.116041,-121.148100,,-0.116041,2.765400
2021-12-31,121.116600,-121.116600,0.026005,-121.116600,,0.026005,2.775400
2022-01-04,121.064900,-121.064900,0.042695,-121.064900,,0.042695,2.785500
2022-01-05,121.028200,-121.028200,0.030319,-121.028200,,0.030319,2.804500
2022-01-06,120.906800,-120.906800,0.100358,-120.906800,,0.100358,2.820500
2022-01-07,120.884100,-120.884100,0.018777,-120.884100,,0.018777,2.818100
2022-01-10,120.959100,-120.959100,-0.062024,-120.959100,,-0.062024,2.805600
2022-01-11,121.043900,-121.043900,-0.070082,-121.043900,,-0.070082,2.795700
2022-01-12,121.130400,-121.130400,-0.071436,-121.130400,,-0.071436,2.795700
2022-01-13,121.152800,-121.152800,-0.018491,-121.152800,,-0.018491,2.785800
2022-01-14,121.166600,-121.166600,-0.011390,-121.166600,,-0.011390,2.793500
2022-01-17,121.199200,-121.199200,-0.026901,-121.199200,,-0.026901,2.786000
2022-01-18,121.513000,-121.513000,-0.258578,-121.513000,,-0.258578,2.741500
2022-01-19,121.709100,-121.709100,-0.161252,-121.709100,,-0.161252,2.731400
2022-01-20,121.716600,-121.716600,-0.006162,-121.716600,,-0.006162,2.727100
2022-01-21,121.869000,-121.869000,-0.125131,-121.869000,,-0.125131,2.710000
2022-01-24,122.110700,-122.110700,-0.198131,-122.110700,,-0.198131,2.675100
2022-01-25,122.021500,-122.021500,0.073075,-122.021500,,0.073075,2.697900
2022-01-26,121.849600,-121.849600,0.140976,-121.849600,,0.140976,2.714600
2022-01-27,121.749900,-121.749900,0.081856,-121.749900,,0.081856,2.734800
2022-01-28,121.902000,-121.902000,-0.124850,-121.902000,,-0.124850,2.702100
2022-02-07,121.851100,-121.851100,0.041764,-121.851100,,0.041764,2.725600
2022-02-08,121.863100,-121.863100,-0.009848,-121.863100,,-0.009848,2.722700
2022-02-09,121.769400,-121.769400,0.076919,-121.769400,,0.076919,2.732800
2022-02-10,121.779900,-121.779900,-0.008622,-121.779900,,-0.008622,2.732800
2022-02-11,121.353700,-121.353700,0.350590,-121.353700,,0.350590,2.789100
2022-02-14,121.271100,-121.271100,0.068089,-121.271100,,0.068089,2.801800
2022-02-15,121.284600,-121.284600,-0.011131,-121.284600,,-0.011131,2.796800
2022-02-16,121.309400,-121.309400,-0.020446,-121.309400,,-0.020446,2.789200
2022-02-17,121.392700,-121.392700,-0.068644,-121.392700,,-0.068644,2.779900
2022-02-18,121.318800,-121.318800,0.060895,-121.318800,,0.060895,2.797500
2022-02-21,121.011300,-121.011300,0.253786,-121.011300,,0.253786,2.830000
2022-02-22,120.950700,-120.950700,0.050091,-120.950700,,0.050091,2.820000
2022-02-23,121.033300,-121.033300,-0.068269,-121.033300,,-0.068269,2.790000
2022-02-24,121.089600,-121.089600,-0.046505,-121.089600,,-0.046505,2.787500
2022-02-25,121.152200,-121.152200,-0.051684,-121.152200,,-0.051684,2.775000
2022-02-28,121.207200,-121.207200,-0.045387,-121.207200,,-0.045387,2.775000
2022-03-01,121.073300,-121.073300,0.110533,-121.073300,,0.110533,2.802500
2022-03-02,120.960900,-120.960900,0.092879,-120.960900,,0.092879,2.817500
2022-03-03,120.822600,-120.822600,0.114400,-120.822600,,0.114400,2.830000
2022-03-04,120.859000,-120.859000,-0.030122,-120.859000,,-0.030122,2.812500
2022-03-07,120.877600,-120.877600,-0.015389,-120.877600,,-0.015389,2.812600
2022-03-08,120.912500,-120.912500,-0.028868,-120.912500,,-0.028868,2.827600
2022-03-09,120.786300,-120.786300,0.104428,-120.786300,,0.104428,2.842600
2022-03-10,120.745100,-120.745100,0.034116,-120.745100,,0.034116,2.850200
2022-03-11,121.005800,-121.005800,-0.215677,-121.005800,,-0.215677,2.790200
2022-03-14,121.222900,-121.222900,-0.179252,-121.222900,,-0.179252,2.767700
2022-03-15,120.861900,-120.861900,0.298243,-120.861900,,0.298243,2.817700
2022-03-16,120.890600,-120.890600,-0.023743,-120.890600,,-0.023743,2.795200
2022-03-17,120.896800,-120.896800,-0.005128,-120.896800,,-0.005128,2.787600
2022-03-18,120.951700,-120.951700,-0.045400,-120.951700,,-0.045400,2.792700
2022-03-21,120.871100,-120.871100,0.066660,-120.871100,,0.066660,2.812700
2022-03-22,120.727800,-120.727800,0.118626,-120.727800,,0.118626,2.830200
2022-03-23,120.734400,-120.734400,-0.005467,-120.734400,,-0.005467,2.830200
2022-03-24,120.818200,-120.818200,-0.069384,-120.818200,,-0.069384,2.805200
2022-03-25,120.876400,-120.876400,-0.048160,-120.876400,,-0.048160,2.797200
2022-03-28,120.919400,-120.919400,-0.035567,-120.919400,,-0.035567,2.790300
2022-03-29,120.909700,-120.909700,0.008022,-120.909700,,0.008022,2.785300
2022-03-30,121.005400,-121.005400,-0.079119,-121.005400,,-0.079119,2.770300
2022-03-31,120.967400,-120.967400,0.031408,-120.967400,,0.031408,2.787800
2022-04-01,121.057600,-121.057600,-0.074538,-121.057600,,-0.074538,2.774300
2022-04-06,121.188400,-121.188400,-0.107989,-121.188400,,-0.107989,2.760400
2022-04-07,121.326900,-121.326900,-0.114220,-121.326900,,-0.114220,2.739400
2022-04-08,121.318100,-121.318100,0.007253,-121.318100,,0.007253,2.752900
2022-04-11,121.247400,-121.247400,0.058294,-121.247400,,0.058294,2.768000
2022-04-12,121.224300,-121.224300,0.019054,-121.224300,,0.019054,2.770500
2022-04-13,121.249100,-121.249100,-0.020456,-121.249100,,-0.020456,2.763100
2022-04-14,121.310600,-121.310600,-0.050709,-121.310600,,-0.050709,2.765600
2022-04-15,121.330700,-121.330700,-0.016568,-121.330700,,-0.016568,2.757800
2022-04-18,121.104800,-121.104800,0.186359,-121.104800,,0.186359,2.810700
2022-04-19,121.141000,-121.141000,-0.029887,-121.141000,,-0.029887,2.820800
2022-04-20,121.106000,-121.106000,0.028896,-121.106000,,0.028896,2.833000
2022-04-21,121.184000,-121.184000,-0.064386,-121.184000,,-0.064386,2.825900
2022-04-22,121.160100,-121.160100,0.019724,-121.160100,,0.019724,2.840900
2022-04-25,121.247300,-121.247300,-0.071945,-121.247300,,-0.071945,2.816000
2022-04-26,121.248500,-121.248500,-0.000990,-121.248500,,-0.000990,2.826000
2022-04-27,121.180700,-121.180700,0.055934,-121.180700,,0.055934,2.841100
2022-04-28,121.069200,-121.069200,0.092054,-121.069200,,0.092054,2.848600
2022-04-29,121.136100,-121.136100,-0.055242,-121.136100,,-0.055242,2.838600
2022-05-05,121.155600,-121.155600,-0.016096,-121.155600,,-0.016096,2.828200
2022-05-06,121.144900,-121.144900,0.008832,-121.144900,,0.008832,2.827300
2022-05-09,121.211500,-121.211500,-0.054960,-121.211500,,-0.054960,2.815400
2022-05-10,121.283500,-121.283500,-0.059383,-121.283500,,-0.059383,2.808900
2022-05-11,121.228000,-121.228000,0.045771,-121.228000,,0.045771,2.824000
2022-05-12,121.306100,-121.306100,-0.064403,-121.306100,,-0.064403,2.805500
2022-05-13,121.299700,-121.299700,0.005276,-121.299700,,0.005276,2.814000
2022-05-16,121.274200,-121.274200,0.021025,-121.274200,,0.021025,2.821600
2022-05-17,121.335500,-121.335500,-0.050534,-121.335500,,-0.050534,2.817800
2022-05-18,121.423700,-121.423700,-0.072665,-121.423700,,-0.072665,2.780100
2022-05-19,121.463700,-121.463700,-0.032937,-121.463700,,-0.032937,2.777400
2022-05-20,121.406900,-121.406900,0.046774,-121.406900,,0.046774,2.790000
2022-05-23,121.504400,-121.504400,-0.080276,-121.504400,,-0.080276,2.767500
2022-05-24,121.530200,-121.530200,-0.021232,-121.530200,,-0.021232,2.765000
2022-05-25,121.594200,-121.594200,-0.052648,-121.594200,,-0.052648,2.757500
2022-05-26,121.879400,-121.879400,-0.234276,-121.879400,,-0.234276,2.710000
2022-05-27,121.898700,-121.898700,-0.015834,-121.898700,,-0.015834,2.697400
2022-05-30,121.773600,-121.773600,0.102679,-121.773600,,0.102679,2.722500
2022-05-31,121.585900,-121.585900,0.154257,-121.585900,,0.154257,2.742600
2022-06-01,121.539000,-121.539000,0.038581,-121.539000,,0.038581,2.755100
2022-06-02,121.504400,-121.504400,0.028472,-121.504400,,0.028472,2.760100
2022-06-06,121.411700,-121.411700,0.076323,-121.411700,,0.076323,2.777600
2022-06-07,121.422900,-121.422900,-0.009224,-121.422900,,-0.009224,2.757600
2022-06-08,121.432500,-121.432500,-0.007906,-121.432500,,-0.007906,2.766100
2022-06-09,121.479000,-121.479000,-0.038286,-121.479000,,-0.038286,2.757600
2022-06-10,121.496500,-121.496500,-0.014405,-121.496500,,-0.014405,2.752600
2022-06-13,121.449600,-121.449600,0.038609,-121.449600,,0.038609,2.765200
2022-06-14,121.413700,-121.413700,0.029564,-121.413700,,0.029564,2.770200
2022-06-15,121.388500,-121.388500,0.020758,-121.388500,,0.020758,2.782700
2022-06-16,121.427000,-121.427000,-0.031711,-121.427000,,-0.031711,2.772800
2022-06-17,121.460100,-121.460100,-0.027255,-121.460100,,-0.027255,2.775200
2022-06-20,121.385600,-121.385600,0.061356,-121.385600,,0.061356,2.785300
2022-06-21,121.369000,-121.369000,0.013676,-121.369000,,0.013676,2.785300
2022-06-22,121.389700,-121.389700,-0.017054,-121.389700,,-0.017054,2.777300
2022-06-23,121.396100,-121.396100,-0.005272,-121.396100,,-0.005272,2.780300
2022-06-24,121.317600,-121.317600,0.064685,-121.317600,,0.064685,2.797800
2022-06-27,121.100900,-121.100900,0.178782,-121.100900,,0.178782,2.832900
2022-06-28,121.049200,-121.049200,0.042701,-121.049200,,0.042701,2.841400
2022-06-29,121.062400,-121.062400,-0.010904,-121.062400,,-0.010904,2.829400
2022-06-30,121.142900,-121.142900,-0.066473,-121.142900,,-0.066473,2.820500
2022-07-01,121.165400,-121.165400,-0.018571,-121.165400,,-0.018571,2.825500
2022-07-04,121.006700,-121.006700,0.131064,-121.006700,,0.131064,2.844500
2022-07-05,120.965400,-120.965400,0.034136,-120.965400,,0.034136,2.833300
2022-07-06,121.018900,-121.018900,-0.044218,-121.018900,,-0.044218,2.835600
2022-07-07,121.016600,-121.016600,0.001901,-121.016600,,0.001901,2.835600
2022-07-08,120.964800,-120.964800,0.042813,-120.964800,,0.042813,2.838400
2022-07-11,121.042300,-121.042300,-0.064048,-121.042300,,-0.064048,2.826600
2022-07-12,121.171400,-121.171400,-0.106600,-121.171400,,-0.106600,2.811700
2022-07-13,121.231000,-121.231000,-0.049174,-121.231000,,-0.049174,2.806700
2022-07-14,121.338500,-121.338500,-0.088634,-121.338500,,-0.088634,2.790700
2022-07-15,121.404400,-121.404400,-0.054296,-121.404400,,-0.054296,2.785700
2022-07-18,121.442500,-121.442500,-0.031378,-121.442500,,-0.031378,2.783700
2022-07-19,121.441100,-121.441100,0.001153,-121.441100,,0.001153,2.785900
2022-07-20,121.551300,-121.551300,-0.090702,-121.551300,,-0.090702,2.771000
2022-07-21,121.632300,-121.632300,-0.066616,-121.632300,,-0.066616,2.763500
2022-07-22,121.558600,-121.558600,0.060611,-121.558600,,0.060611,2.787000
2022-07-25,121.598100,-121.598100,-0.032489,-121.598100,,-0.032489,2.779000
2022-07-26,121.685100,-121.685100,-0.071522,-121.685100,,-0.071522,2.770000
2022-07-27,121.713500,-121.713500,-0.023336,-121.713500,,-0.023336,2.770100
2022-07-28,121.630100,-121.630100,0.068545,-121.630100,,0.068545,2.785000
2022-07-29,121.819800,-121.819800,-0.155843,-121.819800,,-0.155843,2.756000
2022-08-01,122.011500,-122.011500,-0.157240,-122.011500,,-0.157240,2.729200
2022-08-02,122.068000,-122.068000,-0.046296,-122.068000,,-0.046296,2.731400
2022-08-03,122.117000,-122.117000,-0.040134,-122.117000,,-0.040134,2.721800
2022-08-04,122.219600,-122.219600,-0.083983,-122.219600,,-0.083983,2.719200
2022-08-05,122.108800,-122.108800,0.090698,-122.108800,,0.090698,2.733900
2022-08-08,122.054100,-122.054100,0.044806,-122.054100,,0.044806,2.740900
2022-08-09,121.989200,-121.989200,0.053187,-121.989200,,0.053187,2.740000
2022-08-10,122.005000,-122.005000,-0.012951,-122.005000,,-0.012951,2.736600
2022-08-11,121.988900,-121.988900,0.013197,-121.988900,,0.013197,2.731700
2022-08-12,122.003300,-122.003300,-0.011804,-122.003300,,-0.011804,2.734700
2022-08-15,122.519300,-122.519300,-0.422048,-122.519300,,-0.422048,2.658200
2022-08-16,122.693900,-122.693900,-0.142407,-122.693900,,-0.142407,2.634600
2022-08-17,122.687400,-122.687400,0.005298,-122.687400,,0.005298,2.612400
2022-08-18,122.897600,-122.897600,-0.171183,-122.897600,,-0.171183,2.580000
2022-08-19,122.983200,-122.983200,-0.069627,-122.983200,,-0.069627,2.587500
2022-08-22,123.017200,-123.017200,-0.027642,-123.017200,,-0.027642,2.592500
2022-08-23,122.919500,-122.919500,0.079451,-122.919500,,0.079451,2.607500
2022-08-24,122.908600,-122.908600,0.008868,-122.908600,,0.008868,2.610000
2022-08-25,122.706900,-122.706900,0.164240,-122.706900,,0.164240,2.639000
2022-08-26,122.675600,-122.675600,0.025511,-122.675600,,0.025511,2.643000
2022-08-29,122.808200,-122.808200,-0.108032,-122.808200,,-0.108032,2.622500
2022-08-30,122.901500,-122.901500,-0.075943,-122.901500,,-0.075943,2.613000
2022-08-31,122.902700,-122.902700,-0.000976,-122.902700,,-0.000976,2.622500
2022-09-01,123.008300,-123.008300,-0.085885,-123.008300,,-0.085885,2.612500
2022-09-02,123.056300,-123.056300,-0.039014,-123.056300,,-0.039014,2.622600
2022-09-05,123.118300,-123.118300,-0.050371,-123.118300,,-0.050371,2.618000
2022-09-06,123.156900,-123.156900,-0.031347,-123.156900,,-0.031347,2.614000
2022-09-07,123.143400,-123.143400,0.010962,-123.143400,,0.010962,2.621500
2022-09-08,123.103600,-123.103600,0.032325,-123.103600,,0.032325,2.625600
2022-09-09,123.038800,-123.038800,0.052652,-123.038800,,0.052652,2.635000
2022-09-13,122.979300,-122.979300,0.048370,-122.979300,,0.048370,2.642700
2022-09-14,122.896900,-122.896900,0.067026,-122.896900,,0.067026,2.662500
2022-09-15,122.916600,-122.916600,-0.016028,-122.916600,,-0.016028,2.662500
2022-09-16,122.822700,-122.822700,0.076422,-122.822700,,0.076422,2.673000
2022-09-19,122.816800,-122.816800,0.004804,-122.816800,,0.004804,2.675000
2022-09-20,122.884800,-122.884800,-0.055352,-122.884800,,-0.055352,2.664000
2022-09-21,122.953700,-122.953700,-0.056053,-122.953700,,-0.056053,2.645100
2022-09-22,122.957400,-122.957400,-0.003009,-122.957400,,-0.003009,2.650100
2022-09-23,122.853800,-122.853800,0.084292,-122.853800,,0.084292,2.680200
2022-09-26,122.630700,-122.630700,0.181763,-122.630700,,0.181763,2.715400
2022-09-27,122.623900,-122.623900,0.005545,-122.623900,,0.005545,2.705100
2022-09-28,122.439400,-122.439400,0.150573,-122.439400,,0.150573,2.740100
2022-09-29,122.353700,-122.353700,0.070018,-122.353700,,0.070018,2.750100
2022-09-30,122.168400,-122.168400,0.151561,-122.168400,,0.151561,2.760100
2022-10-10,122.336100,-122.336100,-0.137175,-122.336100,,-0.137175,2.740200
2022-10-11,122.385800,-122.385800,-0.040618,-122.385800,,-0.040618,2.742600
2022-10-12,122.377300,-122.377300,0.006945,-122.377300,,0.006945,2.735200
2022-10-13,122.461000,-122.461000,-0.068372,-122.461000,,-0.068372,2.725200
2022-10-14,122.633600,-122.633600,-0.140844,-122.633600,,-0.140844,2.697700
2022-10-17,122.648100,-122.648100,-0.011823,-122.648100,,-0.011823,2.700200
2022-10-18,122.649800,-122.649800,-0.001386,-122.649800,,-0.001386,2.700200
2022-10-19,122.660000,-122.660000,-0.008316,-122.660000,,-0.008316,2.705200
2022-10-20,122.580300,-122.580300,0.064997,-122.580300,,0.064997,2.717500
2022-10-21,122.550100,-122.550100,0.024640,-122.550100,,0.024640,2.727800
2022-10-24,122.595900,-122.595900,-0.037365,-122.595900,,-0.037365,2.715300
2022-10-25,122.558000,-122.558000,0.030919,-122.558000,,0.030919,2.727800
2022-10-26,122.609500,-122.609500,-0.042012,-122.609500,,-0.042012,2.702500
2022-10-27,122.724300,-122.724300,-0.093587,-122.724300,,-0.093587,2.695300
2022-10-28,122.842700,-122.842700,-0.096430,-122.842700,,-0.096430,2.665300
2022-10-31,122.991600,-122.991600,-0.121139,-122.991600,,-0.121139,2.643300
2022-11-01,122.882600,-122.882600,0.088663,-122.882600,,0.088663,2.662900
2022-11-02,122.777200,-122.777200,0.085810,-122.777200,,0.085810,2.685400
2022-11-03,122.789900,-122.789900,-0.010343,-122.789900,,-0.010343,2.677600
2022-11-04,122.690300,-122.690300,0.081147,-122.690300,,0.081147,2.702300
2022-11-07,122.682700,-122.682700,0.006195,-122.682700,,0.006195,2.700300
2022-11-08,122.666300,-122.666300,0.013369,-122.666300,,0.013369,2.685300
2022-11-09,122.638600,-122.638600,0.022584,-122.638600,,0.022584,2.695300
2022-11-10,122.599700,-122.599700,0.031724,-122.599700,,0.031724,2.702800
2022-11-11,122.371600,-122.371600,0.186226,-122.371600,,0.186226,2.735400
2022-11-14,121.550300,-121.550300,0.673415,-121.550300,,0.673415,2.835400
2022-11-15,121.574000,-121.574000,-0.019496,-121.574000,,-0.019496,2.815500
2022-11-16,121.411300,-121.411300,0.133918,-121.411300,,0.133918,2.832900
2022-11-17,121.555900,-121.555900,-0.119028,-121.555900,,-0.119028,2.802600
2022-11-18,121.554300,-121.554300,0.001316,-121.554300,,0.001316,2.825000
2022-11-21,121.633500,-121.633500,-0.065135,-121.633500,,-0.065135,2.818000
2022-11-22,121.593900,-121.593900,0.032562,-121.593900,,0.032562,2.827600
2022-11-23,121.774300,-121.774300,-0.148253,-121.774300,,-0.148253,2.797500
2022-11-24,121.899100,-121.899100,-0.102432,-121.899100,,-0.102432,2.795000
2022-11-25,121.666100,-121.666100,0.191325,-121.666100,,0.191325,2.830000
2022-11-28,121.479100,-121.479100,0.153818,-121.479100,,0.153818,2.860000
2022-11-29,121.184800,-121.184800,0.242558,-121.184800,,0.242558,2.880000
2022-11-30,121.140100,-121.140100,0.036893,-121.140100,,0.036893,2.885000
2022-12-01,121.225100,-121.225100,-0.070142,-121.225100,,-0.070142,2.860000
2022-12-02,121.241100,-121.241100,-0.013198,-121.241100,,-0.013198,2.867600
2022-12-05,121.165800,-121.165800,0.062127,-121.165800,,0.062127,2.890200
2022-12-06,120.992000,-120.992000,0.143543,-120.992000,,0.143543,2.915200
2022-12-07,121.049900,-121.049900,-0.047843,-121.049900,,-0.047843,2.870200
2022-12-08,121.099400,-121.099400,-0.040884,-121.099400,,-0.040884,2.885300
2022-12-09,121.008100,-121.008100,0.075421,-121.008100,,0.075421,2.890300
2022-12-12,120.995900,-120.995900,0.010082,-120.995900,,0.010082,2.890200
2022-12-13,120.873400,-120.873400,0.101294,-120.873400,,0.101294,2.895200
2022-12-14,121.097900,-121.097900,-0.185559,-121.097900,,-0.185559,2.865500
2022-12-15,121.069500,-121.069500,0.023455,-121.069500,,0.023455,2.882900
2022-12-16,121.051400,-121.051400,0.014951,-121.051400,,0.014951,2.885600
2022-12-19,121.235400,-121.235400,-0.151886,-121.235400,,-0.151886,2.863200
2022-12-20,121.249500,-121.249500,-0.011630,-121.249500,,-0.011630,2.873200
2022-12-21,121.278000,-121.278000,-0.023502,-121.278000,,-0.023502,2.860600
2022-12-22,121.356000,-121.356000,-0.064294,-121.356000,,-0.064294,2.850300
2022-12-23,121.461100,-121.461100,-0.086567,-121.461100,,-0.086567,2.825100
2022-12-26,121.418600,-121.418600,0.034997,-121.418600,,0.034997,2.837800
2022-12-27,121.323000,-121.323000,0.078767,-121.323000,,0.078767,2.865700
2022-12-28,121.348000,-121.348000,-0.020604,-121.348000,,-0.020604,2.850300
2022-12-29,121.470800,-121.470800,-0.101145,-121.470800,,-0.101145,2.837600
2022-12-30,121.526700,-121.526700,-0.046009,-121.526700,,-0.046009,2.835300
2023-01-03,121.579000,-121.579000,-0.043027,-121.579000,,-0.043027,2.822800
2023-01-04,121.675400,-121.675400,-0.079259,-121.675400,,-0.079259,2.810300
2023-01-05,121.643900,-121.643900,0.025892,-121.643900,,0.025892,2.830400
2023-01-06,121.560000,-121.560000,0.068996,-121.560000,,0.068996,2.832800
2023-01-09,121.526600,-121.526600,0.027480,-121.526600,,0.027480,2.842800
2023-01-10,121.371100,-121.371100,0.128037,-121.371100,,0.128037,2.860200
2023-01-11,121.352100,-121.352100,0.015656,-121.352100,,0.015656,2.860300
2023-01-12,121.377000,-121.377000,-0.020517,-121.377000,,-0.020517,2.877800
2023-01-13,121.295100,-121.295100,0.067498,-121.295100,,0.067498,2.901000
2023-01-16,121.126400,-121.126400,0.139179,-121.126400,,0.139179,2.916700
2023-01-17,121.199200,-121.199200,-0.060084,-121.199200,,-0.060084,2.901700
2023-01-18,121.154300,-121.154300,0.037053,-121.154300,,0.037053,2.922200
2023-01-19,121.147800,-121.147800,0.005365,-121.147800,,0.005365,2.914500
2023-01-20,121.116500,-121.116500,0.025840,-121.116500,,0.025840,2.933100
2023-01-30,121.133100,-121.133100,-0.013705,-121.133100,,-0.013705,2.913300
2023-01-31,121.162700,-121.162700,-0.024433,-121.162700,,-0.024433,2.897700
2023-02-01,121.121200,-121.121200,0.034257,-121.121200,,0.034257,2.910100
2023-02-02,121.135400,-121.135400,-0.011723,-121.135400,,-0.011723,2.897000
2023-02-03,121.157000,-121.157000,-0.017830,-121.157000,,-0.017830,2.894300
2023-02-06,121.121100,-121.121100,0.029635,-121.121100,,0.029635,2.901700
2023-02-07,121.133300,-121.133300,-0.010072,-121.133300,,-0.010072,2.896400
2023-02-08,121.139800,-121.139800,-0.005366,-121.139800,,-0.005366,2.897300
2023-02-09,121.151100,-121.151100,-0.009328,-121.151100,,-0.009328,2.891200
2023-02-10,121.153900,-121.153900,-0.002311,-121.153900,,-0.002311,2.900300
2023-02-13,121.160000,-121.160000,-0.005035,-121.160000,,-0.005035,2.894300
2023-02-14,121.167200,-121.167200,-0.005942,-121.167200,,-0.005942,2.891400
2023-02-15,121.163300,-121.163300,0.003219,-121.163300,,0.003219,2.891800
2023-02-16,121.184000,-121.184000,-0.017083,-121.184000,,-0.017083,2.890700
2023-02-17,121.175100,-121.175100,0.007344,-121.175100,,0.007344,2.892000
2023-02-20,121.083900,-121.083900,0.075291,-121.083900,,0.075291,2.917000
2023-02-21,121.010600,-121.010600,0.060555,-121.010600,,0.060555,2.919000
2023-02-22,121.043500,-121.043500,-0.027184,-121.043500,,-0.027184,2.917500
2023-02-23,121.026900,-121.026900,0.013715,-121.026900,,0.013715,2.922000
2023-02-24,121.027900,-121.027900,-0.000826,-121.027900,,-0.000826,2.912600
2023-02-27,121.013700,-121.013700,0.011734,-121.013700,,0.011734,2.911700
2023-02-28,121.011600,-121.011600,0.001735,-121.011600,,0.001735,2.901700
2023-03-01,121.028800,-121.028800,-0.014213,-121.028800,,-0.014213,2.897700
2023-03-02,120.999400,-120.999400,0.024295,-120.999400,,0.024295,2.911100
2023-03-03,120.978200,-120.978200,0.017522,-120.978200,,0.017522,2.902600
2023-03-06,121.121400,-121.121400,-0.118298,-121.121400,,-0.118298,2.882600
2023-03-07,121.163200,-121.163200,-0.034505,-121.163200,,-0.034505,2.872600
2023-03-08,121.161000,-121.161000,0.001816,-121.161000,,0.001816,2.882800
2023-03-09,121.192800,-121.192800,-0.026243,-121.192800,,-0.026243,2.875200
2023-03-10,121.261700,-121.261700,-0.056835,-121.261700,,-0.056835,2.862700
2023-03-13,121.258600,-121.258600,0.002556,-121.258600,,0.002556,2.870300
2023-03-14,121.288300,-121.288300,-0.024490,-121.288300,,-0.024490,2.865200
2023-03-15,121.278100,-121.278100,0.008410,-121.278100,,0.008410,2.865200
2023-03-16,121.378900,-121.378900,-0.083080,-121.378900,,-0.083080,2.855200
2023-03-17,121.439800,-121.439800,-0.050161,-121.439800,,-0.050161,2.860200
2023-03-20,121.529500,-121.529500,-0.073836,-121.529500,,-0.073836,2.850400
2023-03-21,121.511500,-121.511500,0.014812,-121.511500,,0.014812,2.860400
2023-03-22,121.468000,-121.468000,0.035805,-121.468000,,0.035805,2.857700
2023-03-23,121.455400,-121.455400,0.010374,-121.455400,,0.010374,2.865200
2023-03-24,121.397500,-121.397500,0.047683,-121.397500,,0.047683,2.867600
2023-03-27,121.458600,-121.458600,-0.050318,-121.458600,,-0.050318,2.855100
2023-03-28,121.448900,-121.448900,0.007987,-121.448900,,0.007987,2.855600
2023-03-29,121.451800,-121.451800,-0.002388,-121.451800,,-0.002388,2.853200
2023-03-30,121.465300,-121.465300,-0.011115,-121.465300,,-0.011115,2.860300
2023-03-31,121.449000,-121.449000,0.013420,-121.449000,,0.013420,2.852800
2023-04-03,121.415800,-121.415800,0.027340,-121.415800,,0.027340,2.860400
2023-04-04,121.399000,-121.399000,0.013838,-121.399000,,0.013838,2.858400
2023-04-06,121.388400,-121.388400,0.008732,-121.388400,,0.008732,2.860500
2023-04-07,121.430300,-121.430300,-0.034511,-121.430300,,-0.034511,2.846400
2023-04-10,121.468400,-121.468400,-0.031371,-121.468400,,-0.031371,2.845500
2023-04-11,121.592200,-121.592200,-0.101868,-121.592200,,-0.101868,2.820300
2023-04-12,121.697200,-121.697200,-0.086317,-121.697200,,-0.086317,2.815800
2023-04-13,121.663500,-121.663500,0.027696,-121.663500,,0.027696,2.827700
2023-04-14,121.657300,-121.657300,0.005096,-121.657300,,0.005096,2.828100
2023-04-17,121.588200,-121.588200,0.056815,-121.588200,,0.056815,2.843200
2023-04-18,121.616200,-121.616200,-0.023026,-121.616200,,-0.023026,2.831900
2023-04-19,121.682900,-121.682900,-0.054830,-121.682900,,-0.054830,2.833300
2023-04-20,121.699400,-121.699400,-0.013559,-121.699400,,-0.013559,2.833200
2023-04-21,121.746800,-121.746800,-0.038941,-121.746800,,-0.038941,2.825800
2023-04-24,121.829500,-121.829500,-0.067905,-121.829500,,-0.067905,2.817600
2023-04-25,121.845900,-121.845900,-0.013461,-121.845900,,-0.013461,2.815700
2023-04-26,121.885700,-121.885700,-0.032659,-121.885700,,-0.032659,2.805800
2023-04-27,122.031100,-122.031100,-0.119221,-122.031100,,-0.119221,2.785200
2023-04-28,122.052200,-122.052200,-0.017289,-122.052200,,-0.017289,2.778800
2023-05-04,122.181500,-122.181500,-0.105882,-122.181500,,-0.105882,2.761300
2023-05-05,122.341400,-122.341400,-0.130785,-122.341400,,-0.130785,2.733800
2023-05-08,122.280900,-122.280900,0.049464,-122.280900,,0.049464,2.748400
2023-05-09,122.291800,-122.291800,-0.008914,-122.291800,,-0.008914,2.738300
2023-05-10,122.415100,-122.415100,-0.100774,-122.415100,,-0.100774,2.721000
2023-05-11,122.572500,-122.572500,-0.128496,-122.572500,,-0.128496,2.701000
2023-05-12,122.540300,-122.540300,0.026274,-122.540300,,0.026274,2.705800
2023-05-15,122.487800,-122.487800,0.042852,-122.487800,,0.042852,2.719000
2023-05-16,122.457100,-122.457100,0.025067,-122.457100,,0.025067,2.712900
2023-05-17,122.417400,-122.417400,0.032425,-122.417400,,0.032425,2.721000
2023-05-18,122.370500,-122.370500,0.038319,-122.370500,,0.038319,2.718400
2023-05-19,122.429700,-122.429700,-0.048366,-122.429700,,-0.048366,2.715100
2023-05-22,122.485500,-122.485500,-0.045567,-122.485500,,-0.045567,2.713200
2023-05-23,122.615300,-122.615300,-0.105916,-122.615300,,-0.105916,2.696200
2023-05-24,122.621300,-122.621300,-0.004893,-122.621300,,-0.004893,2.703700
2023-05-25,122.581500,-122.581500,0.032463,-122.581500,,0.032463,2.706500
2023-05-26,122.508500,-122.508500,0.059570,-122.508500,,0.059570,2.720500
2023-05-29,122.519300,-122.519300,-0.008815,-122.519300,,-0.008815,2.695000
2023-05-30,122.565200,-122.565200,-0.037456,-122.565200,,-0.037456,2.700000
2023-05-31,122.610600,-122.610600,-0.037035,-122.610600,,-0.037035,2.685000
2023-06-01,122.704300,-122.704300,-0.076392,-122.704300,,-0.076392,2.682500
2023-06-02,122.635700,-122.635700,0.055922,-122.635700,,0.055922,2.695100
2023-06-05,122.624800,-122.624800,0.008889,-122.624800,,0.008889,2.692600
2023-06-06,122.689800,-122.689800,-0.052993,-122.689800,,-0.052993,2.682600
2023-06-07,122.753100,-122.753100,-0.051580,-122.753100,,-0.051580,2.682700
2023-06-08,122.733800,-122.733800,0.015724,-122.733800,,0.015724,2.682200
2023-06-09,122.832400,-122.832400,-0.080304,-122.832400,,-0.080304,2.670300
2023-06-12,122.880300,-122.880300,-0.038989,-122.880300,,-0.038989,2.670400
2023-06-13,123.089400,-123.089400,-0.170021,-123.089400,,-0.170021,2.622700
2023-06-14,123.197400,-123.197400,-0.087703,-123.197400,,-0.087703,2.617800
2023-06-15,122.990200,-122.990200,0.168327,-122.990200,,0.168327,2.648200
2023-06-16,122.793200,-122.793200,0.160304,-122.793200,,0.160304,2.662600
2023-06-19,122.629400,-122.629400,0.133484,-122.629400,,0.133484,2.687600
2023-06-20,122.703100,-122.703100,-0.060082,-122.703100,,-0.060082,2.675100
2023-06-21,122.784100,-122.784100,-0.065991,-122.784100,,-0.065991,2.670100
2023-06-26,122.840400,-122.840400,-0.045842,-122.840400,,-0.045842,2.667700
2023-06-27,122.791300,-122.791300,0.039979,-122.791300,,0.039979,2.667600
2023-06-28,122.833600,-122.833600,-0.034443,-122.833600,,-0.034443,2.665100
2023-06-29,122.875600,-122.875600,-0.034187,-122.875600,,-0.034187,2.652600
2023-06-30,123.020300,-123.020300,-0.117692,-123.020300,,-0.117692,2.635100
2023-07-03,123.016100,-123.016100,0.003414,-123.016100,,0.003414,2.640200
2023-07-04,123.015900,-123.015900,0.000163,-123.015900,,0.000163,2.647700
2023-07-05,123.041400,-123.041400,-0.020727,-123.041400,,-0.020727,2.640200
2023-07-06,123.085600,-123.085600,-0.035916,-123.085600,,-0.035916,2.639200
2023-07-07,123.110200,-123.110200,-0.019984,-123.110200,,-0.019984,2.640300
2023-07-10,123.122500,-123.122500,-0.009991,-123.122500,,-0.009991,2.640300
2023-07-11,123.189000,-123.189000,-0.053997,-123.189000,,-0.053997,2.635300
2023-07-12,123.198600,-123.198600,-0.007793,-123.198600,,-0.007793,2.637800
2023-07-13,123.213000,-123.213000,-0.011688,-123.213000,,-0.011688,2.641300
2023-07-14,123.175100,-123.175100,0.030764,-123.175100,,0.030764,2.644400
2023-07-17,123.235400,-123.235400,-0.048943,-123.235400,,-0.048943,2.636400
2023-07-18,123.338900,-123.338900,-0.083950,-123.338900,,-0.083950,2.623400
2023-07-19,123.370000,-123.370000,-0.025212,-123.370000,,-0.025212,2.623300
2023-07-20,123.389400,-123.389400,-0.015724,-123.389400,,-0.015724,2.621400
2023-07-21,123.503900,-123.503900,-0.092753,-123.503900,,-0.092753,2.607900
2023-07-24,123.630900,-123.630900,-0.102778,-123.630900,,-0.102778,2.593400
2023-07-25,123.208800,-123.208800,0.342004,-123.208800,,0.342004,2.663000
2023-07-26,123.296900,-123.296900,-0.071479,-123.296900,,-0.071479,2.643000
2023-07-27,123.414700,-123.414700,-0.095496,-123.414700,,-0.095496,2.639500
2023-07-28,123.357000,-123.357000,0.046764,-123.357000,,0.046764,2.653300
2023-07-31,123.265700,-123.265700,0.074040,-123.265700,,0.074040,2.659700
2023-08-01,123.305300,-123.305300,-0.032121,-123.305300,,-0.032121,2.660700
2023-08-02,123.361900,-123.361900,-0.045892,-123.361900,,-0.045892,2.652500
2023-08-03,123.435800,-123.435800,-0.059887,-123.435800,,-0.059887,2.643500
2023-08-04,123.444500,-123.444500,-0.007048,-123.444500,,-0.007048,2.646900
2023-08-07,123.462800,-123.462800,-0.014823,-123.462800,,-0.014823,2.646200
2023-08-08,123.476100,-123.476100,-0.010772,-123.476100,,-0.010772,2.645400
2023-08-09,123.479700,-123.479700,-0.002916,-123.479700,,-0.002916,2.646100
2023-08-10,123.450200,-123.450200,0.023893,-123.450200,,0.023893,2.647500
2023-08-11,123.475600,-123.475600,-0.020573,-123.475600,,-0.020573,2.638100
2023-08-14,123.598200,-123.598200,-0.099242,-123.598200,,-0.099242,2.621200
2023-08-15,123.825300,-123.825300,-0.183572,-123.825300,,-0.183572,2.575900
2023-08-16,123.906800,-123.906800,-0.065797,-123.906800,,-0.065797,2.564900
2023-08-17,123.892300,-123.892300,0.011703,-123.892300,,0.011703,2.567800
2023-08-18,123.945300,-123.945300,-0.042770,-123.945300,,-0.042770,2.563900
2023-08-21,124.173400,-124.173400,-0.183864,-124.173400,,-0.183864,2.540300
2023-08-22,124.151100,-124.151100,0.017960,-124.151100,,0.017960,2.556400
2023-08-23,124.165400,-124.165400,-0.011518,-124.165400,,-0.011518,2.553500
2023-08-24,124.176600,-124.176600,-0.009020,-124.176600,,-0.009020,2.554300
2023-08-25,124.108100,-124.108100,0.055179,-124.108100,,0.055179,2.570200
2023-08-28,123.964800,-123.964800,0.115531,-123.964800,,0.115531,2.583700
2023-08-29,123.900400,-123.900400,0.051964,-123.900400,,0.051964,2.570000
2023-08-30,123.922500,-123.922500,-0.017835,-123.922500,,-0.017835,2.560000
2023-08-31,123.968900,-123.968900,-0.037436,-123.968900,,-0.037436,2.557500
2023-09-01,123.808500,-123.808500,0.129471,-123.808500,,0.129471,2.585000
2023-09-04,123.506900,-123.506900,0.243899,-123.506900,,0.243899,2.612400
2023-09-05,123.465000,-123.465000,0.033931,-123.465000,,0.033931,2.615000
2023-09-06,123.287900,-123.287900,0.143544,-123.287900,,0.143544,2.637500
2023-09-07,123.186700,-123.186700,0.082118,-123.186700,,0.082118,2.635000
2023-09-08,123.173900,-123.173900,0.010391,-123.173900,,0.010391,2.637500
2023-09-11,123.130800,-123.130800,0.034997,-123.130800,,0.034997,2.630000
2023-09-12,123.190200,-123.190200,-0.048230,-123.190200,,-0.048230,2.623000
2023-09-13,123.245500,-123.245500,-0.044880,-123.245500,,-0.044880,2.615000
2023-09-14,123.362400,-123.362400,-0.094806,-123.362400,,-0.094806,2.607500
2023-09-15,123.219900,-123.219900,0.115580,-123.219900,,0.115580,2.640000
2023-09-18,123.092600,-123.092600,0.103365,-123.092600,,0.103365,2.650000
2023-09-19,123.061800,-123.061800,0.025025,-123.061800,,0.025025,2.662500
2023-09-20,123.026700,-123.026700,0.028526,-123.026700,,0.028526,2.665000
2023-09-21,123.087100,-123.087100,-0.049083,-123.087100,,-0.049083,2.657600
2023-09-22,123.001100,-123.001100,0.069894,-123.001100,,0.069894,2.677600
2023-09-25,122.867500,-122.867500,0.108676,-122.867500,,0.108676,2.697600
2023-09-26,122.794400,-122.794400,0.059513,-122.794400,,0.059513,2.695100
2023-09-27,122.788000,-122.788000,0.005212,-122.788000,,0.005212,2.687700
2023-09-28,122.907500,-122.907500,-0.097275,-122.907500,,-0.097275,2.675100
2023-10-09,122.966200,-122.966200,-0.047748,-122.966200,,-0.047748,2.670200
2023-10-10,122.877400,-122.877400,0.072241,-122.877400,,0.072241,2.681100
2023-10-11,122.719400,-122.719400,0.128666,-122.719400,,0.128666,2.697600
2023-10-12,122.686900,-122.686900,0.026487,-122.686900,,0.026487,2.691100
2023-10-13,122.815600,-122.815600,-0.104846,-122.815600,,-0.104846,2.670200
2023-10-16,122.838800,-122.838800,-0.018888,-122.838800,,-0.018888,2.677700
2023-10-17,122.769600,-122.769600,0.056350,-122.769600,,0.056350,2.688200
2023-10-18,122.726500,-122.726500,0.035113,-122.726500,,0.035113,2.705200
2023-10-19,122.590900,-122.590900,0.110551,-122.590900,,0.110551,2.717700
2023-10-20,122.614900,-122.614900,-0.019575,-122.614900,,-0.019575,2.705200
2023-10-23,122.709900,-122.709900,-0.077448,-122.709900,,-0.077448,2.704700
2023-10-24,122.619900,-122.619900,0.073371,-122.619900,,0.073371,2.717700
2023-10-25,122.686400,-122.686400,-0.054218,-122.686400,,-0.054218,2.705200
2023-10-26,122.706800,-122.706800,-0.016626,-122.706800,,-0.016626,2.715200
2023-10-27,122.662900,-122.662900,0.035783,-122.662900,,0.035783,2.713300
2023-10-30,122.690700,-122.690700,-0.022661,-122.690700,,-0.022661,2.714100
2023-10-31,122.789000,-122.789000,-0.080088,-122.789000,,-0.080088,2.693800
2023-11-01,122.814100,-122.814100,-0.020439,-122.814100,,-0.020439,2.685300
2023-11-02,122.964600,-122.964600,-0.122468,-122.964600,,-0.122468,2.655300
2023-11-03,122.936300,-122.936300,0.023017,-122.936300,,0.023017,2.661300
2023-11-06,122.951700,-122.951700,-0.012526,-122.951700,,-0.012526,2.655400
2023-11-07,122.943200,-122.943200,0.006914,-122.943200,,0.006914,2.663200
2023-11-08,122.957300,-122.957300,-0.011468,-122.957300,,-0.011468,2.646400
2023-11-09,123.004600,-123.004600,-0.038461,-123.004600,,-0.038461,2.649400
2023-11-10,123.048600,-123.048600,-0.035765,-123.048600,,-0.035765,2.644400
2023-11-13,123.110800,-123.110800,-0.050536,-123.110800,,-0.050536,2.645400
2023-11-14,123.066900,-123.066900,0.035665,-123.066900,,0.035665,2.657300
2023-11-15,123.043500,-123.043500,0.019016,-123.043500,,0.019016,2.663300
2023-11-16,123.116100,-123.116100,-0.058986,-123.116100,,-0.058986,2.655800
2023-11-17,123.165100,-123.165100,-0.039792,-123.165100,,-0.039792,2.652400
2023-11-20,123.144400,-123.144400,0.016808,-123.144400,,0.016808,2.658400
2023-11-21,123.114700,-123.114700,0.024121,-123.114700,,0.024121,2.668400
2023-11-22,123.027600,-123.027600,0.070772,-123.027600,,0.070772,2.682300
2023-11-23,122.863700,-122.863700,0.133311,-122.863700,,0.133311,2.702300
2023-11-24,122.856500,-122.856500,0.005860,-122.856500,,0.005860,2.705300
2023-11-27,122.764400,-122.764400,0.074994,-122.764400,,0.074994,2.710800
2023-11-28,122.836800,-122.836800,-0.058957,-122.836800,,-0.058957,2.689800
2023-11-29,122.867300,-122.867300,-0.024827,-122.867300,,-0.024827,2.682600
2023-11-30,122.950500,-122.950500,-0.067692,-122.950500,,-0.067692,2.668000
2023-12-01,122.933000,-122.933000,0.014234,-122.933000,,0.014234,2.662500
2023-12-04,122.900200,-122.900200,0.026685,-122.900200,,0.026685,2.672500
2023-12-05,122.889900,-122.889900,0.008381,-122.889900,,0.008381,2.665000
2023-12-06,122.869700,-122.869700,0.016439,-122.869700,,0.016439,2.672500
2023-12-07,122.890800,-122.890800,-0.017171,-122.890800,,-0.017171,2.664000
2023-12-08,122.935300,-122.935300,-0.036204,-122.935300,,-0.036204,2.663600
2023-12-11,123.040900,-123.040900,-0.085862,-123.040900,,-0.085862,2.644000
2023-12-12,123.042700,-123.042700,-0.001463,-123.042700,,-0.001463,2.637500
2023-12-13,123.177000,-123.177000,-0.109090,-123.177000,,-0.109090,2.622600
2023-12-14,123.201400,-123.201400,-0.019807,-123.201400,,-0.019807,2.637600
2023-12-15,123.369000,-123.369000,-0.135945,-123.369000,,-0.135945,2.622700
2023-12-18,123.464200,-123.464200,-0.077137,-123.464200,,-0.077137,2.612600
2023-12-19,123.453000,-123.453000,0.009072,-123.453000,,0.009072,2.619100
2023-12-20,123.468300,-123.468300,-0.012393,-123.468300,,-0.012393,2.622200
2023-12-21,123.639400,-123.639400,-0.138482,-123.639400,,-0.138482,2.590100
2023-12-22,123.738200,-123.738200,-0.079878,-123.738200,,-0.079878,2.587700
2023-12-25,123.914700,-123.914700,-0.142538,-123.914700,,-0.142538,2.567800
2023-12-26,123.938600,-123.938600,-0.019286,-123.938600,,-0.019286,2.580400
2023-12-27,124.010200,-124.010200,-0.057754,-124.010200,,-0.057754,2.557700
2023-12-28,124.015600,-124.015600,-0.004354,-124.015600,,-0.004354,2.569400
2023-12-29,123.999700,-123.999700,0.012822,-123.999700,,0.012822,2.555300
2024-01-02,123.940700,-123.940700,0.047592,-123.940700,,0.047592,2.560100
2024-01-03,123.883700,-123.883700,0.046000,-123.883700,,0.046000,2.553100
2024-01-04,124.007200,-124.007200,-0.099641,-124.007200,,-0.099641,2.536800
2024-01-05,124.150600,-124.150600,-0.115572,-124.150600,,-0.115572,2.517500
2024-01-08,124.158900,-124.158900,-0.006685,-124.158900,,-0.006685,2.513600
2024-01-09,124.348400,-124.348400,-0.152511,-124.348400,,-0.152511,2.486200
2024-01-10,124.300600,-124.300600,0.038448,-124.300600,,0.038448,2.498200
2024-01-11,124.287800,-124.287800,0.010298,-124.287800,,0.010298,2.499200
2024-01-12,124.194100,-124.194100,0.075418,-124.194100,,0.075418,2.517200
2024-01-15,124.196100,-124.196100,-0.001610,-124.196100,,-0.001610,2.521200
2024-01-16,124.180800,-124.180800,0.012320,-124.180800,,0.012320,2.525200
2024-01-17,124.267200,-124.267200,-0.069552,-124.267200,,-0.069552,2.507700
2024-01-18,124.321800,-124.321800,-0.043928,-124.321800,,-0.043928,2.509200
2024-01-19,124.415100,-124.415100,-0.075019,-124.415100,,-0.075019,2.502700
2024-01-22,124.629300,-124.629300,-0.172018,-124.629300,,-0.172018,2.492200
2024-01-23,124.597200,-124.597200,0.025760,-124.597200,,0.025760,2.504200
2024-01-24,124.613400,-124.613400,-0.013001,-124.613400,,-0.013001,2.504200
2024-01-25,124.711500,-124.711500,-0.078693,-124.711500,,-0.078693,2.498400
2024-01-26,124.726900,-124.726900,-0.012348,-124.726900,,-0.012348,2.499400
2024-01-29,124.785200,-124.785200,-0.046731,-124.785200,,-0.046731,2.494000
2024-01-30,125.152000,-125.152000,-0.293514,-125.152000,,-0.293514,2.455700
2024-01-31,125.382500,-125.382500,-0.184007,-125.382500,,-0.184007,2.433000
2024-02-01,125.368000,-125.368000,0.011565,-125.368000,,0.011565,2.435400
2024-02-02,125.363700,-125.363700,0.003430,-125.363700,,0.003430,2.424400
2024-02-05,125.547300,-125.547300,-0.146347,-125.547300,,-0.146347,2.400200
2024-02-06,125.162000,-125.162000,0.307368,-125.162000,,0.307368,2.452500
2024-02-07,125.327000,-125.327000,-0.131742,-125.327000,,-0.131742,2.415300
2024-02-08,125.256400,-125.256400,0.056349,-125.256400,,0.056349,2.437900
2024-02-19,125.301700,-125.301700,-0.036159,-125.301700,,-0.036159,2.434400
2024-02-20,125.441000,-125.441000,-0.111110,-125.441000,,-0.111110,2.413400
2024-02-21,125.456300,-125.456300,-0.012196,-125.456300,,-0.012196,2.411900
2024-02-22,125.536900,-125.536900,-0.064225,-125.536900,,-0.064225,2.403300
2024-02-23,125.678100,-125.678100,-0.112414,-125.678100,,-0.112414,2.400900
2024-02-26,125.814100,-125.814100,-0.108154,-125.814100,,-0.108154,2.378900
2024-02-27,125.925800,-125.925800,-0.088742,-125.925800,,-0.088742,2.380900
2024-02-28,126.057000,-126.057000,-0.104134,-126.057000,,-0.104134,2.337600
2024-02-29,126.250300,-126.250300,-0.153226,-126.250300,,-0.153226,2.337500
2024-03-01,125.962800,-125.962800,0.227982,-125.962800,,0.227982,2.367500
2024-03-04,126.072300,-126.072300,-0.086893,-126.072300,,-0.086893,2.347500
2024-03-05,126.104400,-126.104400,-0.025458,-126.104400,,-0.025458,2.316900
2024-03-06,126.481600,-126.481600,-0.298671,-126.481600,,-0.298671,2.265000
2024-03-07,126.446300,-126.446300,0.027913,-126.446300,,0.027913,2.277600
2024-03-08,126.378700,-126.378700,0.053476,-126.378700,,0.053476,2.282500
2024-03-11,126.169100,-126.169100,0.165988,-126.169100,,0.165988,2.305000
2024-03-12,125.724000,-125.724000,0.353404,-125.724000,,0.353404,2.347600
2024-03-13,125.733400,-125.733400,-0.007476,-125.733400,,-0.007476,2.332600
2024-03-14,125.701400,-125.701400,0.025454,-125.701400,,0.025454,2.342500
2024-03-15,125.826800,-125.826800,-0.099710,-125.826800,,-0.099710,2.320000
2024-03-18,126.012000,-126.012000,-0.147078,-126.012000,,-0.147078,2.292600
2024-03-19,126.173900,-126.173900,-0.128397,-126.173900,,-0.128397,2.280100
2024-03-20,126.071200,-126.071200,0.081429,-126.071200,,0.081429,2.295100
2024-03-21,126.083300,-126.083300,-0.009597,-126.083300,,-0.009597,2.285100
2024-03-22,126.017700,-126.017700,0.052043,-126.017700,,0.052043,2.305100
2024-03-25,125.888900,-125.888900,0.102260,-125.888900,,0.102260,2.315100
2024-03-26,125.864800,-125.864800,0.019146,-125.864800,,0.019146,2.317500
2024-03-27,126.030400,-126.030400,-0.131483,-126.030400,,-0.131483,2.287600
2024-03-28,126.055100,-126.055100,-0.019597,-126.055100,,-0.019597,2.302600
2024-03-29,126.178100,-126.178100,-0.097529,-126.178100,,-0.097529,2.290100
2024-04-01,126.022400,-126.022400,0.123473,-126.022400,,0.123473,2.308200
2024-04-02,126.111600,-126.111600,-0.070756,-126.111600,,-0.070756,2.292700
2024-04-03,126.243300,-126.243300,-0.104377,-126.243300,,-0.104377,2.283700
2024-04-08,126.295200,-126.295200,-0.041103,-126.295200,,-0.041103,2.282200
2024-04-09,126.374300,-126.374300,-0.062611,-126.374300,,-0.062611,2.280200
2024-04-10,126.278600,-126.278600,0.075756,-126.278600,,0.075756,2.297200
2024-04-11,126.249100,-126.249100,0.023364,-126.249100,,0.023364,2.292800
2024-04-12,126.381700,-126.381700,-0.104975,-126.381700,,-0.104975,2.283700
2024-04-15,126.416800,-126.416800,-0.027769,-126.416800,,-0.027769,2.279800
2024-04-16,126.447400,-126.447400,-0.024203,-126.447400,,-0.024203,2.272300
2024-04-17,126.540600,-126.540600,-0.073679,-126.540600,,-0.073679,2.260800
2024-04-18,126.693300,-126.693300,-0.120600,-126.693300,,-0.120600,2.253700
2024-04-19,126.811800,-126.811800,-0.093489,-126.811800,,-0.093489,2.254000
2024-04-22,126.941900,-126.941900,-0.102540,-126.941900,,-0.102540,2.243500
2024-04-23,127.105900,-127.105900,-0.129110,-127.105900,,-0.129110,2.226000
2024-04-24,126.735300,-126.735300,0.291994,-126.735300,,0.291994,2.272700
2024-04-25,126.708700,-126.708700,0.020991,-126.708700,,0.020991,2.261200
2024-04-26,126.383100,-126.383100,0.257298,-126.383100,,0.257298,2.308400
2024-04-29,125.945800,-125.945800,0.346611,-125.945800,,0.346611,2.353000
2024-04-30,126.279400,-126.279400,-0.264526,-126.279400,,-0.264526,2.302800
2024-05-06,126.232300,-126.232300,0.037305,-126.232300,,0.037305,2.308100
2024-05-07,126.396200,-126.396200,-0.129756,-126.396200,,-0.129756,2.289600
2024-05-08,126.387100,-126.387100,0.007200,-126.387100,,0.007200,2.295500
2024-05-09,126.252800,-126.252800,0.106317,-126.252800,,0.106317,2.318600
2024-05-10,126.193100,-126.193100,0.047297,-126.193100,,0.047297,2.312200
2024-05-13,126.366300,-126.366300,-0.137156,-126.366300,,-0.137156,2.290000
2024-05-14,126.456800,-126.456800,-0.071592,-126.456800,,-0.071592,2.293800
2024-05-15,126.410700,-126.410700,0.036462,-126.410700,,0.036462,2.302000
2024-05-16,126.294700,-126.294700,0.091807,-126.294700,,0.091807,2.314700
2024-05-17,126.235700,-126.235700,0.046727,-126.235700,,0.046727,2.307700
2024-05-20,126.295500,-126.295500,-0.047360,-126.295500,,-0.047360,2.310500
2024-05-21,126.259700,-126.259700,0.028350,-126.259700,,0.028350,2.314100
2024-05-22,126.318600,-126.318600,-0.046639,-126.318600,,-0.046639,2.312300
2024-05-23,126.447000,-126.447000,-0.101596,-126.447000,,-0.101596,2.306300
2024-05-24,126.451800,-126.451800,-0.003796,-126.451800,,-0.003796,2.313400
2024-05-27,126.432800,-126.432800,0.015027,-126.432800,,0.015027,2.308400
2024-05-28,126.548900,-126.548900,-0.091785,-126.548900,,-0.091785,2.299400
2024-05-29,126.643100,-126.643100,-0.074410,-126.643100,,-0.074410,2.277600
2024-05-30,126.606900,-126.606900,0.028588,-126.606900,,0.028588,2.282600
2024-05-31,126.523900,-126.523900,0.065579,-126.523900,,0.065579,2.292600
2024-06-03,126.595500,-126.595500,-0.056574,-126.595500,,-0.056574,2.285300
2024-06-04,126.627100,-126.627100,-0.024958,-126.627100,,-0.024958,2.285400
2024-06-05,126.718900,-126.718900,-0.072470,-126.718900,,-0.072470,2.280800
2024-06-06,126.753200,-126.753200,-0.027064,-126.753200,,-0.027064,2.282800
2024-06-07,126.781900,-126.781900,-0.022640,-126.781900,,-0.022640,2.283300
2024-06-11,126.837200,-126.837200,-0.043609,-126.837200,,-0.043609,2.279100
2024-06-12,126.843000,-126.843000,-0.004573,-126.843000,,-0.004573,2.276000
2024-06-13,126.888900,-126.888900,-0.036180,-126.888900,,-0.036180,2.267800
2024-06-14,127.027900,-127.027900,-0.109485,-127.027900,,-0.109485,2.255800
2024-06-17,127.008300,-127.008300,0.015431,-127.008300,,0.015431,2.260900
2024-06-18,127.129000,-127.129000,-0.094988,-127.129000,,-0.094988,2.253700
2024-06-19,127.207600,-127.207600,-0.061808,-127.207600,,-0.061808,2.242900
2024-06-20,127.299900,-127.299900,-0.072532,-127.299900,,-0.072532,2.244500
2024-06-21,127.198700,-127.198700,0.079529,-127.198700,,0.079529,2.257100
2024-06-24,127.296900,-127.296900,-0.077172,-127.296900,,-0.077172,2.245100
2024-06-25,127.418700,-127.418700,-0.095636,-127.418700,,-0.095636,2.235000
2024-06-26,127.473200,-127.473200,-0.042763,-127.473200,,-0.042763,2.222500
2024-06-27,127.627800,-127.627800,-0.121207,-127.627800,,-0.121207,2.208100
2024-06-28,127.693500,-127.693500,-0.051465,-127.693500,,-0.051465,2.205800
2024-07-01,127.364700,-127.364700,0.257824,-127.364700,,0.257824,2.248600
2024-07-02,127.471300,-127.471300,-0.083662,-127.471300,,-0.083662,2.236900
2024-07-03,127.559700,-127.559700,-0.069325,-127.559700,,-0.069325,2.242600
2024-07-04,127.534000,-127.534000,0.020149,-127.534000,,0.020149,2.250200
2024-07-05,127.337900,-127.337900,0.153881,-127.337900,,0.153881,2.275400
2024-07-08,127.125900,-127.125900,0.166625,-127.125900,,0.166625,2.290400
2024-07-09,127.295800,-127.295800,-0.133558,-127.295800,,-0.133558,2.269800
2024-07-10,127.305300,-127.305300,-0.007463,-127.305300,,-0.007463,2.270700
2024-07-11,127.343600,-127.343600,-0.030081,-127.343600,,-0.030081,2.264800
2024-07-12,127.449000,-127.449000,-0.082734,-127.449000,,-0.082734,2.260400
2024-07-15,127.520400,-127.520400,-0.056007,-127.520400,,-0.056007,2.254100
2024-07-16,127.537600,-127.537600,-0.013487,-127.537600,,-0.013487,2.261300
2024-07-17,127.538500,-127.538500,-0.000706,-127.538500,,-0.000706,2.259800
2024-07-18,127.473700,-127.473700,0.050821,-127.473700,,0.050821,2.267300
2024-07-19,127.507800,-127.507800,-0.026747,-127.507800,,-0.026747,2.261400
2024-07-22,127.717100,-127.717100,-0.164012,-127.717100,,-0.164012,2.246100
2024-07-23,127.842300,-127.842300,-0.097981,-127.842300,,-0.097981,2.232200
2024-07-24,127.869000,-127.869000,-0.020883,-127.869000,,-0.020883,2.238100
2024-07-25,128.030700,-128.030700,-0.126378,-128.030700,,-0.126378,2.216800
2024-07-26,128.127500,-128.127500,-0.075578,-128.127500,,-0.075578,2.194400
2024-07-29,128.300000,-128.300000,-0.134541,-128.300000,,-0.134541,2.157400
2024-07-30,128.415300,-128.415300,-0.089827,-128.415300,,-0.089827,2.148000
2024-07-31,128.499300,-128.499300,-0.065391,-128.499300,,-0.065391,2.149400
2024-08-01,128.653400,-128.653400,-0.119851,-128.653400,,-0.119851,2.129700
2024-08-02,128.767900,-128.767900,-0.088959,-128.767900,,-0.088959,2.127700
2024-08-05,128.881200,-128.881200,-0.087949,-128.881200,,-0.087949,2.137600
2024-08-06,128.746600,-128.746600,0.104492,-128.746600,,0.104492,2.149100
2024-08-07,128.892100,-128.892100,-0.112949,-128.892100,,-0.112949,2.141400
2024-08-08,128.590600,-128.590600,0.234191,-128.590600,,0.234191,2.181000
2024-08-09,128.408700,-128.408700,0.141557,-128.408700,,0.141557,2.198600
2024-08-12,127.867300,-127.867300,0.422514,-127.867300,,0.422514,2.250800
2024-08-13,128.043000,-128.043000,-0.137314,-128.043000,,-0.137314,2.225500
2024-08-14,128.332100,-128.332100,-0.225529,-128.332100,,-0.225529,2.196600
2024-08-15,128.224600,-128.224600,0.083802,-128.224600,,0.083802,2.205000
2024-08-16,128.247200,-128.247200,-0.017624,-128.247200,,-0.017624,2.197800
2024-08-19,128.361300,-128.361300,-0.088929,-128.361300,,-0.088929,2.181600
2024-08-20,128.417500,-128.417500,-0.043773,-128.417500,,-0.043773,2.171000
2024-08-21,128.377100,-128.377100,0.031465,-128.377100,,0.031465,2.167000
2024-08-22,128.500500,-128.500500,-0.096077,-128.500500,,-0.096077,2.158200
2024-08-23,128.560900,-128.560900,-0.046993,-128.560900,,-0.046993,2.154700
2024-08-26,128.587300,-128.587300,-0.020533,-128.587300,,-0.020533,2.162800
2024-08-27,128.354200,-128.354200,0.181442,-128.354200,,0.181442,2.190300
2024-08-28,128.450400,-128.450400,-0.074921,-128.450400,,-0.074921,2.167300
2024-08-29,128.449700,-128.449700,0.000545,-128.449700,,0.000545,2.170300
2024-08-30,128.405700,-128.405700,0.034261,-128.405700,,0.034261,2.170400
2024-09-02,128.659500,-128.659500,-0.197460,-128.659500,,-0.197460,2.145700
2024-09-03,128.762900,-128.762900,-0.080335,-128.762900,,-0.080335,2.143200
2024-09-04,128.888400,-128.888400,-0.097418,-128.888400,,-0.097418,2.133600
2024-09-05,129.021000,-129.021000,-0.102827,-129.021000,,-0.102827,2.133800
2024-09-06,129.019700,-129.019700,0.001008,-129.019700,,0.001008,2.138800
2024-09-09,129.157500,-129.157500,-0.106748,-129.157500,,-0.106748,2.126700
2024-09-10,129.318600,-129.318600,-0.124654,-129.318600,,-0.124654,2.114300
2024-09-11,129.467600,-129.467600,-0.115153,-129.467600,,-0.115153,2.104400
2024-09-12,129.544200,-129.544200,-0.059148,-129.544200,,-0.059148,2.099800
2024-09-13,129.713000,-129.713000,-0.130218,-129.713000,,-0.130218,2.072400
2024-09-18,130.017100,-130.017100,-0.234166,-130.017100,,-0.234166,2.040300
2024-09-19,129.990900,-129.990900,0.020153,-129.990900,,0.020153,2.045000
2024-09-20,130.018900,-130.018900,-0.021538,-130.018900,,-0.021538,2.043100
2024-09-23,130.116700,-130.116700,-0.075192,-130.116700,,-0.075192,2.038100
2024-09-24,129.806100,-129.806100,0.238994,-129.806100,,0.238994,2.072800
2024-09-25,130.008500,-130.008500,-0.155803,-130.008500,,-0.155803,2.043700
2024-09-26,129.693500,-129.693500,0.242586,-129.693500,,0.242586,2.078700
2024-09-27,128.624300,-128.624300,0.827822,-128.624300,,0.827822,2.171400
2024-09-30,128.389400,-128.389400,0.182792,-128.389400,,0.182792,2.151800
2024-10-08,128.115500,-128.115500,0.213563,-128.115500,,0.213563,2.192800
2024-10-09,128.278300,-128.278300,-0.126992,-128.278300,,-0.126992,2.176000
2024-10-10,128.739300,-128.739300,-0.358731,-128.739300,,-0.358731,2.144100
2024-10-11,128.811000,-128.811000,-0.055678,-128.811000,,-0.055678,2.139200
2024-10-14,128.770600,-128.770600,0.031369,-128.770600,,0.031369,2.136800
2024-10-15,128.784200,-128.784200,-0.010561,-128.784200,,-0.010561,2.125400
2024-10-16,128.734800,-128.734800,0.038366,-128.734800,,0.038366,2.133100
2024-10-17,128.947300,-128.947300,-0.164932,-128.947300,,-0.164932,2.108400
2024-10-18,128.905500,-128.905500,0.032422,-128.905500,,0.032422,2.120900
2024-10-21,128.838900,-128.838900,0.051679,-128.838900,,0.051679,2.121100
2024-10-22,128.641600,-128.641600,0.153254,-128.641600,,0.153254,2.145800
2024-10-23,128.472000,-128.472000,0.131926,-128.472000,,0.131926,2.155900
2024-10-24,128.469200,-128.469200,0.002179,-128.469200,,0.002179,2.166100
2024-10-25,128.406600,-128.406600,0.048740,-128.406600,,0.048740,2.153900
2024-10-28,128.292200,-128.292200,0.089132,-128.292200,,0.089132,2.161700
2024-10-29,128.367400,-128.367400,-0.058599,-128.367400,,-0.058599,2.159800
2024-10-30,128.418000,-128.418000,-0.039410,-128.418000,,-0.039410,2.159700
2024-10-31,128.518900,-128.518900,-0.078541,-128.518900,,-0.078541,2.147600
2024-11-01,128.696800,-128.696800,-0.138328,-128.696800,,-0.138328,2.140600
2024-11-04,128.780800,-128.780800,-0.065248,-128.780800,,-0.065248,2.127500
2024-11-05,128.892900,-128.892900,-0.087009,-128.892900,,-0.087009,2.110600
2024-11-06,128.924800,-128.924800,-0.024746,-128.924800,,-0.024746,2.123400
2024-11-07,128.986200,-128.986200,-0.047613,-128.986200,,-0.047613,2.111500
2024-11-08,129.059000,-129.059000,-0.056424,-129.059000,,-0.056424,2.106700
2024-11-11,129.107700,-129.107700,-0.037728,-129.107700,,-0.037728,2.092000
2024-11-12,129.278400,-129.278400,-0.132128,-129.278400,,-0.132128,2.072900
2024-11-13,129.213200,-129.213200,0.050447,-129.213200,,0.050447,2.087600
2024-11-14,129.191900,-129.191900,0.016486,-129.191900,,0.016486,2.080800
2024-11-15,129.167700,-129.167700,0.018734,-129.167700,,0.018734,2.094800
2024-11-18,128.917600,-128.917600,0.193812,-128.917600,,0.193812,2.111700
2024-11-19,129.014100,-129.014100,-0.074826,-129.014100,,-0.074826,2.094700
2024-11-20,128.972700,-128.972700,0.032095,-128.972700,,0.032095,2.102500
2024-11-21,129.135700,-129.135700,-0.126304,-129.135700,,-0.126304,2.084300
2024-11-22,129.219600,-129.219600,-0.064949,-129.219600,,-0.064949,2.083200
2024-11-25,129.376300,-129.376300,-0.121193,-129.376300,,-0.121193,2.068200
2024-11-26,129.413000,-129.413000,-0.028363,-129.413000,,-0.028363,2.065700
2024-11-27,129.402600,-129.402600,0.008037,-129.402600,,0.008037,2.055300
2024-11-28,129.554200,-129.554200,-0.117085,-129.554200,,-0.117085,2.030400
2024-11-29,129.695900,-129.695900,-0.109315,-129.695900,,-0.109315,2.020600
2024-12-02,130.061400,-130.061400,-0.281417,-130.061400,,-0.281417,1.981000
2024-12-03,130.033900,-130.033900,0.021146,-130.033900,,0.021146,1.988600
2024-12-04,130.275400,-130.275400,-0.185549,-130.275400,,-0.185549,1.961200
2024-12-05,130.277800,-130.277800,-0.001842,-130.277800,,-0.001842,1.946200
2024-12-06,130.218400,-130.218400,0.045605,-130.218400,,0.045605,1.953900
2024-12-09,130.390000,-130.390000,-0.131692,-130.390000,,-0.131692,1.916800
2024-12-10,131.015400,-131.015400,-0.478491,-131.015400,,-0.478491,1.846800
2024-12-11,131.122500,-131.122500,-0.081713,-131.122500,,-0.081713,1.821800
2024-12-12,131.250900,-131.250900,-0.097876,-131.250900,,-0.097876,1.817200
2024-12-13,131.686300,-131.686300,-0.331182,-131.686300,,-0.331182,1.777100
2024-12-16,132.050900,-132.050900,-0.276488,-132.050900,,-0.276488,1.721500
2024-12-17,131.935700,-131.935700,0.087277,-131.935700,,0.087277,1.723700
2024-12-18,131.738000,-131.738000,0.149958,-131.738000,,0.149958,1.756400
2024-12-19,131.728000,-131.728000,0.007591,-131.728000,,0.007591,1.741700
2024-12-20,132.175200,-132.175200,-0.338912,-132.175200,,-0.338912,1.701800
2024-12-23,132.209200,-132.209200,-0.025720,-132.209200,,-0.025720,1.701900
2024-12-24,131.944600,-131.944600,0.200338,-131.944600,,0.200338,1.716600
2024-12-25,131.770700,-131.770700,0.131885,-131.770700,,0.131885,1.736500
2024-12-26,131.884500,-131.884500,-0.086325,-131.884500,,-0.086325,1.712200
2024-12-27,132.157200,-132.157200,-0.206558,-132.157200,,-0.206558,1.692900
2024-12-30,132.094700,-132.094700,0.047303,-132.094700,,0.047303,1.712800
2024-12-31,132.347600,-132.347600,-0.191271,-132.347600,,-0.191271,1.675200
2025-01-02,132.851600,-132.851600,-0.380092,-132.851600,,-0.380092,1.607700
2025-01-03,133.008000,-133.008000,-0.117656,-133.008000,,-0.117656,1.604100
2025-01-06,133.111900,-133.111900,-0.078085,-133.111900,,-0.078085,1.596600
2025-01-07,132.896600,-132.896600,0.161875,-132.896600,,0.161875,1.609300
2025-01-08,132.834100,-132.834100,0.047040,-132.834100,,0.047040,1.606900
2025-01-09,132.543800,-132.543800,0.218782,-132.543800,,0.218782,1.636800
2025-01-10,132.524800,-132.524800,0.014336,-132.524800,,0.014336,1.633800
2025-01-13,132.355400,-132.355400,0.127907,-132.355400,,0.127907,1.659200
2025-01-14,132.516100,-132.516100,-0.121342,-132.516100,,-0.121342,1.644600
2025-01-15,132.646400,-132.646400,-0.098279,-132.646400,,-0.098279,1.633000
2025-01-16,132.574700,-132.574700,0.054068,-132.574700,,0.054068,1.639400
2025-01-17,132.468300,-132.468300,0.080289,-132.468300,,0.080289,1.659300
2025-01-20,132.317300,-132.317300,0.114055,-132.317300,,0.114055,1.674700
2025-01-21,132.480400,-132.480400,-0.123188,-132.480400,,-0.123188,1.649600
2025-01-22,132.507700,-132.507700,-0.020605,-132.507700,,-0.020605,1.660200
2025-01-23,132.430200,-132.430200,0.058504,-132.430200,,0.058504,1.664500
2025-01-24,132.390400,-132.390400,0.030058,-132.390400,,0.030058,1.656500
2025-01-27,132.677100,-132.677100,-0.216322,-132.677100,,-0.216322,1.629900
2025-02-05,132.859900,-132.859900,-0.137683,-132.859900,,-0.137683,1.620700
2025-02-06,133.070100,-133.070100,-0.158087,-133.070100,,-0.158087,1.595800
2025-02-07,133.073600,-133.073600,-0.002630,-133.073600,,-0.002630,1.603200
2025-02-10,132.817400,-132.817400,0.192711,-132.817400,,0.192711,1.634200
2025-02-11,132.855000,-132.855000,-0.028306,-132.855000,,-0.028306,1.627400
2025-02-12,132.883700,-132.883700,-0.021600,-132.883700,,-0.021600,1.633600
2025-02-13,132.832400,-132.832400,0.038613,-132.832400,,0.038613,1.634600
2025-02-14,132.622800,-132.622800,0.157917,-132.622800,,0.157917,1.654600
2025-02-17,132.266900,-132.266900,0.268716,-132.266900,,0.268716,1.693400
2025-02-18,132.044600,-132.044600,0.168211,-132.044600,,0.168211,1.700600
2025-02-19,132.168000,-132.168000,-0.093410,-132.168000,,-0.093410,1.662600
2025-02-20,131.910600,-131.910600,0.194942,-131.910600,,0.194942,1.685000
2025-02-21,131.556700,-131.556700,0.268648,-131.556700,,0.268648,1.720000
2025-02-24,131.170300,-131.170300,0.294146,-131.170300,,0.294146,1.762500
2025-02-25,131.282600,-131.282600,-0.085577,-131.282600,,-0.085577,1.727500
2025-02-26,131.366000,-131.366000,-0.063507,-131.366000,,-0.063507,1.725100
2025-02-27,131.151300,-131.151300,0.163570,-131.151300,,0.163570,1.757600
2025-02-28,131.294400,-131.294400,-0.109051,-131.294400,,-0.109051,1.715200
2025-03-03,131.528300,-131.528300,-0.177991,-131.528300,,-0.177991,1.695500
2025-03-04,131.510700,-131.510700,0.013382,-131.510700,,0.013382,1.707900
2025-03-05,131.555700,-131.555700,-0.034212,-131.555700,,-0.034212,1.708300
2025-03-06,131.233200,-131.233200,0.245444,-131.233200,,0.245444,1.745500
2025-03-07,130.676100,-130.676100,0.425415,-130.676100,,0.425415,1.800200
2025-03-10,130.581400,-130.581400,0.072496,-130.581400,,0.072496,1.812800
2025-03-11,129.973200,-129.973200,0.466851,-129.973200,,0.466851,1.885300
2025-03-12,130.219700,-130.219700,-0.189475,-130.219700,,-0.189475,1.833400
2025-03-13,130.145500,-130.145500,0.056997,-130.145500,,0.056997,1.856500
2025-03-14,130.156500,-130.156500,-0.008452,-130.156500,,-0.008452,1.831700
2025-03-17,129.530000,-129.530000,0.482506,-129.530000,,0.482506,1.895700
2025-03-18,129.547800,-129.547800,-0.013741,-129.547800,,-0.013741,1.888500
2025-03-19,129.599700,-129.599700,-0.040054,-129.599700,,-0.040054,1.870800
2025-03-20,130.014100,-130.014100,-0.319244,-130.014100,,-0.319244,1.830900
2025-03-21,129.948300,-129.948300,0.050623,-129.948300,,0.050623,1.845800
2025-03-24,129.992800,-129.992800,-0.034239,-129.992800,,-0.034239,1.841300
2025-03-25,130.212600,-130.212600,-0.168943,-130.212600,,-0.168943,1.818300
2025-03-26,130.402300,-130.402300,-0.145579,-130.402300,,-0.145579,1.794300
2025-03-27,130.399600,-130.399600,0.002071,-130.399600,,0.002071,1.806200
2025-03-28,130.343500,-130.343500,0.043031,-130.343500,,0.043031,1.812600
2025-03-31,130.336500,-130.336500,0.005371,-130.336500,,0.005371,1.812900
2025-04-01,130.335500,-130.335500,0.000767,-130.335500,,0.000767,1.810400
2025-04-02,130.603300,-130.603300,-0.205259,-130.603300,,-0.205259,1.788700
2025-04-03,131.340500,-131.340500,-0.562870,-131.340500,,-0.562870,1.718000
2025-04-07,132.106800,-132.106800,-0.581750,-132.106800,,-0.581750,1.631800
2025-04-08,131.823800,-131.823800,0.214450,-131.823800,,0.214450,1.663300
2025-04-09,131.937300,-131.937300,-0.086063,-131.937300,,-0.086063,1.650800
2025-04-10,131.902400,-131.902400,0.026455,-131.902400,,0.026455,1.644400
2025-04-11,131.938600,-131.938600,-0.027441,-131.938600,,-0.027441,1.656800
2025-04-14,131.885600,-131.885600,0.040178,-131.885600,,0.040178,1.658400
2025-04-15,131.890400,-131.890400,-0.003639,-131.890400,,-0.003639,1.658300
2025-04-16,131.947100,-131.947100,-0.042981,-131.947100,,-0.042981,1.643000
2025-04-17,131.810600,-131.810600,0.103504,-131.810600,,0.103504,1.652200
2025-04-18,131.781300,-131.781300,0.022231,-131.781300,,0.022231,1.649300
2025-04-21,131.650000,-131.650000,0.099684,-131.650000,,0.099684,1.666400
2025-04-22,131.752200,-131.752200,-0.077600,-131.752200,,-0.077600,1.650900
2025-04-23,131.605700,-131.605700,0.111255,-131.605700,,0.111255,1.661100
2025-04-24,131.628500,-131.628500,-0.017323,-131.628500,,-0.017323,1.664000
2025-04-25,131.675500,-131.675500,-0.035700,-131.675500,,-0.035700,1.660600
2025-04-28,131.805300,-131.805300,-0.098527,-131.805300,,-0.098527,1.648300
2025-04-29,132.024900,-132.024900,-0.166471,-132.024900,,-0.166471,1.624100
2025-04-30,132.060300,-132.060300,-0.026810,-132.060300,,-0.026810,1.624300
2025-05-06,132.067100,-132.067100,-0.005149,-132.067100,,-0.005149,1.629800
2025-05-07,131.927500,-131.927500,0.105760,-131.927500,,0.105760,1.641800
2025-05-08,132.041500,-132.041500,-0.086374,-132.041500,,-0.086374,1.633100
2025-05-09,132.059500,-132.059500,-0.013631,-132.059500,,-0.013631,1.635100
2025-05-12,131.586300,-131.586300,0.358967,-131.586300,,0.358967,1.688000
2025-05-13,131.687000,-131.687000,-0.076498,-131.687000,,-0.076498,1.670400
2025-05-14,131.623500,-131.623500,0.048232,-131.623500,,0.048232,1.673600
2025-05-15,131.561700,-131.561700,0.046963,-131.561700,,0.046963,1.679800
2025-05-16,131.477600,-131.477600,0.063945,-131.477600,,0.063945,1.679300
2025-05-19,131.615600,-131.615600,-0.104906,-131.615600,,-0.104906,1.689300
2025-05-20,131.613800,-131.613800,0.001368,-131.613800,,0.001368,1.700400
2025-05-21,131.547400,-131.547400,0.050463,-131.547400,,0.050463,1.710000
2025-05-22,131.541500,-131.541500,0.004485,-131.541500,,0.004485,1.718600
2025-05-23,131.471300,-131.471300,0.053381,-131.471300,,0.053381,1.720800
2025-05-26,131.510500,-131.510500,-0.029812,-131.510500,,-0.029812,1.720100
2025-05-27,131.425000,-131.425000,0.065035,-131.425000,,0.065035,1.726100
2025-05-28,131.366600,-131.366600,0.044446,-131.366600,,0.044446,1.683200
2025-05-29,131.200200,-131.200200,0.126749,-131.200200,,0.126749,1.687700
2025-05-30,131.388500,-131.388500,-0.143418,-131.388500,,-0.143418,1.671200
2025-06-03,131.382300,-131.382300,0.004719,-131.382300,,0.004719,1.676400
2025-06-04,131.439200,-131.439200,-0.043299,-131.439200,,-0.043299,1.670400
2025-06-05,131.484000,-131.484000,-0.034078,-131.484000,,-0.034078,1.674100
2025-06-06,131.634300,-131.634300,-0.114245,-131.634300,,-0.114245,1.654700
2025-06-09,131.699100,-131.699100,-0.049215,-131.699100,,-0.049215,1.655900
2025-06-10,131.711900,-131.711900,-0.009719,-131.711900,,-0.009719,1.656900
2025-06-11,131.815400,-131.815400,-0.078550,-131.815400,,-0.078550,1.642000
2025-06-12,131.827600,-131.827600,-0.009255,-131.827600,,-0.009255,1.647500
2025-06-13,131.815500,-131.815500,0.009179,-131.815500,,0.009179,1.644000
2025-06-16,131.835800,-131.835800,-0.015399,-131.835800,,-0.015399,1.643200
2025-06-17,131.949000,-131.949000,-0.085828,-131.949000,,-0.085828,1.636400
2025-06-18,132.012600,-132.012600,-0.048189,-132.012600,,-0.048189,1.638400
2025-06-19,132.094200,-132.094200,-0.061793,-132.094200,,-0.061793,1.642500
2025-06-20,132.144500,-132.144500,-0.038072,-132.144500,,-0.038072,1.639600
2025-06-23,132.133500,-132.133500,0.008325,-132.133500,,0.008325,1.641800
2025-06-24,132.015900,-132.015900,0.089041,-132.015900,,0.089041,1.648000
2025-06-25,131.916200,-131.916200,0.075550,-131.916200,,0.075550,1.654400
2025-06-26,131.943600,-131.943600,-0.020769,-131.943600,,-0.020769,1.646200
2025-06-27,131.976400,-131.976400,-0.024856,-131.976400,,-0.024856,1.646200
2025-06-30,131.892400,-131.892400,0.063668,-131.892400,,0.063668,1.646900
2025-07-01,131.984600,-131.984600,-0.069881,-131.984600,,-0.069881,1.643300
2025-07-02,132.114000,-132.114000,-0.097994,-132.114000,,-0.097994,1.639600
2025-07-03,132.130800,-132.130800,-0.012715,-132.130800,,-0.012715,1.640700
2025-07-04,132.153600,-132.153600,-0.017254,-132.153600,,-0.017254,1.643300
2025-07-07,132.159100,-132.159100,-0.004162,-132.159100,,-0.004162,1.640600
2025-07-08,132.078800,-132.078800,0.060779,-132.078800,,0.060779,1.644400
2025-07-09,132.074000,-132.074000,0.003634,-132.074000,,0.003634,1.644600
2025-07-10,131.940800,-131.940800,0.100903,-131.940800,,0.100903,1.661600
2025-07-11,131.869900,-131.869900,0.053751,-131.869900,,0.053751,1.665300
2025-07-14,131.769900,-131.769900,0.075861,-131.769900,,0.075861,1.672600
2025-07-15,131.955900,-131.955900,-0.141056,-131.955900,,-0.141056,1.655700
2025-07-16,131.957000,-131.957000,-0.000834,-131.957000,,-0.000834,1.661700
2025-07-17,131.954900,-131.954900,0.001591,-131.954900,,0.001591,1.663000
2025-07-18,131.907000,-131.907000,0.036307,-131.907000,,0.036307,1.665200
2025-07-21,131.726100,-131.726100,0.137236,-131.726100,,0.137236,1.677400
2025-07-22,131.606100,-131.606100,0.091140,-131.606100,,0.091140,1.690700
2025-07-23,131.442400,-131.442400,0.124464,-131.442400,,0.124464,1.704100
2025-07-24,131.147400,-131.147400,0.224685,-131.147400,,0.224685,1.737600
2025-07-25,131.112800,-131.112800,0.026386,-131.112800,,0.026386,1.732400
2025-07-28,131.288800,-131.288800,-0.134146,-131.288800,,-0.134146,1.714600
2025-07-29,130.960700,-130.960700,0.250220,-130.960700,,0.250220,1.746600
2025-07-30,131.171500,-131.171500,-0.160835,-131.171500,,-0.160835,1.718000
2025-07-31,131.345800,-131.345800,-0.132791,-131.345800,,-0.132791,1.704400
2025-08-01,131.360900,-131.360900,-0.011496,-131.360900,,-0.011496,1.705900
2025-08-04,131.428600,-131.428600,-0.051524,-131.428600,,-0.051524,1.708300
2025-08-05,131.396600,-131.396600,0.024351,-131.396600,,0.024351,1.706100
2025-08-06,131.426500,-131.426500,-0.022753,-131.426500,,-0.022753,1.699900
2025-08-07,131.505000,-131.505000,-0.059711,-131.505000,,-0.059711,1.689400
2025-08-08,131.480100,-131.480100,0.018936,-131.480100,,0.018936,1.689100
2025-08-11,131.220800,-131.220800,0.197411,-131.220800,,0.197411,1.720300
2025-08-12,131.033500,-131.033500,0.142838,-131.033500,,0.142838,1.727100
2025-08-13,131.027000,-131.027000,0.004961,-131.027000,,0.004961,1.726200
2025-08-14,130.919400,-130.919400,0.082154,-130.919400,,0.082154,1.734100
2025-08-15,130.795900,-130.795900,0.094377,-130.795900,,0.094377,1.746500
2025-08-18,130.223500,-130.223500,0.438589,-130.223500,,0.438589,1.787200
2025-08-19,130.291300,-130.291300,-0.052051,-130.291300,,-0.052051,1.772500
2025-08-20,130.223600,-130.223600,0.051974,-130.223600,,0.051974,1.782000
2025-08-21,130.349000,-130.349000,-0.096250,-130.349000,,-0.096250,1.766700
2025-08-22,130.303900,-130.303900,0.034605,-130.303900,,0.034605,1.781800
2025-08-25,130.475800,-130.475800,-0.131835,-130.475800,,-0.131835,1.764300
2025-08-26,130.619600,-130.619600,-0.110151,-130.619600,,-0.110151,1.759800
2025-08-27,130.583300,-130.583300,0.027794,-130.583300,,0.027794,1.798800
2025-08-28,130.355100,-130.355100,0.174907,-130.355100,,0.174907,1.847800
2025-08-29,130.372200,-130.372200,-0.013117,-130.372200,,-0.013117,1.837900
2025-09-01,130.456500,-130.456500,-0.064640,-130.456500,,-0.064640,1.825700
2025-09-02,130.482100,-130.482100,-0.019621,-130.482100,,-0.019621,1.816700
2025-09-03,130.691200,-130.691200,-0.160124,-130.691200,,-0.160124,1.798400
2025-09-04,130.701400,-130.701400,-0.007804,-130.701400,,-0.007804,1.806000
2025-09-05,130.452800,-130.452800,0.190386,-130.452800,,0.190386,1.826000
2025-09-08,130.180700,-130.180700,0.208799,-130.180700,,0.208799,1.851400
2025-09-09,130.024700,-130.024700,0.119905,-130.024700,,0.119905,1.864100
2025-09-10,129.731900,-129.731900,0.225442,-129.731900,,0.225442,1.899200
2025-09-11,129.738800,-129.738800,-0.005319,-129.738800,,-0.005319,1.874300
2025-09-12,129.856000,-129.856000,-0.090295,-129.856000,,-0.090295,1.867000
2025-09-15,129.867500,-129.867500,-0.008856,-129.867500,,-0.008856,1.872400
2025-09-16,129.977500,-129.977500,-0.084666,-129.977500,,-0.084666,1.852700
2025-09-17,130.142300,-130.142300,-0.126711,-130.142300,,-0.126711,1.834900
2025-09-18,130.029200,-130.029200,0.086943,-130.029200,,0.086943,1.854600
2025-09-19,129.783300,-129.783300,0.189290,-129.783300,,0.189290,1.878900
2025-09-22,129.818600,-129.818600,-0.027195,-129.818600,,-0.027195,1.864700
2025-09-23,129.633300,-129.633300,0.142840,-129.633300,,0.142840,1.877000
2025-09-24,129.390000,-129.390000,0.187860,-129.390000,,0.187860,1.902200
2025-09-25,129.381400,-129.381400,0.006647,-129.381400,,0.006647,1.884000
2025-09-26,129.422300,-129.422300,-0.031607,-129.422300,,-0.031607,1.876800
2025-09-29,129.294200,-129.294200,0.099027,-129.294200,,0.099027,1.887000
2025-09-30,129.418100,-129.418100,-0.095782,-129.418100,,-0.095782,1.860500
2025-10-09,129.478500,-129.478500,-0.046660,-129.478500,,-0.046660,1.846600
2025-10-10,129.399600,-129.399600,0.060955,-129.399600,,0.060955,1.846000
2025-10-13,129.510800,-129.510800,-0.085898,-129.510800,,-0.085898,1.838300
2025-10-14,129.519400,-129.519400,-0.006640,-129.519400,,-0.006640,1.836800
2025-10-15,129.512000,-129.512000,0.005714,-129.512000,,0.005714,1.844900
2025-10-16,129.597900,-129.597900,-0.066304,-129.597900,,-0.066304,1.840700
2025-10-17,129.811800,-129.811800,-0.164913,-129.811800,,-0.164913,1.824600
2025-10-20,129.677500,-129.677500,0.103511,-129.677500,,0.103511,1.849800
2025-10-21,129.753600,-129.753600,-0.058667,-129.753600,,-0.058667,1.835700
2025-10-22,129.765300,-129.765300,-0.009017,-129.765300,,-0.009017,1.829300
2025-10-23,129.690600,-129.690600,0.057582,-129.690600,,0.057582,1.839100
2025-10-24,129.587100,-129.587100,0.079837,-129.587100,,0.079837,1.848600
2025-10-27,129.630000,-129.630000,-0.033100,-129.630000,,-0.033100,1.842300
2025-10-28,129.921400,-129.921400,-0.224541,-129.921400,,-0.224541,1.817900
2025-10-29,129.934600,-129.934600,-0.010159,-129.934600,,-0.010159,1.820800
2025-10-30,130.026700,-130.026700,-0.070857,-130.026700,,-0.070857,1.809800
2025-10-31,130.230600,-130.230600,-0.156691,-130.230600,,-0.156691,1.795400
2025-11-03,130.227500,-130.227500,0.002380,-130.227500,,0.002380,1.794400
2025-11-04,130.197600,-130.197600,0.022962,-130.197600,,0.022962,1.798400
2025-11-05,130.229700,-130.229700,-0.024652,-130.229700,,-0.024652,1.796400
2025-11-06,130.071200,-130.071200,0.121782,-130.071200,,0.121782,1.810000
2025-11-07,130.033800,-130.033800,0.028758,-130.033800,,0.028758,1.814200
2025-11-10,130.046800,-130.046800,-0.009997,-130.046800,,-0.009997,1.813900
2025-11-11,130.070700,-130.070700,-0.018376,-130.070700,,-0.018376,1.811900
2025-11-12,130.118200,-130.118200,-0.036512,-130.118200,,-0.036512,1.807100
2025-11-13,130.059300,-130.059300,0.045277,-130.059300,,0.045277,1.812600
2025-11-14,130.047700,-130.047700,0.008919,-130.047700,,0.008919,1.814000
2025-11-17,130.086800,-130.086800,-0.030061,-130.086800,,-0.030061,1.810900
2025-11-18,130.099300,-130.099300,-0.009609,-130.099300,,-0.009609,1.812100
2025-11-19,130.019400,-130.019400,0.061433,-130.019400,,0.061433,1.817900
2025-11-20,129.997900,-129.997900,0.016537,-129.997900,,0.016537,1.813500
2025-11-21,129.928500,-129.928500,0.053400,-129.928500,,0.053400,1.816600
2025-11-24,129.905100,-129.905100,0.018012,-129.905100,,0.018012,1.821000
2025-11-25,129.784200,-129.784200,0.093111,-129.784200,,0.093111,1.830100
2025-11-26,129.610200,-129.610200,0.134159,-129.610200,,0.134159,1.846200
2025-11-27,129.506900,-129.506900,0.079732,-129.506900,,0.079732,1.853700
2025-11-28,129.556300,-129.556300,-0.038137,-129.556300,,-0.038137,1.841200
2025-12-01,129.549100,-129.549100,0.005558,-129.549100,,0.005558,1.836600
2025-12-02,129.416000,-129.416000,0.102794,-129.416000,,0.102794,1.844200
2025-12-03,129.258700,-129.258700,0.121620,-129.258700,,0.121620,1.851900
2025-12-04,128.939900,-128.939900,0.246942,-128.939900,,0.246942,1.871800
2025-12-05,128.987700,-128.987700,-0.037065,-128.987700,,-0.037065,1.848000
2025-12-08,128.918700,-128.918700,0.053508,-128.918700,,0.053508,1.849900
2025-12-09,129.028500,-129.028500,-0.085134,-129.028500,,-0.085134,1.842500
2025-12-10,129.095600,-129.095600,-0.051990,-129.095600,,-0.051990,1.844700
2025-12-11,129.231600,-129.231600,-0.105293,-129.231600,,-0.105293,1.840400
2025-12-12,129.067400,-129.067400,0.127139,-129.067400,,0.127139,1.839600
2025-12-15,128.812100,-128.812100,0.198000,-128.812100,,0.198000,1.848800
2025-12-16,128.785100,-128.785100,0.020963,-128.785100,,0.020963,1.845800
2025-12-17,128.994500,-128.994500,-0.162464,-128.994500,,-0.162464,1.834000
2025-12-18,129.008300,-129.008300,-0.010698,-129.008300,,-0.010698,1.835600
2025-12-19,129.118400,-129.118400,-0.085307,-129.118400,,-0.085307,1.830800
2025-12-22,129.010900,-129.010900,0.083292,-129.010900,,0.083292,1.841500
2025-12-23,129.149300,-129.149300,-0.107220,-129.149300,,-0.107220,1.835200
2025-12-24,129.211300,-129.211300,-0.047995,-129.211300,,-0.047995,1.835600
2025-12-25,129.180700,-129.180700,0.023685,-129.180700,,0.023685,1.838600
2025-12-26,129.199400,-129.199400,-0.014475,-129.199400,,-0.014475,1.837600
2025-12-29,128.878000,-128.878000,0.249073,-128.878000,,0.249073,1.858400
2025-12-30,128.825100,-128.825100,0.041055,-128.825100,,0.041055,1.858200
2025-12-31,128.796200,-128.796200,0.022436,-128.796200,,0.022436,1.847300
2026-01-05,128.687100,-128.687100,0.084743,-128.687100,,0.084743,1.858400
2026-01-06,128.477000,-128.477000,0.163398,-128.477000,,0.163398,1.882900
2026-01-07,128.290600,-128.290600,0.145190,-128.290600,,0.145190,1.901900
2026-01-08,128.390900,-128.390900,-0.078151,-128.390900,,-0.078151,1.890500
2026-01-09,128.469600,-128.469600,-0.061278,-128.469600,,-0.061278,1.878200
2026-01-12,128.587500,-128.587500,-0.091731,-128.587500,,-0.091731,1.858500
2026-01-13,128.625300,-128.625300,-0.029392,-128.625300,,-0.029392,1.851900
2026-01-14,128.627200,-128.627200,-0.001477,-128.627200,,-0.001477,1.849400
2026-01-15,128.672900,-128.672900,-0.035523,-128.672900,,-0.035523,1.854400
2026-01-16,128.698700,-128.698700,-0.020049,-128.698700,,-0.020049,1.842400
2026-01-19,128.688000,-128.688000,0.008314,-128.688000,,0.008314,1.839300
2026-01-20,128.826600,-128.826600,-0.107644,-128.826600,,-0.107644,1.832600
2026-01-21,128.999500,-128.999500,-0.134121,-128.999500,,-0.134121,1.831200
2026-01-22,128.997000,-128.997000,0.001938,-128.997000,,0.001938,1.842500
2026-01-23,129.078600,-129.078600,-0.063237,-129.078600,,-0.063237,1.829800
2026-01-26,129.141900,-129.141900,-0.049028,-129.141900,,-0.049028,1.824200
2026-01-27,129.037400,-129.037400,0.080951,-129.037400,,0.080951,1.831100
2026-01-28,129.089300,-129.089300,-0.040213,-129.089300,,-0.040213,1.816400
2026-01-29,129.100800,-129.100800,-0.008908,-129.100800,,-0.008908,1.817400
2026-01-30,129.061400,-129.061400,0.030523,-129.061400,,0.030523,1.811200
2026-02-02,129.085500,-129.085500,-0.018672,-129.085500,,-0.018672,1.820000
2026-02-03,129.038500,-129.038500,0.036417,-129.038500,,0.036417,1.817200
2026-02-04,129.018600,-129.018600,0.015423,-129.018600,,0.015423,1.819300
2026-02-05,129.100800,-129.100800,-0.063691,-129.100800,,-0.063691,1.816900
2026-02-06,129.238200,-129.238200,-0.106372,-129.238200,,-0.106372,1.810200
2026-02-09,129.283200,-129.283200,-0.034813,-129.283200,,-0.034813,1.811400
2026-02-10,129.301800,-129.301800,-0.014386,-129.301800,,-0.014386,1.809400
2026-02-11,129.346800,-129.346800,-0.034796,-129.346800,,-0.034796,1.799400
2026-02-12,129.370200,-129.370200,-0.018089,-129.370200,,-0.018089,1.789300
2026-02-13,129.367100,-129.367100,0.002396,-129.367100,,0.002396,1.792800
2026-02-24,129.367400,-129.367400,-0.000232,-129.367400,,-0.000232,1.802300
2026-02-25,129.255100,-129.255100,0.086845,-129.255100,,0.086845,1.815800
2026-02-26,129.023800,-129.023800,0.179109,-129.023800,,0.179109,1.828800
2026-02-27,129.049800,-129.049800,-0.020149,-129.049800,,-0.020149,1.787700
2026-03-02,129.219700,-129.219700,-0.131568,-129.219700,,-0.131568,1.776100
2026-03-03,129.241500,-129.241500,-0.016869,-129.241500,,-0.016869,1.780700
2026-03-04,129.273100,-129.273100,-0.024447,-129.273100,,-0.024447,1.776800
2026-03-05,129.299300,-129.299300,-0.020265,-129.299300,,-0.020265,1.777900
2026-03-06,129.264400,-129.264400,0.026995,-129.264400,,0.026995,1.781000
2026-03-09,128.917700,-128.917700,0.268570,-128.917700,,0.268570,1.805400
2026-03-10,128.892700,-128.892700,0.019394,-128.892700,,0.019394,1.805500
2026-03-11,128.804800,-128.804800,0.068220,-128.804800,,0.068220,1.807500
2026-03-12,128.846400,-128.846400,-0.032292,-128.846400,,-0.032292,1.805200
2026-03-13,128.762200,-128.762200,0.065370,-128.762200,,0.065370,1.814300
2026-03-16,128.589600,-128.589600,0.134135,-128.589600,,0.134135,1.831200
2026-03-17,128.630200,-128.630200,-0.031568,-128.630200,,-0.031568,1.831400
2026-03-18,128.758800,-128.758800,-0.099927,-128.758800,,-0.099927,1.817500
2026-03-19,128.702000,-128.702000,0.044123,-128.702000,,0.044123,1.825200
2026-03-20,128.680000,-128.680000,0.017095,-128.680000,,0.017095,1.829900
2026-03-23,128.680500,-128.680500,-0.000389,-128.680500,,-0.000389,1.831600
2026-03-24,128.776000,-128.776000,-0.074187,-128.776000,,-0.074187,1.827200
2026-03-25,128.776900,-128.776900,-0.000699,-128.776900,,-0.000699,1.823300
2026-03-26,128.796800,-128.796800,-0.015452,-128.796800,,-0.015452,1.819400
2026-03-27,128.802500,-128.802500,-0.004425,-128.802500,,-0.004425,1.817200
2026-03-30,128.947200,-128.947200,-0.112279,-128.947200,,-0.112279,1.806300
2026-03-31,128.936000,-128.936000,0.008686,-128.936000,,0.008686,1.817100
2026-04-01,128.851300,-128.851300,0.065713,-128.851300,,0.065713,1.824400
2026-04-02,128.806100,-128.806100,0.035085,-128.806100,,0.035085,1.820900
2026-04-03,128.837600,-128.837600,-0.024452,-128.837600,,-0.024452,1.819900
2026-04-07,128.916700,-128.916700,-0.061376,-128.916700,,-0.061376,1.817100
2026-04-08,129.018800,-129.018800,-0.079167,-129.018800,,-0.079167,1.813600
2026-04-09,128.998100,-128.998100,0.016045,-128.998100,,0.016045,1.819200
2026-04-10,129.137300,-129.137300,-0.107850,-129.137300,,-0.107850,1.812800
2026-04-13,129.267600,-129.267600,-0.100849,-129.267600,,-0.100849,1.793300
2026-04-14,129.294300,-129.294300,-0.020653,-129.294300,,-0.020653,1.782900
2026-04-15,129.297600,-129.297600,-0.002552,-129.297600,,-0.002552,1.780900
2026-04-16,129.274600,-129.274600,0.017790,-129.274600,,0.017790,1.781200
2026-04-17,129.455300,-129.455300,-0.139682,-129.455300,,-0.139682,1.762300
2026-04-20,129.487300,-129.487300,-0.024716,-129.487300,,-0.024716,1.762700
2026-04-21,129.631600,-129.631600,-0.111377,-129.631600,,-0.111377,1.751000
2026-04-22,129.769800,-129.769800,-0.106553,-129.769800,,-0.106553,1.738900
2026-04-23,129.657700,-129.657700,0.086421,-129.657700,,0.086421,1.754800
2026-04-24,129.542400,-129.542400,0.088966,-129.542400,,0.088966,1.760100
2026-04-27,129.382700,-129.382700,0.123356,-129.382700,,0.123356,1.769700
2026-04-28,129.413300,-129.413300,-0.023648,-129.413300,,-0.023648,1.765400
2026-04-29,129.495000,-129.495000,-0.063111,-129.495000,,-0.063111,1.744400
2026-04-30,129.411700,-129.411700,0.064348,-129.411700,,0.064348,1.747300
2026-05-06,129.219100,-129.219100,0.148938,-129.219100,,0.148938,1.765400
2026-05-07,129.229000,-129.229000,-0.007661,-129.229000,,-0.007661,1.763100
2026-05-08,129.245500,-129.245500,-0.012767,-129.245500,,-0.012767,1.764800
2026-05-11,129.290000,-129.290000,-0.034425,-129.290000,,-0.034425,1.762200
2026-05-12,129.348800,-129.348800,-0.045469,-129.348800,,-0.045469,1.759200
2026-05-13,129.381000,-129.381000,-0.024891,-129.381000,,-0.024891,1.751400
2026-05-14,129.345200,-129.345200,0.027674,-129.345200,,0.027674,1.758800
2026-05-15,129.288600,-129.288600,0.043768,-129.288600,,0.043768,1.765800
2026-05-18,129.339500,-129.339500,-0.039362,-129.339500,,-0.039362,1.758500
2026-05-19,129.525900,-129.525900,-0.144013,-129.525900,,-0.144013,1.734500
2026-05-20,129.525200,-129.525200,0.000540,-129.525200,,0.000540,1.738200
2026-05-21,129.512100,-129.512100,0.010114,-129.512100,,0.010114,1.744800
2026-05-22,129.470000,-129.470000,0.032512,-129.470000,,0.032512,1.751900
2026-05-25,129.517800,-129.517800,-0.036913,-129.517800,,-0.036913,1.748400
2026-05-26,129.596600,-129.596600,-0.060823,-129.596600,,-0.060823,1.740500
2026-05-27,129.701600,-129.701600,-0.080988,-129.701600,,-0.080988,1.721600
2026-05-28,129.760600,-129.760600,-0.045479,-129.760600,,-0.045479,1.719300
2026-05-29,129.815200,-129.815200,-0.042069,-129.815200,,-0.042069,1.709000
2026-06-01,129.925900,-129.925900,-0.085239,-129.925900,,-0.085239,1.700900
2026-06-02,129.920000,-129.920000,0.004541,-129.920000,,0.004541,1.703600
2026-06-03,129.852700,-129.852700,0.051815,-129.852700,,0.051815,1.712800
2026-06-04,129.919700,-129.919700,-0.051584,-129.919700,,-0.051584,1.708100
2026-06-05,129.840300,-129.840300,0.061133,-129.840300,,0.061133,1.720700
2026-06-08,129.746100,-129.746100,0.072577,-129.746100,,0.072577,1.727500
2026-06-09,129.662300,-129.662300,0.064609,-129.662300,,0.064609,1.737600
2026-06-10,129.538500,-129.538500,0.095524,-129.538500,,0.095524,1.747600
2026-06-11,129.464200,-129.464200,0.057374,-129.464200,,0.057374,1.747500
2026-06-12,129.532100,-129.532100,-0.052433,-129.532100,,-0.052433,1.742700
2026-06-15,129.553600,-129.553600,-0.016597,-129.553600,,-0.016597,1.744600
2026-06-16,129.658100,-129.658100,-0.080629,-129.658100,,-0.080629,1.732400
2026-06-17,129.729400,-129.729400,-0.054976,-129.729400,,-0.054976,1.727000
2026-06-18,129.751800,-129.751800,-0.017265,-129.751800,,-0.017265,1.729900
2026-06-22,129.750500,-129.750500,0.001002,-129.750500,,0.001002,1.737500
2026-06-23,129.689200,-129.689200,0.047256,-129.689200,,0.047256,1.743700
2026-06-24,129.665900,-129.665900,0.017968,-129.665900,,0.017968,1.745400
2026-06-25,129.764700,-129.764700,-0.076167,-129.764700,,-0.076167,1.735100
2026-06-26,129.802300,-129.802300,-0.028971,-129.802300,,-0.028971,1.731400
2026-06-29,129.906800,-129.906800,-0.080475,-129.906800,,-0.080475,1.717000
2026-06-30,129.794900,-129.794900,0.086176,-129.794900,,0.086176,1.733000
2026-07-01,129.639000,-129.639000,0.120185,-129.639000,,0.120185,1.744800
2026-07-02,129.646500,-129.646500,-0.005785,-129.646500,,-0.005785,1.741000
2026-07-03,129.606400,-129.606400,0.030935,-129.606400,,0.030935,1.746300
2026-07-06,129.693600,-129.693600,-0.067258,-129.693600,,-0.067258,1.737900
2026-07-07,129.712500,-129.712500,-0.014572,-129.712500,,-0.014572,1.740600
2026-07-08,129.784100,-129.784100,-0.055184,-129.784100,,-0.055184,1.738500
2026-07-09,129.823000,-129.823000,-0.029968,-129.823000,,-0.029968,1.737600
2026-07-10,129.811600,-129.811600,0.008782,-129.811600,,0.008782,1.739800
2026-07-13,129.761000,-129.761000,0.038987,-129.761000,,0.038987,1.744200
2026-07-14,129.770400,-129.770400,-0.007244,-129.770400,,-0.007244,1.740200
2026-07-15,129.811800,-129.811800,-0.031897,-129.811800,,-0.031897,1.740600
2026-07-16,129.766900,-129.766900,0.034595,-129.766900,,0.034595,1.743700
2026-07-17,129.806600,-129.806600,-0.030589,-129.806600,,-0.030589,1.740400
2026-07-20,129.775800,-129.775800,0.023730,-129.775800,,0.023730,1.745300
2026-07-21,129.786800,-129.786800,-0.008476,-129.786800,,-0.008476,1.745000
2026-07-22,130.003800,-130.003800,-0.167058,-130.003800,,-0.167058,1.729700
2026-07-23,130.044700,-130.044700,-0.031456,-130.044700,,-0.031456,1.732500
2026-07-24,130.090900,-130.090900,-0.035520,-130.090900,,-0.035520,1.728200
2026-07-27,130.089600,-130.089600,0.000999,-130.089600,,0.000999,1.733700
2026-07-28,130.083900,-130.083900,0.004382,-130.083900,,0.004382,1.735100
2026-07-29,130.061100,-130.061100,0.017529,-130.061100,,0.017529,1.732900
2026-07-30,130.215900,-130.215900,-0.118950,-130.215900,,-0.118950,1.719600
2026-07-31,130.289200,-130.289200,-0.056275,-130.289200,,-0.056275,1.714100
2026-08-03,130.306000,-130.306000,-0.012894,-130.306000,,-0.012894,1.716900
2026-08-04,130.344400,-130.344400,-0.029465,-130.344400,,-0.029465,1.712600
2026-08-05,130.334900,-130.334900,0.007289,-130.334900,,0.007289,1.713700
2026-08-06,130.319000,-130.319000,0.012200,-130.319000,,0.012200,1.714300
2026-08-07,130.405100,-130.405100,-0.066047,-130.405100,,-0.066047,1.711400
2026-08-10,130.528700,-130.528700,-0.094737,-130.528700,,-0.094737,1.707400
2026-08-11,130.471100,-130.471100,0.044138,-130.471100,,0.044138,1.716100
2026-08-12,130.471100,-130.471100,-0.000000,-130.471100,,-0.000000,1.716100
