日期,corp_wealth,cdb_wealth,wealth_ratio,wealth_diff,wealth_diff_cycle,hf_raw,hf_credit_factor,hf_mom_pct
2020-01-02,222.463000,196.148400,1.134157,26.314600,2.684936,-2.684936,0.929513,
2020-01-03,222.573000,196.086200,1.135077,26.486800,2.830374,-2.830374,0.925695,-0.410767
2020-01-06,222.729800,196.136600,1.135585,26.593200,2.910013,-2.910013,0.923604,-0.225853
2020-01-07,222.753900,196.202500,1.135327,26.551400,2.841451,-2.841451,0.925404,0.194879
2020-01-08,222.825100,196.210600,1.135643,26.614500,2.877790,-2.877790,0.924450,-0.103088
2020-01-09,222.885600,196.224000,1.135873,26.661600,2.898128,-2.898128,0.923916,-0.057757
2020-01-10,222.940700,196.370100,1.135309,26.570600,2.780367,-2.780367,0.927008,0.334613
2020-01-13,223.100000,196.410300,1.135887,26.689700,2.872705,-2.872705,0.924584,-0.261500
2020-01-14,223.144600,196.332000,1.136568,26.812600,2.968844,-2.968844,0.922060,-0.272975
2020-01-15,223.198400,196.324400,1.136886,26.874000,3.003482,-3.003482,0.921151,-0.098621
2020-01-16,223.229500,196.343400,1.136934,26.886100,2.988821,-2.988821,0.921535,0.041785
2020-01-17,223.270300,196.381600,1.136921,26.888700,2.964659,-2.964659,0.922170,0.068831
2020-01-19,223.324700,196.528800,1.136346,26.795900,2.845098,-2.845098,0.925309,0.340371
2020-01-20,223.410000,196.590600,1.136423,26.819400,2.841836,-2.841836,0.925394,0.009254
2020-01-21,223.462200,196.699500,1.136059,26.762700,2.758375,-2.758375,0.927585,0.236773
2020-01-22,223.536800,196.756600,1.136108,26.780200,2.749113,-2.749113,0.927828,0.026212
2020-01-23,223.590500,196.860700,1.135780,26.729800,2.671951,-2.671951,0.929854,0.218326
2020-02-03,224.645800,198.123100,1.133870,26.522700,2.438090,-2.438090,0.935994,0.660261
2020-02-04,224.615600,197.990500,1.134477,26.625100,2.513728,-2.513728,0.934008,-0.212149
2020-02-05,224.721500,198.029600,1.134787,26.691900,2.553767,-2.553767,0.932957,-0.112538
2020-02-06,224.782400,198.119000,1.134583,26.663400,2.498505,-2.498505,0.934407,0.155501
2020-02-07,224.876400,198.451400,1.133156,26.425000,2.233343,-2.233343,0.941369,0.744983
2020-02-10,225.067100,198.793300,1.132166,26.273800,2.055382,-2.055382,0.946041,0.496293
2020-02-11,225.102800,198.779700,1.132423,26.323100,2.077920,-2.077920,0.945449,-0.062544
2020-02-12,225.272500,198.776300,1.133297,26.496200,2.224258,-2.224258,0.941607,-0.406342
2020-02-13,225.331400,198.849200,1.133177,26.482200,2.183496,-2.183496,0.942677,0.113646
2020-02-14,225.432600,198.881100,1.133504,26.551500,2.226034,-2.226034,0.941561,-0.118464
2020-02-17,225.623000,198.782700,1.135023,26.840300,2.488073,-2.488073,0.934681,-0.730614
2020-02-18,225.704500,198.779200,1.135453,26.925300,2.546311,-2.546311,0.933152,-0.163574
2020-02-19,225.782200,198.827400,1.135569,26.954800,2.549049,-2.549049,0.933081,-0.007703
2020-02-20,225.869800,198.701100,1.136732,27.168700,2.736187,-2.736187,0.928168,-0.526519
2020-02-21,225.934200,198.749200,1.136780,27.185000,2.725725,-2.725725,0.928442,0.029591
2020-02-24,226.041400,199.034300,1.135691,27.007100,2.521062,-2.521062,0.933815,0.578701
2020-02-25,226.114000,199.075900,1.135818,27.038100,2.525300,-2.525300,0.933704,-0.011914
2020-02-26,226.195300,199.161000,1.135741,27.034300,2.494738,-2.494738,0.934506,0.085931
2020-02-27,226.235700,199.315400,1.135064,26.920300,2.353976,-2.353976,0.938202,0.395436
2020-02-28,226.309400,199.647600,1.133544,26.661800,2.068713,-2.068713,0.945691,0.798215
2020-03-02,226.417600,199.633300,1.134167,26.784300,2.164451,-2.164451,0.943177,-0.265769
2020-03-03,226.501100,199.630200,1.134603,26.870900,2.224288,-2.224288,0.941606,-0.166553
2020-03-04,226.650500,199.975600,1.133391,26.674900,2.001526,-2.001526,0.947454,0.621076
2020-03-05,226.691500,200.022700,1.133329,26.668800,1.968663,-1.968663,0.948317,0.091058
2020-03-06,226.720400,200.290200,1.131960,26.430200,1.703300,-1.703300,0.955284,0.734612
2020-03-09,226.920100,200.957200,1.129196,25.962900,1.209238,-1.209238,0.968254,1.357755
2020-03-10,226.862100,200.503800,1.131460,26.358300,1.577875,-1.577875,0.958576,-0.999497
2020-03-11,226.788500,200.469300,1.131288,26.319200,1.512012,-1.512012,0.960305,0.180379
2020-03-12,226.799000,200.414200,1.131651,26.384800,1.550848,-1.550848,0.959286,-0.106171
2020-03-13,226.578600,200.122700,1.132198,26.455900,1.595185,-1.595185,0.958122,-0.121335
2020-03-16,226.511900,200.199900,1.131429,26.312000,1.424522,-1.424522,0.962602,0.467618
2020-03-17,226.424200,200.180800,1.131098,26.243400,1.329158,-1.329158,0.965106,0.260080
2020-03-18,226.500300,200.188300,1.131436,26.312000,1.370995,-1.370995,0.964007,-0.113802
2020-03-19,226.442200,200.185400,1.131162,26.256800,1.289031,-1.289031,0.966159,0.223210
2020-03-20,226.424200,200.339300,1.130204,26.084900,1.090367,-1.090367,0.971375,0.539811
2020-03-23,226.513200,200.604600,1.129153,25.908600,0.887303,-0.887303,0.976706,0.548805
2020-03-24,226.638700,200.957800,1.127793,25.680900,0.632839,-0.632839,0.983386,0.683966
2020-03-25,226.650000,201.074900,1.127192,25.575100,0.500275,-0.500275,0.986866,0.353895
2020-03-26,226.682200,201.552000,1.124683,25.130200,0.028610,-0.028610,0.999249,1.254719
2020-03-27,226.782300,201.566500,1.125099,25.215800,0.087445,-0.087445,0.997704,-0.154574
2020-03-30,226.822500,201.728500,1.124395,25.094000,-0.061119,0.061119,1.001604,0.390918
2020-03-31,226.897000,202.153900,1.122397,24.743100,-0.438784,0.438784,1.011519,0.989879
2020-04-01,226.860400,202.476900,1.120426,24.383500,-0.825149,0.825149,1.021662,1.002757
2020-04-02,226.932000,202.452700,1.120914,24.479300,-0.756115,0.756115,1.019850,-0.177391
2020-04-03,226.908900,202.495800,1.120561,24.413100,-0.849080,0.849080,1.022290,0.239308
2020-04-07,227.177700,204.557800,1.110580,22.619900,-2.669046,2.669046,1.070069,4.673698
2020-04-08,227.348900,205.208900,1.107890,22.140000,-3.175712,3.175712,1.083370,1.243030
2020-04-09,227.489200,205.176100,1.108751,22.313100,-3.029378,3.029378,1.079529,-0.354601
2020-04-10,227.627800,205.058900,1.110061,22.568900,-2.800344,2.800344,1.073516,-0.556977
2020-04-13,227.706800,204.930300,1.111143,22.776500,-2.619510,2.619510,1.068768,-0.442224
2020-04-14,227.778200,205.054400,1.110818,22.723800,-2.698977,2.698977,1.070855,0.195197
2020-04-15,227.911100,205.330900,1.109970,22.580200,-2.869344,2.869344,1.075327,0.417663
2020-04-16,227.986400,205.449500,1.109696,22.536900,-2.939411,2.939411,1.077167,0.171059
2020-04-17,228.069700,205.424100,1.110238,22.645600,-2.857478,2.857478,1.075016,-0.199685
2020-04-20,228.107400,205.391600,1.110598,22.715800,-2.814046,2.814046,1.073876,-0.106065
2020-04-21,228.184100,205.540400,1.110167,22.643700,-2.912913,2.912913,1.076471,0.241698
2020-04-22,228.205200,205.847800,1.108611,22.357400,-3.225981,3.225981,1.084690,0.763498
2020-04-23,228.408700,206.126500,1.108100,22.282200,-3.327950,3.327950,1.087367,0.246792
2020-04-24,228.492500,206.059700,1.108866,22.432800,-3.204118,3.204118,1.084116,-0.298969
2020-04-26,228.593000,206.054000,1.109384,22.539000,-3.124687,3.124687,1.082031,-0.192348
2020-04-27,228.672100,206.055500,1.109760,22.616600,-3.073856,3.073856,1.080696,-0.123328
2020-04-28,228.706100,206.057600,1.109913,22.648500,-3.068725,3.068725,1.080561,-0.012464
2020-04-29,228.762900,206.197800,1.109434,22.565100,-3.178894,3.178894,1.083454,0.267660
2020-04-30,228.832200,206.178500,1.109874,22.653700,-3.117064,3.117064,1.081831,-0.149818
2020-05-06,229.037100,205.922900,1.112247,23.114200,-2.683334,2.683334,1.070444,-1.052524
2020-05-07,228.921600,205.213200,1.115531,23.708400,-2.115904,2.115904,1.055548,-1.391617
2020-05-08,228.800200,205.134800,1.115365,23.665400,-2.185675,2.185675,1.057379,0.173526
2020-05-09,228.761300,204.961600,1.116118,23.799700,-2.078145,2.078145,1.054556,-0.266973
2020-05-11,228.667400,204.199700,1.119822,24.467700,-1.436916,1.436916,1.037722,-1.596302
2020-05-12,228.606600,204.281700,1.119075,24.324900,-1.606487,1.606487,1.042174,0.428986
2020-05-13,228.666800,204.349500,1.118999,24.317300,-1.640859,1.640859,1.043076,0.086582
2020-05-14,228.602200,204.545200,1.117612,24.057000,-1.927931,1.927931,1.050613,0.722514
2020-05-15,228.643800,205.042200,1.115106,23.601600,-2.410103,2.410103,1.063271,1.204845
2020-05-18,228.753600,204.705300,1.117478,24.048300,-1.990175,1.990175,1.052247,-1.036817
2020-05-19,228.742500,204.503300,1.118527,24.239200,-1.826048,1.826048,1.047938,-0.409482
2020-05-20,228.760000,204.371200,1.119336,24.388800,-1.703221,1.703221,1.044714,-0.307702
2020-05-21,228.773700,204.258900,1.120018,24.514800,-1.603994,1.603994,1.042109,-0.249347
2020-05-22,228.844500,204.742500,1.117719,24.102000,-2.043567,2.043567,1.053648,1.107363
2020-05-25,228.933500,204.280100,1.120684,24.653400,-1.518941,1.518941,1.039876,-1.307151
2020-05-26,228.881100,203.408800,1.125227,25.472300,-0.726815,0.726815,1.019080,-1.999790
2020-05-27,228.823200,202.902400,1.127750,25.920800,-0.305089,0.305089,1.008009,-1.086409
2020-05-28,228.776700,203.064500,1.126621,25.712200,-0.540464,0.540464,1.014188,0.613009
2020-05-29,228.783100,203.017200,1.126915,25.765900,-0.513539,0.513539,1.013481,-0.069696
2020-06-01,228.825800,203.006700,1.127183,25.819100,-0.487114,0.487114,1.012788,-0.068449
2020-06-02,228.591800,201.473900,1.134598,27.117900,0.784910,-0.784910,0.979394,-3.297226
2020-06-03,228.125300,201.237700,1.133611,26.887600,0.527835,-0.527835,0.986143,0.689089
2020-06-04,227.965900,200.556000,1.136670,27.409900,1.023359,-1.023359,0.973134,-1.319157
2020-06-05,227.557700,200.355600,1.135769,27.202100,0.788782,-0.788782,0.979292,0.632824
2020-06-08,227.487100,200.634800,1.133837,26.852300,0.412206,-0.412206,0.989178,1.009515
2020-06-09,227.626200,200.914300,1.132952,26.711900,0.245029,-0.245029,0.993567,0.443684
2020-06-10,227.670900,200.887700,1.133324,26.783200,0.289551,-0.289551,0.992398,-0.117640
2020-06-11,227.772000,201.090400,1.132685,26.681600,0.161174,-0.161174,0.995768,0.339606
2020-06-12,227.900400,201.296700,1.132162,26.603700,0.056496,-0.056496,0.998516,0.275974
2020-06-15,228.069500,201.422400,1.132295,26.647100,0.073118,-0.073118,0.998080,-0.043701
2020-06-16,228.094700,200.867200,1.135550,27.227500,0.626739,-0.626739,0.983546,-1.456194
2020-06-17,228.087100,200.559600,1.137253,27.527500,0.899961,-0.899961,0.976373,-0.729275
2020-06-18,228.111200,200.539600,1.137487,27.571600,0.917282,-0.917282,0.975919,-0.046572
2020-06-19,228.161700,200.425200,1.138388,27.736500,1.055402,-1.055402,0.972293,-0.371549
2020-06-22,228.189400,199.842200,1.141848,28.347200,1.639323,-1.639323,0.956963,-1.576624
2020-06-23,227.933800,199.660300,1.141608,28.273500,1.538843,-1.538843,0.959601,0.275649
2020-06-24,227.961700,200.184300,1.138759,27.777400,1.015962,-1.015962,0.973328,1.430485
2020-06-28,228.089900,200.387900,1.138242,27.702000,0.913782,-0.913782,0.976011,0.275601
2020-06-29,228.157800,200.391000,1.138563,27.766800,0.951801,-0.951801,0.975012,-0.102263
2020-06-30,228.195300,200.682100,1.137098,27.513200,0.671419,-0.671419,0.982373,0.754937
2020-07-01,228.280900,200.614000,1.137911,27.666900,0.798338,-0.798338,0.979041,-0.339172
2020-07-02,228.393000,200.731800,1.137802,27.661200,0.765856,-0.765856,0.979894,0.087099
2020-07-03,228.457600,200.679800,1.138419,27.777800,0.855674,-0.855674,0.977536,-0.240633
2020-07-06,228.321800,199.584300,1.143987,28.737500,1.788591,-1.788591,0.953045,-2.505429
2020-07-07,228.032400,199.165600,1.144939,28.866800,1.891108,-1.891108,0.950353,-0.282394
2020-07-08,227.897200,198.769900,1.146538,29.127300,2.124825,-2.124825,0.944218,-0.645619
2020-07-09,227.493100,197.985100,1.149042,29.508000,2.478741,-2.478741,0.934926,-0.984012
2020-07-10,227.332400,198.132900,1.147373,29.199500,2.143458,-2.143458,0.943728,0.941471
2020-07-13,227.199200,197.422900,1.150825,29.776300,2.693473,-2.693473,0.929289,-1.530029
2020-07-14,227.146300,197.648200,1.149245,29.498100,2.388489,-2.388489,0.937296,0.861586
2020-07-15,227.178600,198.176200,1.146347,29.002400,1.866004,-1.866004,0.951012,1.463419
2020-07-16,227.297500,198.377700,1.145782,28.919800,1.756619,-1.756619,0.953884,0.301956
2020-07-17,227.408800,198.505100,1.145607,28.903700,1.713733,-1.713733,0.955010,0.118029
2020-07-20,227.600600,198.917400,1.144197,28.683200,1.466447,-1.466447,0.961502,0.679772
2020-07-21,227.800900,199.634900,1.141088,28.166000,0.922461,-0.922461,0.975783,1.485284
2020-07-22,227.980300,199.740500,1.141382,28.239800,0.969474,-0.969474,0.974548,-0.126485
2020-07-23,228.148900,199.684700,1.142546,28.464200,1.167087,-1.167087,0.969361,-0.532333
2020-07-24,228.350000,199.878100,1.142446,28.471900,1.148000,-1.148000,0.969862,0.051693
2020-07-27,228.511100,199.878400,1.143251,28.632700,1.282012,-1.282012,0.966344,-0.362749
2020-07-28,228.620500,199.640800,1.145159,28.979700,1.602224,-1.602224,0.957937,-0.869916
2020-07-29,228.601300,199.462800,1.146085,29.138500,1.734235,-1.734235,0.954472,-0.361782
2020-07-30,228.618100,199.407000,1.146490,29.211100,1.780047,-1.780047,0.953269,-0.126003
2020-07-31,228.618500,199.107200,1.148218,29.511300,2.053457,-2.053457,0.946091,-0.752960
2020-08-03,228.697300,199.157900,1.148322,29.539400,2.054768,-2.054768,0.946057,-0.003636
2020-08-04,228.734000,199.200100,1.148262,29.533900,2.022478,-2.022478,0.946904,0.089603
2020-08-05,228.822300,199.216700,1.148610,29.605600,2.067387,-2.067387,0.945725,-0.124510
2020-08-06,228.853900,199.262000,1.148507,29.591900,2.026897,-2.026897,0.946788,0.112399
2020-08-07,228.954000,199.227200,1.149211,29.726800,2.135005,-2.135005,0.943950,-0.299764
2020-08-10,229.096400,199.447900,1.148653,29.648500,2.029914,-2.029914,0.946709,0.292274
2020-08-11,229.173900,199.440600,1.149083,29.733300,2.087922,-2.087922,0.945186,-0.160858
2020-08-12,229.218900,199.394200,1.149577,29.824700,2.152530,-2.152530,0.943490,-0.179448
2020-08-13,229.334400,199.397700,1.150136,29.936700,2.237737,-2.237737,0.941253,-0.237089
2020-08-14,229.437300,199.474300,1.150210,29.963000,2.237244,-2.237244,0.941266,0.001376
2020-08-17,229.625300,199.585800,1.150509,30.039500,2.286950,-2.286950,0.939961,-0.138635
2020-08-18,229.729500,199.543900,1.151273,30.185600,2.406256,-2.406256,0.936829,-0.333214
2020-08-19,229.760800,199.425100,1.152116,30.335700,2.529562,-2.529562,0.933592,-0.345536
2020-08-20,229.776300,199.108000,1.154028,30.668300,2.835367,-2.835367,0.925564,-0.859922
2020-08-21,229.811800,199.112900,1.154178,30.698900,2.839171,-2.839171,0.925464,-0.010792
2020-08-24,229.880200,198.959400,1.155413,30.920800,3.034276,-3.034276,0.920342,-0.553451
2020-08-25,229.828900,198.501400,1.157820,31.327500,3.414179,-3.414179,0.910369,-1.083667
2020-08-26,229.727700,198.472400,1.157479,31.255300,3.315183,-3.315183,0.912968,0.285479
2020-08-27,229.636400,198.428800,1.157274,31.207600,3.240686,-3.240686,0.914923,0.214218
2020-08-28,229.552500,198.278200,1.157729,31.274300,3.280588,-3.280588,0.913876,-0.114495
2020-08-31,229.572400,198.546200,1.156267,31.026200,3.005690,-3.005690,0.921093,0.789689
2020-09-01,229.629700,198.490900,1.156878,31.138800,3.091492,-3.091492,0.918840,-0.244548
2020-09-02,229.604800,198.310700,1.157803,31.294100,3.219993,-3.219993,0.915467,-0.367146
2020-09-03,229.568500,198.193600,1.158304,31.374900,3.273993,-3.273993,0.914049,-0.154856
2020-09-04,229.556200,198.122500,1.158658,31.433700,3.305993,-3.305993,0.913209,-0.091908
2020-09-07,229.573600,197.934900,1.159844,31.638700,3.484193,-3.484193,0.908531,-0.512281
2020-09-08,229.627900,197.961600,1.159962,31.666300,3.484992,-3.484992,0.908510,-0.002309
2020-09-09,229.696500,198.336700,1.158114,31.359800,3.151691,-3.151691,0.917260,0.963117
2020-09-10,229.785900,198.565200,1.157231,31.220700,2.985789,-2.985789,0.921615,0.474822
2020-09-11,229.847300,198.404900,1.158476,31.442400,3.180686,-3.180686,0.916498,-0.555173
2020-09-14,229.948400,198.321200,1.159475,31.627200,3.338683,-3.338683,0.912351,-0.452573
2020-09-15,230.001700,198.645100,1.157852,31.356600,3.041280,-3.041280,0.920158,0.855768
2020-09-16,230.038700,198.791400,1.157186,31.247300,2.905176,-2.905176,0.923731,0.388311
2020-09-17,230.103000,198.722400,1.157912,31.380600,3.011671,-3.011671,0.920936,-0.302661
2020-09-18,230.143000,198.834200,1.157462,31.308800,2.913066,-2.913066,0.923524,0.281088
2020-09-21,230.303800,199.069100,1.156904,31.234700,2.812161,-2.812161,0.926173,0.286839
2020-09-22,230.355000,199.175500,1.156543,31.179500,2.730154,-2.730154,0.928326,0.232448
2020-09-23,230.402300,199.141000,1.156981,31.261300,2.785148,-2.785148,0.926882,-0.155518
2020-09-24,230.456500,199.132500,1.157302,31.324000,2.821040,-2.821040,0.925940,-0.101661
2020-09-25,230.527600,198.896000,1.159036,31.631600,3.101832,-3.101832,0.918569,-0.796111
2020-09-27,230.585500,198.936600,1.159090,31.648900,3.092324,-3.092324,0.918818,0.027175
2020-09-28,230.651900,198.948800,1.159353,31.703100,3.119715,-3.119715,0.918099,-0.078261
2020-09-29,230.739200,198.913300,1.159999,31.825900,3.215705,-3.215705,0.915579,-0.274479
2020-09-30,230.777800,198.890800,1.160324,31.887000,3.249995,-3.249995,0.914679,-0.098319
2020-10-09,231.105200,198.817000,1.162402,32.288200,3.624384,-3.624384,0.904850,-1.074548
2020-10-10,231.052700,198.825800,1.162086,32.226900,3.536272,-3.536272,0.907163,0.255640
2020-10-12,231.181800,198.876500,1.162439,32.305300,3.587860,-3.587860,0.905809,-0.149291
2020-10-13,231.226200,198.948600,1.162241,32.277600,3.533347,-3.533347,0.907240,0.157992
2020-10-14,231.266800,198.953600,1.162416,32.313200,3.542133,-3.542133,0.907010,-0.025425
2020-10-15,231.307000,198.935000,1.162727,32.372000,3.574119,-3.574119,0.906170,-0.092580
2020-10-16,231.368600,198.957900,1.162902,32.410700,3.586004,-3.586004,0.905858,-0.034432
2020-10-19,231.504900,199.178000,1.162302,32.326900,3.475388,-3.475388,0.908762,0.320574
2020-10-20,231.578400,199.255900,1.162216,32.322500,3.444172,-3.444172,0.909581,0.090178
2020-10-21,231.671000,199.418300,1.161734,32.252700,3.347555,-3.347555,0.912118,0.278858
2020-10-22,231.767800,199.604300,1.161136,32.163500,3.231537,-3.231537,0.915163,0.333922
2020-10-23,231.833800,199.641300,1.161252,32.192500,3.233719,-3.233719,0.915106,-0.006258
2020-10-26,231.957400,199.658000,1.161774,32.299400,3.313800,-3.313800,0.913004,-0.229736
2020-10-27,231.998700,199.836100,1.160945,32.162600,3.150180,-3.150180,0.917299,0.470473
2020-10-28,232.035300,199.924900,1.160612,32.110400,3.071159,-3.071159,0.919374,0.226152
2020-10-29,232.035500,200.008500,1.160128,32.027000,2.960938,-2.960938,0.922267,0.314735
2020-10-30,232.053000,200.031800,1.160081,32.021200,2.928316,-2.928316,0.923124,0.092860
2020-11-02,232.176400,200.213200,1.159646,31.963200,2.843493,-2.843493,0.925351,0.241227
2020-11-03,232.230400,200.361500,1.159057,31.868900,2.722369,-2.722369,0.928530,0.343633
2020-11-04,232.310300,200.485600,1.158738,31.824700,2.651344,-2.651344,0.930395,0.200809
2020-11-05,232.357900,200.440400,1.159237,31.917500,2.717319,-2.717319,0.928663,-0.186158
2020-11-06,232.384100,200.261100,1.160406,32.123000,2.895993,-2.895993,0.923972,-0.505096
2020-11-09,232.416400,200.212200,1.160850,32.204200,2.950365,-2.950365,0.922545,-0.154488
2020-11-10,232.385300,200.140900,1.161108,32.244400,2.963738,-2.963738,0.922194,-0.038052
2020-11-11,232.353600,200.204500,1.160581,32.149100,2.841609,-2.841609,0.925400,0.347670
2020-11-12,232.216200,200.134600,1.160300,32.081600,2.747279,-2.747279,0.927877,0.267603
2020-11-13,231.919700,199.912400,1.160107,32.007300,2.646149,-2.646149,0.930531,0.286130
2020-11-16,231.825000,200.027700,1.158964,31.797300,2.409317,-2.409317,0.936749,0.668159
2020-11-17,231.631800,200.005500,1.158127,31.626300,2.211485,-2.211485,0.941942,0.554429
2020-11-18,231.450600,199.872600,1.157991,31.578000,2.136352,-2.136352,0.943915,0.209401
2020-11-19,231.254900,199.678000,1.158139,31.576900,2.108417,-2.108417,0.944648,0.077692
2020-11-20,230.994400,199.660700,1.156935,31.333700,1.838382,-1.838382,0.951737,0.750450
2020-11-23,231.090300,199.978100,1.155578,31.112200,1.590046,-1.590046,0.958257,0.685006
2020-11-24,231.141200,200.023000,1.155573,31.118200,1.569209,-1.569209,0.958804,0.057085
2020-11-25,231.080700,200.162300,1.154467,30.918400,1.342571,-1.342571,0.964754,0.620547
2020-11-26,231.137400,200.237500,1.154316,30.899900,1.297232,-1.297232,0.965944,0.123375
2020-11-27,231.098500,200.282100,1.153865,30.816400,1.186892,-1.186892,0.968841,0.299884
2020-11-30,231.301300,200.784600,1.151987,30.516700,0.860351,-0.860351,0.977413,0.884824
2020-12-01,231.371400,200.684200,1.152913,30.687200,1.004009,-1.004009,0.973642,-0.385854
2020-12-02,231.366100,200.603500,1.153350,30.762600,1.052566,-1.052566,0.972367,-0.130925
2020-12-03,231.362000,200.584900,1.153437,30.777100,1.040222,-1.040222,0.972691,0.033327
2020-12-04,231.362400,200.680800,1.152888,30.681600,0.917877,-0.917877,0.975903,0.330205
2020-12-07,231.472300,200.731400,1.153144,30.740900,0.950330,-0.950330,0.975051,-0.087303
2020-12-08,231.449000,200.934400,1.151863,30.514600,0.697183,-0.697183,0.981697,0.681581
2020-12-09,231.469200,200.975500,1.151728,30.493700,0.649434,-0.649434,0.982950,0.127689
2020-12-10,231.537700,201.105300,1.151326,30.432400,0.561285,-0.561285,0.985264,0.235429
2020-12-11,231.511500,200.981300,1.151906,30.530200,0.632234,-0.632234,0.983402,-0.189046
2020-12-14,231.611800,201.051700,1.152001,30.560100,0.635282,-0.635282,0.983322,-0.008137
2020-12-15,231.649000,201.252300,1.151038,30.396700,0.445029,-0.445029,0.988316,0.507934
2020-12-16,231.704400,201.386000,1.150549,30.318400,0.339875,-0.339875,0.991077,0.279320
2020-12-17,231.752700,201.445400,1.150449,30.307300,0.301920,-0.301920,0.992073,0.100540
2020-12-18,231.799800,201.436100,1.150736,30.363700,0.331463,-0.331463,0.991298,-0.078179
2020-12-21,231.892100,201.760900,1.149341,30.131200,0.072106,-0.072106,0.998107,0.686858
2020-12-22,231.927200,201.961100,1.148376,29.966100,-0.119853,0.119853,1.003146,0.504897
2020-12-23,231.971800,202.121300,1.147686,29.850500,-0.262314,0.262314,1.006886,0.372821
2020-12-24,231.976900,202.049900,1.148117,29.927000,-0.212675,0.212675,1.005583,-0.129423
2020-12-25,231.979500,202.071400,1.148008,29.908100,-0.258438,0.258438,1.006784,0.119472
2020-12-28,232.082000,202.265200,1.147414,29.816800,-0.376602,0.376602,1.009886,0.308120
2020-12-29,232.080500,202.408000,1.146597,29.672500,-0.547767,0.547767,1.014380,0.444953
2020-12-30,232.208100,202.667300,1.145760,29.540800,-0.706333,0.706333,1.018543,0.410376
2020-12-31,232.250900,202.717200,1.145689,29.533700,-0.740301,0.740301,1.019434,0.087551
2021-01-04,217.608100,202.491600,1.074652,15.116500,0.260207,-0.260207,0.987992,
2021-01-05,217.682800,202.610000,1.074393,15.072800,0.199868,-0.199868,0.990776,0.281846
2021-01-06,217.772800,202.678800,1.074473,15.094000,0.204429,-0.204429,0.990566,-0.021244
2021-01-07,217.906800,202.857600,1.074186,15.049200,0.142990,-0.142990,0.993401,0.286239
2021-01-08,218.001600,202.775200,1.075090,15.226400,0.303551,-0.303551,0.985991,-0.745902
2021-01-11,218.092900,202.753400,1.075656,15.339500,0.400012,-0.400012,0.981540,-0.451487
2021-01-12,218.121600,202.793600,1.075584,15.328000,0.371873,-0.371873,0.982838,0.132303
2021-01-13,218.136200,203.025600,1.074427,15.110600,0.137834,-0.137834,0.993639,1.098938
2021-01-14,218.257200,203.169600,1.074261,15.087600,0.098195,-0.098195,0.995468,0.184103
2021-01-15,218.286200,202.870300,1.075989,15.415900,0.409855,-0.409855,0.981085,-1.444846
2021-01-18,218.242900,202.614900,1.077132,15.628000,0.605316,-0.605316,0.972065,-0.919432
2021-01-19,218.166100,202.579800,1.076939,15.586300,0.546977,-0.546977,0.974757,0.276969
2021-01-20,218.162200,202.746400,1.076035,15.415800,0.359838,-0.359838,0.983394,0.886002
2021-01-21,218.196000,202.950600,1.075119,15.245400,0.172799,-0.172799,0.992025,0.877752
2021-01-22,218.203800,202.976000,1.075023,15.227800,0.138560,-0.138560,0.993606,0.159282
2021-01-25,218.274800,202.959400,1.075460,15.315400,0.209521,-0.209521,0.990331,-0.329588
2021-01-26,218.107900,202.571600,1.076695,15.536300,0.413782,-0.413782,0.980904,-0.951857
2021-01-27,218.065100,202.524400,1.076735,15.540700,0.401543,-0.401543,0.981469,0.057582
2021-01-28,217.905100,202.192000,1.077714,15.713100,0.557304,-0.557304,0.974281,-0.732400
2021-01-29,217.773100,202.195300,1.077043,15.577800,0.405364,-0.405364,0.981293,0.719701
2021-02-01,217.893800,202.543800,1.075786,15.350000,0.160925,-0.160925,0.992573,1.149579
2021-02-02,217.975400,202.544600,1.076185,15.430800,0.225086,-0.225086,0.989612,-0.298315
2021-02-03,217.982100,202.206800,1.078016,15.775300,0.552947,-0.552947,0.974482,-1.528943
2021-02-04,217.921800,201.911000,1.079296,16.010800,0.771808,-0.771808,0.964382,-1.036481
2021-02-05,217.865000,201.883500,1.079162,15.981500,0.725869,-0.725869,0.966502,0.219837
2021-02-08,217.855000,201.860200,1.079237,15.994800,0.722530,-0.722530,0.966656,0.015944
2021-02-09,217.878600,201.968800,1.078774,15.909800,0.620891,-0.620891,0.971346,0.485239
2021-02-10,217.875900,202.001400,1.078586,15.874500,0.568952,-0.568952,0.973743,0.246767
2021-02-18,218.049800,201.806500,1.080489,16.243300,0.921112,-0.921112,0.957491,-1.669027
2021-02-19,218.052100,202.063600,1.079126,15.988500,0.649673,-0.649673,0.970018,1.308291
2021-02-22,218.131400,202.162500,1.078990,15.968900,0.613434,-0.613434,0.971690,0.172411
2021-02-23,218.183800,202.249700,1.078784,15.934100,0.561995,-0.561995,0.974064,0.244305
2021-02-24,218.270600,202.395700,1.078435,15.874900,0.486156,-0.486156,0.977564,0.359313
2021-02-25,218.311600,202.403700,1.078595,15.907900,0.502517,-0.502517,0.976809,-0.077237
2021-02-26,218.308900,202.385400,1.078679,15.923500,0.501477,-0.501477,0.976857,0.004910
2021-03-01,218.434700,202.531700,1.078521,15.903000,0.464338,-0.464338,0.978571,0.175456
2021-03-02,218.533700,202.560000,1.078859,15.973700,0.518399,-0.518399,0.976076,-0.254951
2021-03-03,218.593600,202.535600,1.079285,16.058000,0.586060,-0.586060,0.972954,-0.319904
2021-03-04,218.639200,202.504700,1.079675,16.134500,0.645921,-0.645921,0.970191,-0.283934
2021-03-05,218.701000,202.588900,1.079531,16.112100,0.606881,-0.606881,0.971993,0.185699
2021-03-08,218.825100,202.716900,1.079462,16.108200,0.586342,-0.586342,0.972941,0.097519
2021-03-09,218.875100,202.694900,1.079825,16.180200,0.641703,-0.641703,0.970386,-0.262593
2021-03-10,218.948900,202.751200,1.079890,16.197700,0.642564,-0.642564,0.970346,-0.004094
2021-03-11,218.980400,202.742300,1.080092,16.238100,0.666324,-0.666324,0.969250,-0.113006
2021-03-12,218.982300,202.717500,1.080234,16.264800,0.676385,-0.676385,0.968785,-0.047903
2021-03-15,219.067900,202.664400,1.080939,16.403500,0.798446,-0.798446,0.963152,-0.581454
2021-03-16,219.105500,202.727900,1.080786,16.377600,0.755907,-0.755907,0.965115,0.203827
2021-03-17,219.135600,202.787200,1.080619,16.348400,0.710067,-0.710067,0.967231,0.219193
2021-03-18,219.136900,202.812100,1.080492,16.324800,0.669828,-0.669828,0.969088,0.191994
2021-03-19,219.166400,202.921400,1.080056,16.245000,0.573389,-0.573389,0.973538,0.459259
2021-03-22,219.293700,203.053100,1.079982,16.240600,0.552349,-0.552349,0.974509,0.099735
2021-03-23,219.377400,203.084000,1.080230,16.293400,0.588510,-0.588510,0.972841,-0.171244
2021-03-24,219.423600,203.294000,1.079341,16.129600,0.408070,-0.408070,0.981168,0.855966
2021-03-25,219.465100,203.351300,1.079241,16.113800,0.375631,-0.375631,0.982665,0.152580
2021-03-26,219.524200,203.299600,1.079806,16.224600,0.469791,-0.469791,0.978319,-0.442212
2021-03-29,219.604000,203.292700,1.080236,16.311300,0.539852,-0.539852,0.975086,-0.330491
2021-03-30,219.624700,203.330500,1.080137,16.294200,0.506112,-0.506112,0.976643,0.159684
2021-03-31,219.688700,203.438000,1.079880,16.250700,0.445973,-0.445973,0.979419,0.284178
2021-04-01,219.699300,203.431700,1.079966,16.267600,0.446233,-0.446233,0.979407,-0.001227
2021-04-02,219.714900,203.520700,1.079570,16.194200,0.356194,-0.356194,0.983562,0.424265
2021-04-06,219.825200,203.548900,1.079963,16.276300,0.421654,-0.421654,0.980541,-0.307145
2021-04-07,219.858000,203.487300,1.080451,16.370700,0.499414,-0.499414,0.976952,-0.365982
2021-04-08,219.827500,203.516900,1.080144,16.310600,0.422675,-0.422675,0.980494,0.362505
2021-04-09,219.847700,203.621100,1.079690,16.226600,0.322035,-0.322035,0.985138,0.473687
2021-04-12,219.946900,203.774300,1.079365,16.172600,0.251395,-0.251395,0.988398,0.330917
2021-04-13,220.047000,204.124600,1.078003,15.922400,-0.015445,0.015445,1.000713,1.245906
2021-04-14,220.137100,204.138300,1.078372,15.998800,0.044315,-0.044315,0.997955,-0.275594
2021-04-15,220.223000,204.154800,1.078706,16.068200,0.097076,-0.097076,0.995520,-0.243984
2021-04-16,220.280500,204.188700,1.078808,16.091800,0.104036,-0.104036,0.995199,-0.032265
2021-04-19,220.439800,204.318500,1.078903,16.121300,0.116896,-0.116896,0.994605,-0.059635
2021-04-20,220.574800,204.480900,1.078706,16.093900,0.072856,-0.072856,0.996638,0.204345
2021-04-21,220.659100,204.623400,1.078367,16.035700,-0.001984,0.001984,1.000092,0.346548
2021-04-22,220.725900,204.616700,1.078729,16.109200,0.054876,-0.054876,0.997468,-0.262381
2021-04-23,220.767000,204.657100,1.078717,16.109900,0.038935,-0.038935,0.998203,0.073750
2021-04-26,220.827800,204.372800,1.080515,16.455000,0.367395,-0.367395,0.983045,-1.518553
2021-04-27,220.838500,204.336100,1.080761,16.502400,0.398155,-0.398155,0.981625,-0.144403
2021-04-28,220.842400,204.409900,1.080390,16.432500,0.311615,-0.311615,0.985619,0.406855
2021-04-29,220.887800,204.533300,1.079960,16.354500,0.216974,-0.216974,0.989987,0.443133
2021-04-30,220.938800,204.628500,1.079707,16.310300,0.156134,-0.156134,0.992795,0.283615
2021-05-06,221.202800,204.864600,1.079751,16.338200,0.167394,-0.167394,0.992275,-0.052339
2021-05-07,221.245300,204.894700,1.079800,16.350600,0.163153,-0.163153,0.992471,0.019722
2021-05-10,221.362200,205.022400,1.079698,16.339800,0.135712,-0.135712,0.993737,0.127597
2021-05-11,221.453800,205.157500,1.079433,16.296300,0.075572,-0.075572,0.996512,0.279295
2021-05-12,221.601400,205.216600,1.079841,16.384800,0.147431,-0.147431,0.993196,-0.332788
2021-05-13,221.690300,205.127100,1.080746,16.563200,0.309190,-0.309190,0.985731,-0.751624
2021-05-14,221.770600,205.197900,1.080764,16.572700,0.302050,-0.302050,0.986061,0.033431
2021-05-17,221.860700,205.158000,1.081414,16.702700,0.415409,-0.415409,0.980829,-0.530542
2021-05-18,221.944000,205.192600,1.081637,16.751400,0.447468,-0.447468,0.979350,-0.150843
2021-05-19,222.009800,205.390700,1.080915,16.619100,0.298527,-0.298527,0.986223,0.701848
2021-05-20,222.081900,205.577400,1.080284,16.504500,0.167286,-0.167286,0.992280,0.614131
2021-05-21,222.155400,205.772600,1.079616,16.382800,0.028945,-0.028945,0.998664,0.643404
2021-05-24,222.330400,205.728700,1.080697,16.601700,0.231204,-0.231204,0.989330,-0.934662
2021-05-25,222.376700,205.744000,1.080842,16.632700,0.245562,-0.245562,0.988668,-0.066979
2021-05-26,222.456400,205.834400,1.080754,16.622000,0.218221,-0.218221,0.989929,0.127625
2021-05-27,222.522400,205.802100,1.081245,16.720300,0.299880,-0.299880,0.986161,-0.380684
2021-05-28,222.542000,205.740500,1.081664,16.801500,0.364438,-0.364438,0.983181,-0.302115
2021-05-31,222.601100,205.825100,1.081506,16.776000,0.322296,-0.322296,0.985126,0.197808
2021-06-01,222.641900,205.929800,1.081154,16.712100,0.241755,-0.241755,0.988843,0.377307
2021-06-02,222.679100,205.831700,1.081850,16.847400,0.360413,-0.360413,0.983367,-0.553780
2021-06-03,222.750600,205.922100,1.081723,16.828500,0.324871,-0.324871,0.985007,0.166798
2021-06-04,222.712100,205.792600,1.082216,16.919500,0.399229,-0.399229,0.981576,-0.348382
2021-06-07,222.696600,205.566100,1.083333,17.130500,0.593587,-0.593587,0.972606,-0.913788
2021-06-08,222.694400,205.579700,1.083251,17.114700,0.561145,-0.561145,0.974104,0.153935
2021-06-09,222.662500,205.535800,1.083327,17.126700,0.556503,-0.556503,0.974318,0.021993
2021-06-10,222.704600,205.660000,1.082878,17.044600,0.457761,-0.457761,0.978875,0.467702
2021-06-11,222.722800,205.577700,1.083400,17.145100,0.541619,-0.541619,0.975005,-0.395351
2021-06-15,222.886600,205.629200,1.083925,17.257400,0.637276,-0.637276,0.970590,-0.452772
2021-06-16,222.846700,205.607900,1.083843,17.238800,0.602034,-0.602034,0.972217,0.167571
2021-06-17,222.832700,205.555200,1.084053,17.277500,0.624091,-0.624091,0.971199,-0.104703
2021-06-18,222.829200,205.608000,1.083757,17.221200,0.551148,-0.551148,0.974565,0.346610
2021-06-21,222.910200,205.842100,1.082918,17.068100,0.381406,-0.381406,0.982398,0.803799
2021-06-22,222.935500,205.877300,1.082856,17.058200,0.354863,-0.354863,0.983623,0.124689
2021-06-23,222.982600,206.016200,1.082355,16.966400,0.246420,-0.246420,0.988628,0.508791
2021-06-24,223.059400,206.093200,1.082323,16.966200,0.229577,-0.229577,0.989405,0.078624
2021-06-25,223.116300,206.144800,1.082328,16.971500,0.218233,-0.218233,0.989929,0.052909
2021-06-28,223.255600,206.155500,1.082948,17.100100,0.330190,-0.330190,0.984762,-0.521931
2021-06-29,223.279200,206.195000,1.082855,17.084200,0.297647,-0.297647,0.986264,0.152510
2021-06-30,223.307500,206.351400,1.082171,16.956100,0.152903,-0.152903,0.992944,0.677287
2021-07-01,223.413400,206.340200,1.082743,17.073200,0.253359,-0.253359,0.988308,-0.466895
2021-07-02,223.527100,206.443800,1.082750,17.083300,0.246816,-0.246816,0.988610,0.030556
2021-07-05,223.639800,206.576600,1.082600,17.063200,0.210072,-0.210072,0.990305,0.171525
2021-07-06,223.739300,206.563400,1.083151,17.175900,0.306128,-0.306128,0.985872,-0.447633
2021-07-07,223.808400,206.704400,1.082746,17.104000,0.217584,-0.217584,0.989959,0.414482
2021-07-08,224.060500,207.243500,1.081146,16.817000,-0.086061,0.086061,1.003972,1.415516
2021-07-09,224.160400,207.133700,1.082201,17.026700,0.106995,-0.106995,0.995062,-0.887417
2021-07-12,224.448600,207.559100,1.081372,16.889500,-0.046850,0.046850,1.002162,0.713507
2021-07-13,224.661500,207.734000,1.081486,16.927500,-0.025494,0.025494,1.001177,-0.098341
2021-07-14,224.836900,207.928400,1.081319,16.908500,-0.061139,0.061139,1.002822,0.164305
2021-07-15,224.895600,207.720400,1.082684,17.175200,0.188916,-0.188916,0.991282,-1.150744
2021-07-16,224.981400,207.820400,1.082576,17.161000,0.158071,-0.158071,0.992705,0.143600
2021-07-19,225.142700,207.934300,1.082759,17.208400,0.188826,-0.188826,0.991286,-0.142975
2021-07-20,225.239400,208.091800,1.082404,17.147600,0.111381,-0.111381,0.994860,0.360548
2021-07-21,225.329700,208.250900,1.082011,17.078800,0.025935,-0.025935,0.998803,0.396364
2021-07-22,225.413300,208.263500,1.082347,17.149800,0.080290,-0.080290,0.996295,-0.251143
2021-07-23,225.481300,208.467800,1.081612,17.013500,-0.072656,0.072656,1.003353,0.708462
2021-07-26,225.646500,208.767300,1.080852,16.879200,-0.223602,0.223602,1.010319,0.694279
2021-07-27,225.667500,208.590500,1.081869,17.077000,-0.042448,0.042448,1.001959,-0.827477
2021-07-28,225.688500,208.397300,1.082972,17.291200,0.155106,-0.155106,0.992842,-0.909918
2021-07-29,225.729400,208.586400,1.082187,17.143000,-0.009741,0.009741,1.000450,0.766242
2021-07-30,225.798100,208.877300,1.081008,16.920800,-0.248587,0.248587,1.011472,1.101769
2021-08-02,225.973800,209.161000,1.080382,16.812800,-0.373234,0.373234,1.017225,0.568713
2021-08-03,226.074500,209.048800,1.081444,17.025700,-0.176980,0.176980,1.008168,-0.890362
2021-08-04,226.126200,208.969300,1.082102,17.156900,-0.062427,0.062427,1.002881,-0.524373
2021-08-05,226.224200,209.200200,1.081377,17.024000,-0.211975,0.211975,1.009783,0.688169
2021-08-06,226.304000,209.196100,1.081779,17.107900,-0.144722,0.144722,1.006679,-0.307361
2021-08-09,226.359800,208.926200,1.083444,17.433600,0.164331,-0.164331,0.992416,-1.416799
2021-08-10,226.351300,208.866800,1.083711,17.484500,0.198583,-0.198583,0.990836,-0.159281
2021-08-11,226.401200,208.849100,1.084042,17.552100,0.249535,-0.249535,0.988484,-0.237317
2021-08-12,226.456500,209.013900,1.083452,17.442600,0.123387,-0.123387,0.994306,0.588948
2021-08-13,226.496900,208.975400,1.083845,17.521500,0.185639,-0.185639,0.991433,-0.288934
2021-08-16,226.610200,208.971700,1.084406,17.638500,0.285991,-0.285991,0.986802,-0.467120
2021-08-17,226.666200,208.994000,1.084558,17.672200,0.303043,-0.303043,0.986015,-0.079744
2021-08-18,226.672200,209.192400,1.083558,17.479800,0.093994,-0.093994,0.995662,0.978432
2021-08-19,226.741000,209.377000,1.082932,17.364000,-0.038455,0.038455,1.001775,0.613907
2021-08-20,226.778400,209.398600,1.082999,17.379800,-0.039304,0.039304,1.001814,0.003911
2021-08-23,226.870600,209.356800,1.083655,17.513800,0.078047,-0.078047,0.996398,-0.540587
2021-08-24,226.902100,209.385200,1.083659,17.516900,0.064498,-0.064498,0.997024,0.062756
2021-08-25,226.930500,209.524800,1.083072,17.405700,-0.063352,0.063352,1.002924,0.591780
2021-08-26,226.874900,209.292900,1.084007,17.582000,0.096298,-0.096298,0.995556,-0.734630
2021-08-27,226.856900,209.359600,1.083575,17.497300,-0.005052,0.005052,1.000233,0.469812
2021-08-30,226.938700,209.460400,1.083444,17.478300,-0.040702,0.040702,1.001878,0.164485
2021-08-31,226.970600,209.537800,1.083196,17.432800,-0.102852,0.102852,1.004747,0.286283
2021-09-01,227.011400,209.693400,1.082587,17.318000,-0.234303,0.234303,1.010813,0.603771
2021-09-02,227.072300,209.730900,1.082684,17.341400,-0.227553,0.227553,1.010502,-0.030814
2021-09-03,227.096200,209.721400,1.082847,17.374800,-0.210804,0.210804,1.009729,-0.076493
2021-09-06,227.174900,209.770800,1.082967,17.404100,-0.198155,0.198155,1.009145,-0.057812
2021-09-07,227.186700,209.701100,1.083383,17.485600,-0.133307,0.133307,1.006152,-0.296561
2021-09-08,227.206300,209.625400,1.083868,17.580900,-0.054658,0.054658,1.002523,-0.360739
2021-09-09,227.188900,209.588700,1.083975,17.600200,-0.052010,0.052010,1.002400,-0.012191
2021-09-10,227.151000,209.560600,1.083939,17.590400,-0.078462,0.078462,1.003621,0.121782
2021-09-13,227.214500,209.526600,1.084418,17.687900,0.002386,-0.002386,0.999890,-0.371762
2021-09-14,227.203700,209.361800,1.085220,17.841900,0.139734,-0.139734,0.993551,-0.633922
2021-09-15,227.177900,209.420500,1.084793,17.757400,0.038581,-0.038581,0.998220,0.469844
2021-09-16,227.181500,209.323000,1.085316,17.858500,0.123028,-0.123028,0.994322,-0.390415
2021-09-17,227.162800,209.469800,1.084466,17.693000,-0.059125,0.059125,1.002729,0.845427
2021-09-22,227.235000,209.648700,1.083885,17.586300,-0.182478,0.182478,1.008421,0.567720
2021-09-23,227.266400,209.674900,1.083899,17.591500,-0.193931,0.193931,1.008950,0.052416
2021-09-24,227.252000,209.630800,1.084058,17.621200,-0.180885,0.180885,1.008348,-0.059674
2021-09-27,227.255700,209.644600,1.084005,17.611100,-0.207639,0.207639,1.009583,0.122446
2021-09-28,227.238200,209.561800,1.084349,17.676400,-0.158993,0.158993,1.007338,-0.222367
2021-09-29,227.198100,209.624500,1.083834,17.573600,-0.278447,0.278447,1.012850,0.547260
2021-09-30,227.287900,209.773800,1.083490,17.514100,-0.354602,0.354602,1.016365,0.346991
2021-10-08,227.530000,209.792500,1.084548,17.737500,-0.147857,0.147857,1.006824,-0.938756
2021-10-11,227.421100,209.535700,1.085357,17.885400,-0.016612,0.016612,1.000767,-0.601584
2021-10-12,227.345300,209.468700,1.085343,17.876600,-0.042067,0.042067,1.001941,0.117385
2021-10-13,227.350600,209.370300,1.085878,17.980300,0.044977,-0.044977,0.997924,-0.400927
2021-10-14,227.356900,209.387900,1.085817,17.969000,0.017021,-0.017021,0.999215,0.129283
2021-10-15,227.385100,209.328900,1.086258,18.056200,0.087565,-0.087565,0.995959,-0.325813
2021-10-18,227.368700,208.843800,1.088702,18.524900,0.539609,-0.539609,0.975097,-2.094623
2021-10-19,227.329900,208.792800,1.088782,18.537100,0.535153,-0.535153,0.975303,0.021092
2021-10-20,227.413200,208.963900,1.088289,18.449300,0.430696,-0.430696,0.980124,0.494269
2021-10-21,227.483500,209.152300,1.087645,18.331200,0.295939,-0.295939,0.986343,0.634508
2021-10-22,227.555300,209.225400,1.087608,18.329900,0.277982,-0.277982,0.987171,0.084019
2021-10-25,227.711700,209.287300,1.088034,18.424400,0.355824,-0.355824,0.983579,-0.363907
2021-10-26,227.796000,209.371100,1.088001,18.424900,0.339666,-0.339666,0.984325,0.075812
2021-10-27,227.920100,209.464100,1.088111,18.456000,0.354108,-0.354108,0.983658,-0.067710
2021-10-28,228.015000,209.531100,1.088216,18.483900,0.365350,-0.365350,0.983139,-0.052742
2021-10-29,228.148200,209.585900,1.088567,18.562300,0.427091,-0.427091,0.980290,-0.289820
2021-11-01,228.303200,209.779500,1.088301,18.523700,0.371833,-0.371833,0.982840,0.260144
2021-11-02,228.420600,209.993400,1.087751,18.427200,0.258674,-0.258674,0.988062,0.531341
2021-11-03,228.567400,210.108700,1.087853,18.458700,0.273514,-0.273514,0.987378,-0.069316
2021-11-04,228.664000,210.189500,1.087894,18.474500,0.272655,-0.272655,0.987417,0.004018
2021-11-05,228.808700,210.473600,1.087114,18.335100,0.116595,-0.116595,0.994619,0.729386
2021-11-08,228.930900,210.545800,1.087321,18.385100,0.149935,-0.149935,0.993081,-0.154694
2021-11-09,228.903800,210.408900,1.087900,18.494900,0.243074,-0.243074,0.988782,-0.432829
2021-11-10,228.971100,210.499300,1.087752,18.471800,0.203313,-0.203313,0.990617,0.185575
2021-11-11,228.989500,210.401500,1.088345,18.588000,0.302852,-0.302852,0.986024,-0.463718
2021-11-12,229.000400,210.464100,1.088073,18.536300,0.234491,-0.234491,0.989178,0.319956
2021-11-15,229.136500,210.620600,1.087911,18.515900,0.197430,-0.197430,0.990889,0.172908
2021-11-16,229.186500,210.730600,1.087581,18.455900,0.120768,-0.120768,0.994427,0.357043
2021-11-17,229.242200,210.715600,1.087922,18.526600,0.174806,-0.174806,0.991933,-0.250780
2021-11-18,229.314700,210.805300,1.087803,18.509400,0.140943,-0.140943,0.993496,0.157544
2021-11-19,229.363700,210.819200,1.087964,18.544500,0.159380,-0.159380,0.992645,-0.085644
2021-11-22,229.449400,210.947200,1.087710,18.502200,0.100417,-0.100417,0.995366,0.274127
2021-11-23,229.498300,210.961500,1.087868,18.536800,0.118354,-0.118354,0.994538,-0.083162
2021-11-24,229.572100,211.128000,1.087360,18.444100,0.008991,-0.008991,0.999585,0.507479
2021-11-25,229.656600,211.243700,1.087164,18.412900,-0.038873,0.038873,1.001794,0.220981
2021-11-26,229.726000,211.407500,1.086650,18.318500,-0.149938,0.149938,1.006920,0.511638
2021-11-29,229.860500,211.455900,1.087038,18.404600,-0.080502,0.080502,1.003715,-0.318239
2021-11-30,229.847300,211.381700,1.087357,18.465600,-0.036167,0.036167,1.001669,-0.203847
2021-12-01,229.906100,211.411600,1.087481,18.494500,-0.023932,0.023932,1.001105,-0.056369
2021-12-02,229.961100,211.352000,1.088048,18.609100,0.074003,-0.074003,0.996585,-0.451464
2021-12-03,229.989900,211.257300,1.088672,18.732600,0.180837,-0.180837,0.991655,-0.494724
2021-12-06,230.163800,211.635100,1.087550,18.528700,-0.039729,0.039729,1.001834,1.026467
2021-12-07,230.217900,211.601600,1.087978,18.616300,0.031204,-0.031204,0.998560,-0.326756
2021-12-08,230.241300,211.476500,1.088732,18.764800,0.163038,-0.163038,0.992476,-0.609281
2021-12-09,230.279100,211.506400,1.088757,18.772700,0.154271,-0.154271,0.992881,0.040766
2021-12-10,230.321400,211.645800,1.088240,18.675600,0.040503,-0.040503,0.998131,0.528795
2021-12-13,230.464200,211.742800,1.088416,18.721400,0.069636,-0.069636,0.996786,-0.134696
2021-12-14,230.476600,211.931100,1.087507,18.545500,-0.122932,0.122932,1.005673,0.891556
2021-12-15,230.515500,212.069300,1.086982,18.446200,-0.238901,0.238901,1.011025,0.532169
2021-12-16,230.540500,212.138500,1.086745,18.402000,-0.299769,0.299769,1.013834,0.277842
2021-12-17,230.604100,212.229200,1.086580,18.374900,-0.343538,0.343538,1.015854,0.199235
2021-12-20,230.698200,212.114100,1.087614,18.584100,-0.151007,0.151007,1.006969,-0.874652
2021-12-21,230.660800,212.039000,1.087823,18.621800,-0.129977,0.129977,1.005998,-0.096382
2021-12-22,230.645700,212.168000,1.087090,18.477700,-0.290747,0.290747,1.013418,0.737521
2021-12-23,230.705800,212.374900,1.086314,18.330900,-0.454217,0.454217,1.020962,0.744419
2021-12-24,230.714200,212.408600,1.086181,18.305600,-0.496188,0.496188,1.022899,0.189716
2021-12-27,230.817800,212.601300,1.085684,18.216500,-0.601959,0.601959,1.027780,0.477200
2021-12-28,230.866000,212.673100,1.085544,18.192900,-0.642230,0.642230,1.029639,0.180827
2021-12-29,230.975600,212.841300,1.085201,18.134300,-0.717502,0.717502,1.033112,0.337376
2021-12-30,231.059900,213.000500,1.084786,18.059400,-0.809074,0.809074,1.037338,0.409056
2021-12-31,231.123900,213.055600,1.084806,18.068300,-0.816847,0.816847,1.037697,0.034578
2022-01-04,231.340500,213.072800,1.085735,18.267700,-0.634119,0.634119,1.029264,-0.812642
2022-01-05,231.434200,213.101600,1.086028,18.332600,-0.585893,0.585893,1.027039,-0.216236
2022-01-06,231.449100,212.954500,1.086848,18.494600,-0.440566,0.440566,1.020332,-0.653017
2022-01-07,231.475500,212.985300,1.086814,18.490200,-0.461640,0.461640,1.021305,0.095317
2022-01-10,231.622700,213.209300,1.086363,18.413400,-0.555114,0.555114,1.025618,0.422380
2022-01-11,231.682800,213.323600,1.086063,18.359200,-0.625989,0.625989,1.028889,0.318913
2022-01-12,231.775500,213.408900,1.086063,18.366600,-0.635264,0.635264,1.029317,0.041602
2022-01-13,231.837100,213.406500,1.086364,18.430600,-0.587939,0.587939,1.027133,-0.212180
2022-01-14,231.872000,213.432000,1.086398,18.440000,-0.595215,0.595215,1.027469,0.032690
2022-01-17,232.064600,213.590400,1.086494,18.474200,-0.577691,0.577691,1.026660,-0.078710
2022-01-18,232.143400,214.064900,1.084453,18.078500,-0.990067,0.990067,1.045691,1.853676
2022-01-19,232.332100,214.315600,1.084065,18.016500,-1.068744,1.068744,1.049322,0.347224
2022-01-20,232.419700,214.327900,1.084412,18.091800,-1.010121,1.010121,1.046617,-0.257825
2022-01-21,232.507500,214.558800,1.083654,17.948700,-1.169899,1.169899,1.053990,0.704523
2022-01-24,232.681700,214.985000,1.082316,17.696700,-1.438577,1.438577,1.066390,1.176419
2022-01-25,232.781100,214.918100,1.083115,17.863000,-1.288955,1.288955,1.059485,-0.647508
2022-01-26,232.819200,214.674200,1.084523,18.145000,-1.023634,1.023634,1.047240,-1.155698
2022-01-27,232.860100,214.616300,1.085007,18.243800,-0.941513,0.941513,1.043450,-0.361888
2022-01-28,232.910000,214.752300,1.084552,18.157700,-1.044292,1.044292,1.048194,0.454571
2022-02-07,233.293300,214.968700,1.085243,18.324600,-0.894072,0.894072,1.041261,-0.661384
2022-02-08,233.335200,215.066300,1.084945,18.268900,-0.966452,0.966452,1.044601,0.320795
2022-02-09,233.367600,214.988000,1.085491,18.379600,-0.872433,0.872433,1.040262,-0.415368
2022-02-10,233.408200,215.056200,1.085336,18.352000,-0.916714,0.916714,1.042306,0.196445
2022-02-11,233.245800,214.509000,1.087347,18.736800,-0.548596,0.548596,1.025317,-1.629894
2022-02-14,233.281300,214.485400,1.087633,18.795900,-0.506177,0.506177,1.023360,-0.190924
2022-02-15,233.247700,214.496000,1.087422,18.751700,-0.567060,0.567060,1.026170,0.274555
2022-02-16,233.246400,214.546200,1.087162,18.700200,-0.635242,0.635242,1.029316,0.306635
2022-02-17,233.296100,214.734600,1.086439,18.561500,-0.790625,0.790625,1.036487,0.696661
2022-02-18,233.322900,214.667500,1.086904,18.655400,-0.713409,0.713409,1.032924,-0.343806
2022-02-21,233.302200,214.315200,1.088594,18.987000,-0.398492,0.398492,1.018390,-1.406999
2022-02-22,233.200900,214.026000,1.089591,19.174900,-0.227277,0.227277,1.010489,-0.775883
2022-02-23,233.211100,214.118700,1.089167,19.092400,-0.326461,0.326461,1.015066,0.452980
2022-02-24,233.230000,214.192400,1.088881,19.037600,-0.397946,0.397946,1.018365,0.325003
2022-02-25,233.228200,214.158200,1.089046,19.070000,-0.382232,0.382232,1.017640,-0.071214
2022-02-28,233.321600,214.354400,1.088485,18.967200,-0.501717,0.501717,1.023154,0.541862
2022-03-01,233.304500,214.214000,1.089119,19.090500,-0.395104,0.395104,1.018234,-0.480883
2022-03-02,233.264300,213.960800,1.090220,19.303500,-0.198790,0.198790,1.009174,-0.889752
2022-03-03,233.125000,213.623400,1.091290,19.501600,-0.017377,0.017377,1.000802,-0.829601
2022-03-04,233.022800,213.550600,1.091183,19.472200,-0.063465,0.063465,1.002929,0.212521
2022-03-07,233.062000,213.678000,1.090716,19.384000,-0.168352,0.168352,1.007769,0.482638
2022-03-08,233.008000,213.880800,1.089429,19.127200,-0.441841,0.441841,1.020391,1.252403
2022-03-09,232.831300,213.654100,1.089758,19.177200,-0.408529,0.408529,1.018853,-0.150658
2022-03-10,232.699100,213.601400,1.089408,19.097700,-0.504718,0.504718,1.023293,0.435693
2022-03-11,232.587600,213.901800,1.087357,18.685800,-0.933308,0.933308,1.043072,1.932896
2022-03-14,232.875600,214.344100,1.086457,18.531500,-1.104298,1.104298,1.050963,0.756524
2022-03-15,232.777000,213.778500,1.088870,18.998500,-0.653988,0.653988,1.030181,-1.977383
2022-03-16,232.717000,213.822600,1.088365,18.894400,-0.774778,0.774778,1.035756,0.541111
2022-03-17,232.707300,213.896800,1.087942,18.810500,-0.875370,0.875370,1.040398,0.448197
2022-03-18,232.749300,214.052700,1.087346,18.696600,-1.005961,1.005961,1.046425,0.579272
2022-03-21,232.799900,213.983700,1.087933,18.816200,-0.903053,0.903053,1.041675,-0.453846
2022-03-22,232.786500,213.769200,1.088962,19.017300,-0.718645,0.718645,1.033165,-0.816984
2022-03-23,232.810200,213.801300,1.088909,19.008900,-0.743738,0.743738,1.034323,0.112084
2022-03-24,232.824000,213.861300,1.088668,18.962700,-0.806631,0.806631,1.037226,0.280617
2022-03-25,232.859100,213.964200,1.088309,18.894900,-0.891125,0.891125,1.041125,0.375939
2022-03-28,232.974200,214.050700,1.088407,18.923500,-0.879219,0.879219,1.040576,-0.052775
2022-03-29,233.036100,214.020100,1.088851,19.016000,-0.803413,0.803413,1.037077,-0.336197
2022-03-30,233.092100,214.174400,1.088328,18.917700,-0.918408,0.918408,1.042384,0.511722
2022-03-31,233.189500,214.221500,1.088544,18.968000,-0.884803,0.884803,1.040833,-0.148778
2022-04-01,233.311800,214.410800,1.088153,18.901000,-0.968499,0.968499,1.044696,0.371098
2022-04-06,233.601000,214.751600,1.087773,18.849400,-1.036795,1.036795,1.047848,0.301698
2022-04-07,233.734200,214.930200,1.087489,18.804000,-1.098892,1.098892,1.050713,0.273486
2022-04-08,233.873900,214.921600,1.088182,18.952300,-0.967289,0.967289,1.044640,-0.578028
2022-04-11,234.023300,214.816600,1.089410,19.206700,-0.729586,0.729586,1.033670,-1.050109
2022-04-12,234.098800,214.791600,1.089888,19.307200,-0.645784,0.645784,1.029803,-0.374145
2022-04-13,234.160700,214.867500,1.089791,19.293200,-0.676482,0.676482,1.031219,0.137571
2022-04-14,234.288200,215.117700,1.089116,19.170500,-0.815880,0.815880,1.037653,0.623841
2022-04-15,234.389400,215.227800,1.089029,19.161600,-0.841479,0.841479,1.038834,0.113851
2022-04-18,234.419300,214.987900,1.090384,19.431400,-0.588379,0.588379,1.027153,-1.124382
2022-04-19,234.467300,214.983800,1.090628,19.483500,-0.552979,0.552979,1.025520,-0.159051
2022-04-20,234.431600,214.865600,1.091062,19.566000,-0.487179,0.487179,1.022483,-0.296106
2022-04-21,234.449000,214.913000,1.090902,19.536000,-0.533880,0.533880,1.024638,0.210782
2022-04-22,234.528000,214.946000,1.091102,19.582000,-0.504581,0.504581,1.023286,-0.131962
2022-04-25,234.607300,215.088600,1.090747,19.518700,-0.584582,0.584582,1.026978,0.360801
2022-04-26,234.689300,215.117800,1.090980,19.571500,-0.548484,0.548484,1.025312,-0.162214
2022-04-27,234.753800,214.995700,1.091900,19.758100,-0.378587,0.378587,1.017472,-0.764712
2022-04-28,234.778800,214.810200,1.092959,19.968600,-0.184789,0.184789,1.008528,-0.879006
2022-04-29,234.825000,214.896200,1.092737,19.928800,-0.241293,0.241293,1.011136,0.258554
2022-05-05,235.025300,215.081100,1.092729,19.944200,-0.242596,0.242596,1.011196,0.005950
2022-05-06,235.112500,215.076900,1.093156,20.035600,-0.167900,0.167900,1.007749,-0.340901
2022-05-09,235.287800,215.230400,1.093190,20.057400,-0.162805,0.162805,1.007513,-0.023335
2022-05-10,235.400600,215.466600,1.092515,19.934000,-0.302910,0.302910,1.013979,0.641755
2022-05-11,235.508300,215.393300,1.093387,20.115000,-0.138615,0.138615,1.006397,-0.747758
2022-05-12,235.627700,215.496700,1.093417,20.131000,-0.139321,0.139321,1.006430,0.003236
2022-05-13,235.755400,215.538300,1.093798,20.217100,-0.069927,0.069927,1.003227,-0.318203
2022-05-16,235.942600,215.510800,1.094806,20.431800,0.128067,-0.128067,0.994090,-0.910790
2022-05-17,236.055100,215.686100,1.094438,20.369000,0.048560,-0.048560,0.997759,0.369102
2022-05-18,236.183400,215.855400,1.094174,20.328000,-0.009148,0.009148,1.000422,0.266915
2022-05-19,236.301600,215.975800,1.094111,20.325800,-0.028055,0.028055,1.001295,0.087222
2022-05-20,236.371500,215.863000,1.095007,20.508500,0.137937,-0.137937,0.993634,-0.765053
2022-05-23,236.516600,216.089500,1.094531,20.427100,0.039828,-0.039828,0.998162,0.455667
2022-05-24,236.615300,216.126000,1.094803,20.489300,0.085319,-0.085319,0.996063,-0.210325
2022-05-25,236.656200,216.092500,1.095162,20.563700,0.143009,-0.143009,0.993400,-0.267291
2022-05-26,236.760700,216.376800,1.094206,20.383900,-0.053500,0.053500,1.002469,0.912908
2022-05-27,236.849600,216.413200,1.094432,20.436400,-0.017711,0.017711,1.000817,-0.164761
2022-05-30,236.927600,216.316600,1.095282,20.611000,0.140179,-0.140179,0.993531,-0.728056
2022-05-31,236.843100,216.075800,1.096111,20.767300,0.279768,-0.279768,0.987089,-0.648390
2022-06-01,236.783800,216.014900,1.096146,20.768900,0.264656,-0.264656,0.987786,0.070651
2022-06-02,236.732500,215.908900,1.096446,20.823600,0.302644,-0.302644,0.986033,-0.177481
2022-06-06,236.677100,215.741500,1.097040,20.935600,0.397932,-0.397932,0.981636,-0.445977
2022-06-07,236.572400,215.718300,1.096673,20.854100,0.299719,-0.299719,0.986168,0.461726
2022-06-08,236.580300,215.812100,1.096233,20.768200,0.197106,-0.197106,0.990904,0.480196
2022-06-09,236.676200,215.890200,1.096280,20.786000,0.198192,-0.198192,0.990854,-0.005060
2022-06-10,236.781600,215.969000,1.096368,20.812600,0.208078,-0.208078,0.990397,-0.046045
2022-06-13,236.873700,215.961600,1.096832,20.912100,0.290864,-0.290864,0.986577,-0.385756
2022-06-14,236.916700,215.908800,1.097300,21.007900,0.369949,-0.369949,0.982927,-0.369940
2022-06-15,236.960500,215.910200,1.097496,21.050300,0.395634,-0.395634,0.981742,-0.120593
2022-06-16,236.999900,216.010400,1.097169,20.989500,0.318118,-0.318118,0.985319,0.364383
2022-06-17,237.126400,216.121100,1.097192,21.005300,0.317202,-0.317202,0.985361,0.004290
2022-06-20,237.211400,216.036700,1.098014,21.174700,0.469886,-0.469886,0.978315,-0.715095
2022-06-21,237.249800,216.008800,1.098334,21.241000,0.519469,-0.519469,0.976027,-0.233896
2022-06-22,237.301900,216.109000,1.098066,21.192900,0.454652,-0.454652,0.979018,0.306475
2022-06-23,237.389400,216.174900,1.098136,21.214500,0.459534,-0.459534,0.978793,-0.023015
2022-06-24,237.425200,216.106100,1.098651,21.319100,0.547416,-0.547416,0.974737,-0.414358
2022-06-27,237.443600,215.905300,1.099758,21.538300,0.749898,-0.749898,0.965393,-0.958660
2022-06-28,237.396400,215.836400,1.099890,21.560000,0.754879,-0.754879,0.965163,-0.023812
2022-06-29,237.430800,215.857900,1.099940,21.572900,0.751060,-0.751060,0.965339,0.018262
2022-06-30,237.467600,216.028400,1.099243,21.439200,0.600640,-0.600640,0.972281,0.719104
2022-07-01,237.561300,216.150700,1.099054,21.410600,0.555320,-0.555320,0.974372,0.215113
2022-07-04,237.598600,215.985700,1.100066,21.612900,0.740899,-0.740899,0.965808,-0.878965
2022-07-05,237.596900,215.812300,1.100942,21.784600,0.895878,-0.895878,0.958656,-0.740541
2022-07-06,237.688600,215.964800,1.100590,21.723800,0.818357,-0.818357,0.962233,0.373186
2022-07-07,237.751100,215.970800,1.100848,21.780300,0.858135,-0.858135,0.960398,-0.190780
2022-07-08,237.798800,216.001800,1.100911,21.797000,0.858113,-0.858113,0.960399,0.000107
2022-07-11,237.955900,216.194900,1.100655,21.761000,0.805390,-0.805390,0.962832,0.253345
2022-07-12,238.062900,216.379900,1.100208,21.683000,0.710667,-0.710667,0.967203,0.454017
2022-07-13,238.213100,216.495500,1.100314,21.717600,0.728544,-0.728544,0.966378,-0.085297
2022-07-14,238.335000,216.639800,1.100144,21.695200,0.689420,-0.689420,0.968184,0.186836
2022-07-15,238.440500,216.731700,1.100164,21.708800,0.686296,-0.686296,0.968328,0.014892
2022-07-18,238.621000,216.873100,1.100279,21.747900,0.708671,-0.708671,0.967295,-0.106639
2022-07-19,238.736300,216.883100,1.100760,21.853200,0.797246,-0.797246,0.963208,-0.422589
2022-07-20,238.867500,217.007600,1.100733,21.859900,0.787221,-0.787221,0.963670,0.048034
2022-07-21,239.002800,217.208800,1.100337,21.794000,0.704595,-0.704595,0.967483,0.395689
2022-07-22,239.082000,217.133200,1.101084,21.948800,0.842668,-0.842668,0.961111,-0.658619
2022-07-25,239.271100,217.238400,1.101422,22.032700,0.909842,-0.909842,0.958011,-0.322544
2022-07-26,239.410500,217.427300,1.101106,21.983200,0.843615,-0.843615,0.961068,0.319030
2022-07-27,239.523700,217.594800,1.100779,21.928900,0.772587,-0.772587,0.964346,0.341067
2022-07-28,239.558300,217.456500,1.101638,22.101800,0.928759,-0.928759,0.957138,-0.747373
2022-07-29,239.683900,217.719400,1.100884,21.964500,0.774731,-0.774731,0.964247,0.742665
2022-08-01,239.932700,218.056300,1.100325,21.876400,0.669902,-0.669902,0.969084,0.501718
2022-08-02,240.096100,218.238400,1.100155,21.857700,0.634473,-0.634473,0.970719,0.168720
2022-08-03,240.212100,218.468800,1.099526,21.743300,0.503343,-0.503343,0.976771,0.623410
2022-08-04,240.364100,218.742200,1.098846,21.621900,0.365213,-0.365213,0.983146,0.652623
2022-08-05,240.418800,218.621100,1.099705,21.797700,0.524282,-0.524282,0.975805,-0.746682
2022-08-08,240.525000,218.553600,1.100531,21.971400,0.681252,-0.681252,0.968561,-0.742366
2022-08-09,240.459700,218.369600,1.101159,22.090100,0.783220,-0.783220,0.963855,-0.485855
2022-08-10,240.490900,218.369000,1.101305,22.121900,0.798288,-0.798288,0.963159,-0.072147
2022-08-11,240.475700,218.247900,1.101847,22.227800,0.887456,-0.887456,0.959044,-0.427245
2022-08-12,240.484400,218.339000,1.101427,22.145400,0.788324,-0.788324,0.963619,0.477029
2022-08-15,240.763800,219.030600,1.099224,21.733200,0.359391,-0.359391,0.983414,2.054238
2022-08-16,240.958100,219.309000,1.098715,21.649100,0.258557,-0.258557,0.988068,0.473189
2022-08-17,241.006100,219.184600,1.099558,21.821500,0.414223,-0.414223,0.980884,-0.727066
2022-08-18,241.091500,219.429000,1.098722,21.662500,0.238489,-0.238489,0.988994,0.826810
2022-08-19,241.147000,219.436100,1.098940,21.710900,0.270154,-0.270154,0.987533,-0.147760
2022-08-22,241.206200,219.415400,1.099313,21.790800,0.333319,-0.333319,0.984618,-0.295182
2022-08-23,241.192900,219.209300,1.100286,21.983600,0.509383,-0.509383,0.976492,-0.825222
2022-08-24,241.168700,219.191000,1.100267,21.977700,0.486747,-0.486747,0.977537,0.106979
2022-08-25,241.038900,219.037700,1.100445,22.001200,0.493511,-0.493511,0.977225,-0.031930
2022-08-26,240.927100,218.916300,1.100544,22.010800,0.486374,-0.486374,0.977554,0.033704
2022-08-29,241.010300,219.090800,1.100048,21.919500,0.378336,-0.378336,0.982540,0.510035
2022-08-30,241.044800,219.285900,1.099226,21.758900,0.200999,-0.200999,0.990724,0.832948
2022-08-31,241.088600,219.353400,1.099088,21.735200,0.160560,-0.160560,0.992590,0.188368
2022-09-01,241.148700,219.485600,1.098699,21.663100,0.071722,-0.071722,0.996690,0.413047
2022-09-02,241.222000,219.589500,1.098513,21.632500,0.024382,-0.024382,0.998875,0.219193
2022-09-05,241.375800,219.739800,1.098462,21.636000,0.011143,-0.011143,0.999486,0.061169
2022-09-06,241.478500,219.834700,1.098455,21.643800,0.002203,-0.002203,0.999898,0.041279
2022-09-07,241.529100,219.817600,1.098771,21.711500,0.053162,-0.053162,0.997547,-0.235199
2022-09-08,241.577000,219.784900,1.099152,21.792100,0.117021,-0.117021,0.994600,-0.295431
2022-09-09,241.591200,219.757700,1.099353,21.833500,0.141680,-0.141680,0.993462,-0.114416
2022-09-13,241.713400,219.708800,1.100153,22.004600,0.296038,-0.296038,0.986338,-0.717043
2022-09-14,241.730400,219.672200,1.100414,22.058200,0.332896,-0.332896,0.984637,-0.172452
2022-09-15,241.792000,219.752400,1.100293,22.039600,0.297553,-0.297553,0.986268,0.165650
2022-09-16,241.800900,219.607300,1.101060,22.193600,0.434810,-0.434810,0.979934,-0.642252
2022-09-19,241.850400,219.693200,1.100855,22.157200,0.381666,-0.381666,0.982386,0.250277
2022-09-20,241.861400,219.826600,1.100237,22.034800,0.242522,-0.242522,0.988808,0.653656
2022-09-21,241.904400,219.961100,1.099760,21.943300,0.134278,-0.134278,0.993803,0.505197
2022-09-22,241.921300,220.022100,1.099532,21.899200,0.073433,-0.073433,0.996611,0.282547
2022-09-23,241.901400,219.928300,1.099910,21.973100,0.130587,-0.130587,0.993974,-0.264662
2022-09-26,241.908700,219.661100,1.101281,22.247600,0.388341,-0.388341,0.982078,-1.196734
2022-09-27,241.826100,219.603100,1.101196,22.223000,0.346995,-0.346995,0.983986,0.194294
2022-09-28,241.740500,219.525300,1.101197,22.215200,0.322448,-0.322448,0.985119,0.115126
2022-09-29,241.722900,219.455500,1.101467,22.267400,0.357901,-0.357901,0.983483,-0.166084
2022-09-30,241.668400,219.337900,1.101809,22.330500,0.404253,-0.404253,0.981344,-0.217505
2022-10-10,241.980700,219.811800,1.100854,22.168900,0.225904,-0.225904,0.989575,0.838715
2022-10-11,242.043500,219.920900,1.100593,22.122600,0.162856,-0.162856,0.992484,0.294032
2022-10-12,242.099500,219.890400,1.101001,22.209100,0.232606,-0.232606,0.989265,-0.324334
2022-10-13,242.127900,220.013000,1.100516,22.114900,0.121657,-0.121657,0.994386,0.517583
2022-10-14,242.201800,220.156200,1.100136,22.045600,0.035607,-0.035607,0.998357,0.399359
2022-10-17,242.359600,220.275300,1.100258,22.084300,0.057556,-0.057556,0.997344,-0.101462
2022-10-18,242.405100,220.251800,1.100582,22.153300,0.109805,-0.109805,0.994933,-0.241768
2022-10-19,242.487900,220.373600,1.100349,22.114300,0.054053,-0.054053,0.997506,0.258601
2022-10-20,242.548200,220.356300,1.100709,22.191900,0.114901,-0.114901,0.994697,-0.281512
2022-10-21,242.588800,220.339200,1.100979,22.249600,0.155849,-0.155849,0.992808,-0.189978
2022-10-24,242.703000,220.405600,1.101165,22.297400,0.186896,-0.186896,0.991375,-0.144318
2022-10-25,242.639900,220.335000,1.101232,22.304900,0.177642,-0.177642,0.991802,0.043076
2022-10-26,242.630400,220.416800,1.100780,22.213600,0.069588,-0.069588,0.996789,0.502785
2022-10-27,242.666100,220.569900,1.100178,22.096200,-0.064566,0.064566,1.002980,0.621111
2022-10-28,242.727300,220.637300,1.100119,22.090000,-0.087521,0.087521,1.004039,0.105621
2022-10-31,242.847200,220.815200,1.099776,22.032000,-0.162277,0.162277,1.007489,0.343605
2022-11-01,242.886900,220.711800,1.100471,22.175100,-0.035933,0.035933,1.001658,-0.578737
2022-11-02,242.896700,220.599400,1.101076,22.297300,0.069511,-0.069511,0.996792,-0.485811
2022-11-03,242.913100,220.608200,1.101106,22.304900,0.060354,-0.060354,0.997215,0.042395
2022-11-04,242.844000,220.473900,1.101464,22.370100,0.108796,-0.108796,0.994979,-0.224184
2022-11-07,242.893800,220.486300,1.101628,22.407500,0.129438,-0.129438,0.994027,-0.095743
2022-11-08,242.824800,220.330000,1.102096,22.494800,0.199980,-0.199980,0.990771,-0.327502
2022-11-09,242.796200,220.314500,1.102044,22.481700,0.170121,-0.170121,0.992149,0.139081
2022-11-10,242.706400,220.217900,1.102119,22.488500,0.160161,-0.160161,0.992609,0.046326
2022-11-11,242.498100,219.899100,1.102770,22.599000,0.253901,-0.253901,0.988283,-0.435827
2022-11-14,241.655700,218.575800,1.105592,23.079900,0.718041,-0.718041,0.966863,-2.167376
2022-11-15,241.186700,218.491600,1.103872,22.695100,0.316480,-0.316480,0.985395,1.916697
2022-11-16,240.820500,218.113800,1.104105,22.706700,0.311319,-0.311319,0.985633,0.024173
2022-11-17,240.507600,218.670700,1.099862,21.836900,-0.575243,0.575243,1.026547,4.151076
2022-11-18,240.451100,218.822600,1.098840,21.628500,-0.800406,0.800406,1.036938,1.012241
2022-11-21,240.566000,219.174500,1.097600,21.391500,-1.054169,1.054169,1.048649,1.129385
2022-11-22,240.537900,219.180800,1.097441,21.357100,-1.105332,1.105332,1.051011,0.225163
2022-11-23,240.612900,219.452700,1.096423,21.160200,-1.318996,1.318996,1.060871,0.938191
2022-11-24,240.880700,219.672600,1.096544,21.208100,-1.287861,1.287861,1.059434,-0.135444
2022-11-25,240.849200,219.474000,1.097393,21.375200,-1.137526,1.137526,1.052496,-0.654866
2022-11-28,240.818900,219.315400,1.098048,21.503500,-1.025992,1.025992,1.047349,-0.489052
2022-11-29,240.437100,218.721600,1.099284,21.715500,-0.830758,0.830758,1.038339,-0.860262
2022-11-30,240.204400,218.631400,1.098673,21.573000,-0.990024,0.990024,1.045689,0.707868
2022-12-01,239.994200,218.653200,1.097602,21.341000,-1.238792,1.238792,1.057170,1.097886
2022-12-02,239.926200,218.779000,1.096660,21.147200,-1.449359,1.449359,1.066887,0.919208
2022-12-05,239.836800,218.726600,1.096514,21.110200,-1.503127,1.503127,1.069369,0.232581
2022-12-06,239.454000,218.512600,1.095836,20.941400,-1.688696,1.688696,1.077933,0.800837
2022-12-07,238.861500,218.463800,1.093369,20.397700,-2.249165,2.249165,1.103798,2.399535
2022-12-08,238.680000,218.584500,1.091935,20.095500,-2.568135,2.568135,1.118518,1.333604
2022-12-09,238.399900,218.396500,1.091592,20.003400,-2.677006,2.677006,1.123542,0.449193
2022-12-12,238.173700,218.328400,1.090897,19.845300,-2.851876,2.851876,1.131613,0.718282
2022-12-13,237.612100,217.985500,1.090036,19.626600,-3.087348,3.087348,1.142480,0.960300
2022-12-14,237.595900,218.469600,1.087547,19.126300,-3.604420,3.604420,1.166342,2.088667
2022-12-15,237.606600,218.619000,1.086852,18.987600,-3.759892,3.759892,1.173517,0.615169
2022-12-16,237.604700,218.436300,1.087753,19.168400,-3.595865,3.595865,1.165947,-0.645049
2022-12-19,237.759800,218.805100,1.086628,18.954700,-3.826339,3.826339,1.176584,0.912239
2022-12-20,237.827100,218.774500,1.087088,19.052600,-3.745213,3.745213,1.172840,-0.318203
2022-12-21,237.900700,218.748100,1.087556,19.152600,-3.661987,3.661987,1.168999,-0.327480
2022-12-22,237.967300,219.048600,1.086368,18.918700,-3.912662,3.912662,1.180567,0.989610
2022-12-23,238.089400,219.400300,1.085183,18.689100,-4.159038,4.159038,1.191938,0.963105
2022-12-26,238.236700,219.387800,1.085916,18.848900,-4.016014,4.016014,1.185337,-0.553760
2022-12-27,238.281800,219.134300,1.087378,19.147500,-3.734191,3.734191,1.172331,-1.097241
2022-12-28,238.305800,219.135400,1.087482,19.170400,-3.728068,3.728068,1.172048,-0.024103
2022-12-29,238.470600,219.484000,1.086506,18.986600,-3.928646,3.928646,1.181305,0.789776
2022-12-30,238.577200,219.683300,1.086005,18.893900,-4.038124,4.038124,1.186357,0.427693
2023-01-03,238.890700,219.814500,1.086783,19.076200,-3.872603,3.872603,1.178719,-0.643880
2023-01-04,239.131300,219.953000,1.087193,19.178300,-3.787282,3.787282,1.174781,-0.334050
2023-01-05,239.289300,219.876500,1.088290,19.412800,-3.569562,3.569562,1.164733,-0.855280
2023-01-06,239.339100,219.638000,1.089698,19.701100,-3.298042,3.298042,1.152203,-1.075825
2023-01-09,239.489900,219.651000,1.090320,19.838900,-3.177023,3.177023,1.146618,-0.484721
2023-01-10,239.413500,219.351500,1.091461,20.062000,-2.970705,2.970705,1.137097,-0.830398
2023-01-11,239.346800,219.341500,1.091206,20.005300,-3.044186,3.044186,1.140488,0.298229
2023-01-12,239.343400,219.445000,1.090676,19.898400,-3.167869,3.167869,1.146196,0.500477
2023-01-13,239.351400,219.295300,1.091457,20.056100,-3.026952,3.026952,1.139692,-0.567377
2023-01-16,239.320400,219.019700,1.092689,20.300700,-2.799135,2.799135,1.129179,-0.922496
2023-01-17,239.279500,219.068400,1.092259,20.211100,-2.905519,2.905519,1.134088,0.434791
2023-01-18,239.292800,219.164400,1.091842,20.128400,-3.005004,3.005004,1.138679,0.404832
2023-01-19,239.316500,219.075700,1.092392,20.240800,-2.909388,2.909388,1.134267,-0.387518
2023-01-20,239.310200,219.101200,1.092236,20.209000,-2.957974,2.957974,1.136509,0.197678
2023-01-30,239.611900,219.201800,1.093111,20.410100,-2.773660,2.773660,1.128003,-0.748432
2023-01-31,239.647700,219.309300,1.092738,20.338400,-2.862146,2.862146,1.132087,0.362020
2023-02-01,239.671600,219.313900,1.092824,20.357700,-2.859633,2.859633,1.131971,-0.010245
2023-02-02,239.792400,219.420800,1.092843,20.371600,-2.862520,2.862520,1.132104,0.011771
2023-02-03,239.938000,219.600600,1.092611,20.337400,-2.913508,2.913508,1.134457,0.207849
2023-02-06,240.103800,219.606800,1.093335,20.497000,-2.770696,2.770696,1.127866,-0.580955
2023-02-07,240.195800,219.553800,1.094018,20.642000,-2.642485,2.642485,1.121949,-0.524608
2023-02-08,240.316300,219.577900,1.094447,20.738400,-2.562874,2.562874,1.118275,-0.327465
2023-02-09,240.440800,219.657300,1.094618,20.783500,-2.534564,2.534564,1.116969,-0.116832
2023-02-10,240.578400,219.745800,1.094803,20.832600,-2.502254,2.502254,1.115478,-0.133494
2023-02-13,240.792900,219.811200,1.095453,20.981700,-2.369945,2.369945,1.109372,-0.547390
2023-02-14,240.943300,219.848800,1.095950,21.094500,-2.273936,2.273936,1.104941,-0.399394
2023-02-15,241.038900,219.837400,1.096442,21.201500,-2.183727,2.183727,1.100778,-0.376769
2023-02-16,241.208500,219.864000,1.097080,21.344500,-2.057519,2.057519,1.094954,-0.529120
2023-02-17,241.344900,219.867000,1.097686,21.477900,-1.940912,1.940912,1.089572,-0.491471
2023-02-20,241.430900,219.622700,1.099298,21.808200,-1.627404,1.627404,1.075104,-1.327879
2023-02-21,241.385200,219.482500,1.099792,21.902700,-1.549698,1.549698,1.071518,-0.333561
2023-02-22,241.447100,219.608700,1.099442,21.838400,-1.630791,1.630791,1.075260,0.349264
2023-02-23,241.533200,219.569000,1.100033,21.964200,-1.521785,1.521785,1.070230,-0.467847
2023-02-24,241.605400,219.546500,1.100475,22.058900,-1.443880,1.443880,1.066634,-0.335937
2023-02-27,241.775300,219.565900,1.101151,22.209400,-1.310175,1.310175,1.060464,-0.578495
2023-02-28,241.800700,219.561500,1.101289,22.239200,-1.297170,1.297170,1.059864,-0.056594
2023-03-01,241.899900,219.594200,1.101577,22.305700,-1.247465,1.247465,1.057570,-0.216427
2023-03-02,241.970400,219.558400,1.102078,22.412000,-1.157961,1.157961,1.053439,-0.390571
2023-03-03,242.020000,219.483600,1.102679,22.536400,-1.050358,1.050358,1.048474,-0.471394
2023-03-06,242.211400,219.788500,1.102020,22.422900,-1.180655,1.180655,1.054487,0.573513
2023-03-07,242.310700,219.916400,1.101831,22.394300,-1.226052,1.226052,1.056582,0.198680
2023-03-08,242.467600,219.972700,1.102262,22.494900,-1.142249,1.142249,1.052714,-0.366033
2023-03-09,242.574400,220.003300,1.102594,22.571100,-1.082847,1.082847,1.049973,-0.260410
2023-03-10,242.707200,220.104300,1.102692,22.602900,-1.067845,1.067845,1.049281,-0.065937
2023-03-13,242.863600,220.149300,1.103177,22.714300,-0.973244,0.973244,1.044915,-0.416076
2023-03-14,242.983700,220.185700,1.103540,22.798000,-0.906343,0.906343,1.041827,-0.295474
2023-03-15,243.075600,220.152300,1.104125,22.923300,-0.797842,0.797842,1.036820,-0.480622
2023-03-16,243.204000,220.275800,1.104089,22.928200,-0.809742,0.809742,1.037369,0.052966
2023-03-17,243.348000,220.339100,1.104425,23.008900,-0.745842,0.745842,1.034420,-0.284272
2023-03-20,243.560600,220.640300,1.103881,22.920300,-0.851242,0.851242,1.039284,0.470231
2023-03-21,243.669700,220.662900,1.104262,23.006800,-0.781543,0.781543,1.036068,-0.309501
2023-03-22,243.742000,220.551200,1.105149,23.190800,-0.614343,0.614343,1.028352,-0.744754
2023-03-23,243.807200,220.612700,1.105137,23.194500,-0.627445,0.627445,1.028956,0.058794
2023-03-24,243.842300,220.525600,1.105732,23.316700,-0.522046,0.522046,1.024092,-0.472721
2023-03-27,243.963700,220.627200,1.105773,23.336500,-0.519048,0.519048,1.023954,-0.013511
2023-03-28,244.030100,220.668000,1.105870,23.362100,-0.510250,0.510250,1.023548,-0.039652
2023-03-29,244.092000,220.752000,1.105730,23.340000,-0.549152,0.549152,1.025343,0.175402
2023-03-30,244.177000,220.845100,1.105648,23.331900,-0.574055,0.574055,1.026492,0.112084
2023-03-31,244.273000,220.858200,1.106017,23.414800,-0.507958,0.507958,1.023442,-0.297162
2023-04-03,244.413100,220.939900,1.106242,23.473200,-0.466361,0.466361,1.021522,-0.187570
2023-04-04,244.483100,220.914400,1.106687,23.568700,-0.387664,0.387664,1.017891,-0.355529
2023-04-06,244.566300,220.886400,1.107204,23.679900,-0.293268,0.293268,1.013534,-0.427978
2023-04-07,244.655900,220.893100,1.107576,23.762800,-0.227172,0.227172,1.010484,-0.300957
2023-04-10,244.800900,221.040800,1.107492,23.760100,-0.246676,0.246676,1.011384,0.089077
2023-04-11,244.886500,221.158800,1.107288,23.727700,-0.295880,0.295880,1.013655,0.224519
2023-04-12,245.001600,221.265900,1.107272,23.735700,-0.304685,0.304685,1.014061,0.040085
2023-04-13,245.067400,221.220800,1.107795,23.846600,-0.210589,0.210589,1.009719,-0.428223
2023-04-14,245.131100,221.201400,1.108181,23.929700,-0.144294,0.144294,1.006659,-0.303003
2023-04-17,245.249100,221.123000,1.109107,24.126100,0.035301,-0.035301,0.998371,-0.823338
2023-04-18,245.311600,221.148300,1.109263,24.163300,0.055695,-0.055695,0.997430,-0.094274
2023-04-19,245.387200,221.286400,1.108912,24.100800,-0.023610,0.023610,1.001090,0.366934
2023-04-20,245.480800,221.288300,1.109326,24.192500,0.051284,-0.051284,0.997633,-0.345257
2023-04-21,245.572100,221.330000,1.109529,24.242100,0.084078,-0.084078,0.996120,-0.151702
2023-04-24,245.704900,221.449500,1.109530,24.255400,0.080572,-0.080572,0.996282,0.016244
2023-04-25,245.738200,221.502900,1.109413,24.235300,0.043665,-0.043665,0.997985,0.170956
2023-04-26,245.812900,221.635300,1.109087,24.177600,-0.030841,0.030841,1.001423,0.344538
2023-04-27,245.917900,221.877700,1.108349,24.040200,-0.185048,0.185048,1.008540,0.710644
2023-04-28,245.987100,221.877500,1.108662,24.109600,-0.132454,0.132454,1.006113,-0.240660
2023-05-04,246.297600,222.163700,1.108631,24.133900,-0.124961,0.124961,1.005767,-0.034370
2023-05-05,246.458300,222.384400,1.108254,24.073900,-0.201768,0.201768,1.009312,0.352428
2023-05-08,246.657000,222.379600,1.109171,24.277400,-0.015076,0.015076,1.000696,-0.853629
2023-05-09,246.701000,222.442200,1.109057,24.258800,-0.050483,0.050483,1.002330,0.163289
2023-05-10,246.830400,222.644200,1.108632,24.186200,-0.139890,0.139890,1.006456,0.411652
2023-05-11,246.942300,222.949600,1.107615,23.992700,-0.350198,0.350198,1.016162,0.964333
2023-05-12,247.038100,222.948900,1.108048,24.089200,-0.270506,0.270506,1.012484,-0.361927
2023-05-15,247.151900,222.967700,1.108465,24.184200,-0.192313,0.192313,1.008875,-0.356404
2023-05-16,247.169900,222.887800,1.108943,24.282100,-0.111221,0.111221,1.005133,-0.370944
2023-05-17,247.203500,222.877600,1.109145,24.325900,-0.084229,0.084229,1.003887,-0.123931
2023-05-18,247.189700,222.759400,1.109671,24.430300,0.003363,-0.003363,0.999845,-0.402667
2023-05-19,247.237200,222.903000,1.109169,24.334200,-0.109545,0.109545,1.005056,0.521146
2023-05-22,247.363000,223.131100,1.108599,24.231900,-0.228653,0.228653,1.010552,0.546913
2023-05-23,247.439200,223.382600,1.107692,24.056600,-0.420762,0.420762,1.019418,0.877312
2023-05-24,247.481200,223.338200,1.108101,24.143000,-0.351170,0.351170,1.016206,-0.315045
2023-05-25,247.493500,223.266900,1.108510,24.226600,-0.284378,0.284378,1.013124,-0.303324
2023-05-26,247.496800,223.215300,1.108781,24.281500,-0.246287,0.246287,1.011366,-0.173514
2023-05-29,247.582700,223.307300,1.108708,24.275400,-0.269195,0.269195,1.012423,0.104533
2023-05-30,247.616500,223.447800,1.108163,24.168700,-0.392703,0.392703,1.018123,0.562991
2023-05-31,247.681000,223.530000,1.108044,24.151000,-0.427212,0.427212,1.019716,0.156420
2023-06-01,247.731000,223.741400,1.107220,23.989600,-0.605420,0.605420,1.027940,0.806522
2023-06-02,247.743500,223.673200,1.107614,24.070300,-0.541529,0.541529,1.024991,-0.286842
2023-06-05,247.794100,223.731100,1.107553,24.063000,-0.565637,0.565637,1.026104,0.108547
2023-06-06,247.841200,223.909500,1.106881,23.931700,-0.713746,0.713746,1.032939,0.666125
2023-06-07,247.926200,224.028800,1.106671,23.897400,-0.764854,0.764854,1.035298,0.228342
2023-06-08,247.978300,223.941600,1.107335,24.036700,-0.642363,0.642363,1.029645,-0.546019
2023-06-09,248.048300,224.066900,1.107028,23.981400,-0.714471,0.714471,1.032973,0.323196
2023-06-12,248.179300,224.233500,1.106790,23.945800,-0.766880,0.766880,1.035391,0.234142
2023-06-13,248.262500,224.386200,1.106407,23.876300,-0.853188,0.853188,1.039374,0.384694
2023-06-14,248.348200,224.579200,1.105838,23.769000,-0.977297,0.977297,1.045102,0.551056
2023-06-15,248.364300,224.328000,1.107148,24.036300,-0.726805,0.726805,1.033542,-1.106118
2023-06-16,248.241900,224.045300,1.107999,24.196600,-0.583313,0.583313,1.026920,-0.640716
2023-06-19,248.157500,223.867500,1.108502,24.290000,-0.506722,0.506722,1.023385,-0.344201
2023-06-20,248.157700,223.953500,1.108077,24.204200,-0.609330,0.609330,1.028120,0.462711
2023-06-21,248.196600,224.143800,1.107310,24.052800,-0.777538,0.777538,1.035883,0.755040
2023-06-26,248.331300,224.321200,1.107034,24.010100,-0.837046,0.837046,1.038629,0.265113
2023-06-27,248.306800,224.219500,1.107427,24.087300,-0.776654,0.776654,1.035842,-0.268340
2023-06-28,248.312400,224.373400,1.106693,23.939000,-0.941762,0.941762,1.043462,0.735599
2023-06-29,248.362800,224.455600,1.106512,23.907200,-0.990369,0.990369,1.045705,0.214979
2023-06-30,248.445700,224.662500,1.105862,23.783200,-1.131177,1.131177,1.052203,0.621418
2023-07-03,248.563600,224.703300,1.106186,23.860300,-1.070885,1.070885,1.049421,-0.264442
2023-07-04,248.613300,224.781000,1.106025,23.832300,-1.115692,1.115692,1.051489,0.197046
2023-07-05,248.682800,224.812800,1.106177,23.870000,-1.094799,1.094799,1.050524,-0.091697
2023-07-06,248.776900,224.908200,1.106126,23.868700,-1.112906,1.112906,1.051360,0.079545
2023-07-07,248.860600,224.960500,1.106241,23.900100,-1.098313,1.098313,1.050687,-0.064056
2023-07-10,248.976000,224.992800,1.106595,23.983200,-1.032020,1.032020,1.047627,-0.291180
2023-07-11,249.072200,225.056000,1.106712,24.016200,-1.015827,1.015827,1.046880,-0.071334
2023-07-12,249.141300,225.013800,1.107227,24.127500,-0.921334,0.921334,1.042519,-0.416554
2023-07-13,249.213300,224.979400,1.107716,24.233900,-0.831740,0.831740,1.038384,-0.396606
2023-07-14,249.233300,224.939900,1.108000,24.293400,-0.789046,0.789046,1.036414,-0.189746
2023-07-17,249.372700,225.087600,1.107892,24.285100,-0.814152,0.814152,1.037573,0.111792
2023-07-18,249.491500,225.195000,1.107891,24.296500,-0.819558,0.819558,1.037822,0.024044
2023-07-19,249.541400,225.243900,1.107872,24.297500,-0.835364,0.835364,1.038552,0.070284
2023-07-20,249.599000,225.262500,1.108036,24.336500,-0.813169,0.813169,1.037527,-0.098625
2023-07-21,249.701800,225.371300,1.107957,24.330500,-0.835974,0.835974,1.038580,0.101438
2023-07-24,249.835000,225.461600,1.108104,24.373400,-0.809879,0.809879,1.037376,-0.115954
2023-07-25,249.657000,225.015100,1.109512,24.641900,-0.558184,0.558184,1.025760,-1.119710
2023-07-26,249.660500,225.076600,1.109225,24.583900,-0.632989,0.632989,1.029212,0.336550
2023-07-27,249.750800,225.296300,1.108544,24.454500,-0.779193,0.779193,1.035959,0.655574
2023-07-28,249.750600,225.238200,1.108829,24.512400,-0.738097,0.738097,1.034063,-0.183073
2023-07-31,249.731500,225.096300,1.109443,24.635200,-0.632101,0.632101,1.029171,-0.473053
2023-08-01,249.769300,225.254400,1.108832,24.514900,-0.769204,0.769204,1.035498,0.614791
2023-08-02,249.837000,225.326500,1.108778,24.510500,-0.790408,0.790408,1.036477,0.094497
2023-08-03,249.938900,225.552400,1.108119,24.386500,-0.931211,0.931211,1.042975,0.626930
2023-08-04,250.063000,225.578200,1.108542,24.484800,-0.849713,0.849713,1.039214,-0.360609
2023-08-07,250.175300,225.648600,1.108694,24.526700,-0.824616,0.824616,1.038056,-0.111454
2023-08-08,250.275800,225.685500,1.108958,24.590300,-0.777818,0.777818,1.035896,-0.208052
2023-08-09,250.344400,225.714400,1.109120,24.630000,-0.754919,0.754919,1.034839,-0.102012
2023-08-10,250.433300,225.679200,1.109687,24.754100,-0.647621,0.647621,1.029887,-0.478506
2023-08-11,250.551700,225.733400,1.109945,24.818300,-0.600222,0.600222,1.027700,-0.212395
2023-08-14,250.732300,225.928500,1.109786,24.803800,-0.631523,0.631523,1.029145,0.140558
2023-08-15,250.885100,226.104300,1.109599,24.780800,-0.671323,0.671323,1.030981,0.178475
2023-08-16,251.012300,226.298100,1.109211,24.714200,-0.754723,0.754723,1.034830,0.373321
2023-08-17,251.053400,226.288900,1.109438,24.764500,-0.721223,0.721223,1.033284,-0.149398
2023-08-18,251.125100,226.346700,1.109471,24.778400,-0.724122,0.724122,1.033418,0.012949
2023-08-21,251.316700,226.551200,1.109315,24.765500,-0.753821,0.753821,1.034789,0.132627
2023-08-22,251.428000,226.523100,1.109944,24.904900,-0.631220,0.631220,1.029131,-0.546777
2023-08-23,251.485500,226.474800,1.110435,25.010700,-0.542218,0.542218,1.025023,-0.399112
2023-08-24,251.550000,226.525800,1.110470,25.024200,-0.545516,0.545516,1.025175,0.014848
2023-08-25,251.628700,226.440200,1.111237,25.188500,-0.398013,0.398013,1.018368,-0.664000
2023-08-28,251.601500,226.135200,1.112615,25.466300,-0.137010,0.137010,1.006323,-1.182790
2023-08-29,251.569900,226.109400,1.112603,25.460500,-0.159607,0.159607,1.007366,0.103627
2023-08-30,251.590600,226.239000,1.112057,25.351600,-0.285303,0.285303,1.013167,0.575840
2023-08-31,251.638300,226.439300,1.111284,25.199000,-0.454699,0.454699,1.020984,0.771593
2023-09-01,251.633800,226.239400,1.112246,25.394400,-0.276094,0.276094,1.012742,-0.807311
2023-09-04,251.502500,225.909300,1.113290,25.593200,-0.094089,0.094089,1.004342,-0.829377
2023-09-05,251.506800,225.982700,1.112947,25.524100,-0.179983,0.179983,1.008306,0.394684
2023-09-06,251.382800,225.766900,1.113462,25.615900,-0.104977,0.104977,1.004845,-0.343298
2023-09-07,251.114300,225.614800,1.113022,25.499500,-0.238170,0.238170,1.010992,0.611717
2023-09-08,250.820100,225.596400,1.111809,25.223700,-0.530763,0.530763,1.024495,1.335620
2023-09-11,250.616300,225.599500,1.110890,25.016800,-0.754456,0.754456,1.034818,1.007647
2023-09-12,250.657100,225.833400,1.109920,24.823700,-0.964348,0.964348,1.044504,0.936049
2023-09-13,250.837600,225.991400,1.109943,24.846200,-0.958639,0.958639,1.044241,-0.025223
2023-09-14,251.021100,226.059100,1.110422,24.962000,-0.859630,0.859630,1.039672,-0.437564
2023-09-15,251.149500,226.083900,1.110869,25.065600,-0.772820,0.772820,1.035665,-0.385335
2023-09-18,251.156400,225.822700,1.112184,25.333700,-0.521510,0.521510,1.024067,-1.119844
2023-09-19,251.150100,225.812900,1.112204,25.337200,-0.534799,0.534799,1.024681,0.059888
2023-09-20,251.199500,225.799800,1.112488,25.399700,-0.489088,0.489088,1.022571,-0.205874
2023-09-21,251.289300,225.934700,1.112221,25.354600,-0.550976,0.550976,1.025427,0.279306
2023-09-22,251.338800,225.912100,1.112551,25.426700,-0.495663,0.495663,1.022875,-0.248934
2023-09-25,251.423200,225.814000,1.113408,25.609200,-0.329950,0.329950,1.015227,-0.747655
2023-09-26,251.356900,225.668100,1.113834,25.688800,-0.267137,0.267137,1.012328,-0.285534
2023-09-27,251.368800,225.707700,1.113692,25.661100,-0.311622,0.311622,1.014381,0.202799
2023-09-28,251.508600,225.985800,1.112940,25.522800,-0.466707,0.466707,1.021538,0.705563
2023-10-09,251.894500,226.191800,1.113632,25.702700,-0.303592,0.303592,1.014011,-0.736898
2023-10-10,251.904100,226.016600,1.114538,25.887500,-0.135576,0.135576,1.006257,-0.764672
2023-10-11,251.874600,225.797700,1.115488,26.076900,0.037041,-0.037041,0.998291,-0.791664
2023-10-12,251.851100,225.739900,1.115669,26.111200,0.054558,-0.054558,0.997482,-0.080980
2023-10-13,251.905000,225.937200,1.114934,25.967800,-0.105624,0.105624,1.004875,0.741097
2023-10-16,252.021400,226.014800,1.115066,26.006600,-0.083605,0.083605,1.003858,-0.101122
2023-10-17,252.031000,225.837300,1.115985,26.193700,0.086714,-0.086714,0.995998,-0.782994
2023-10-18,252.043100,225.774600,1.116348,26.268500,0.144734,-0.144734,0.993321,-0.268835
2023-10-19,251.955500,225.525900,1.117191,26.429600,0.289055,-0.289055,0.986660,-0.670511
2023-10-20,251.912300,225.495000,1.117152,26.417300,0.259976,-0.259976,0.988002,0.136010
2023-10-23,251.983400,225.747100,1.116220,26.236300,0.062199,-0.062199,0.997130,0.923818
2023-10-24,251.945200,225.643400,1.116564,26.301800,0.110921,-0.110921,0.994881,-0.225501
2023-10-25,251.984300,225.962700,1.115159,26.021600,-0.186055,0.186055,1.008586,1.377582
2023-10-26,252.060200,226.117800,1.114730,25.942400,-0.282031,0.282031,1.013016,0.439152
2023-10-27,252.132300,226.082300,1.115224,26.050000,-0.191206,0.191206,1.008824,-0.413767
2023-10-30,252.276500,226.247000,1.115049,26.029500,-0.228480,0.228480,1.010544,0.170514
2023-10-31,252.345700,226.398900,1.114607,25.946800,-0.327954,0.327954,1.015135,0.454275
2023-11-01,252.430900,226.364600,1.115152,26.066300,-0.225226,0.225226,1.010394,-0.467013
2023-11-02,252.552200,226.512900,1.114957,26.039300,-0.268998,0.268998,1.012414,0.199927
2023-11-03,252.642300,226.445600,1.115687,26.196700,-0.128369,0.128369,1.005924,-0.641037
2023-11-06,252.772400,226.451100,1.116234,26.321300,-0.020540,0.020540,1.000948,-0.494697
2023-11-07,252.850400,226.407900,1.116791,26.442500,0.083891,-0.083891,0.996129,-0.481484
2023-11-08,252.902200,226.335900,1.117376,26.566300,0.190922,-0.190922,0.991189,-0.495863
2023-11-09,253.002800,226.423800,1.117386,26.579000,0.186854,-0.186854,0.991377,0.018940
2023-11-10,253.141700,226.444700,1.117896,26.697000,0.288087,-0.288087,0.986705,-0.471248
2023-11-13,253.313400,226.581100,1.117981,26.732300,0.306621,-0.306621,0.985850,-0.086684
2023-11-14,253.423400,226.554100,1.118600,26.869300,0.426855,-0.426855,0.980301,-0.562840
2023-11-15,253.499900,226.604200,1.118690,26.895700,0.436490,-0.436490,0.979856,-0.045360
2023-11-16,253.612600,226.720800,1.118612,26.891800,0.415827,-0.415827,0.980810,0.097323
2023-11-17,253.708500,226.730400,1.118988,26.978100,0.485364,-0.485364,0.977601,-0.327189
2023-11-20,253.856000,226.743500,1.119573,27.112500,0.603002,-0.603002,0.972172,-0.555332
2023-11-21,253.947100,226.697300,1.120203,27.249800,0.723541,-0.723541,0.966609,-0.572204
2023-11-22,253.955200,226.600600,1.120717,27.354600,0.811580,-0.811580,0.962546,-0.420334
2023-11-23,253.911300,226.389100,1.121570,27.522200,0.962421,-0.962421,0.955585,-0.723209
2023-11-24,253.898500,226.394800,1.121486,27.503700,0.927163,-0.927163,0.957212,0.170279
2023-11-27,253.921700,226.313300,1.121992,27.608400,1.015105,-1.015105,0.953154,-0.423992
2023-11-28,253.953000,226.373100,1.121834,27.579900,0.969849,-0.969849,0.955242,0.219122
2023-11-29,253.967700,226.377700,1.121876,27.590000,0.963193,-0.963193,0.955549,0.032155
2023-11-30,254.038300,226.523400,1.121466,27.514900,0.871338,-0.871338,0.959788,0.443624
2023-12-01,254.096000,226.497600,1.121849,27.598400,0.938084,-0.938084,0.956708,-0.320936
2023-12-04,254.177300,226.472800,1.122330,27.704500,1.027432,-1.027432,0.952585,-0.430991
2023-12-05,254.169100,226.397400,1.122668,27.771700,1.077880,-1.077880,0.950256,-0.244404
2023-12-06,254.146900,226.374800,1.122682,27.772100,1.061529,-1.061529,0.951011,0.079408
2023-12-07,254.182900,226.440000,1.122518,27.742900,1.015579,-1.015579,0.953132,0.222980
2023-12-08,254.207700,226.598800,1.121840,27.608900,0.864830,-0.864830,0.960089,0.729908
2023-12-11,254.301900,226.785300,1.121333,27.516600,0.755782,-0.755782,0.965121,0.524171
2023-12-12,254.321700,226.860100,1.121051,27.461600,0.684035,-0.684035,0.968432,0.343074
2023-12-13,254.437400,227.146200,1.120148,27.291200,0.496890,-0.496890,0.977069,0.891821
2023-12-14,254.563300,227.206400,1.120405,27.356900,0.545845,-0.545845,0.974810,-0.231228
2023-12-15,254.700800,227.329100,1.120406,27.371700,0.543901,-0.543901,0.974899,0.009202
2023-12-18,254.856500,227.452200,1.120484,27.404300,0.559758,-0.559758,0.974168,-0.075065
2023-12-19,254.942800,227.358700,1.121324,27.584100,0.722816,-0.722816,0.966642,-0.772460
2023-12-20,255.009900,227.332400,1.121749,27.677500,0.799476,-0.799476,0.963105,-0.365987
2023-12-21,255.084100,227.344800,1.122014,27.739300,0.844536,-0.844536,0.961025,-0.215918
2023-12-22,255.231700,227.548800,1.121657,27.682900,0.771398,-0.771398,0.964400,0.351219
2023-12-25,255.385000,227.700900,1.121581,27.684100,0.755860,-0.755860,0.965118,0.074351
2023-12-26,255.508500,228.028600,1.120511,27.479900,0.534924,-0.534924,0.975314,1.056462
2023-12-27,255.686600,228.222600,1.120339,27.464000,0.502289,-0.502289,0.976820,0.154422
2023-12-28,255.881000,228.391200,1.120363,27.489800,0.511355,-0.511355,0.976401,-0.042831
2023-12-29,256.099400,228.303100,1.121752,27.796300,0.801121,-0.801121,0.963029,-1.369580
2024-01-02,256.278600,228.168300,1.123200,28.110300,1.098390,-1.098390,0.949310,-1.424544
2024-01-03,256.279000,228.051000,1.123779,28.228000,1.199359,-1.199359,0.944650,-0.490849
2024-01-04,256.387600,228.179200,1.123624,28.208400,1.163029,-1.163029,0.946327,0.177483
2024-01-05,256.495800,228.264500,1.123678,28.231300,1.169201,-1.169201,0.946042,-0.030096
2024-01-08,256.675500,228.307400,1.124254,28.368100,1.289273,-1.289273,0.940501,-0.585734
2024-01-09,256.830400,228.381800,1.124566,28.448600,1.353047,-1.353047,0.937558,-0.312932
2024-01-10,256.900200,228.320100,1.125176,28.580100,1.467822,-1.467822,0.932261,-0.564958
2024-01-11,256.960900,228.274500,1.125666,28.686400,1.557398,-1.557398,0.928127,-0.443426
2024-01-12,256.993000,228.210300,1.126124,28.782700,1.636975,-1.636975,0.924455,-0.395684
2024-01-15,257.080400,228.251300,1.126304,28.829100,1.666654,-1.666654,0.923085,-0.148157
2024-01-16,257.129100,228.213000,1.126707,28.916100,1.736933,-1.736933,0.919842,-0.351362
2024-01-17,257.202200,228.302500,1.126585,28.899700,1.703814,-1.703814,0.921370,0.166162
2024-01-18,257.290400,228.429000,1.126347,28.861400,1.648796,-1.648796,0.923909,0.275573
2024-01-19,257.381800,228.535100,1.126224,28.846700,1.617380,-1.617380,0.925359,0.156927
2024-01-22,257.549900,228.707800,1.126109,28.842100,1.596064,-1.596064,0.926343,0.106305
2024-01-23,257.613900,228.656800,1.126640,28.957100,1.694350,-1.694350,0.921807,-0.489650
2024-01-24,257.690000,228.686200,1.126828,29.003800,1.724337,-1.724337,0.920423,-0.150127
2024-01-25,257.811200,229.003500,1.125796,28.807700,1.511525,-1.511525,0.930244,1.067026
2024-01-26,257.895100,229.019100,1.126086,28.876000,1.563114,-1.563114,0.927863,-0.255936
2024-01-29,258.030800,229.156600,1.126002,28.874200,1.544605,-1.544605,0.928717,0.092060
2024-01-30,258.218700,229.494800,1.125161,28.723900,1.377597,-1.377597,0.936425,0.829890
2024-01-31,258.419400,229.624800,1.125398,28.794600,1.431590,-1.431590,0.933933,-0.266093
2024-02-01,258.535600,229.564000,1.126203,28.971600,1.591885,-1.591885,0.926535,-0.792081
2024-02-02,258.619900,229.539500,1.126690,29.080400,1.683980,-1.683980,0.922285,-0.458717
2024-02-05,258.826900,229.705000,1.126780,29.121900,1.708777,-1.708777,0.921141,-0.124080
2024-02-06,258.791900,229.461400,1.127823,29.330500,1.900676,-1.900676,0.912285,-0.961417
2024-02-07,258.873000,229.503700,1.127969,29.369300,1.922775,-1.922775,0.911265,-0.111795
2024-02-08,258.927300,229.609200,1.127687,29.318100,1.854876,-1.854876,0.914399,0.343863
2024-02-19,259.193000,229.764200,1.128083,29.428800,1.948879,-1.948879,0.910060,-0.474427
2024-02-20,259.309100,229.943400,1.127708,29.365700,1.869082,-1.869082,0.913743,0.404651
2024-02-21,259.398000,230.097900,1.127338,29.300100,1.786787,-1.786787,0.917541,0.415640
2024-02-22,259.530000,230.260100,1.127117,29.269900,1.739893,-1.739893,0.919705,0.235861
2024-02-23,259.696100,230.527400,1.126530,29.168700,1.622001,-1.622001,0.925146,0.591568
2024-02-26,259.885300,230.586700,1.127061,29.298600,1.735210,-1.735210,0.919921,-0.564725
2024-02-27,260.016200,230.679600,1.127175,29.336600,1.756520,-1.756520,0.918938,-0.106907
2024-02-28,260.105400,230.721100,1.127359,29.384300,1.787531,-1.787531,0.917506,-0.155742
2024-02-29,260.256400,230.899300,1.127142,29.357100,1.743644,-1.743644,0.919532,0.220747
2024-03-01,260.220300,230.582600,1.128534,29.637700,2.007559,-2.007559,0.907352,-1.324533
2024-03-04,260.323900,230.660200,1.128603,29.663700,2.016874,-2.016874,0.906922,-0.047381
2024-03-05,260.366900,230.729900,1.128449,29.637000,1.973491,-1.973491,0.908924,0.220758
2024-03-06,260.417900,231.211200,1.126320,29.206700,1.526510,-1.526510,0.929552,2.269492
2024-03-07,260.501400,231.173900,1.126863,29.327500,1.630629,-1.630629,0.924747,-0.516923
2024-03-08,260.540300,231.053600,1.127618,29.486700,1.773151,-1.773151,0.918170,-0.711251
2024-03-11,260.631200,230.985400,1.128345,29.645800,1.915573,-1.915573,0.911597,-0.715851
2024-03-12,260.544200,230.665600,1.129532,29.878600,2.131697,-2.131697,0.901623,-1.094124
2024-03-13,260.442900,230.476300,1.130020,29.966600,2.203022,-2.203022,0.898332,-0.365078
2024-03-14,260.401800,230.482500,1.129812,29.919300,2.139049,-2.139049,0.901284,0.328646
2024-03-15,260.422600,230.528100,1.129678,29.894500,2.097577,-2.097577,0.903198,0.212353
2024-03-18,260.544400,230.835600,1.128701,29.708800,1.895207,-1.895207,0.912537,1.034025
2024-03-19,260.615800,231.025300,1.128083,29.590500,1.760238,-1.760238,0.918766,0.682575
2024-03-20,260.685300,230.978400,1.128613,29.706900,1.859970,-1.859970,0.914163,-0.500954
2024-03-21,260.746700,231.000400,1.128772,29.746300,1.882704,-1.882704,0.913114,-0.114767
2024-03-22,260.822700,231.085800,1.128683,29.736900,1.856639,-1.856639,0.914317,0.131733
2024-03-25,260.862400,230.995400,1.129297,29.867000,1.970076,-1.970076,0.909082,-0.572563
2024-03-26,260.881900,231.023800,1.129243,29.858100,1.944514,-1.944514,0.910262,0.129765
2024-03-27,260.947800,231.254200,1.128402,29.693600,1.763354,-1.763354,0.918622,0.918468
2024-03-28,261.031600,231.338800,1.128352,29.692800,1.745895,-1.745895,0.919428,0.087710
2024-03-29,261.116800,231.385900,1.128491,29.730900,1.767337,-1.767337,0.918438,-0.107628
2024-04-01,261.217300,231.335800,1.129169,29.881500,1.901281,-1.901281,0.912257,-0.673038
2024-04-02,261.317100,231.500700,1.128796,29.816400,1.819527,-1.819527,0.916030,0.413582
2024-04-03,261.460400,231.625500,1.128807,29.834900,1.821373,-1.821373,0.915945,-0.009304
2024-04-08,261.669400,231.786700,1.128923,29.882700,1.852522,-1.852522,0.914507,-0.156939
2024-04-09,261.841600,231.992400,1.128665,29.849200,1.802371,-1.802371,0.916822,0.253077
2024-04-10,261.982900,232.003800,1.129218,29.979100,1.915623,-1.915623,0.911595,-0.570066
2024-04-11,262.118100,232.192300,1.128884,29.925800,1.845675,-1.845675,0.914823,0.354108
2024-04-12,262.316400,232.455300,1.128460,29.861100,1.764330,-1.764330,0.918577,0.410360
2024-04-15,262.522500,232.423000,1.129503,30.099500,1.986085,-1.986085,0.908343,-1.114104
2024-04-16,262.581200,232.358800,1.130068,30.222400,2.092342,-2.092342,0.903440,-0.539852
2024-04-17,262.711300,232.469800,1.130088,30.241500,2.094801,-2.094801,0.903326,-0.012559
2024-04-18,262.863300,232.659700,1.129819,30.203600,2.040261,-2.040261,0.905843,0.278635
2024-04-19,263.020800,232.811000,1.129761,30.209800,2.029823,-2.029823,0.906325,0.053180
2024-04-22,263.241800,232.937100,1.130098,30.304700,2.108086,-2.108086,0.902713,-0.398511
2024-04-23,263.453300,233.132100,1.130060,30.321200,2.107951,-2.107951,0.902719,0.000692
2024-04-24,263.380400,232.909400,1.130828,30.471000,2.241117,-2.241117,0.896574,-0.680782
2024-04-25,263.327500,232.975700,1.130279,30.351800,2.105284,-2.105284,0.902842,0.699172
2024-04-26,263.193800,232.647600,1.131298,30.546200,2.283054,-2.283054,0.894638,-0.908681
2024-04-29,262.882000,231.953100,1.133341,30.928900,2.649124,-2.649124,0.877744,-1.888357
2024-04-30,263.048900,232.467900,1.131549,30.581000,2.284596,-2.284596,0.894567,1.916591
2024-05-06,263.262000,232.781300,1.130941,30.480700,2.167670,-2.167670,0.899963,0.603207
2024-05-07,263.497500,233.039900,1.130697,30.457600,2.127945,-2.127945,0.901797,0.203706
2024-05-08,263.651700,232.990500,1.131598,30.661200,2.314922,-2.314922,0.893168,-0.956854
2024-05-09,263.651600,232.833000,1.132364,30.818600,2.455700,-2.455700,0.886671,-0.727393
2024-05-10,263.662700,232.819700,1.132476,30.843000,2.463480,-2.463480,0.886312,-0.040492
2024-05-13,263.794900,232.995000,1.132191,30.799900,2.403761,-2.403761,0.889068,0.310950
2024-05-14,263.933800,233.179400,1.131892,30.754400,2.341644,-2.341644,0.891934,0.322436
2024-05-15,264.022600,233.167800,1.132329,30.854800,2.425428,-2.425428,0.888068,-0.433507
2024-05-16,264.035500,233.105500,1.132687,30.930000,2.484014,-2.484014,0.885364,-0.304448
2024-05-17,264.025600,233.120300,1.132572,30.905300,2.442701,-2.442701,0.887271,0.215342
2024-05-20,264.156300,233.242200,1.132541,30.914100,2.434890,-2.434890,0.887631,0.040628
2024-05-21,264.181800,233.127800,1.133206,31.054000,2.558181,-2.558181,0.881941,-0.641008
2024-05-22,264.273800,233.224000,1.133133,31.049800,2.537373,-2.537373,0.882902,0.108883
2024-05-23,264.385500,233.354000,1.132980,31.031500,2.502466,-2.502466,0.884513,0.182457
2024-05-24,264.425400,233.302800,1.133400,31.122600,2.576961,-2.576961,0.881075,-0.388678
2024-05-27,264.515700,233.305400,1.133774,31.210300,2.648058,-2.648058,0.877794,-0.372394
2024-05-28,264.592100,233.409000,1.133599,31.183100,2.604256,-2.604256,0.879815,0.230286
2024-05-29,264.719400,233.551700,1.133451,31.167700,2.572255,-2.572255,0.881292,0.167854
2024-05-30,264.806600,233.565400,1.133758,31.241200,2.629157,-2.629157,0.878666,-0.297967
2024-05-31,264.849200,233.547300,1.134028,31.301900,2.673259,-2.673259,0.876631,-0.231637
2024-06-03,264.988800,233.763000,1.133579,31.225800,2.580564,-2.580564,0.880908,0.487989
2024-06-04,265.051800,233.799300,1.133672,31.252500,2.590669,-2.590669,0.880442,-0.052943
2024-06-05,265.140800,233.934800,1.133396,31.206000,2.527577,-2.527577,0.883354,0.330708
2024-06-06,265.245800,233.996200,1.133547,31.249600,2.554585,-2.554585,0.882107,-0.141104
2024-06-07,265.334200,233.970700,1.134049,31.363500,2.651896,-2.651896,0.877616,-0.509102
2024-06-11,265.452500,234.075500,1.134046,31.377000,2.648808,-2.648808,0.877759,0.016239
2024-06-12,265.509900,234.082700,1.134257,31.427200,2.682421,-2.682421,0.876208,-0.176728
2024-06-13,265.559800,234.087400,1.134447,31.472400,2.711036,-2.711036,0.874887,-0.150714
2024-06-14,265.638400,234.086200,1.134789,31.552200,2.774253,-2.774253,0.871970,-0.333461
2024-06-17,265.730000,234.106600,1.135081,31.623400,2.828871,-2.828871,0.869449,-0.289069
2024-06-18,265.792900,234.182900,1.134980,31.610000,2.798890,-2.798890,0.870833,0.159133
2024-06-19,265.812100,234.344100,1.134281,31.468000,2.640311,-2.640311,0.878151,0.840383
2024-06-20,265.865000,234.488200,1.133810,31.376800,2.532534,-2.532534,0.883125,0.566402
2024-06-21,265.871800,234.381300,1.134356,31.490500,2.629658,-2.629658,0.878643,-0.507542
2024-06-24,265.923100,234.491100,1.134043,31.432000,2.554584,-2.554584,0.882107,0.394317
2024-06-25,265.981800,234.693300,1.133317,31.288500,2.394511,-2.394511,0.889495,0.837458
2024-06-26,266.010700,234.809100,1.132881,31.201600,2.291040,-2.291040,0.894270,0.536838
2024-06-27,266.080400,234.975900,1.132373,31.104500,2.177370,-2.177370,0.899516,0.586601
2024-06-28,266.170500,235.057300,1.132364,31.113200,2.169502,-2.169502,0.899879,0.040368
2024-07-01,266.226300,234.999500,1.132880,31.226800,2.266535,-2.266535,0.895401,-0.497627
2024-07-02,266.243900,235.018300,1.132865,31.225600,2.248770,-2.248770,0.896221,0.091563
2024-07-03,266.302900,235.241200,1.132042,31.061700,2.068306,-2.068306,0.904549,0.929269
2024-07-04,266.385300,235.234400,1.132425,31.150900,2.140944,-2.140944,0.901197,-0.370594
2024-07-05,266.406100,235.057600,1.133365,31.348500,2.321984,-2.321984,0.892842,-0.927087
2024-07-08,266.362300,234.746900,1.134679,31.615400,2.572325,-2.572325,0.881289,-1.293970
2024-07-09,266.430500,234.976400,1.133861,31.454100,2.394467,-2.394467,0.889497,0.931367
2024-07-10,266.492000,235.010900,1.133956,31.481100,2.404911,-2.404911,0.889015,-0.054186
2024-07-11,266.587900,235.075300,1.134053,31.512600,2.419856,-2.419856,0.888325,-0.077583
2024-07-12,266.674600,235.181600,1.133909,31.493000,2.383703,-2.383703,0.889993,0.187819
2024-07-15,266.810700,235.292100,1.133955,31.518600,2.392752,-2.392752,0.889576,-0.046919
2024-07-16,266.881000,235.342900,1.134009,31.538100,2.395701,-2.395701,0.889440,-0.015303
2024-07-17,266.930300,235.374900,1.134064,31.555400,2.396453,-2.396453,0.889405,-0.003899
2024-07-18,266.965100,235.349200,1.134336,31.615900,2.440406,-2.440406,0.887377,-0.228063
2024-07-19,267.010400,235.392900,1.134318,31.617500,2.425460,-2.425460,0.888066,0.077727
2024-07-22,267.169900,235.788000,1.133094,31.381900,2.173316,-2.173316,0.899703,1.310299
2024-07-23,267.294400,236.040500,1.132409,31.253900,2.028773,-2.028773,0.906373,0.741419
2024-07-24,267.369800,236.061300,1.132629,31.308500,2.066832,-2.066832,0.904617,-0.193783
2024-07-25,267.496400,236.117500,1.132895,31.378900,2.120692,-2.120692,0.902131,-0.274771
2024-07-26,267.586200,236.125900,1.133235,31.460300,2.185554,-2.185554,0.899138,-0.331807
2024-07-29,267.719300,236.194700,1.133469,31.524600,2.233317,-2.233317,0.896934,-0.245151
2024-07-30,267.861000,236.258400,1.133763,31.602600,2.294782,-2.294782,0.894097,-0.316251
2024-07-31,267.957200,236.497500,1.133023,31.459700,2.135348,-2.135348,0.901455,0.822930
2024-08-01,268.105000,236.639700,1.132967,31.465300,2.124416,-2.124416,0.901959,0.055968
2024-08-02,268.197700,236.738700,1.132885,31.459000,2.101585,-2.101585,0.903013,0.116816
2024-08-05,268.346900,236.815500,1.133148,31.531400,2.157455,-2.157455,0.900435,-0.285532
2024-08-06,268.319700,236.697500,1.133598,31.622200,2.231727,-2.231727,0.897007,-0.380662
2024-08-07,268.369800,236.803000,1.133304,31.566800,2.159800,-2.159800,0.900326,0.370050
2024-08-08,268.298000,236.661700,1.133677,31.636300,2.212775,-2.212775,0.897882,-0.271541
2024-08-09,268.106700,236.380700,1.134216,31.726000,2.285951,-2.285951,0.894505,-0.376112
2024-08-12,267.735000,235.923000,1.134841,31.812000,2.355429,-2.355429,0.891298,-0.358451
2024-08-13,267.753800,236.144400,1.133856,31.609400,2.136308,-2.136308,0.901411,1.134560
2024-08-14,267.966500,236.472500,1.133183,31.494000,2.004389,-2.004389,0.907499,0.675388
2024-08-15,268.005400,236.226600,1.134527,31.778800,2.272671,-2.272671,0.895118,-1.364307
2024-08-16,268.047700,236.155900,1.135046,31.891800,2.369154,-2.369154,0.890665,-0.497438
2024-08-19,268.086500,236.181200,1.135088,31.905300,2.366139,-2.366139,0.890804,0.015624
2024-08-20,268.052600,236.207300,1.134819,31.845300,2.289625,-2.289625,0.894335,0.396392
2024-08-21,267.917900,236.102200,1.134754,31.815700,2.243512,-2.243512,0.896463,0.237950
2024-08-22,267.892400,236.253200,1.133921,31.639200,2.050501,-2.050501,0.905371,0.993612
2024-08-23,267.748800,236.303000,1.133074,31.445800,1.840591,-1.840591,0.915058,1.069973
2024-08-26,267.597800,236.476400,1.131605,31.121400,1.499683,-1.499683,0.930790,1.719317
2024-08-27,267.275000,236.252500,1.131311,31.022500,1.384276,-1.384276,0.936116,0.572199
2024-08-28,267.277200,236.289500,1.131143,30.987700,1.332970,-1.332970,0.938484,0.252931
2024-08-29,267.357000,236.349400,1.131194,31.007600,1.336366,-1.336366,0.938327,-0.016698
2024-08-30,267.427300,236.336900,1.131551,31.090400,1.402663,-1.402663,0.935268,-0.326067
2024-09-02,267.643300,236.734200,1.130565,30.909100,1.204862,-1.204862,0.944396,0.976024
2024-09-03,267.758200,236.876500,1.130370,30.881700,1.160961,-1.160961,0.946422,0.214526
2024-09-04,267.851200,237.015600,1.130099,30.835600,1.098363,-1.098363,0.949311,0.305245
2024-09-05,267.927400,237.060300,1.130208,30.867100,1.113365,-1.113365,0.948619,-0.072932
2024-09-06,267.964500,237.032800,1.130495,30.931700,1.161469,-1.161469,0.946399,-0.234021
2024-09-09,268.038500,237.154600,1.130227,30.883900,1.097174,-1.097174,0.949366,0.313523
2024-09-10,268.016600,237.208400,1.129878,30.808200,1.004980,-1.004980,0.953621,0.448161
2024-09-11,267.995900,237.405700,1.128852,30.590200,0.770488,-0.770488,0.964442,1.134801
2024-09-12,267.982000,237.463500,1.128519,30.518500,0.682297,-0.682297,0.968512,0.422002
2024-09-13,267.982400,237.507000,1.128314,30.475400,0.622707,-0.622707,0.971262,0.283944
2024-09-18,268.129200,237.648000,1.128262,30.481200,0.612019,-0.612019,0.971756,0.050786
2024-09-19,268.116100,237.608200,1.128396,30.507900,0.622232,-0.622232,0.971284,-0.048502
2024-09-20,268.057900,237.594300,1.128217,30.463600,0.561446,-0.561446,0.974090,0.288817
2024-09-23,268.065000,237.711500,1.127690,30.353500,0.434862,-0.434862,0.979931,0.599720
2024-09-24,268.031200,237.731100,1.127455,30.300100,0.364978,-0.364978,0.983157,0.329113
2024-09-25,268.089000,238.043800,1.126217,30.045200,0.093596,-0.093596,0.995681,1.273870
2024-09-26,268.089900,238.178600,1.125583,29.911300,-0.056785,0.056785,1.002621,0.697010
2024-09-27,267.692100,237.332100,1.127922,30.360000,0.375436,-0.375436,0.982674,-1.989461
2024-09-30,266.643600,237.135700,1.124435,29.507900,-0.493142,0.493142,1.022758,4.079119
2024-10-08,266.185200,236.774900,1.124212,29.410300,-0.607219,0.607219,1.028023,0.514745
2024-10-09,265.379900,236.741900,1.120967,28.638000,-1.395995,1.395995,1.064425,3.540932
2024-10-10,265.609300,237.271700,1.119431,28.337600,-1.712870,1.712870,1.079048,1.373850
2024-10-11,266.122200,237.620000,1.119949,28.502200,-1.564743,1.564743,1.072212,-0.633518
2024-10-14,267.064300,237.750100,1.123298,29.314200,-0.769215,0.769215,1.035499,-3.424061
2024-10-15,267.424600,237.764000,1.124748,29.660600,-0.439286,0.439286,1.020273,-1.470407
2024-10-16,267.550100,237.769800,1.125248,29.780300,-0.336056,0.336056,1.015509,-0.466936
2024-10-17,267.688200,237.811400,1.125632,29.876800,-0.256025,0.256025,1.011815,-0.363700
2024-10-18,267.784200,237.842300,1.125890,29.941900,-0.207392,0.207392,1.009571,-0.221816
2024-10-21,267.811900,237.714400,1.126612,30.097500,-0.068258,0.068258,1.003150,-0.636008
2024-10-22,267.700000,237.530400,1.127014,30.169600,-0.012623,0.012623,1.000583,-0.255946
2024-10-23,267.365500,237.312300,1.126640,30.053200,-0.145487,0.145487,1.006714,0.612803
2024-10-24,267.325500,237.395900,1.126075,29.929600,-0.285550,0.285550,1.013178,0.642071
2024-10-25,267.197200,237.406700,1.125483,29.790500,-0.441111,0.441111,1.020357,0.708571
2024-10-28,267.088600,237.533800,1.124424,29.554800,-0.693272,0.693272,1.031994,1.140490
2024-10-29,267.000000,237.557100,1.123940,29.442900,-0.821631,0.821631,1.037918,0.574006
2024-10-30,266.928900,237.557900,1.123637,29.371000,-0.909989,0.909989,1.041996,0.392871
2024-10-31,266.932500,237.608900,1.123411,29.323600,-0.973846,0.973846,1.044943,0.282819
2024-11-01,267.090100,237.810200,1.123123,29.279900,-1.034002,1.034002,1.047719,0.265676
2024-11-04,267.230600,237.917000,1.123209,29.313600,-1.016757,1.016757,1.046923,-0.075961
2024-11-05,267.248000,237.910300,1.123314,29.337700,-1.009110,1.009110,1.046570,-0.033706
2024-11-06,267.334400,237.926700,1.123600,29.407700,-0.955563,0.955563,1.044099,-0.236123
2024-11-07,267.429600,238.055100,1.123394,29.374500,-1.005214,1.005214,1.046390,0.219461
2024-11-08,267.508200,238.062600,1.123688,29.445600,-0.950565,0.950565,1.043868,-0.241024
2024-11-11,267.658600,238.123600,1.124032,29.535000,-0.877614,0.877614,1.040501,-0.322516
2024-11-12,267.787300,238.248700,1.123982,29.538600,-0.890462,0.890462,1.041094,0.056985
2024-11-13,267.875400,238.257400,1.124311,29.618000,-0.827509,0.827509,1.038189,-0.279057
2024-11-14,267.942800,238.262000,1.124572,29.680800,-0.781155,0.781155,1.036050,-0.206053
2024-11-15,268.052000,238.311200,1.124798,29.740800,-0.737600,0.737600,1.034040,-0.194011
2024-11-18,268.111800,238.262100,1.125281,29.849700,-0.645143,0.645143,1.029773,-0.412634
2024-11-19,268.180800,238.268000,1.125543,29.912800,-0.598486,0.598486,1.027620,-0.209095
2024-11-20,268.266800,238.307000,1.125719,29.959800,-0.567928,0.567928,1.026210,-0.137235
2024-11-21,268.350600,238.398800,1.125637,29.951800,-0.592369,0.592369,1.027338,0.109911
2024-11-22,268.500700,238.427500,1.126131,30.073200,-0.487408,0.487408,1.022494,-0.471497
2024-11-25,268.677000,238.532200,1.126376,30.144800,-0.432247,0.432247,1.019948,-0.248967
2024-11-26,268.823200,238.577500,1.126775,30.245700,-0.347784,0.347784,1.016050,-0.382167
2024-11-27,268.963000,238.597100,1.127269,30.365900,-0.244021,0.244021,1.011261,-0.471299
2024-11-28,269.054400,238.693000,1.127199,30.361400,-0.264956,0.264956,1.012228,0.095540
2024-11-29,269.253400,238.930700,1.126910,30.322700,-0.320090,0.320090,1.014772,0.251369
2024-12-02,269.672300,239.554700,1.125723,30.117600,-0.541624,0.541624,1.024996,1.007482
2024-12-03,269.808700,239.527000,1.126423,30.281700,-0.393956,0.393956,1.018181,-0.664860
2024-12-04,270.022000,239.658900,1.126693,30.363100,-0.328988,0.328988,1.015183,-0.294473
2024-12-05,270.169500,239.670800,1.127252,30.498700,-0.209818,0.209818,1.009683,-0.541736
2024-12-06,270.281100,239.662800,1.127756,30.618300,-0.106647,0.106647,1.004922,-0.471561
2024-12-09,270.411500,239.812700,1.127595,30.598800,-0.142576,0.142576,1.006580,0.164996
2024-12-10,270.752300,240.384100,1.126332,30.368200,-0.389603,0.389603,1.017980,1.132566
2024-12-11,270.773600,240.426000,1.126224,30.347600,-0.426630,0.426630,1.019689,0.167857
2024-12-12,270.854600,240.733800,1.125121,30.120800,-0.669855,0.669855,1.030914,1.100799
2024-12-13,271.079000,241.262200,1.123587,29.816800,-0.990280,0.990280,1.045701,1.434400
2024-12-16,271.302300,241.540700,1.123216,29.761600,-1.061903,1.061903,1.049006,0.316093
2024-12-17,271.247000,241.403800,1.123624,29.843200,-0.996726,0.996726,1.045998,-0.286738
2024-12-18,271.172400,241.429100,1.123197,29.743300,-1.113047,1.113047,1.051367,0.513211
2024-12-19,271.109400,241.550200,1.122373,29.559200,-1.313568,1.313568,1.060621,0.880180
2024-12-20,271.245400,241.981600,1.120934,29.263800,-1.625388,1.625388,1.075011,1.356783
2024-12-23,271.386700,242.222800,1.120401,29.163900,-1.741707,1.741707,1.080379,0.499348
2024-12-24,271.298200,242.148400,1.120380,29.149800,-1.772224,1.772224,1.081787,0.130360
2024-12-25,271.246600,241.900500,1.121315,29.346100,-1.592341,1.592341,1.073486,-0.767388
2024-12-26,271.228200,241.884100,1.121315,29.344100,-1.610757,1.610757,1.074336,0.079171
2024-12-27,271.376100,242.159300,1.120651,29.216800,-1.754472,1.754472,1.080968,0.617347
2024-12-30,271.454900,242.123600,1.121142,29.331300,-1.656386,1.656386,1.076441,-0.418755
2024-12-31,271.637900,242.142800,1.121809,29.495100,-1.509000,1.509000,1.069640,-0.631880
2025-01-02,271.944400,242.292900,1.122379,29.651500,-1.369012,1.369012,1.063179,-0.603975
2025-01-03,272.151500,242.508100,1.122237,29.643400,-1.393523,1.393523,1.064310,0.106397
2025-01-06,272.310200,242.487400,1.122987,29.822800,-1.230534,1.230534,1.056789,-0.706737
2025-01-07,272.335400,242.270600,1.124096,30.064800,-1.004944,1.004944,1.046378,-0.985143
2025-01-08,272.369500,242.131800,1.124881,30.237700,-0.848452,0.848452,1.039156,-0.690190
2025-01-09,272.300300,241.890000,1.125720,30.410300,-0.692260,0.692260,1.031948,-0.693658
2025-01-10,272.167500,241.686400,1.126118,30.481100,-0.637867,0.637867,1.029437,-0.243250
2025-01-13,272.088800,241.503800,1.126644,30.585000,-0.550373,0.550373,1.025400,-0.392234
2025-01-14,272.030400,241.760800,1.125205,30.269600,-0.882178,0.882178,1.040712,1.493334
2025-01-15,272.066800,241.908600,1.124668,30.158200,-1.009983,1.009983,1.046610,0.566737
2025-01-16,271.926500,241.708900,1.125016,30.217600,-0.966986,0.966986,1.044626,-0.189590
2025-01-17,271.861100,241.735800,1.124621,30.125300,-1.075689,1.075689,1.049643,0.480226
2025-01-20,271.801200,241.709000,1.124498,30.092200,-1.125190,1.125190,1.051927,0.217643
2025-01-21,271.798600,241.808400,1.124025,29.990200,-1.243591,1.243591,1.057391,0.519441
2025-01-22,271.861300,241.896200,1.123876,29.965100,-1.285091,1.285091,1.059306,0.181125
2025-01-23,271.825000,241.693200,1.124670,30.131800,-1.134790,1.134790,1.052370,-0.654797
2025-01-24,271.729800,241.534900,1.125013,30.194900,-1.088089,1.088089,1.050215,-0.204800
2025-01-27,271.987300,241.911800,1.124324,30.075500,-1.223886,1.223886,1.056482,0.596733
2025-02-05,272.196100,242.146200,1.124098,30.049900,-1.265883,1.265883,1.058420,0.183451
2025-02-06,272.345700,242.328600,1.123869,30.017100,-1.315079,1.315079,1.060690,0.214505
2025-02-07,272.465600,242.396100,1.124051,30.069500,-1.279074,1.279074,1.059029,-0.156654
2025-02-10,272.454400,242.119900,1.125287,30.334500,-1.030468,1.030468,1.047556,-1.083354
2025-02-11,272.426400,242.006600,1.125698,30.419800,-0.961561,0.961561,1.044376,-0.303565
2025-02-12,272.457400,242.021000,1.125759,30.436400,-0.961353,0.961353,1.044366,-0.000917
2025-02-13,272.487200,241.904000,1.126427,30.583200,-0.830945,0.830945,1.038348,-0.576261
2025-02-14,272.388700,241.631800,1.127288,30.756900,-0.673636,0.673636,1.031088,-0.699162
2025-02-17,272.329500,241.474600,1.127777,30.854900,-0.592026,0.592026,1.027322,-0.365270
2025-02-18,272.164900,241.209300,1.128335,30.955600,-0.507715,0.507715,1.023431,-0.378742
2025-02-19,272.168100,241.374200,1.127577,30.793900,-0.685804,0.685804,1.031650,0.803053
2025-02-20,272.041300,241.210700,1.127816,30.830600,-0.665491,0.665491,1.030712,-0.090865
2025-02-21,271.811800,240.799800,1.128787,31.012000,-0.500478,0.500478,1.023097,-0.738836
2025-02-24,271.550600,240.403900,1.129560,31.146700,-0.382164,0.382164,1.017637,-0.533686
2025-02-25,271.361600,240.328500,1.129128,31.033100,-0.512149,0.512149,1.023636,0.589479
2025-02-26,271.378000,240.439300,1.128676,30.938700,-0.622934,0.622934,1.028748,0.499459
2025-02-27,271.238600,240.171300,1.129355,31.067300,-0.510718,0.510718,1.023569,-0.503401
2025-02-28,271.147700,240.192200,1.128878,30.955500,-0.638900,0.638900,1.029485,0.577936
2025-03-03,271.229400,240.642400,1.127106,30.587000,-1.023782,1.023782,1.047247,1.725339
2025-03-04,271.324000,240.808100,1.126723,30.515900,-1.111264,1.111264,1.051284,0.385508
2025-03-05,271.350600,240.784900,1.126942,30.565700,-1.077844,1.077844,1.049742,-0.146705
2025-03-06,271.323100,240.545800,1.127948,30.777300,-0.882624,0.882624,1.040733,-0.858241
2025-03-07,270.952800,240.089600,1.128549,30.863200,-0.813103,0.813103,1.037524,-0.308279
2025-03-10,270.844600,240.011700,1.128464,30.832900,-0.859781,0.859781,1.039679,0.207627
2025-03-11,270.579400,239.576500,1.129407,31.002900,-0.706159,0.706159,1.032589,-0.681903
2025-03-12,270.625200,239.870600,1.128213,30.754600,-0.970835,0.970835,1.044804,1.182919
2025-03-13,270.839500,240.083100,1.128107,30.756400,-0.985411,0.985411,1.045476,0.064383
2025-03-14,270.938900,240.174000,1.128094,30.764900,-0.993287,0.993287,1.045840,0.034763
2025-03-17,270.900800,239.972000,1.128885,30.928800,-0.845761,0.845761,1.039032,-0.650982
2025-03-18,270.977300,240.010400,1.129023,30.966900,-0.824035,0.824035,1.038029,-0.096499
2025-03-19,271.123200,240.084600,1.129282,31.038600,-0.768708,0.768708,1.035476,-0.245977
2025-03-20,271.371900,240.330200,1.129163,31.041700,-0.781980,0.781980,1.036088,0.059152
2025-03-21,271.551800,240.300000,1.130053,31.251800,-0.588251,0.588251,1.027148,-0.862907
2025-03-24,271.742500,240.285400,1.130916,31.457100,-0.399322,0.399322,1.018429,-0.848855
2025-03-25,271.919700,240.427100,1.130986,31.492600,-0.380192,0.380192,1.017546,-0.086687
2025-03-26,272.052800,240.403200,1.131652,31.649600,-0.239561,0.239561,1.011056,-0.637813
2025-03-27,272.167500,240.495900,1.131693,31.671600,-0.233930,0.233930,1.010796,-0.025705
2025-03-28,272.258600,240.523300,1.131943,31.735300,-0.186597,0.186597,1.008611,-0.216103
2025-03-31,272.340100,240.553200,1.132141,31.786900,-0.151364,0.151364,1.006985,-0.161210
2025-04-01,272.370300,240.561200,1.132229,31.809100,-0.145531,0.145531,1.006716,-0.026735
2025-04-02,272.469200,240.685800,1.132053,31.783400,-0.187596,0.187596,1.008658,0.192835
2025-04-03,272.856300,241.326000,1.130654,31.530300,-0.457061,0.457061,1.021093,1.232892
2025-04-07,273.392900,241.947100,1.129970,31.445800,-0.557925,0.557925,1.025748,0.455867
2025-04-08,273.349000,241.577400,1.131517,31.771600,-0.248489,0.248489,1.011468,-1.392188
2025-04-09,273.325300,241.552500,1.131536,31.772800,-0.263651,0.263651,1.012167,0.069182
2025-04-10,273.292700,241.603200,1.131163,31.689500,-0.363313,0.363313,1.016767,0.454406
2025-04-11,273.322500,241.895600,1.129919,31.426900,-0.642275,0.642275,1.029641,1.266162
2025-04-14,273.370700,241.808200,1.130527,31.562500,-0.523035,0.523035,1.024138,-0.534442
2025-04-15,273.376200,241.776100,1.130700,31.600100,-0.501795,0.501795,1.023158,-0.095712
2025-04-16,273.381000,241.806400,1.130578,31.574600,-0.543654,0.543654,1.025089,0.188806
2025-04-17,273.369800,241.798700,1.130568,31.571100,-0.563513,0.563513,1.026006,0.089403
2025-04-18,273.381000,241.720800,1.130978,31.660200,-0.490770,0.490770,1.022649,-0.327193
2025-04-21,273.377200,241.647700,1.131305,31.729500,-0.437827,0.437827,1.020206,-0.238918
2025-04-22,273.399100,241.693700,1.131180,31.705400,-0.478284,0.478284,1.022073,0.183006
2025-04-23,273.298300,241.586900,1.131263,31.711400,-0.488639,0.488639,1.022551,0.046759
2025-04-24,273.267200,241.601500,1.131066,31.665700,-0.550694,0.550694,1.025414,0.280065
2025-04-25,273.248400,241.599700,1.130996,31.648700,-0.584049,0.584049,1.026954,0.150113
2025-04-28,273.310500,241.647600,1.131029,31.662900,-0.586202,0.586202,1.027053,0.009678
2025-04-29,273.369100,241.792900,1.130592,31.576200,-0.689255,0.689255,1.031809,0.463057
2025-04-30,273.443100,241.938200,1.130219,31.504900,-0.776907,0.776907,1.035854,0.392040
2025-05-06,273.571200,242.031200,1.130314,31.540000,-0.758159,0.758159,1.034989,-0.083528
2025-05-07,273.592200,242.117200,1.129999,31.475000,-0.839510,0.839510,1.038743,0.362738
2025-05-08,273.784400,242.360700,1.129657,31.423700,-0.907160,0.907160,1.041865,0.300558
2025-05-09,273.953700,242.494100,1.129733,31.459600,-0.887610,0.887610,1.040963,-0.086599
2025-05-12,274.003300,242.406500,1.130346,31.596800,-0.766758,0.766758,1.035386,-0.535775
2025-05-13,274.077300,242.410300,1.130634,31.667000,-0.712907,0.712907,1.032900,-0.240030
2025-05-14,274.157100,242.316600,1.131400,31.840500,-0.555754,0.555754,1.025648,-0.702150
2025-05-15,274.232400,242.188000,1.132312,32.044400,-0.368201,0.368201,1.016992,-0.843904
2025-05-16,274.207900,241.972500,1.133219,32.235400,-0.193547,0.193547,1.008932,-0.792551
2025-05-19,274.283000,242.097100,1.132946,32.185900,-0.259393,0.259393,1.011971,0.301183
2025-05-20,274.408300,242.191800,1.133021,32.216500,-0.245138,0.245138,1.011313,-0.065009
2025-05-21,274.481500,242.149400,1.133521,32.332100,-0.145882,0.145882,1.006732,-0.452936
2025-05-22,274.609800,242.202400,1.133803,32.407400,-0.086925,0.086925,1.004012,-0.270262
2025-05-23,274.712800,242.183200,1.134318,32.529600,0.018932,-0.018932,0.999126,-0.486573
2025-05-26,274.854300,242.283100,1.134434,32.571200,0.044190,-0.044190,0.997961,-0.116665
2025-05-27,274.912400,242.222900,1.134956,32.689500,0.146148,-0.146148,0.993255,-0.471494
2025-05-28,274.900200,242.124400,1.135368,32.775800,0.216107,-0.216107,0.990027,-0.325050
2025-05-29,274.796000,241.942400,1.135791,32.853600,0.277567,-0.277567,0.987191,-0.286491
2025-05-30,274.873800,242.121300,1.135273,32.752500,0.160127,-0.160127,0.992610,0.549010
2025-06-03,274.956900,242.128500,1.135583,32.828400,0.219688,-0.219688,0.989862,-0.276917
2025-06-04,274.967100,242.141300,1.135565,32.825800,0.200750,-0.200750,0.990736,0.088295
2025-06-05,275.013000,242.255300,1.135220,32.757700,0.116312,-0.116312,0.994632,0.393319
2025-06-06,275.082700,242.428200,1.134698,32.654500,-0.003225,0.003225,1.000149,0.554634
2025-06-09,275.193100,242.542800,1.134617,32.650300,-0.023761,0.023761,1.001097,0.094760
2025-06-10,275.267000,242.507200,1.135088,32.759800,0.069403,-0.069403,0.996797,-0.429477
2025-06-11,275.328400,242.530200,1.135233,32.798200,0.091468,-0.091468,0.995779,-0.102155
2025-06-12,275.361700,242.513500,1.135449,32.848200,0.125134,-0.125134,0.994225,-0.156023
2025-06-13,275.418000,242.489300,1.135794,32.928700,0.189300,-0.189300,0.991264,-0.297843
2025-06-16,275.507400,242.544100,1.135906,32.963300,0.207567,-0.207567,0.990421,-0.085043
2025-06-17,275.562600,242.642000,1.135676,32.920600,0.148534,-0.148534,0.993145,0.275067
2025-06-18,275.644300,242.724400,1.135627,32.919900,0.131502,-0.131502,0.993931,0.079144
2025-06-19,275.708900,242.763300,1.135711,32.945600,0.140871,-0.140871,0.993499,-0.043500
2025-06-20,275.775800,242.776500,1.135925,32.999300,0.178240,-0.178240,0.991774,-0.173586
2025-06-23,275.868800,242.843600,1.135994,33.025200,0.187810,-0.187810,0.991333,-0.044531
2025-06-24,275.844800,242.783300,1.136177,33.061500,0.207780,-0.207780,0.990411,-0.092969
2025-06-25,275.824700,242.787000,1.136077,33.037700,0.167652,-0.167652,0.992263,0.186986
2025-06-26,275.779200,242.798500,1.135836,32.980700,0.094323,-0.094323,0.995647,0.341045
2025-06-27,275.810900,242.866700,1.135647,32.944200,0.041496,-0.041496,0.998085,0.244863
2025-06-30,275.861700,242.854000,1.135916,33.007700,0.088669,-0.088669,0.995908,-0.218119
2025-07-01,275.959100,242.875700,1.136215,33.083400,0.148042,-0.148042,0.993168,-0.275132
2025-07-02,276.061600,242.994900,1.136080,33.066700,0.115017,-0.115017,0.994692,0.153461
2025-07-03,276.217300,243.075100,1.136346,33.142200,0.174191,-0.174191,0.991961,-0.274546
2025-07-04,276.350200,243.092900,1.136809,33.257300,0.272967,-0.272967,0.987403,-0.459538
2025-07-07,276.447800,243.105500,1.137152,33.342300,0.341643,-0.341643,0.984233,-0.320980
2025-07-08,276.445700,242.999000,1.137641,33.446700,0.429719,-0.429719,0.980169,-0.412980
2025-07-09,276.452100,242.939100,1.137948,33.513000,0.479697,-0.479697,0.977862,-0.235309
2025-07-10,276.394200,242.843900,1.138156,33.550300,0.500675,-0.500675,0.976894,-0.099003
2025-07-11,276.314600,242.730500,1.138360,33.584100,0.518153,-0.518153,0.976088,-0.082570
2025-07-14,276.303600,242.683500,1.138535,33.620100,0.537832,-0.537832,0.975179,-0.093043
2025-07-15,276.377100,242.859700,1.138011,33.517400,0.418812,-0.418812,0.980672,0.563253
2025-07-16,276.464000,242.903600,1.138163,33.560400,0.445492,-0.445492,0.979441,-0.125554
2025-07-17,276.528000,242.904200,1.138424,33.623800,0.492573,-0.492573,0.977268,-0.221836
2025-07-18,276.593100,242.878700,1.138812,33.714400,0.566854,-0.566854,0.973840,-0.350779
2025-07-21,276.543500,242.827800,1.138846,33.715700,0.551836,-0.551836,0.974533,0.071169
2025-07-22,276.502800,242.749600,1.139045,33.753200,0.573019,-0.573019,0.973556,-0.100311
2025-07-23,276.330500,242.483900,1.139583,33.846600,0.650102,-0.650102,0.969998,-0.365397
2025-07-24,276.113600,242.231100,1.139877,33.882500,0.669685,-0.669685,0.969094,-0.093173
2025-07-25,275.993400,242.146700,1.139778,33.846700,0.617570,-0.617570,0.971500,0.248181
2025-07-28,276.115600,242.379800,1.139186,33.735800,0.490355,-0.490355,0.977370,0.604314
2025-07-29,276.003100,242.238500,1.139386,33.764600,0.502840,-0.502840,0.976794,-0.058954
2025-07-30,276.023900,242.238600,1.139471,33.785300,0.507226,-0.507226,0.976592,-0.020722
2025-07-31,276.181900,242.498400,1.138902,33.683500,0.389113,-0.389113,0.982043,0.558153
2025-08-01,276.282300,242.495700,1.139329,33.786600,0.475900,-0.475900,0.978038,-0.407842
2025-08-04,276.365500,242.558500,1.139377,33.807000,0.479987,-0.479987,0.977849,-0.019288
2025-08-05,276.462100,242.466300,1.140208,33.995800,0.652476,-0.652476,0.969889,-0.814057
2025-08-06,276.553500,242.525100,1.140309,34.028400,0.668765,-0.668765,0.969137,-0.077506
2025-08-07,276.595000,242.606600,1.140097,33.988400,0.612454,-0.612454,0.971736,0.268146
2025-08-08,276.611600,242.688100,1.139782,33.923500,0.531244,-0.531244,0.975483,0.385681
2025-08-11,276.613800,242.646400,1.139987,33.967400,0.558834,-0.558834,0.974210,-0.130529
2025-08-12,276.511400,242.483000,1.140333,34.028400,0.603525,-0.603525,0.972148,-0.211707
2025-08-13,276.499000,242.452900,1.140424,34.046100,0.604917,-0.604917,0.972083,-0.006606
2025-08-14,276.452900,242.473500,1.140137,33.979400,0.521909,-0.521909,0.975914,0.394078
2025-08-15,276.398600,242.368700,1.140406,34.029900,0.556102,-0.556102,0.974336,-0.161692
2025-08-18,276.091800,241.928300,1.141213,34.163500,0.673395,-0.673395,0.968923,-0.555560
2025-08-19,275.967900,241.894300,1.140862,34.073600,0.567189,-0.567189,0.973825,0.505857
2025-08-20,275.940100,241.943400,1.140515,33.996700,0.473983,-0.473983,0.978126,0.441701
2025-08-21,275.923000,241.914500,1.140581,34.008500,0.469478,-0.469478,0.978334,0.021256
2025-08-22,275.910800,241.955200,1.140338,33.955600,0.400273,-0.400273,0.981528,0.326449
2025-08-25,275.983500,242.022900,1.140320,33.960600,0.388969,-0.388969,0.982049,0.053150
2025-08-26,276.014000,242.157100,1.139814,33.856900,0.268965,-0.268965,0.987587,0.563933
2025-08-27,276.054700,242.103100,1.140236,33.951600,0.347362,-0.347362,0.983969,-0.366345
2025-08-28,276.061900,242.079000,1.140379,33.982900,0.362360,-0.362360,0.983277,-0.070340
2025-08-29,276.074500,242.065900,1.140493,34.008600,0.371758,-0.371758,0.982844,-0.044109
2025-09-01,276.142600,242.169800,1.140285,33.972800,0.319656,-0.319656,0.985248,0.244643
2025-09-02,276.140800,242.288000,1.139721,33.852800,0.183355,-0.183355,0.991538,0.638440
2025-09-03,276.204400,242.463100,1.139161,33.741300,0.055555,-0.055555,0.997436,0.594826
2025-09-04,276.323300,242.580800,1.139098,33.742500,0.040455,-0.040455,0.998133,0.069865
2025-09-05,276.321600,242.398200,1.139949,33.923400,0.205055,-0.205055,0.990537,-0.761043
2025-09-08,276.299600,242.221500,1.140690,34.078100,0.343456,-0.343456,0.984150,-0.644815
2025-09-09,276.264800,242.108600,1.141078,34.156200,0.405258,-0.405258,0.981298,-0.289804
2025-09-10,276.187000,241.909800,1.141694,34.277200,0.509960,-0.509960,0.976466,-0.492403
2025-09-11,276.137100,241.839300,1.141821,34.297800,0.514262,-0.514262,0.976267,-0.020334
2025-09-12,276.136300,241.923600,1.141419,34.212700,0.412865,-0.412865,0.980947,0.479318
2025-09-15,276.217400,242.090800,1.140966,34.126600,0.310468,-0.310468,0.985672,0.481733
2025-09-16,276.230500,242.157700,1.140705,34.072800,0.240372,-0.240372,0.988907,0.328192
2025-09-17,276.266600,242.378900,1.139813,33.887700,0.038977,-0.038977,0.998201,0.939856
2025-09-18,276.277100,242.383600,1.139834,33.893500,0.028482,-0.028482,0.998686,0.048522
2025-09-19,276.253800,242.318500,1.140044,33.935300,0.053987,-0.053987,0.997509,-0.117861
2025-09-22,276.282900,242.366200,1.139940,33.916700,0.019093,-0.019093,0.999119,0.161437
2025-09-23,276.186700,242.275500,1.139970,33.911200,-0.002701,0.002701,1.000125,0.100665
2025-09-24,276.015700,242.123600,1.139979,33.892100,-0.038094,0.038094,1.001758,0.163317
2025-09-25,275.810000,241.953900,1.139928,33.856100,-0.090387,0.090387,1.004171,0.240905
2025-09-26,275.814400,242.077600,1.139364,33.736800,-0.225979,0.225979,1.010429,0.623152
2025-09-29,275.807500,242.166300,1.138918,33.641200,-0.337871,0.337871,1.015593,0.511045
2025-09-30,275.817500,242.242800,1.138599,33.574700,-0.420662,0.420662,1.019413,0.376212
2025-10-09,276.046400,242.435800,1.138637,33.610600,-0.401053,0.401053,1.018508,-0.088771
2025-10-10,276.075100,242.443800,1.138718,33.631300,-0.396644,0.396644,1.018305,-0.019980
2025-10-13,276.279600,242.548800,1.139068,33.730800,-0.313434,0.313434,1.014465,-0.377107
2025-10-14,276.318400,242.444000,1.139721,33.874400,-0.186123,0.186123,1.008590,-0.579154
2025-10-15,276.357200,242.474800,1.139736,33.882400,-0.194412,0.194412,1.008972,0.037928
2025-10-16,276.422800,242.470400,1.140027,33.952400,-0.140701,0.140701,1.006493,-0.245671
2025-10-17,276.548300,242.573500,1.140060,33.974800,-0.134589,0.134589,1.006211,-0.028023
2025-10-20,276.641300,242.544700,1.140579,34.096600,-0.029077,0.029077,1.001342,-0.483927
2025-10-21,276.757100,242.548800,1.141037,34.208300,0.066335,-0.066335,0.996939,-0.439734
2025-10-22,276.863100,242.601800,1.141224,34.261300,0.103048,-0.103048,0.995244,-0.169949
2025-10-23,276.971500,242.610200,1.141632,34.361300,0.186762,-0.186762,0.991381,-0.388179
2025-10-24,277.063400,242.595200,1.142081,34.468200,0.277376,-0.277376,0.987199,-0.421814
2025-10-27,277.167700,242.674800,1.142136,34.492900,0.285790,-0.285790,0.986811,-0.039335
2025-10-28,277.375700,242.992100,1.141501,34.383600,0.160205,-0.160205,0.992607,0.587316
2025-10-29,277.519700,243.054300,1.141801,34.465400,0.225720,-0.225720,0.989583,-0.304601
2025-10-30,277.647000,243.193900,1.141669,34.453100,0.197135,-0.197135,0.990902,0.133304
2025-10-31,277.801000,243.366900,1.141490,34.434100,0.161851,-0.161851,0.992531,0.164329
2025-11-03,277.944100,243.427000,1.141797,34.517100,0.228568,-0.228568,0.989452,-0.310210
2025-11-04,278.034000,243.372900,1.142420,34.661100,0.356285,-0.356285,0.983558,-0.595690
2025-11-05,278.090100,243.410900,1.142472,34.679200,0.358102,-0.358102,0.983474,-0.008526
2025-11-06,278.103500,243.306000,1.143019,34.797500,0.460119,-0.460119,0.978766,-0.478717
2025-11-07,278.075900,243.197800,1.143415,34.878100,0.524437,-0.524437,0.975798,-0.303264
2025-11-10,278.105000,243.206800,1.143492,34.898200,0.528256,-0.528256,0.975621,-0.018059
2025-11-11,278.145500,243.315800,1.143146,34.829700,0.443474,-0.443474,0.979534,0.401038
2025-11-12,278.182800,243.389200,1.142955,34.793600,0.391093,-0.391093,0.981951,0.246786
2025-11-13,278.212900,243.445500,1.142814,34.767400,0.348613,-0.348613,0.983912,0.199649
2025-11-14,278.222800,243.488500,1.142653,34.734300,0.299233,-0.299233,0.986191,0.231613
2025-11-17,278.292700,243.592800,1.142450,34.699900,0.248553,-0.248553,0.988529,0.237159
2025-11-18,278.341500,243.588700,1.142670,34.752800,0.285174,-0.285174,0.986839,-0.170963
2025-11-19,278.367300,243.580600,1.142814,34.786700,0.302795,-0.302795,0.986026,-0.082405
2025-11-20,278.375900,243.616200,1.142682,34.759700,0.259516,-0.259516,0.988024,0.202559
2025-11-21,278.340800,243.629200,1.142477,34.711600,0.195138,-0.195138,0.990995,0.300704
2025-11-24,278.351300,243.658900,1.142381,34.692400,0.159660,-0.159660,0.992632,0.165216
2025-11-25,278.323000,243.627300,1.142413,34.695700,0.146683,-0.146683,0.993231,0.060335
2025-11-26,278.222200,243.483600,1.142673,34.738600,0.173305,-0.173305,0.992002,-0.123700
2025-11-27,278.104200,243.432400,1.142429,34.671800,0.090229,-0.090229,0.995836,0.386486
2025-11-28,278.140900,243.461100,1.142445,34.679800,0.081952,-0.081952,0.996218,0.038355
2025-12-01,278.182500,243.560800,1.142148,34.621700,0.007576,-0.007576,0.999650,0.344545
2025-12-02,278.181500,243.542800,1.142228,34.638700,0.008300,-0.008300,0.999617,-0.003344
2025-12-03,278.150000,243.489600,1.142349,34.660400,0.013725,-0.013725,0.999367,-0.025044
2025-12-04,277.985300,243.281200,1.142650,34.704100,0.041150,-0.041150,0.998101,-0.126645
2025-12-05,277.970900,243.262000,1.142681,34.708900,0.029675,-0.029675,0.998631,0.053056
2025-12-08,277.964400,243.333300,1.142320,34.631100,-0.064399,0.064399,1.002972,0.434744
2025-12-09,277.999100,243.431700,1.142000,34.567400,-0.144373,0.144373,1.006663,0.367983
2025-12-10,278.024200,243.497500,1.141795,34.526700,-0.201347,0.201347,1.009292,0.261191
2025-12-11,278.095800,243.643700,1.141404,34.452100,-0.292221,0.292221,1.013486,0.415515
2025-12-12,278.151600,243.666000,1.141528,34.485600,-0.274994,0.274994,1.012691,-0.078443
2025-12-15,278.152100,243.555800,1.142047,34.596300,-0.180567,0.180567,1.008333,-0.430316
2025-12-16,278.168600,243.539800,1.142189,34.628800,-0.164339,0.164339,1.007584,-0.074270
2025-12-17,278.225800,243.665300,1.141836,34.560500,-0.248911,0.248911,1.011487,0.387358
2025-12-18,278.267300,243.770400,1.141514,34.496900,-0.328783,0.328783,1.015173,0.364418
2025-12-19,278.343900,243.870300,1.141360,34.473600,-0.368355,0.368355,1.016999,0.179891
2025-12-22,278.423000,243.918500,1.141459,34.504500,-0.353726,0.353726,1.016324,-0.066383
2025-12-23,278.468500,243.967400,1.141417,34.501100,-0.373397,0.373397,1.017232,0.089322
2025-12-24,278.518700,244.015500,1.141398,34.503200,-0.387567,0.387567,1.017886,0.064289
2025-12-25,278.567000,244.030200,1.141527,34.536800,-0.370238,0.370238,1.017086,-0.078570
2025-12-26,278.596900,244.022700,1.141684,34.574200,-0.349108,0.349108,1.016111,-0.095875
2025-12-29,278.611200,243.982200,1.141932,34.629000,-0.310577,0.310577,1.014333,-0.174996
2025-12-30,278.628400,243.874900,1.142505,34.753500,-0.202347,0.202347,1.009338,-0.492420
2025-12-31,278.626800,243.835800,1.142682,34.791000,-0.181116,0.181116,1.008358,-0.097073
2026-01-05,278.731700,243.911400,1.142758,34.820300,-0.168085,0.168085,1.007757,-0.059639
2026-01-06,278.710800,243.697400,1.143676,35.013400,0.008746,-0.008746,0.999596,-0.809786
2026-01-07,278.711300,243.603800,1.144117,35.107500,0.086578,-0.086578,0.996005,-0.359334
2026-01-08,278.724300,243.700100,1.143718,35.024200,-0.012990,0.012990,1.000600,0.461345
2026-01-09,278.739000,243.756200,1.143516,34.982800,-0.070658,0.070658,1.003261,0.265974
2026-01-12,278.797800,243.862200,1.143260,34.935600,-0.134125,0.134125,1.006190,0.291947
2026-01-13,278.834400,243.894100,1.143260,34.940300,-0.145693,0.145693,1.006724,0.053054
2026-01-14,278.860100,243.938000,1.143160,34.922100,-0.180160,0.180160,1.008314,0.158001
2026-01-15,278.909700,244.040300,1.142884,34.869400,-0.249126,0.249126,1.011497,0.315654
2026-01-16,278.984400,244.095800,1.142930,34.888600,-0.246193,0.246193,1.011362,-0.013384
2026-01-19,279.089800,244.201100,1.142869,34.888700,-0.262359,0.262359,1.012108,0.073768
2026-01-20,279.152500,244.252600,1.142884,34.899900,-0.267425,0.267425,1.012342,0.023100
2026-01-21,279.241900,244.295700,1.143049,34.946200,-0.237391,0.237391,1.010956,-0.136917
2026-01-22,279.295600,244.289000,1.143300,35.006600,-0.193256,0.193256,1.008919,-0.201471
2026-01-23,279.388200,244.333800,1.143469,35.054400,-0.161722,0.161722,1.007463,-0.144245
2026-01-26,279.512700,244.410300,1.143621,35.102400,-0.129987,0.129987,1.005999,-0.145370
2026-01-27,279.574400,244.379800,1.144016,35.194600,-0.054051,0.054051,1.002495,-0.348347
2026-01-28,279.614700,244.403100,1.144072,35.211600,-0.053316,0.053316,1.002461,-0.003386
2026-01-29,279.637200,244.480800,1.143800,35.156400,-0.124780,0.124780,1.005759,0.328995
2026-01-30,279.675400,244.463300,1.144038,35.212100,-0.085344,0.085344,1.003939,-0.180953
2026-02-02,279.742400,244.540200,1.143953,35.202200,-0.111508,0.111508,1.005146,0.120271
2026-02-03,279.767400,244.536800,1.144071,35.230600,-0.099372,0.099372,1.004586,-0.055722
2026-02-04,279.781900,244.575500,1.143949,35.206400,-0.139835,0.139835,1.006453,0.185884
2026-02-05,279.811600,244.649400,1.143725,35.162200,-0.200299,0.200299,1.009244,0.277245
2026-02-06,279.881900,244.780200,1.143401,35.101700,-0.277062,0.277062,1.012786,0.351012
2026-02-09,279.987400,244.903400,1.143256,35.084000,-0.311024,0.311024,1.014354,0.154758
2026-02-10,280.067200,244.907200,1.143565,35.160000,-0.251287,0.251287,1.011597,-0.271784
2026-02-11,280.128900,244.924200,1.143737,35.204700,-0.222849,0.222849,1.010284,-0.129734
2026-02-12,280.206900,244.954000,1.143916,35.252900,-0.190911,0.190911,1.008811,-0.145891
2026-02-13,280.257100,244.988900,1.143958,35.268200,-0.191873,0.191873,1.008855,0.004401
2026-02-24,280.485400,245.111400,1.144318,35.374000,-0.102335,0.102335,1.004723,-0.409587
2026-02-25,280.478500,245.060600,1.144527,35.417900,-0.074697,0.074697,1.003447,-0.126950
2026-02-26,280.424400,244.944200,1.144850,35.480200,-0.028658,0.028658,1.001323,-0.211736
2026-02-27,280.449800,244.946100,1.144945,35.503700,-0.021419,0.021419,1.000989,-0.033363
2026-03-02,280.552700,245.124800,1.144530,35.427900,-0.113480,0.113480,1.005237,0.424437
2026-03-03,280.601000,245.221700,1.144275,35.379300,-0.178341,0.178341,1.008230,0.297770
2026-03-04,280.647000,245.329800,1.143958,35.317200,-0.256702,0.256702,1.011847,0.358678
2026-03-05,280.694100,245.395600,1.143843,35.298500,-0.291662,0.291662,1.013460,0.159452
2026-03-06,280.764400,245.375100,1.144225,35.389300,-0.217122,0.217122,1.010020,-0.339428
2026-03-09,280.734100,245.261900,1.144630,35.472200,-0.150482,0.150482,1.006945,-0.304489
2026-03-10,280.750300,245.232900,1.144831,35.517400,-0.121542,0.121542,1.005609,-0.132636
2026-03-11,280.770600,245.244900,1.144858,35.525700,-0.129502,0.129502,1.005977,0.036529
2026-03-12,280.785300,245.321800,1.144559,35.463500,-0.207961,0.207961,1.009597,0.359936
2026-03-13,280.843000,245.468000,1.144112,35.375000,-0.312721,0.312721,1.014432,0.478863
2026-03-16,280.859600,245.474200,1.144151,35.385400,-0.318580,0.318580,1.014702,0.026655
2026-03-17,280.915900,245.546600,1.144043,35.369300,-0.350939,0.350939,1.016196,0.147172
2026-03-18,280.998200,245.670800,1.143800,35.327400,-0.409098,0.409098,1.018880,0.264123
2026-03-19,281.108300,245.778300,1.143747,35.330000,-0.422757,0.422757,1.019510,0.061866
2026-03-20,281.153600,245.795100,1.143854,35.358500,-0.410515,0.410515,1.018945,-0.055412
2026-03-23,281.205200,245.798500,1.144048,35.406700,-0.378574,0.378574,1.017471,-0.144668
2026-03-24,281.270200,245.784900,1.144375,35.485300,-0.316232,0.316232,1.014594,-0.282763
2026-03-25,281.296900,245.773800,1.144536,35.523100,-0.294690,0.294690,1.013600,-0.097984
2026-03-26,281.366700,245.800000,1.144698,35.566700,-0.267348,0.267348,1.012338,-0.124489
2026-03-27,281.435100,245.842200,1.144779,35.592900,-0.257406,0.257406,1.011879,-0.045323
2026-03-30,281.526000,246.036400,1.144245,35.489600,-0.376964,0.376964,1.017397,0.545275
2026-03-31,281.581700,246.074000,1.144297,35.507700,-0.375122,0.375122,1.017312,-0.008357
2026-04-01,281.632300,245.988300,1.144901,35.644000,-0.255079,0.255079,1.011772,-0.544563
2026-04-02,281.689700,245.985900,1.145146,35.703800,-0.211536,0.211536,1.009762,-0.198609
2026-04-03,281.798300,246.119500,1.144965,35.678800,-0.252794,0.252794,1.011666,0.188559
2026-04-07,281.924300,246.216700,1.145025,35.707600,-0.240251,0.240251,1.011088,-0.057217
2026-04-08,282.027500,246.134600,1.145826,35.892900,-0.071208,0.071208,1.003286,-0.771570
2026-04-09,282.056500,246.082300,1.146188,35.974200,-0.006164,0.006164,1.000285,-0.299188
2026-04-10,282.109200,246.060400,1.146504,36.048800,0.052179,-0.052179,0.997592,-0.269175
2026-04-13,282.151100,246.113000,1.146429,36.038100,0.025222,-0.025222,0.998836,0.124704
2026-04-14,282.170700,246.126500,1.146446,36.044200,0.015066,-0.015066,0.999305,0.046926
2026-04-15,282.205200,246.211500,1.146190,35.993700,-0.051691,0.051691,1.002386,0.308291
2026-04-16,282.249900,246.341800,1.145765,35.908100,-0.153547,0.153547,1.007086,0.468943
2026-04-17,282.269900,246.455800,1.145317,35.814100,-0.263803,0.263803,1.012174,0.505246
2026-04-20,282.362800,246.563900,1.145191,35.798900,-0.295259,0.295259,1.013626,0.143422
2026-04-21,282.414800,246.592900,1.145267,35.821900,-0.288515,0.288515,1.013315,-0.030705
2026-04-22,282.469700,246.695400,1.145014,35.774300,-0.352371,0.352371,1.016262,0.290819
2026-04-23,282.474400,246.709000,1.144970,35.765400,-0.377527,0.377527,1.017423,0.114235
2026-04-24,282.481700,246.695100,1.145064,35.786600,-0.372582,0.372582,1.017195,-0.022427
2026-04-27,282.494500,246.598300,1.145565,35.896200,-0.279238,0.279238,1.012887,-0.423498
2026-04-28,282.525200,246.676200,1.145328,35.849000,-0.342693,0.342693,1.015815,0.289118
2026-04-29,282.573700,246.807400,1.144916,35.766300,-0.441649,0.441649,1.020382,0.449564
2026-04-30,282.601100,246.781700,1.145146,35.819400,-0.404804,0.404804,1.018682,-0.166640
2026-05-06,282.618800,246.747400,1.145377,35.871400,-0.369059,0.369059,1.017032,-0.161935
2026-05-07,282.602600,246.831800,1.144920,35.770800,-0.485914,0.485914,1.022425,0.530249
2026-05-08,282.622500,246.924800,1.144569,35.697700,-0.575269,0.575269,1.026548,0.403324
2026-05-11,282.637100,246.999000,1.144284,35.638100,-0.651124,0.651124,1.030049,0.341013
2026-05-12,282.728100,247.126100,1.144064,35.602000,-0.703479,0.703479,1.032465,0.234567
2026-05-13,282.780700,247.226800,1.143811,35.553900,-0.767834,0.767834,1.035435,0.287655
2026-05-14,282.844600,247.265400,1.143891,35.579200,-0.758789,0.758789,1.035018,-0.040315
2026-05-15,282.891000,247.280500,1.144009,35.610500,-0.743743,0.743743,1.034323,-0.067084
2026-05-18,282.992100,247.321800,1.144226,35.670300,-0.700198,0.700198,1.032314,-0.194291
2026-05-19,283.043500,247.419900,1.143980,35.623600,-0.763153,0.763153,1.035219,0.281438
2026-05-20,283.141700,247.467100,1.144159,35.674600,-0.728407,0.728407,1.033616,-0.154894
2026-05-21,283.205500,247.441100,1.144537,35.764400,-0.654861,0.654861,1.030222,-0.328371
2026-05-22,283.243300,247.378200,1.144981,35.865100,-0.570416,0.570416,1.026324,-0.378280
2026-05-25,283.338200,247.464300,1.144966,35.873900,-0.577870,0.577870,1.026668,0.033519
2026-05-26,283.421800,247.598800,1.144682,35.823000,-0.645024,0.645024,1.029768,0.301863
2026-05-27,283.489600,247.816100,1.143952,35.673500,-0.810779,0.810779,1.037417,0.742834
2026-05-28,283.581300,247.942500,1.143738,35.638800,-0.861733,0.861733,1.039769,0.226669
2026-05-29,283.668500,247.946100,1.144073,35.722400,-0.794387,0.794387,1.036661,-0.298911
2026-06-01,283.774900,248.027900,1.144125,35.747000,-0.786041,0.786041,1.036275,-0.037154
2026-06-02,283.867700,248.017300,1.144548,35.850400,-0.698895,0.698895,1.032254,-0.388096
2026-06-03,283.928400,247.972600,1.144999,35.955800,-0.609749,0.609749,1.028140,-0.398550
2026-06-04,284.012300,248.001400,1.145204,36.010900,-0.570903,0.570903,1.026347,-0.174366
2026-06-05,284.083500,247.982500,1.145579,36.101000,-0.497056,0.497056,1.022939,-0.332048
2026-06-08,284.070100,247.924600,1.145792,36.145500,-0.468810,0.468810,1.021635,-0.127432
2026-06-09,284.009700,247.843200,1.145925,36.166500,-0.464064,0.464064,1.021416,-0.021440
2026-06-10,283.977100,247.771800,1.146124,36.205300,-0.441518,0.441518,1.020376,-0.101868
2026-06-11,283.804100,247.636600,1.146051,36.167500,-0.495571,0.495571,1.022870,0.244474
2026-06-12,283.745300,247.599200,1.145986,36.146100,-0.533225,0.533225,1.024608,0.169884
2026-06-15,283.797400,247.619100,1.146105,36.178300,-0.517279,0.517279,1.023872,-0.071824
2026-06-16,283.834500,247.720600,1.145785,36.113900,-0.597932,0.597932,1.027594,0.363534
2026-06-17,283.899000,247.882200,1.145298,36.016800,-0.711286,0.711286,1.032826,0.509073
2026-06-18,283.976200,247.986200,1.145129,35.990000,-0.754339,0.754339,1.034812,0.192375
2026-06-22,284.055800,248.036600,1.145217,36.019200,-0.741393,0.741393,1.034215,-0.057737
2026-06-23,284.038100,247.980900,1.145403,36.057200,-0.719646,0.719646,1.033211,-0.097039
2026-06-24,284.059700,248.018300,1.145318,36.041400,-0.751700,0.751700,1.034691,0.143170
2026-06-25,284.123600,248.140800,1.145010,35.982800,-0.826553,0.826553,1.038145,0.333863
2026-06-26,284.172400,248.191200,1.144974,35.981200,-0.844407,0.844407,1.038969,0.079365
2026-06-29,284.253800,248.358000,1.144532,35.895800,-0.946060,0.946060,1.043660,0.451529
2026-06-30,284.269600,248.392300,1.144438,35.877300,-0.980813,0.980813,1.045264,0.153675
2026-07-01,284.160200,248.220000,1.144792,35.940200,-0.934167,0.934167,1.043111,-0.205950
2026-07-02,284.154100,248.196800,1.144874,35.957300,-0.933320,0.933320,1.043072,-0.003746
2026-07-03,284.187300,248.220300,1.144900,35.967000,-0.939873,0.939873,1.043375,0.028994
2026-07-06,284.250000,248.340900,1.144596,35.909100,-1.014027,1.014027,1.046797,0.327987
2026-07-07,284.296900,248.354300,1.144723,35.942600,-0.996780,0.996780,1.046001,-0.076035
2026-07-08,284.324300,248.349500,1.144856,35.974800,-0.980833,0.980833,1.045265,-0.070357
2026-07-09,284.345600,248.347600,1.144950,35.998000,-0.973886,0.973886,1.044944,-0.030671
2026-07-10,284.391400,248.307400,1.145320,36.084000,-0.904140,0.904140,1.041726,-0.308033
2026-07-13,284.424000,248.312200,1.145429,36.111800,-0.892593,0.892593,1.041193,-0.051153
2026-07-14,284.439900,248.297600,1.145560,36.142300,-0.878346,0.878346,1.040535,-0.063147
2026-07-15,284.461700,248.343300,1.145437,36.118400,-0.918499,0.918499,1.042388,0.178086
2026-07-16,284.496500,248.329400,1.145642,36.167100,-0.886052,0.886052,1.040891,-0.143651
2026-07-17,284.540900,248.316400,1.145880,36.224500,-0.844906,0.844906,1.038992,-0.182431
2026-07-20,284.590100,248.350800,1.145920,36.239300,-0.846359,0.846359,1.039059,0.006455
2026-07-21,284.580700,248.352600,1.145874,36.228100,-0.873812,0.873812,1.040326,0.121932
2026-07-22,284.612300,248.395600,1.145803,36.216700,-0.901465,0.901465,1.041602,0.122671
2026-07-23,284.642900,248.390700,1.145948,36.252200,-0.882218,0.882218,1.040714,-0.085275
2026-07-24,284.657100,248.343000,1.146226,36.314100,-0.836571,0.836571,1.038607,-0.202417
2026-07-27,284.697200,248.370800,1.146259,36.326400,-0.840525,0.840525,1.038790,0.017565
2026-07-28,284.689100,248.345400,1.146343,36.343700,-0.839478,0.839478,1.038742,-0.004651
2026-07-29,284.711200,248.358700,1.146371,36.352500,-0.846931,0.846931,1.039085,0.033113
2026-07-30,284.700200,248.414900,1.146067,36.285300,-0.930384,0.930384,1.042937,0.370645
2026-07-31,284.734000,248.475100,1.145926,36.258900,-0.973037,0.973037,1.044905,0.188738
2026-08-03,284.787300,248.520900,1.145929,36.266400,-0.981790,0.981790,1.045309,0.038659
2026-08-04,284.812900,248.533100,1.145976,36.279800,-0.984644,0.984644,1.045441,0.012596
2026-08-05,284.845300,248.577800,1.145900,36.267500,-1.013197,1.013197,1.046759,0.126044
2026-08-06,284.870900,248.610400,1.145853,36.260500,-1.036450,1.036450,1.047832,0.102518
2026-08-07,284.899900,248.648700,1.145793,36.251200,-1.062003,1.062003,1.049011,0.112543
2026-08-10,284.988000,248.720600,1.145816,36.267400,-1.062056,1.062056,1.049013,0.000234
2026-08-11,285.024500,248.695900,1.146076,36.328600,-1.017109,1.017109,1.046939,-0.197736
2026-08-12,285.024500,248.695900,1.146076,36.328600,-1.033363,1.033363,1.047689,0.071645
