date,恒生指数,CAD,申万房地产,南华沪铜
2016-08-03,21739.119000,4868.500000,4571.260000,
2016-08-04,21832.230000,4832.000000,4659.710000,
2016-08-05,22146.090000,4796.000000,4705.730000,
2016-08-08,22494.760000,4809.000000,4797.870000,
2016-08-09,22465.609000,4776.500000,4810.540000,
2016-08-10,22492.430000,4822.000000,4745.500000,
2016-08-11,22580.551000,4848.000000,4683.280000,
2016-08-12,22766.910000,4752.000000,4901.660000,
2016-08-15,22932.510000,4772.000000,5124.580000,
2016-08-16,22910.840000,4813.000000,5171.500000,
2016-08-17,22799.779000,4775.000000,5101.060000,
2016-08-18,23023.160000,4809.000000,5187.990000,
2016-08-19,22937.221000,4808.000000,5132.740000,
2016-08-22,22997.910000,4758.000000,5100.840000,
2016-08-23,22998.930000,4706.000000,5074.420000,
2016-08-24,22820.779000,4629.000000,5036.800000,
2016-08-25,22826.869000,4627.000000,4950.090000,
2016-08-26,22909.539000,4620.500000,4930.460000,
2016-08-29,22821.340000,4620.500000,4957.100000,
2016-08-30,23016.109000,4609.000000,4932.510000,
2016-08-31,22976.881000,4618.000000,5042.120000,
2016-09-01,23162.340000,4625.000000,4911.130000,
2016-09-02,23266.699000,4615.000000,4918.510000,
2016-09-05,23649.551000,4626.500000,4913.880000,
2016-09-06,23787.680000,4636.000000,4941.790000,
2016-09-07,23741.811000,4651.000000,4939.170000,
2016-09-08,23919.340000,4664.500000,4954.490000,
2016-09-09,24099.699000,4630.500000,4906.940000,
2016-09-12,23290.600000,4659.000000,4848.410000,
2016-09-13,23215.760000,4662.500000,4876.450000,
2016-09-14,23190.641000,4772.000000,4866.590000,
2016-09-15,23335.590000,4780.000000,4866.590000,
2016-09-16,23335.590000,4777.000000,4866.590000,
2016-09-19,23550.449000,4767.500000,4901.830000,
2016-09-20,23530.859000,4781.000000,4912.140000,
2016-09-21,23669.900000,4767.000000,4952.320000,
2016-09-22,23759.801000,4845.000000,5074.650000,
2016-09-23,23686.480000,4856.000000,4992.130000,
2016-09-26,23317.920000,4844.500000,4902.080000,
2016-09-27,23571.900000,4797.000000,4990.760000,
2016-09-28,23619.650000,4830.000000,4983.210000,
2016-09-29,23739.471000,4825.000000,4999.650000,
2016-09-30,23297.150000,4877.500000,5025.190000,
2016-10-03,23584.430000,4833.500000,5025.190000,
2016-10-04,23689.439000,4790.000000,5025.190000,
2016-10-05,23788.311000,4797.000000,5025.190000,
2016-10-06,23952.500000,4760.000000,5025.190000,
2016-10-07,23851.820000,4790.000000,5025.190000,
2016-10-10,23851.820000,4844.000000,4956.560000,
2016-10-11,23549.520000,4825.000000,4996.910000,
2016-10-12,23407.051000,4808.000000,5008.860000,
2016-10-13,23031.301000,4715.000000,5021.670000,
2016-10-14,23233.311000,4675.500000,5017.120000,
2016-10-17,23037.539000,4674.000000,4959.980000,
2016-10-18,23394.391000,4675.000000,5004.970000,
2016-10-19,23304.971000,4670.500000,4998.020000,
2016-10-20,23374.400000,4652.000000,5009.600000,
2016-10-21,23374.400000,4644.000000,4982.020000,
2016-10-24,23604.080000,4643.500000,5016.270000,
2016-10-25,23565.109000,4738.000000,5034.440000,
2016-10-26,23325.430000,4756.500000,5054.100000,
2016-10-27,23132.350000,4788.000000,5037.780000,
2016-10-28,22954.811000,4845.500000,4999.360000,
2016-10-31,22934.539000,4861.000000,5006.340000,
2016-11-01,23147.070000,4918.500000,5061.020000,
2016-11-02,22810.500000,4899.000000,5011.380000,
2016-11-03,22683.510000,4956.000000,5030.690000,
2016-11-04,22642.619000,4985.000000,5009.470000,
2016-11-07,22801.400000,5100.000000,4988.860000,
2016-11-08,22909.471000,5247.500000,5015.260000,
2016-11-09,22415.189000,5420.500000,5048.610000,
2016-11-10,22839.109000,5617.000000,5108.470000,
2016-11-11,22531.090000,5559.000000,5110.980000,
2016-11-14,22222.221000,5564.000000,5108.350000,
2016-11-15,22323.910000,5522.500000,5164.240000,
2016-11-16,22280.529000,5451.000000,5162.310000,
2016-11-17,22262.881000,5476.000000,5168.350000,
2016-11-18,22344.211000,5435.000000,5180.540000,
2016-11-21,22357.779000,5559.000000,5189.370000,
2016-11-22,22678.070000,5612.000000,5213.990000,
2016-11-23,22676.689000,5768.000000,5259.440000,
2016-11-24,22608.490000,5863.000000,5275.800000,
2016-11-25,22723.449000,5919.000000,5319.910000,
2016-11-28,22830.570000,5874.500000,5290.310000,
2016-11-29,22737.070000,5739.500000,5226.300000,
2016-11-30,22789.770000,5795.000000,5230.680000,
2016-12-01,22878.230000,5795.000000,5320.530000,
2016-12-02,22564.820000,5789.000000,5249.570000,
2016-12-05,22505.551000,5927.500000,5127.820000,
2016-12-06,22675.150000,5872.500000,5117.920000,
2016-12-07,22800.920000,5830.000000,5150.350000,
2016-12-08,22861.840000,5780.000000,5117.310000,
2016-12-09,22760.980000,5830.000000,5143.650000,
2016-12-12,22433.020000,5760.000000,4964.500000,
2016-12-13,22446.699000,5720.500000,4980.740000,
2016-12-14,22456.619000,5746.000000,4946.550000,
2016-12-15,22059.400000,5725.000000,4963.460000,
2016-12-16,22020.750000,5640.000000,4996.700000,
2016-12-19,21832.680000,5505.000000,4958.160000,
2016-12-20,21729.061000,5515.000000,4919.500000,
2016-12-21,21809.801000,5505.000000,4935.030000,
2016-12-22,21636.199000,5529.000000,4934.730000,
2016-12-23,21574.760000,5469.500000,4878.600000,
2016-12-26,21574.760000,5469.500000,4886.160000,
2016-12-27,21574.760000,5469.500000,4913.340000,
2016-12-28,21754.740000,5515.500000,4885.890000,
2016-12-29,21790.910000,5495.000000,4866.460000,
2016-12-30,22000.561000,5516.000000,4871.190000,
2017-01-03,22150.400000,5481.500000,4909.340000,
2017-01-04,22134.471000,5635.000000,4939.610000,
2017-01-05,22456.689000,5582.500000,4931.600000,
2017-01-06,22503.010000,5595.000000,4913.590000,
2017-01-09,22558.689000,5590.000000,4928.250000,
2017-01-10,22744.850000,5745.000000,4917.700000,
2017-01-11,22935.350000,5723.000000,4870.240000,
2017-01-12,22829.020000,5876.000000,4845.100000,
2017-01-13,22937.381000,5910.000000,4836.630000,
2017-01-16,22718.150000,5843.000000,4736.180000,
2017-01-17,22840.971000,5776.500000,4740.030000,
2017-01-18,23098.260000,5759.000000,4758.580000,
2017-01-19,23049.961000,5740.000000,4734.290000,
2017-01-20,22885.910000,5757.500000,4774.580000,
2017-01-23,22898.520000,5810.000000,4802.030000,
2017-01-24,22949.859000,5945.500000,4788.370000,
2017-01-25,23049.119000,5945.000000,4793.890000,
2017-01-26,23374.170000,5850.000000,4814.980000,
2017-01-27,23360.779000,5899.500000,4814.980000,
2017-01-30,23360.779000,5850.000000,4814.980000,
2017-01-31,23360.779000,5937.000000,4814.980000,
2017-02-01,23318.391000,5948.000000,4814.980000,
2017-02-02,23184.520000,5906.500000,4814.980000,
2017-02-03,23129.211000,5765.500000,4802.020000,
2017-02-06,23348.240000,5845.500000,4826.490000,
2017-02-07,23331.570000,5807.000000,4831.540000,
2017-02-08,23485.131000,5867.500000,4855.620000,
2017-02-09,23525.141000,5848.000000,4900.790000,
2017-02-10,23574.980000,6087.500000,4895.800000,
2017-02-13,23710.980000,6127.000000,4912.410000,
2017-02-14,23703.010000,6047.500000,4917.150000,
2017-02-15,23994.869000,6053.000000,4885.430000,
2017-02-16,24107.699000,5990.000000,4909.980000,
2017-02-17,24033.740000,5970.000000,4869.170000,
2017-02-20,24146.080000,6070.000000,4930.970000,
2017-02-21,23963.631000,6056.000000,4963.750000,
2017-02-22,24201.961000,6027.000000,4979.630000,
2017-02-23,24114.859000,5853.000000,4954.090000,
2017-02-24,23965.699000,5914.000000,4953.950000,
2017-02-27,23925.051000,5939.500000,4909.140000,
2017-02-28,23740.730000,5979.500000,4930.590000,
2017-03-01,23776.490000,6012.000000,4947.010000,
2017-03-02,23728.070000,5927.500000,4911.970000,
2017-03-03,23552.721000,5939.000000,4906.590000,
2017-03-06,23596.279000,5855.000000,4940.460000,
2017-03-07,23681.070000,5779.500000,4955.500000,
2017-03-08,23782.270000,5738.500000,4969.200000,
2017-03-09,23501.561000,5694.500000,4940.830000,
2017-03-10,23568.670000,5734.000000,4953.900000,
2017-03-13,23829.670000,5799.000000,5010.930000,
2017-03-14,23827.949000,5836.000000,5035.830000,
2017-03-15,23792.850000,5874.500000,5029.760000,
2017-03-16,24288.279000,5906.500000,5054.770000,
2017-03-17,24309.930000,5940.500000,5006.220000,
2017-03-20,24501.990000,5884.000000,4975.720000,
2017-03-21,24593.119000,5768.500000,4991.450000,
2017-03-22,24320.410000,5820.500000,4945.740000,
2017-03-23,24327.699000,5850.000000,4947.490000,
2017-03-24,24358.270000,5811.000000,4956.890000,
2017-03-27,24193.699000,5800.000000,4932.150000,
2017-03-28,24345.869000,5890.000000,4926.910000,
2017-03-29,24392.051000,5905.000000,4896.650000,
2017-03-30,24301.090000,5915.000000,4827.570000,
2017-03-31,24111.590000,5861.000000,4835.040000,
2017-04-03,24261.480000,5758.000000,4835.040000,
2017-04-04,24261.480000,5783.000000,4835.040000,
2017-04-05,24400.801000,5924.500000,4835.040000,
2017-04-06,24273.721000,5878.000000,4980.430000,
2017-04-07,24267.301000,5847.500000,5009.470000,
2017-04-10,24262.180000,5755.000000,5071.180000,
2017-04-11,24088.461000,5768.000000,5168.260000,
2017-04-12,24313.500000,5624.500000,5173.240000,
2017-04-13,24261.660000,5682.500000,5208.010000,
2017-04-14,24261.660000,5682.500000,5130.410000,
2017-04-17,24261.660000,5682.500000,5045.450000,
2017-04-18,23924.539000,5605.000000,5007.230000,
2017-04-19,23825.881000,5595.000000,4962.250000,
2017-04-20,24056.980000,5635.500000,4930.000000,
2017-04-21,24042.020000,5637.500000,4913.230000,
2017-04-24,24139.480000,5655.000000,4817.820000,
2017-04-25,24455.939000,5714.000000,4823.290000,
2017-04-26,24578.430000,5734.500000,4842.340000,
2017-04-27,24698.480000,5715.000000,4784.940000,
2017-04-28,24615.131000,5735.000000,4818.850000,
2017-05-01,24615.131000,5735.000000,4818.850000,
2017-05-02,24696.131000,5806.000000,4794.990000,
2017-05-03,24696.131000,5601.500000,4753.450000,
2017-05-04,24683.881000,5540.500000,4744.780000,
2017-05-05,24476.350000,5585.000000,4706.080000,
2017-05-08,24577.910000,5497.500000,4612.760000,
2017-05-09,24889.029000,5513.500000,4622.480000,
2017-05-10,25015.420000,5510.000000,4545.710000,
2017-05-11,25125.551000,5538.500000,4559.600000,
2017-05-12,25156.340000,5568.000000,4569.590000,
2017-05-15,25371.590000,5606.000000,4591.520000,
2017-05-16,25335.939000,5621.000000,4638.100000,
2017-05-17,25293.631000,5611.500000,4638.880000,
2017-05-18,25136.520000,5583.000000,4631.110000,
2017-05-19,25174.869000,5687.500000,4636.880000,
2017-05-22,25391.340000,5718.000000,4576.530000,
2017-05-23,25403.150000,5724.000000,4540.080000,
2017-05-24,25428.500000,5703.000000,4536.580000,
2017-05-25,25630.779000,5729.500000,4650.420000,
2017-05-26,25639.270000,5662.000000,4633.390000,
2017-05-29,25701.631000,5662.000000,4633.390000,
2017-05-30,25701.631000,5658.000000,4633.390000,
2017-05-31,25660.650000,5693.000000,4679.420000,
2017-06-01,25809.221000,5702.500000,4649.580000,
2017-06-02,25924.051000,5688.000000,4688.370000,
2017-06-05,25862.990000,5648.000000,4689.240000,
2017-06-06,25997.141000,5618.000000,4718.950000,
2017-06-07,25974.160000,5625.000000,4783.520000,
2017-06-08,26063.061000,5746.500000,4784.130000,
2017-06-09,26030.289000,5830.000000,4780.050000,
2017-06-12,25708.039000,5763.500000,4751.300000,
2017-06-13,25852.100000,5730.000000,4776.040000,
2017-06-14,25875.900000,5667.000000,4714.240000,
2017-06-15,25565.340000,5674.000000,4723.030000,
2017-06-16,25626.490000,5673.000000,4717.430000,
2017-06-19,25924.551000,5726.000000,4741.520000,
2017-06-20,25843.039000,5668.000000,4740.740000,
2017-06-21,25694.580000,5725.000000,4766.950000,
2017-06-22,25674.529000,5741.000000,4736.730000,
2017-06-23,25670.051000,5800.000000,4809.700000,
2017-06-26,25871.891000,5801.500000,4930.190000,
2017-06-27,25839.990000,5846.500000,4902.680000,
2017-06-28,25683.500000,5879.000000,4848.390000,
2017-06-29,25965.420000,5925.000000,4846.240000,
2017-06-30,25764.580000,5959.000000,4834.390000,
2017-07-03,25784.170000,5915.000000,4845.690000,
2017-07-04,25389.010000,5887.500000,4785.690000,
2017-07-05,25521.971000,5850.000000,4818.970000,
2017-07-06,25465.221000,5848.500000,4797.850000,
2017-07-07,25340.850000,5831.000000,4827.020000,
2017-07-10,25500.061000,5836.500000,4833.560000,
2017-07-11,25877.641000,5877.000000,4813.070000,
2017-07-12,26043.641000,5903.500000,4825.470000,
2017-07-13,26346.170000,5864.500000,4806.670000,
2017-07-14,26389.230000,5928.000000,4819.900000,
2017-07-17,26470.580000,6004.500000,4654.620000,
2017-07-18,26524.939000,6004.000000,4708.240000,
2017-07-19,26672.160000,5966.000000,4760.220000,
2017-07-20,26740.211000,5982.000000,4838.720000,
2017-07-21,26706.090000,5997.000000,4838.720000,
2017-07-24,26846.830000,6033.500000,4821.760000,
2017-07-25,26852.051000,6261.000000,4767.200000,
2017-07-26,26941.020000,6306.500000,4767.520000,
2017-07-27,27131.170000,6320.000000,4798.760000,
2017-07-28,26979.391000,6344.500000,4816.970000,
2017-07-31,27323.990000,6373.000000,4820.200000,
2017-08-01,27540.230000,6347.500000,4846.700000,
2017-08-02,27607.381000,6354.000000,4796.800000,
2017-08-03,27531.010000,6345.000000,4772.100000,
2017-08-04,27562.680000,6362.000000,4728.050000,
2017-08-07,27690.359000,6418.500000,4735.380000,
2017-08-08,27854.910000,6481.500000,4738.950000,
2017-08-09,27757.090000,6455.000000,4744.920000,
2017-08-10,27444.000000,6402.000000,4716.650000,
2017-08-11,26883.510000,6427.000000,4627.630000,
2017-08-14,27250.230000,6404.000000,4676.930000,
2017-08-15,27174.961000,6363.000000,4696.400000,
2017-08-16,27409.070000,6526.500000,4700.080000,
2017-08-17,27344.221000,6472.500000,4721.000000,
2017-08-18,27047.570000,6481.000000,4769.100000,
2017-08-21,27154.680000,6574.000000,4789.030000,
2017-08-22,27401.670000,6587.500000,4787.380000,
2017-08-23,27401.670000,6583.500000,4770.560000,
2017-08-24,27518.600000,6696.000000,4749.480000,
2017-08-25,27848.160000,6704.000000,4794.540000,
2017-08-28,27863.289000,6704.000000,4842.600000,
2017-08-29,27765.010000,6804.500000,4827.690000,
2017-08-30,28094.609000,6776.000000,4847.730000,
2017-08-31,27970.301000,6815.000000,4830.900000,
2017-09-01,27953.160000,6846.000000,4815.090000,
2017-09-04,27740.260000,6923.000000,4817.550000,
2017-09-05,27741.350000,6861.000000,4854.050000,
2017-09-06,27613.760000,6923.000000,4853.960000,
2017-09-07,27522.920000,6915.000000,4959.010000,
2017-09-08,27668.471000,6680.500000,4963.310000,
2017-09-11,27955.131000,6747.000000,4949.330000,
2017-09-12,27972.240000,6670.000000,4921.180000,
2017-09-13,27894.080000,6555.000000,4952.260000,
2017-09-14,27777.199000,6504.500000,5058.430000,
2017-09-15,27807.590000,6488.000000,5145.330000,
2017-09-18,28159.770000,6532.000000,5116.760000,
2017-09-19,28051.410000,6533.500000,5203.730000,
2017-09-20,28127.801000,6535.000000,5190.800000,
2017-09-21,28110.330000,6456.000000,5106.880000,
2017-09-22,27880.529000,6476.500000,5085.180000,
2017-09-25,27500.340000,6462.500000,4886.070000,
2017-09-26,27513.010000,6433.000000,4913.790000,
2017-09-27,27642.430000,6445.500000,4950.940000,
2017-09-28,27421.600000,6552.500000,4876.410000,
2017-09-29,27554.301000,6501.000000,4889.360000,
2017-10-02,27554.301000,6493.000000,4889.360000,
2017-10-03,28173.211000,6513.000000,4889.360000,
2017-10-04,28379.180000,6511.000000,4889.360000,
2017-10-05,28379.180000,6689.500000,4889.360000,
2017-10-06,28458.039000,6654.000000,4889.360000,
2017-10-09,28326.590000,6667.500000,4933.780000,
2017-10-10,28490.830000,6752.500000,4937.450000,
2017-10-11,28389.570000,6813.500000,4930.660000,
2017-10-12,28459.029000,6877.500000,4912.200000,
2017-10-13,28476.430000,6893.000000,4917.740000,
2017-10-16,28692.801000,7130.000000,4840.490000,
2017-10-17,28697.490000,7040.000000,4855.160000,
2017-10-18,28711.760000,6991.000000,4845.460000,
2017-10-19,28159.090000,6972.500000,4801.670000,
2017-10-20,28487.240000,6969.500000,4858.320000,
2017-10-23,28305.881000,7012.500000,4872.110000,
2017-10-24,28154.971000,7043.000000,4926.610000,
2017-10-25,28302.891000,7010.500000,4956.050000,
2017-10-26,28202.381000,6999.500000,4942.860000,
2017-10-27,28438.850000,6843.500000,4923.840000,
2017-10-30,28336.189000,6858.000000,4886.330000,
2017-10-31,28245.539000,6866.500000,4921.660000,
2017-11-01,28594.061000,6922.500000,4919.320000,
2017-11-02,28518.641000,6925.500000,4894.980000,
2017-11-03,28603.609000,6885.000000,4829.530000,
2017-11-06,28596.801000,6972.000000,4797.080000,
2017-11-07,28994.340000,6828.500000,4828.090000,
2017-11-08,28907.600000,6853.000000,4832.980000,
2017-11-09,29136.570000,6828.500000,4858.020000,
2017-11-10,29120.920000,6795.000000,4834.420000,
2017-11-13,29182.180000,6898.500000,4824.900000,
2017-11-14,29152.119000,6772.500000,4851.440000,
2017-11-15,28851.689000,6753.000000,4847.080000,
2017-11-16,29018.760000,6754.000000,4896.140000,
2017-11-17,29199.039000,6800.000000,4846.410000,
2017-11-20,29260.311000,6838.000000,4836.270000,
2017-11-21,29818.070000,6920.000000,4960.440000,
2017-11-22,30003.490000,6938.500000,4977.800000,
2017-11-23,29707.939000,6970.000000,4872.950000,
2017-11-24,29866.320000,7017.000000,4912.280000,
2017-11-27,29686.189000,6929.000000,4876.120000,
2017-11-28,29680.850000,6805.000000,4858.400000,
2017-11-29,29623.830000,6749.500000,5047.890000,
2017-11-30,29177.350000,6770.500000,4922.450000,
2017-12-01,29074.240000,6816.500000,4928.770000,
2017-12-04,29138.279000,6806.500000,4892.920000,
2017-12-05,28842.801000,6531.500000,4855.280000,
2017-12-06,28224.801000,6550.500000,4850.740000,
2017-12-07,28303.189000,6559.000000,4842.350000,
2017-12-08,28639.850000,6577.500000,4851.230000,
2017-12-11,28965.289000,6654.000000,4879.560000,
2017-12-12,28793.881000,6677.500000,4849.680000,
2017-12-13,29222.100000,6742.000000,4859.260000,
2017-12-14,29166.381000,6784.000000,4854.680000,
2017-12-15,28848.109000,6901.000000,4791.950000,
2017-12-18,29050.410000,6932.500000,4753.840000,
2017-12-19,29253.660000,6937.000000,4794.870000,
2017-12-20,29234.090000,7048.000000,4735.580000,
2017-12-21,29367.061000,7085.500000,4814.210000,
2017-12-22,29578.010000,7136.000000,4810.540000,
2017-12-25,29578.010000,7136.000000,4840.110000,
2017-12-26,29578.010000,7136.000000,4865.600000,
2017-12-27,29597.660000,7219.000000,4843.780000,
2017-12-28,29863.711000,7286.500000,4845.350000,
2017-12-29,29919.150000,7251.500000,4910.390000,
2018-01-02,30515.311000,7216.500000,5041.190000,
2018-01-03,30560.949000,7174.500000,5070.750000,
2018-01-04,30736.480000,7185.500000,5107.720000,
2018-01-05,30814.641000,7118.000000,5289.070000,
2018-01-08,30899.529000,7125.000000,5404.350000,
2018-01-09,31011.410000,7105.500000,5422.880000,
2018-01-10,31073.721000,7146.000000,5408.180000,
2018-01-11,31120.391000,7128.500000,5401.020000,
2018-01-12,31412.539000,7112.500000,5443.440000,
2018-01-15,31338.869000,7206.000000,5455.140000,
2018-01-16,31904.750000,7111.500000,5745.450000,
2018-01-17,31983.410000,7058.500000,5677.940000,
2018-01-18,32121.939000,7074.500000,5644.820000,
2018-01-19,32254.891000,7045.000000,5606.970000,
2018-01-22,32393.410000,7077.000000,5625.530000,
2018-01-23,32930.699000,6901.000000,5750.670000,
2018-01-24,32958.691000,7144.500000,5739.070000,
2018-01-25,32654.449000,7114.000000,5661.550000,
2018-01-26,33154.121000,7091.000000,5722.670000,
2018-01-29,32966.891000,7089.000000,5658.490000,
2018-01-30,32607.289000,7080.000000,5532.780000,
2018-01-31,32887.270000,7101.000000,5579.140000,
2018-02-01,32642.090000,7117.000000,5480.100000,
2018-02-02,32601.779000,7079.000000,5473.240000,
2018-02-05,32245.221000,7128.000000,5486.840000,
2018-02-06,30595.420000,7083.000000,5231.160000,
2018-02-07,30323.199000,6876.000000,4989.290000,
2018-02-08,30451.270000,6859.000000,4958.660000,
2018-02-09,29507.420000,6750.000000,4702.480000,
2018-02-12,29459.631000,6862.000000,4784.230000,
2018-02-13,29839.529000,7017.000000,4871.750000,
2018-02-14,30515.600000,7162.500000,4898.940000,
2018-02-15,31115.430000,7189.000000,4898.940000,
2018-02-16,31115.430000,7184.000000,4898.940000,
2018-02-19,31115.430000,7137.500000,4898.940000,
2018-02-20,30873.631000,7076.500000,4898.940000,
2018-02-21,31431.891000,7135.000000,4898.940000,
2018-02-22,30965.680000,7170.500000,4977.450000,
2018-02-23,31267.170000,7110.000000,5035.770000,
2018-02-26,31498.600000,7111.500000,5016.190000,
2018-02-27,31268.660000,7028.000000,4920.000000,
2018-02-28,30844.721000,6936.500000,4941.570000,
2018-03-01,31044.250000,6887.500000,4929.920000,
2018-03-02,30583.449000,6916.500000,4917.220000,
2018-03-05,29886.391000,6925.000000,4924.610000,
2018-03-06,30510.730000,6992.500000,5069.540000,
2018-03-07,30196.920000,6941.000000,5015.730000,
2018-03-08,30654.520000,6823.000000,5064.140000,
2018-03-09,30996.211000,6957.500000,5064.030000,
2018-03-12,31594.330000,6909.500000,4995.640000,
2018-03-13,31601.449000,6949.500000,4978.940000,
2018-03-14,31435.010000,6985.500000,4972.310000,
2018-03-15,31541.100000,6923.500000,4953.820000,
2018-03-16,31501.971000,6890.000000,4970.880000,
2018-03-19,31513.760000,6835.500000,4893.900000,
2018-03-20,31549.930000,6754.500000,4873.990000,
2018-03-21,31414.520000,6816.500000,4890.450000,
2018-03-22,31071.051000,6730.500000,4839.230000,
2018-03-23,30309.289000,6660.000000,4680.780000,
2018-03-26,30548.770000,6623.500000,4658.580000,
2018-03-27,30790.830000,6657.500000,4729.570000,
2018-03-28,30022.529000,6667.000000,4716.420000,
2018-03-29,30093.381000,6740.500000,4898.610000,
2018-03-30,30093.381000,6740.500000,4852.310000,
2018-04-02,30093.381000,6740.500000,4860.470000,
2018-04-03,30180.100000,6811.000000,4819.040000,
2018-04-04,29518.689000,6713.000000,4791.760000,
2018-04-05,29518.689000,6818.500000,4791.760000,
2018-04-06,29844.939000,6760.000000,4791.760000,
2018-04-09,30229.580000,6853.500000,4758.640000,
2018-04-10,30728.740000,6968.500000,4850.510000,
2018-04-11,30897.711000,6911.500000,4900.450000,
2018-04-12,30831.279000,6821.000000,4852.860000,
2018-04-13,30808.381000,6833.500000,4817.880000,
2018-04-16,30315.590000,6883.500000,4693.570000,
2018-04-17,30062.750000,6873.000000,4629.510000,
2018-04-18,30284.250000,7036.500000,4657.860000,
2018-04-19,30708.439000,6962.000000,4677.270000,
2018-04-20,30418.330000,6982.500000,4608.130000,
2018-04-23,30254.400000,6927.500000,4595.920000,
2018-04-24,30636.240000,6982.500000,4712.820000,
2018-04-25,30328.150000,6977.500000,4669.010000,
2018-04-26,30007.680000,6967.000000,4585.770000,
2018-04-27,30280.670000,6812.000000,4572.670000,
2018-04-30,30808.449000,6821.500000,4572.670000,
2018-05-01,30808.449000,6762.000000,4572.670000,
2018-05-02,30723.881000,6817.000000,4561.030000,
2018-05-03,30313.369000,6865.000000,4572.290000,
2018-05-04,29926.500000,6845.000000,4566.270000,
2018-05-07,29994.260000,6845.000000,4631.730000,
2018-05-08,30402.811000,6814.000000,4701.470000,
2018-05-09,30536.141000,6815.500000,4671.580000,
2018-05-10,30809.221000,6916.500000,4700.100000,
2018-05-11,31122.061000,6921.500000,4658.150000,
2018-05-14,31541.080000,6884.000000,4634.240000,
2018-05-15,31152.029000,6810.000000,4657.910000,
2018-05-16,31110.199000,6844.500000,4620.690000,
2018-05-17,30942.150000,6862.000000,4602.300000,
2018-05-18,31047.910000,6824.000000,4630.750000,
2018-05-21,31234.350000,6898.000000,4629.340000,
2018-05-22,31234.350000,6963.000000,4577.830000,
2018-05-23,30665.641000,6835.000000,4525.050000,
2018-05-24,30760.410000,6910.500000,4509.290000,
2018-05-25,30588.039000,6858.000000,4493.820000,
2018-05-28,30792.260000,6858.000000,4459.930000,
2018-05-29,30484.580000,6827.000000,4403.260000,
2018-05-30,30056.789000,6840.000000,4275.290000,
2018-05-31,30468.561000,6828.000000,4338.580000,
2018-06-01,30492.910000,6904.500000,4345.480000,
2018-06-04,30997.980000,6986.500000,4423.300000,
2018-06-05,31093.449000,7117.000000,4449.100000,
2018-06-06,31259.100000,7235.000000,4417.920000,
2018-06-07,31512.631000,7247.000000,4460.150000,
2018-06-08,30958.211000,7305.500000,4368.560000,
2018-06-11,31063.699000,7222.000000,4407.840000,
2018-06-12,31103.061000,7213.000000,4432.200000,
2018-06-13,30725.150000,7241.500000,4412.230000,
2018-06-14,30440.170000,7160.000000,4392.710000,
2018-06-15,30309.490000,7011.500000,4413.180000,
2018-06-18,30309.490000,6972.000000,4413.180000,
2018-06-19,29468.150000,6825.500000,4187.140000,
2018-06-20,29696.170000,6815.500000,4244.450000,
2018-06-21,29296.051000,6799.500000,4225.970000,
2018-06-22,29338.699000,6801.000000,4265.150000,
2018-06-25,28961.391000,6704.000000,4137.370000,
2018-06-26,28881.400000,6727.000000,4027.630000,
2018-06-27,28356.260000,6693.000000,3931.050000,
2018-06-28,28497.320000,6623.000000,3881.830000,
2018-06-29,28955.109000,6619.000000,3984.690000,
2018-07-02,28955.109000,6571.000000,3808.960000,
2018-07-03,28545.570000,6509.000000,3840.220000,
2018-07-04,28241.670000,6403.500000,3764.080000,
2018-07-05,28182.090000,6324.000000,3698.180000,
2018-07-06,28315.619000,6308.500000,3694.220000,
2018-07-09,28688.500000,6405.000000,3780.720000,
2018-07-10,28682.250000,6345.000000,3822.480000,
2018-07-11,28311.689000,6135.000000,3727.370000,
2018-07-12,28480.830000,6215.000000,3795.340000,
2018-07-13,28525.439000,6215.000000,3799.350000,
2018-07-16,28539.660000,6192.000000,3749.300000,
2018-07-17,28181.680000,6160.500000,3748.410000,
2018-07-18,28117.420000,6180.000000,3698.460000,
2018-07-19,28010.859000,6054.500000,3683.850000,
2018-07-20,28224.480000,6152.000000,3739.880000,
2018-07-23,28256.119000,6128.000000,3814.670000,
2018-07-24,28662.570000,6262.000000,3902.120000,
2018-07-25,28920.900000,6305.500000,3897.360000,
2018-07-26,28781.141000,6281.500000,3887.110000,
2018-07-27,28804.279000,6244.000000,3874.430000,
2018-07-30,28733.131000,6245.000000,3851.690000,
2018-07-31,28583.010000,6322.000000,3895.340000,
2018-08-01,28340.740000,6124.000000,3771.940000,
2018-08-02,27714.561000,6139.000000,3662.150000,
2018-08-03,27676.320000,6176.500000,3624.970000,
2018-08-06,27819.561000,6105.500000,3552.800000,
2018-08-07,28248.881000,6156.500000,3662.600000,
2018-08-08,28359.141000,6172.500000,3616.170000,
2018-08-09,28607.301000,6198.000000,3708.460000,
2018-08-10,28366.619000,6155.000000,3764.490000,
2018-08-13,27936.570000,6129.500000,3720.780000,
2018-08-14,27752.930000,6045.000000,3675.960000,
2018-08-15,27323.590000,5831.000000,3621.810000,
2018-08-16,27100.061000,5890.500000,3623.570000,
2018-08-17,27213.410000,5934.000000,3588.670000,
2018-08-20,27598.020000,5989.500000,3622.960000,
2018-08-21,27752.789000,6060.500000,3659.940000,
2018-08-22,27927.580000,6010.500000,3633.030000,
2018-08-23,27790.461000,5965.000000,3611.320000,
2018-08-24,27671.869000,6069.000000,3612.520000,
2018-08-27,28271.270000,6069.000000,3712.320000,
2018-08-28,28351.619000,6132.000000,3710.830000,
2018-08-29,28416.439000,6092.000000,3720.960000,
2018-08-30,28164.051000,6075.500000,3679.060000,
2018-08-31,27888.551000,5990.000000,3702.200000,
2018-09-03,27712.539000,5948.000000,3687.930000,
2018-09-04,27973.340000,5840.000000,3737.270000,
2018-09-05,27243.850000,5882.500000,3663.360000,
2018-09-06,26974.820000,5908.000000,3610.250000,
2018-09-07,26973.471000,5880.000000,3634.280000,
2018-09-10,26613.420000,5890.000000,3633.910000,
2018-09-11,26422.551000,5880.000000,3609.310000,
2018-09-12,26345.039000,5997.000000,3601.570000,
2018-09-13,27014.490000,5990.000000,3626.890000,
2018-09-14,27286.410000,5905.500000,3630.700000,
2018-09-17,26932.850000,5950.500000,3580.870000,
2018-09-18,27084.660000,6091.000000,3628.170000,
2018-09-19,27407.369000,6087.000000,3746.050000,
2018-09-20,27477.670000,6115.000000,3733.310000,
2018-09-21,27953.580000,6337.500000,3841.840000,
2018-09-24,27499.391000,6298.500000,3841.840000,
2018-09-25,27499.391000,6280.500000,3724.530000,
2018-09-26,27816.869000,6289.000000,3727.560000,
2018-09-27,27715.670000,6179.000000,3691.550000,
2018-09-28,27788.520000,6259.500000,3695.910000,
2018-10-01,27788.520000,6237.500000,3695.910000,
2018-10-02,27126.381000,6253.500000,3695.910000,
2018-10-03,27091.260000,6332.000000,3695.910000,
2018-10-04,26623.869000,6228.500000,3695.910000,
2018-10-05,26572.570000,6186.500000,3695.910000,
2018-10-08,26202.570000,6196.500000,3525.680000,
2018-10-09,26172.910000,6295.000000,3509.280000,
2018-10-10,26193.070000,6218.000000,3505.930000,
2018-10-11,25266.369000,6273.500000,3287.200000,
2018-10-12,25801.490000,6288.500000,3315.090000,
2018-10-15,25445.061000,6239.500000,3250.780000,
2018-10-16,25462.260000,6233.000000,3167.510000,
2018-10-17,25462.260000,6220.500000,3196.720000,
2018-10-18,25454.551000,6132.000000,3127.790000,
2018-10-19,25561.400000,6222.000000,3224.380000,
2018-10-22,26153.150000,6228.500000,3371.530000,
2018-10-23,25346.551000,6183.000000,3307.400000,
2018-10-24,25249.779000,6178.000000,3337.390000,
2018-10-25,24994.461000,6197.500000,3412.300000,
2018-10-26,24717.631000,6182.000000,3484.850000,
2018-10-29,24812.039000,6156.500000,3414.920000,
2018-10-30,24585.529000,6020.000000,3475.550000,
2018-10-31,24979.689000,5992.500000,3517.320000,
2018-11-01,25416.000000,6125.500000,3536.860000,
2018-11-02,26486.350000,6279.000000,3575.150000,
2018-11-05,25934.391000,6182.000000,3560.400000,
2018-11-06,26120.961000,6143.500000,3601.950000,
2018-11-07,26147.689000,6155.000000,3570.750000,
2018-11-08,26227.721000,6144.000000,3569.020000,
2018-11-09,25601.920000,6039.000000,3545.570000,
2018-11-12,25633.180000,6042.000000,3612.430000,
2018-11-13,25792.869000,6048.000000,3664.540000,
2018-11-14,25654.430000,6100.000000,3692.110000,
2018-11-15,26103.340000,6202.000000,3742.290000,
2018-11-16,26183.529000,6242.500000,3818.530000,
2018-11-19,26372.000000,6255.000000,3938.420000,
2018-11-20,25840.340000,6173.000000,3835.900000,
2018-11-21,25971.471000,6233.000000,3877.870000,
2018-11-22,26019.410000,6267.000000,3853.400000,
2018-11-23,25927.680000,6168.000000,3711.270000,
2018-11-26,26376.180000,6172.500000,3722.100000,
2018-11-27,26331.961000,6111.000000,3704.740000,
2018-11-28,26682.561000,6251.500000,3767.000000,
2018-11-29,26451.029000,6205.500000,3674.590000,
2018-11-30,26506.750000,6198.500000,3692.110000,
2018-12-03,27182.039000,6250.000000,3747.550000,
2018-12-04,27260.439000,6168.500000,3716.500000,
2018-12-05,26819.680000,6193.500000,3708.960000,
2018-12-06,26156.381000,6134.500000,3663.310000,
2018-12-07,26063.760000,6149.000000,3678.470000,
2018-12-10,25752.381000,6095.000000,3622.780000,
2018-12-11,25771.670000,6146.000000,3692.220000,
2018-12-12,26186.711000,6150.000000,3721.920000,
2018-12-13,26524.350000,6153.000000,3790.920000,
2018-12-14,26094.789000,6140.500000,3703.190000,
2018-12-17,26087.980000,6133.500000,3718.310000,
2018-12-18,25814.250000,5956.000000,3635.680000,
2018-12-19,25865.391000,6065.000000,3624.930000,
2018-12-20,25623.529000,6017.500000,3624.970000,
2018-12-21,25753.420000,5978.000000,3545.140000,
2018-12-24,25651.381000,5959.000000,3535.840000,
2018-12-25,25651.381000,5959.000000,3511.130000,
2018-12-26,25651.381000,5959.000000,3507.230000,
2018-12-27,25478.881000,5972.000000,3470.290000,
2018-12-28,25504.199000,5991.000000,3496.730000,
2018-12-31,25845.699000,5912.000000,3496.730000,
2019-01-01,25845.699000,5912.000000,3496.730000,
2019-01-02,25130.350000,5872.500000,3469.660000,
2019-01-03,25064.359000,5775.000000,3465.510000,
2019-01-04,25626.029000,5936.000000,3555.570000,
2019-01-07,25835.699000,5914.000000,3582.780000,
2019-01-08,25875.449000,5938.000000,3563.800000,
2019-01-09,26462.320000,5963.500000,3586.560000,
2019-01-10,26521.430000,5916.500000,3557.870000,
2019-01-11,26667.270000,5957.500000,3582.820000,
2019-01-14,26298.330000,5912.000000,3556.100000,
2019-01-15,26830.289000,5906.000000,3581.480000,
2019-01-16,26902.100000,5976.000000,3595.080000,
2019-01-17,26755.631000,5995.500000,3576.150000,
2019-01-18,27090.811000,6056.000000,3614.600000,
2019-01-21,27196.539000,5974.000000,3603.360000,
2019-01-22,27005.449000,5932.500000,3588.630000,
2019-01-23,27008.199000,5942.000000,3581.280000,
2019-01-24,27120.980000,5915.000000,3583.000000,
2019-01-25,27569.189000,6079.000000,3608.470000,
2019-01-28,27576.961000,5989.000000,3597.700000,
2019-01-29,27531.680000,6062.500000,3624.710000,
2019-01-30,27642.850000,6133.000000,3638.630000,
2019-01-31,27942.471000,6163.500000,3632.810000,
2019-02-01,27930.740000,6141.500000,3675.050000,
2019-02-04,27990.211000,6184.500000,3675.050000,
2019-02-05,27990.211000,6223.000000,3675.050000,
2019-02-06,27990.211000,6247.000000,3675.050000,
2019-02-07,27990.211000,6253.500000,3675.050000,
2019-02-08,27946.320000,6201.500000,3675.050000,
2019-02-11,28143.840000,6144.500000,3728.710000,
2019-02-12,28171.330000,6123.000000,3749.280000,
2019-02-13,28497.590000,6144.000000,3811.900000,
2019-02-14,28432.051000,6137.000000,3820.610000,
2019-02-15,27900.840000,6224.000000,3745.150000,
2019-02-18,28347.010000,6261.000000,3845.940000,
2019-02-19,28228.131000,6332.000000,3851.100000,
2019-02-20,28514.051000,6425.000000,3898.410000,
2019-02-21,28629.920000,6374.000000,3855.940000,
2019-02-22,28816.301000,6477.000000,3914.740000,
2019-02-25,28959.301000,6485.500000,4130.410000,
2019-02-26,28772.061000,6467.500000,4100.130000,
2019-02-27,28757.439000,6520.500000,4148.860000,
2019-02-28,28633.180000,6481.000000,4130.160000,
2019-03-01,28812.170000,6442.000000,4159.720000,
2019-03-04,28959.590000,6410.500000,4284.300000,
2019-03-05,28961.600000,6483.000000,4390.780000,
2019-03-06,29037.600000,6455.000000,4415.090000,
2019-03-07,28779.449000,6435.000000,4381.910000,
2019-03-08,28228.420000,6395.500000,4158.850000,
2019-03-11,28503.301000,6419.000000,4252.820000,
2019-03-12,28920.869000,6465.500000,4305.090000,
2019-03-13,28807.449000,6475.500000,4383.270000,
2019-03-14,28851.391000,6377.000000,4293.430000,
2019-03-15,29012.260000,6434.500000,4422.950000,
2019-03-18,29409.010000,6432.500000,4566.720000,
2019-03-19,29466.279000,6455.000000,4548.130000,
2019-03-20,29320.971000,6477.500000,4581.050000,
2019-03-21,29071.561000,6424.000000,4595.240000,
2019-03-22,29113.359000,6320.500000,4615.750000,
2019-03-25,28523.350000,6339.000000,4523.180000,
2019-03-26,28566.910000,6348.500000,4435.330000,
2019-03-27,28728.250000,6341.000000,4487.870000,
2019-03-28,28775.211000,6371.000000,4401.970000,
2019-03-29,29051.359000,6475.000000,4619.890000,
2019-04-01,29562.020000,6461.000000,4776.240000,
2019-04-02,29624.670000,6432.500000,4798.940000,
2019-04-03,29986.391000,6495.500000,4868.490000,
2019-04-04,29936.320000,6450.000000,4881.000000,
2019-04-05,29936.320000,6397.500000,4881.000000,
2019-04-08,30077.150000,6486.000000,4839.820000,
2019-04-09,30157.490000,6487.000000,4969.470000,
2019-04-10,30119.561000,6462.000000,4923.220000,
2019-04-11,29839.449000,6404.500000,4839.160000,
2019-04-12,29909.760000,6505.500000,4795.510000,
2019-04-15,29810.721000,6490.000000,4764.530000,
2019-04-16,30129.869000,6491.500000,4843.920000,
2019-04-17,30124.680000,6549.500000,4795.570000,
2019-04-18,29963.260000,6464.500000,4743.110000,
2019-04-19,29963.260000,6464.500000,4785.810000,
2019-04-22,29963.260000,6464.500000,4614.720000,
2019-04-23,29963.240000,6414.000000,4630.180000,
2019-04-24,29805.830000,6441.500000,4617.090000,
2019-04-25,29549.801000,6346.000000,4497.090000,
2019-04-26,29605.010000,6401.000000,4446.400000,
2019-04-29,29892.811000,6415.000000,4403.810000,
2019-04-30,29699.109000,6432.000000,4436.700000,
2019-05-01,29699.109000,6234.500000,4436.700000,
2019-05-02,29944.180000,6175.000000,4436.700000,
2019-05-03,30081.551000,6243.000000,4436.700000,
2019-05-06,29209.820000,6243.000000,4137.680000,
2019-05-07,29363.020000,6161.500000,4216.430000,
2019-05-08,29003.199000,6133.000000,4181.540000,
2019-05-09,28311.070000,6141.000000,4105.360000,
2019-05-10,28550.240000,6146.000000,4245.670000,
2019-05-13,28550.240000,6021.500000,4229.270000,
2019-05-14,28122.020000,6043.500000,4186.160000,
2019-05-15,28268.711000,6077.500000,4258.680000,
2019-05-16,28275.070000,6081.500000,4288.120000,
2019-05-17,27946.461000,6057.000000,4147.640000,
2019-05-20,27787.609000,6033.500000,4116.640000,
2019-05-21,27657.240000,6006.000000,4173.720000,
2019-05-22,27705.939000,5931.500000,4146.850000,
2019-05-23,27267.131000,5942.000000,4079.350000,
2019-05-24,27353.930000,5962.500000,4074.820000,
2019-05-27,27288.090000,5962.500000,4132.890000,
2019-05-28,27390.811000,5966.000000,4168.500000,
2019-05-29,27235.711000,5891.000000,4131.370000,
2019-05-30,27114.881000,5858.000000,4100.550000,
2019-05-31,26901.090000,5823.500000,4105.980000,
2019-06-03,26893.859000,5867.500000,4067.250000,
2019-06-04,26761.520000,5840.000000,4032.840000,
2019-06-05,26895.439000,5806.000000,4074.500000,
2019-06-06,26965.279000,5808.000000,4027.580000,
2019-06-07,26965.279000,5800.500000,4027.580000,
2019-06-10,27578.641000,5868.000000,4083.420000,
2019-06-11,27789.340000,5882.000000,4193.060000,
2019-06-12,27308.461000,5847.000000,4157.450000,
2019-06-13,27294.711000,5863.000000,4142.620000,
2019-06-14,27118.350000,5807.000000,4113.780000,
2019-06-17,27227.160000,5849.500000,4108.020000,
2019-06-18,27498.770000,5954.000000,4086.200000,
2019-06-19,28202.141000,5894.000000,4108.860000,
2019-06-20,28550.430000,5971.500000,4189.340000,
2019-06-21,28473.711000,5959.500000,4206.330000,
2019-06-24,28513.000000,5964.500000,4193.530000,
2019-06-25,28185.980000,6013.000000,4177.440000,
2019-06-26,28221.980000,5993.500000,4154.270000,
2019-06-27,28621.420000,5998.500000,4170.880000,
2019-06-28,28542.619000,5998.000000,4143.070000,
2019-07-01,28542.619000,5939.000000,4240.970000,
2019-07-02,28875.561000,5894.000000,4264.050000,
2019-07-03,28855.141000,5935.500000,4295.060000,
2019-07-04,28795.770000,5916.000000,4326.450000,
2019-07-05,28774.830000,5896.000000,4283.740000,
2019-07-08,28331.689000,5879.500000,4187.130000,
2019-07-09,28116.279000,5823.000000,4171.560000,
2019-07-10,28204.689000,5960.500000,4132.500000,
2019-07-11,28431.801000,5937.500000,4114.160000,
2019-07-12,28471.619000,5957.500000,4139.130000,
2019-07-15,28554.881000,5997.000000,4144.090000,
2019-07-16,28619.619000,5959.000000,4176.780000,
2019-07-17,28593.170000,5982.000000,4201.270000,
2019-07-18,28461.660000,5966.000000,4156.950000,
2019-07-19,28765.400000,6072.000000,4251.620000,
2019-07-22,28371.260000,6019.500000,4210.020000,
2019-07-23,28466.480000,5982.000000,4163.760000,
2019-07-24,28524.039000,5999.000000,4169.980000,
2019-07-25,28594.301000,5985.000000,4177.990000,
2019-07-26,28397.740000,5963.000000,4180.010000,
2019-07-29,28106.410000,6015.000000,4158.150000,
2019-07-30,28146.500000,5938.000000,4181.740000,
2019-07-31,27777.750000,5933.500000,4080.890000,
2019-08-01,27565.699000,5860.500000,4017.890000,
2019-08-02,26918.580000,5719.500000,3956.060000,
2019-08-05,26151.320000,5683.500000,3863.760000,
2019-08-06,25976.240000,5703.000000,3812.850000,
2019-08-07,25997.029000,5744.000000,3833.110000,
2019-08-08,26120.770000,5780.000000,3835.100000,
2019-08-09,25939.301000,5766.000000,3780.070000,
2019-08-12,25824.721000,5738.000000,3842.910000,
2019-08-13,25281.301000,5842.000000,3807.210000,
2019-08-14,25302.279000,5767.000000,3806.070000,
2019-08-15,25495.461000,5738.500000,3806.640000,
2019-08-16,25734.221000,5753.500000,3802.810000,
2019-08-19,26291.840000,5769.000000,3919.440000,
2019-08-20,26231.539000,5717.000000,3935.780000,
2019-08-21,26270.039000,5728.500000,3951.660000,
2019-08-22,26048.721000,5693.000000,3930.310000,
2019-08-23,26179.330000,5631.500000,3922.320000,
2019-08-26,25680.330000,5631.500000,3872.770000,
2019-08-27,25664.070000,5674.000000,3911.800000,
2019-08-28,25615.480000,5702.000000,3902.680000,
2019-08-29,25703.500000,5706.500000,3841.280000,
2019-08-30,25724.730000,5652.000000,3806.760000,
2019-09-02,25626.551000,5617.000000,3844.950000,
2019-09-03,25527.850000,5610.000000,3832.520000,
2019-09-04,26523.230000,5749.500000,3934.930000,
2019-09-05,26515.529000,5840.000000,3939.620000,
2019-09-06,26690.760000,5827.500000,3948.810000,
2019-09-09,26681.400000,5811.000000,3999.740000,
2019-09-10,26683.680000,5807.500000,3995.260000,
2019-09-11,27159.061000,5780.000000,3981.720000,
2019-09-12,27087.631000,5857.500000,4067.860000,
2019-09-13,27352.689000,5965.000000,4067.860000,
2019-09-16,27124.551000,5853.500000,4046.210000,
2019-09-17,26790.240000,5814.000000,3980.030000,
2019-09-18,26754.119000,5803.000000,4015.530000,
2019-09-19,26468.949000,5792.500000,4011.170000,
2019-09-20,26435.670000,5755.000000,4005.340000,
2019-09-23,26222.400000,5793.500000,3940.280000,
2019-09-24,26281.000000,5773.000000,3936.960000,
2019-09-25,25945.350000,5788.000000,3905.850000,
2019-09-26,26041.930000,5721.000000,3885.350000,
2019-09-27,25954.811000,5759.000000,3871.900000,
2019-09-30,26092.270000,5709.000000,3855.760000,
2019-10-01,26092.270000,5687.000000,3855.760000,
2019-10-02,26042.689000,5691.000000,3855.760000,
2019-10-03,26110.311000,5654.000000,3855.760000,
2019-10-04,25821.029000,5673.000000,3855.760000,
2019-10-07,25821.029000,5704.500000,3855.760000,
2019-10-08,25893.400000,5682.500000,3932.490000,
2019-10-09,25682.811000,5687.500000,4007.760000,
2019-10-10,25707.930000,5779.000000,4015.360000,
2019-10-11,26308.439000,5803.000000,4038.500000,
2019-10-14,26521.850000,5819.000000,4080.120000,
2019-10-15,26503.930000,5774.000000,4056.060000,
2019-10-16,26664.279000,5721.500000,4078.740000,
2019-10-17,26848.490000,5749.000000,4057.330000,
2019-10-18,26719.580000,5817.000000,3985.560000,
2019-10-21,26725.680000,5839.000000,4046.020000,
2019-10-22,26786.199000,5825.500000,4053.760000,
2019-10-23,26566.730000,5876.500000,4000.520000,
2019-10-24,26797.949000,5880.000000,4018.750000,
2019-10-25,26667.391000,5906.000000,4048.400000,
2019-10-28,26891.260000,5915.000000,4032.530000,
2019-10-29,26786.760000,5921.500000,3994.100000,
2019-10-30,26667.711000,5887.000000,3960.440000,
2019-10-31,26906.721000,5805.000000,3933.330000,
2019-11-01,27100.760000,5861.500000,3997.230000,
2019-11-04,27547.301000,5882.000000,3993.880000,
2019-11-05,27683.400000,5944.000000,4009.140000,
2019-11-06,27688.641000,5884.000000,3970.140000,
2019-11-07,27847.230000,5999.500000,3985.950000,
2019-11-08,27651.141000,5922.500000,3964.730000,
2019-11-11,26926.551000,5879.000000,3871.200000,
2019-11-12,27065.279000,5853.500000,3876.410000,
2019-11-13,26571.461000,5828.000000,3846.240000,
2019-11-14,26323.689000,5801.000000,3851.410000,
2019-11-15,26326.660000,5840.000000,3822.780000,
2019-11-18,26681.090000,5817.000000,3843.980000,
2019-11-19,27093.801000,5879.500000,3901.390000,
2019-11-20,26889.609000,5854.000000,3875.660000,
2019-11-21,26466.881000,5818.000000,3870.430000,
2019-11-22,26595.080000,5852.500000,3867.510000,
2019-11-25,26993.039000,5870.500000,3967.450000,
2019-11-26,26913.920000,5941.000000,3946.700000,
2019-11-27,26954.000000,5945.500000,3927.480000,
2019-11-28,26893.730000,5889.000000,3895.580000,
2019-11-29,26346.490000,5878.000000,3886.570000,
2019-12-02,26444.721000,5858.000000,3941.400000,
2019-12-03,26391.301000,5815.000000,3956.980000,
2019-12-04,26062.561000,5872.500000,3932.110000,
2019-12-05,26217.039000,5892.000000,3938.340000,
2019-12-06,26498.369000,6025.000000,3955.230000,
2019-12-09,26494.730000,6079.000000,4024.370000,
2019-12-10,26436.619000,6091.000000,4013.400000,
2019-12-11,26645.430000,6143.000000,4031.610000,
2019-12-12,26994.141000,6160.000000,4004.900000,
2019-12-13,27687.760000,6141.000000,4054.990000,
2019-12-16,27508.090000,6194.500000,4111.730000,
2019-12-17,27843.711000,6187.500000,4191.830000,
2019-12-18,27884.211000,6187.000000,4177.600000,
2019-12-19,27800.490000,6216.500000,4200.870000,
2019-12-20,27871.350000,6171.500000,4233.890000,
2019-12-23,27906.410000,6179.000000,4141.270000,
2019-12-24,27864.211000,6203.500000,4123.750000,
2019-12-25,27864.211000,6203.500000,4111.770000,
2019-12-26,27864.211000,6203.500000,4207.300000,
2019-12-27,28225.420000,6225.500000,4199.180000,
2019-12-30,28319.391000,6214.500000,4265.040000,
2019-12-31,28189.750000,6168.500000,4292.310000,
2020-01-02,28543.520000,6207.000000,4341.600000,
2020-01-03,28451.500000,6136.500000,4304.690000,
2020-01-06,28226.189000,6143.000000,4264.860000,
2020-01-07,28322.061000,6167.500000,4304.580000,
2020-01-08,28087.920000,6189.000000,4235.600000,
2020-01-09,28561.000000,6161.500000,4318.750000,
2020-01-10,28638.199000,6203.000000,4272.200000,
2020-01-13,28954.939000,6289.500000,4309.890000,
2020-01-14,28885.141000,6308.500000,4298.850000,
2020-01-15,28773.590000,6302.000000,4238.960000,
2020-01-16,28883.039000,6267.000000,4224.060000,
2020-01-17,29056.420000,6267.500000,4213.840000,
2020-01-20,28795.910000,6262.000000,4192.070000,
2020-01-21,27985.330000,6145.000000,4103.560000,
2020-01-22,28341.039000,6103.500000,4160.200000,
2020-01-23,27909.119000,6026.000000,4009.450000,
2020-01-24,27949.641000,5922.500000,4009.450000,
2020-01-27,27949.641000,5747.000000,4009.450000,
2020-01-28,27949.641000,5699.500000,4009.450000,
2020-01-29,27160.631000,5647.500000,4009.450000,
2020-01-30,26449.131000,5565.000000,4009.450000,
2020-01-31,26312.631000,5558.000000,4009.450000,
2020-02-03,26356.980000,5559.500000,3637.680000,
2020-02-04,26675.980000,5634.500000,3660.960000,
2020-02-05,26786.740000,5719.000000,3693.850000,
2020-02-06,27493.699000,5742.000000,3736.880000,
2020-02-07,27404.270000,5654.500000,3726.070000,
2020-02-10,27241.340000,5659.000000,3814.700000,
2020-02-11,27583.881000,5724.500000,3846.050000,
2020-02-12,27823.660000,5760.500000,3852.850000,
2020-02-13,27730.000000,5788.000000,3905.260000,
2020-02-14,27815.600000,5756.000000,4006.010000,
2020-02-17,27959.600000,5820.000000,4037.510000,
2020-02-18,27530.199000,5765.000000,3999.710000,
2020-02-19,27655.811000,5779.500000,4008.720000,
2020-02-20,27609.160000,5737.500000,4050.520000,
2020-02-21,27308.811000,5761.500000,4015.000000,
2020-02-24,26820.881000,5688.500000,3964.050000,
2020-02-25,26893.230000,5679.000000,3965.870000,
2020-02-26,26696.490000,5661.000000,4051.890000,
2020-02-27,26778.619000,5654.500000,4007.730000,
2020-02-28,26129.930000,5588.500000,3931.950000,
2020-03-02,26291.680000,5723.000000,4111.120000,
2020-03-03,26284.820000,5658.500000,4114.670000,
2020-03-04,26222.070000,5692.000000,4254.310000,
2020-03-05,26767.869000,5670.500000,4287.200000,
2020-03-06,26146.670000,5630.500000,4178.430000,
2020-03-09,25040.461000,5524.000000,4058.770000,
2020-03-10,25392.510000,5585.000000,4114.090000,
2020-03-11,25231.609000,5507.500000,4082.080000,
2020-03-12,24309.070000,5435.000000,4027.860000,
2020-03-13,24032.910000,5452.000000,3980.800000,
2020-03-16,23063.570000,5285.000000,3865.560000,
2020-03-17,23263.730000,5145.500000,3817.760000,
2020-03-18,22291.820000,4733.000000,3678.420000,
2020-03-19,21709.131000,4809.000000,3603.120000,
2020-03-20,22805.070000,4698.000000,3688.250000,
2020-03-23,21696.131000,4597.000000,3539.120000,
2020-03-24,22663.490000,4843.000000,3617.280000,
2020-03-25,23527.189000,4869.000000,3773.740000,
2020-03-26,23352.340000,4811.000000,3733.560000,
2020-03-27,23484.279000,4810.500000,3769.520000,
2020-03-30,23175.109000,4756.000000,3720.480000,
2020-03-31,23603.480000,4924.500000,3686.790000,
2020-04-01,23085.789000,4804.500000,3709.990000,
2020-04-02,23280.061000,4881.500000,3747.220000,
2020-04-03,23236.109000,4841.000000,3743.630000,
2020-04-06,23749.119000,4904.000000,3743.630000,
2020-04-07,24253.289000,5022.500000,3797.860000,
2020-04-08,23970.369000,5021.000000,3780.170000,
2020-04-09,24300.330000,5021.000000,3772.000000,
2020-04-10,24300.330000,5021.000000,3754.970000,
2020-04-13,24300.330000,5021.000000,3748.640000,
2020-04-14,24435.400000,5155.000000,3818.680000,
2020-04-15,24145.340000,5109.500000,3764.870000,
2020-04-16,24006.449000,5113.000000,3777.820000,
2020-04-17,24380.000000,5207.500000,3792.280000,
2020-04-20,24330.020000,5174.000000,3787.630000,
2020-04-21,23793.551000,5025.500000,3742.300000,
2020-04-22,23893.359000,5108.500000,3764.690000,
2020-04-23,23977.320000,5139.000000,3759.300000,
2020-04-24,23831.330000,5188.000000,3718.820000,
2020-04-27,24280.141000,5184.000000,3748.340000,
2020-04-28,24575.961000,5208.000000,3758.290000,
2020-04-29,24643.590000,5246.000000,3819.970000,
2020-04-30,24643.590000,5183.000000,3842.720000,
2020-05-01,24643.590000,5106.000000,3842.720000,
2020-05-04,23613.801000,5129.000000,3842.720000,
2020-05-05,23868.660000,5175.000000,3842.720000,
2020-05-06,24137.480000,5215.500000,3824.560000,
2020-05-07,23980.631000,5276.500000,3797.890000,
2020-05-08,24230.170000,5276.500000,3835.200000,
2020-05-11,24602.061000,5278.500000,3837.270000,
2020-05-12,24245.680000,5229.000000,3797.050000,
2020-05-13,24180.301000,5212.000000,3803.280000,
2020-05-14,23829.740000,5213.000000,3756.370000,
2020-05-15,23797.471000,5185.500000,3766.210000,
2020-05-18,23934.770000,5345.000000,3792.100000,
2020-05-19,24388.131000,5353.000000,3791.150000,
2020-05-20,24399.949000,5445.000000,3754.360000,
2020-05-21,24280.029000,5390.000000,3741.010000,
2020-05-22,22930.141000,5301.500000,3669.370000,
2020-05-25,22952.240000,5301.500000,3705.250000,
2020-05-26,23384.660000,5366.000000,3747.310000,
2020-05-27,23301.359000,5295.500000,3755.740000,
2020-05-28,23132.760000,5372.000000,3769.940000,
2020-05-29,22961.471000,5380.000000,3723.770000,
2020-06-01,23732.520000,5482.500000,3820.590000,
2020-06-02,23995.939000,5518.000000,3889.890000,
2020-06-03,24325.619000,5508.500000,3872.460000,
2020-06-04,24366.301000,5522.500000,3856.750000,
2020-06-05,24770.410000,5658.000000,3836.750000,
2020-06-08,24776.770000,5715.500000,3869.650000,
2020-06-09,25057.221000,5765.000000,3870.050000,
2020-06-10,25049.730000,5903.500000,3842.630000,
2020-06-11,24480.150000,5750.000000,3815.410000,
2020-06-12,24301.381000,5775.000000,3808.260000,
2020-06-15,23776.949000,5736.500000,3790.480000,
2020-06-16,24344.090000,5740.500000,3843.740000,
2020-06-17,24481.410000,5795.000000,3825.190000,
2020-06-18,24464.939000,5798.500000,3850.900000,
2020-06-19,24643.891000,5809.500000,3860.010000,
2020-06-22,24511.340000,5893.000000,3835.740000,
2020-06-23,24907.340000,5907.000000,3818.840000,
2020-06-24,24781.580000,5885.000000,3881.920000,
2020-06-25,24781.580000,5933.000000,3881.920000,
2020-06-26,24549.990000,5941.500000,3881.920000,
2020-06-29,24301.279000,5965.000000,3836.490000,
2020-06-30,24427.189000,6038.500000,3896.610000,
2020-07-01,24427.189000,6054.500000,4094.860000,
2020-07-02,25124.189000,6090.500000,4228.890000,
2020-07-03,25373.119000,6015.000000,4257.190000,
2020-07-06,26339.160000,6138.000000,4575.400000,
2020-07-07,25975.660000,6191.000000,4533.320000,
2020-07-08,26129.180000,6233.500000,4562.360000,
2020-07-09,26210.160000,6294.000000,4627.170000,
2020-07-10,25727.410000,6423.000000,4536.710000,
2020-07-13,25772.119000,6545.500000,4580.480000,
2020-07-14,25477.891000,6500.000000,4520.750000,
2020-07-15,25481.580000,6391.000000,4385.020000,
2020-07-16,24970.689000,6410.000000,4251.860000,
2020-07-17,25089.170000,6437.000000,4212.100000,
2020-07-20,25057.990000,6469.500000,4367.500000,
2020-07-21,25635.660000,6563.000000,4373.330000,
2020-07-22,25057.939000,6475.500000,4370.100000,
2020-07-23,25263.000000,6505.000000,4297.790000,
2020-07-24,24705.330000,6399.500000,4175.750000,
2020-07-27,24603.260000,6430.500000,4110.080000,
2020-07-28,24772.760000,6466.500000,4129.560000,
2020-07-29,24883.141000,6475.000000,4197.900000,
2020-07-30,24710.590000,6453.000000,4179.610000,
2020-07-31,24595.350000,6376.000000,4190.320000,
2020-08-03,24458.131000,6476.000000,4279.710000,
2020-08-04,24946.631000,6450.000000,4326.260000,
2020-08-05,25102.539000,6485.000000,4271.890000,
2020-08-06,24930.580000,6483.500000,4284.200000,
2020-08-07,24531.619000,6235.000000,4240.950000,
2020-08-10,24377.430000,6398.500000,4333.620000,
2020-08-11,24890.680000,6404.000000,4291.890000,
2020-08-12,25244.020000,6435.000000,4332.280000,
2020-08-13,25230.670000,6267.000000,4331.010000,
2020-08-14,25183.010000,6365.500000,4362.760000,
2020-08-17,25347.340000,6448.000000,4442.350000,
2020-08-18,25367.381000,6594.000000,4420.840000,
2020-08-19,25178.910000,6686.000000,4353.980000,
2020-08-20,24791.391000,6612.500000,4321.410000,
2020-08-21,25113.840000,6488.000000,4332.160000,
2020-08-24,25551.580000,6514.500000,4317.040000,
2020-08-25,25486.221000,6534.000000,4302.220000,
2020-08-26,25491.789000,6597.000000,4251.690000,
2020-08-27,25281.150000,6623.000000,4227.650000,
2020-08-28,25422.061000,6675.500000,4292.160000,
2020-08-31,25177.051000,6675.500000,4258.810000,
2020-09-01,25184.850000,6682.500000,4247.970000,
2020-09-02,25120.090000,6686.500000,4251.930000,
2020-09-03,25007.600000,6582.000000,4232.190000,
2020-09-04,24695.449000,6779.000000,4241.900000,
2020-09-07,24589.650000,6792.000000,4228.440000,
2020-09-08,24624.340000,6706.000000,4243.600000,
2020-09-09,24468.930000,6758.500000,4197.560000,
2020-09-10,24313.539000,6631.000000,4207.500000,
2020-09-11,24503.311000,6711.000000,4192.160000,
2020-09-14,24640.279000,6779.500000,4176.170000,
2020-09-15,24732.760000,6758.000000,4201.050000,
2020-09-16,24725.631000,6789.000000,4237.390000,
2020-09-17,24340.850000,6793.000000,4215.850000,
2020-09-18,24455.410000,6850.000000,4348.720000,
2020-09-21,23950.689000,6680.000000,4316.980000,
2020-09-22,23716.850000,6769.000000,4265.070000,
2020-09-23,23742.510000,6593.000000,4240.700000,
2020-09-24,23311.070000,6571.500000,4154.770000,
2020-09-25,23235.420000,6552.000000,4072.360000,
2020-09-28,23476.051000,6594.000000,4100.690000,
2020-09-29,23275.529000,6606.000000,4091.780000,
2020-09-30,23459.051000,6684.500000,4061.430000,
2020-10-01,23459.051000,6342.500000,4061.430000,
2020-10-02,23459.051000,6544.000000,4061.430000,
2020-10-05,23767.779000,6520.500000,4061.430000,
2020-10-06,23980.650000,6535.500000,4061.430000,
2020-10-07,24242.859000,6661.000000,4061.430000,
2020-10-08,24193.350000,6667.000000,4061.430000,
2020-10-09,24119.131000,6772.000000,4103.050000,
2020-10-12,24649.680000,6735.500000,4193.930000,
2020-10-13,24649.680000,6682.000000,4161.620000,
2020-10-14,24667.090000,6714.500000,4104.480000,
2020-10-15,24158.539000,6776.000000,4087.840000,
2020-10-16,24386.789000,6726.000000,4098.280000,
2020-10-19,24542.260000,6768.000000,4086.890000,
2020-10-20,24569.539000,6903.500000,4068.860000,
2020-10-21,24754.420000,6995.500000,4056.280000,
2020-10-22,24786.131000,6907.500000,4062.200000,
2020-10-23,24918.779000,6873.000000,4052.390000,
2020-10-26,24918.779000,6774.000000,4022.190000,
2020-10-27,24787.189000,6788.000000,3977.100000,
2020-10-28,24708.801000,6745.500000,3939.900000,
2020-10-29,24586.600000,6736.000000,3943.840000,
2020-10-30,24107.420000,6710.500000,3882.750000,
2020-11-02,24460.010000,6772.000000,3886.410000,
2020-11-03,24939.730000,6779.000000,3933.920000,
2020-11-04,24886.141000,6829.500000,3926.340000,
2020-11-05,25695.920000,6865.000000,4023.410000,
2020-11-06,25712.971000,6945.000000,4032.030000,
2020-11-09,26016.170000,6939.500000,4062.660000,
2020-11-10,26301.480000,6961.000000,4041.490000,
2020-11-11,26226.980000,6883.000000,4075.500000,
2020-11-12,26169.381000,6915.000000,4053.920000,
2020-11-13,26156.859000,6997.000000,3985.090000,
2020-11-16,26381.670000,7095.000000,4020.010000,
2020-11-17,26415.090000,7071.500000,4097.260000,
2020-11-18,26544.289000,7066.500000,4136.740000,
2020-11-19,26356.971000,7088.000000,4137.610000,
2020-11-20,26451.539000,7260.500000,4124.100000,
2020-11-23,26486.199000,7208.000000,4141.610000,
2020-11-24,26588.199000,7307.500000,4117.370000,
2020-11-25,26669.750000,7326.000000,4094.680000,
2020-11-26,26819.449000,7411.000000,4086.260000,
2020-11-27,26894.680000,7505.000000,4159.200000,
2020-11-30,26341.490000,7562.500000,4120.780000,
2020-12-01,26567.680000,7697.500000,4142.510000,
2020-12-02,26532.580000,7674.500000,4174.020000,
2020-12-03,26728.500000,7658.500000,4149.300000,
2020-12-04,26835.920000,7755.000000,4094.110000,
2020-12-07,26506.850000,7717.500000,4032.950000,
2020-12-08,26304.561000,7707.000000,4012.810000,
2020-12-09,26502.840000,7690.000000,3951.310000,
2020-12-10,26410.590000,7869.000000,3942.620000,
2020-12-11,26505.869000,7768.500000,3899.510000,
2020-12-14,26389.520000,7767.000000,3944.250000,
2020-12-15,26207.289000,7807.000000,3904.760000,
2020-12-16,26460.289000,7814.000000,3890.430000,
2020-12-17,26678.381000,7938.000000,3914.940000,
2020-12-18,26498.600000,7991.000000,3886.360000,
2020-12-21,26306.680000,7875.000000,3870.050000,
2020-12-22,26119.250000,7746.000000,3830.730000,
2020-12-23,26343.100000,7847.000000,3812.700000,
2020-12-24,26386.561000,7823.000000,3770.080000,
2020-12-25,26386.561000,7823.000000,3781.340000,
2020-12-28,26314.631000,7823.000000,3765.580000,
2020-12-29,26568.490000,7821.000000,3795.970000,
2020-12-30,27147.109000,7816.500000,3782.950000,
2020-12-31,27231.131000,7753.000000,3826.410000,
2021-01-04,27472.810000,7856.000000,3735.920000,
2021-01-05,27649.860000,8050.500000,3730.670000,
2021-01-06,27692.300000,8073.000000,3749.030000,
2021-01-07,27548.520000,8172.000000,3699.980000,
2021-01-08,27878.220000,8084.500000,3745.030000,
2021-01-11,27908.220000,7845.500000,3730.210000,
2021-01-12,28276.750000,7998.500000,3732.530000,
2021-01-13,28235.600000,7971.000000,3746.080000,
2021-01-14,28496.860000,8084.000000,3777.440000,
2021-01-15,28573.860000,7934.000000,3793.420000,
2021-01-18,28862.770000,7945.000000,3867.810000,
2021-01-19,29642.280000,7994.000000,3939.480000,
2021-01-20,29962.470000,8041.500000,3874.490000,
2021-01-21,29927.760000,8034.000000,3840.050000,
2021-01-22,29447.850000,7986.000000,3747.690000,
2021-01-25,30159.010000,8005.500000,3712.660000,
2021-01-26,29391.260000,7995.000000,3716.540000,
2021-01-27,29297.530000,7843.000000,3689.970000,
2021-01-28,28550.770000,7904.000000,3625.630000,
2021-01-29,28283.710000,7813.500000,3565.130000,
2021-02-01,28892.860000,7822.500000,3584.940000,
2021-02-02,29248.700000,7752.000000,3604.040000,
2021-02-03,29307.460000,7848.000000,3564.230000,
2021-02-04,29113.500000,7814.500000,3524.010000,
2021-02-05,29288.680000,7983.000000,3592.350000,
2021-02-08,29319.470000,8073.500000,3601.870000,
2021-02-09,29476.190000,8157.000000,3596.010000,
2021-02-10,30038.720000,8275.500000,3594.310000,
2021-02-18,30595.270000,8606.000000,3714.650000,
2021-02-19,30644.730000,8941.000000,3766.070000,
2021-02-22,30319.830000,9113.500000,3786.460000,
2021-02-23,30632.640000,9250.000000,3763.020000,
2021-02-24,29718.240000,9497.500000,3778.880000,
2021-02-25,30074.170000,9355.000000,4010.560000,
2021-02-26,28980.210000,9000.000000,3933.240000,
2021-03-01,29452.570000,9021.000000,3971.080000,
2021-03-02,29095.860000,9276.500000,3942.300000,
2021-03-03,29880.420000,9118.000000,3973.960000,
2021-03-04,29236.790000,8589.000000,3921.470000,
2021-03-05,29098.290000,8977.000000,3860.870000,
2021-03-08,28540.830000,9006.500000,3819.190000,
2021-03-09,28773.230000,8826.000000,3770.980000,
2021-03-10,28907.520000,8893.500000,3728.390000,
2021-03-11,29385.610000,9125.000000,3779.910000,
2021-03-12,28739.720000,9132.500000,3831.770000,
2021-03-15,28833.760000,9116.500000,3825.480000,
2021-03-16,29027.690000,8923.500000,3939.980000,
2021-03-17,29034.120000,9130.000000,3930.140000,
2021-03-18,29405.720000,8998.000000,3931.350000,
2021-03-19,28990.940000,9066.000000,3838.940000,
2021-03-22,28885.340000,9130.000000,3882.210000,
2021-03-23,28497.380000,8871.000000,3849.310000,
2021-03-24,27918.140000,8889.000000,3788.880000,
2021-03-25,27899.610000,8799.000000,3771.580000,
2021-03-26,28336.430000,8950.000000,3794.990000,
2021-03-29,28338.300000,8879.000000,3812.560000,
2021-03-30,28577.500000,8750.500000,3814.360000,
2021-03-31,28378.350000,8809.500000,3779.470000,
2021-04-01,28938.740000,8805.000000,3780.370000,
2021-04-07,28674.800000,8930.000000,3832.160000,
2021-04-08,29008.070000,9009.000000,3778.460000,
2021-04-09,28698.800000,8929.000000,3775.940000,
2021-04-12,28453.280000,8872.000000,3777.220000,
2021-04-13,28497.250000,8895.000000,3741.840000,
2021-04-14,28900.830000,9080.000000,3774.480000,
2021-04-15,28793.140000,9310.000000,3765.920000,
2021-04-16,28969.710000,9182.000000,3825.490000,
2021-04-19,29106.150000,9322.000000,3822.630000,
2021-04-20,29135.730000,9285.000000,3795.480000,
2021-04-21,28621.920000,9450.000000,3801.770000,
2021-04-22,28755.340000,9395.000000,3811.680000,
2021-04-23,29078.750000,9551.500000,3751.440000,
2021-04-26,28952.830000,9778.000000,3723.660000,
2021-04-27,28941.540000,9878.500000,3728.060000,
2021-04-28,29071.340000,9856.500000,3732.470000,
2021-04-29,29303.260000,9861.000000,3757.010000,
2021-04-30,28724.880000,9809.000000,3721.140000,
2021-05-06,28637.460000,10115.500000,3705.610000,
2021-05-07,28610.650000,10412.500000,3689.630000,
2021-05-10,28595.660000,10395.500000,3651.240000,
2021-05-11,28013.810000,10556.000000,3695.030000,
2021-05-12,28231.040000,10410.000000,3675.580000,
2021-05-13,27718.670000,10287.000000,3689.390000,
2021-05-14,28027.570000,10233.500000,3731.140000,
2021-05-17,28194.090000,10367.000000,3719.770000,
2021-05-18,28593.810000,10416.000000,3755.880000,
2021-05-20,28450.290000,10008.000000,3709.480000,
2021-05-21,28458.440000,9901.000000,3690.590000,
2021-05-24,28412.260000,9983.000000,3698.160000,
2021-05-25,28910.860000,9935.000000,3744.680000,
2021-05-26,29166.010000,9958.000000,3788.630000,
2021-05-27,29113.200000,10293.500000,3810.200000,
2021-05-28,29124.410000,10274.500000,3796.430000,
2021-06-01,29468.000000,10239.000000,3774.450000,
2021-06-02,29297.620000,10113.500000,3770.750000,
2021-06-03,28966.030000,9818.500000,3781.270000,
2021-06-04,28918.100000,9960.000000,3744.090000,
2021-06-07,28787.280000,9950.000000,3688.770000,
2021-06-08,28781.380000,10015.000000,3705.410000,
2021-06-09,28742.630000,9971.000000,3683.630000,
2021-06-10,28738.880000,9894.000000,3657.680000,
2021-06-11,28842.130000,9995.000000,3633.040000,
2021-06-15,28638.530000,9560.000000,3562.120000,
2021-06-16,28436.840000,9630.000000,3568.930000,
2021-06-17,28558.590000,9190.500000,3576.170000,
2021-06-18,28801.270000,9149.000000,3558.750000,
2021-06-21,28489.000000,9180.000000,3543.750000,
2021-06-22,28309.760000,9269.000000,3539.180000,
2021-06-23,28817.070000,9487.500000,3555.170000,
2021-06-24,28882.460000,9458.000000,3536.480000,
2021-06-25,29288.220000,9435.000000,3555.210000,
2021-06-28,29268.300000,9394.000000,3507.370000,
2021-06-29,28994.100000,9346.500000,3485.560000,
2021-06-30,28827.950000,9380.000000,3481.810000,
2021-07-02,28310.420000,9379.000000,3490.060000,
2021-07-05,28143.500000,9512.500000,3467.650000,
2021-07-06,28072.860000,9310.000000,3524.440000,
2021-07-07,27960.620000,9445.000000,3495.720000,
2021-07-08,27153.130000,9328.000000,3477.140000,
2021-07-09,27344.540000,9493.000000,3471.660000,
2021-07-12,27515.240000,9455.500000,3445.990000,
2021-07-13,27963.410000,9401.500000,3458.320000,
2021-07-14,27787.460000,9334.500000,3404.950000,
2021-07-15,27996.270000,9424.000000,3413.810000,
2021-07-16,28004.680000,9447.000000,3414.300000,
2021-07-19,27489.780000,9194.000000,3365.870000,
2021-07-20,27259.250000,9342.500000,3344.090000,
2021-07-21,27224.580000,9356.500000,3326.970000,
2021-07-22,27723.840000,9459.500000,3357.530000,
2021-07-23,27321.980000,9624.000000,3335.640000,
2021-07-26,26192.320000,9855.500000,3194.710000,
2021-07-27,25086.430000,9790.000000,3080.250000,
2021-07-28,25473.880000,9660.500000,3056.110000,
2021-07-29,26315.320000,9840.000000,3070.110000,
2021-07-30,25961.030000,9714.000000,3070.160000,
2021-08-02,26235.800000,9616.500000,3105.060000,
2021-08-03,26194.820000,9560.000000,3099.860000,
2021-08-04,26426.550000,9466.000000,3082.050000,
2021-08-05,26204.690000,9480.000000,3121.200000,
2021-08-06,26179.400000,9470.000000,3120.710000,
2021-08-09,26283.400000,9366.000000,3222.840000,
2021-08-10,26605.620000,9512.500000,3221.360000,
2021-08-11,26660.160000,9535.000000,3328.370000,
2021-08-12,26517.820000,9465.500000,3291.660000,
2021-08-13,26391.620000,9520.000000,3281.540000,
2021-08-16,26181.460000,9439.000000,3301.510000,
2021-08-17,25745.870000,9224.000000,3294.110000,
2021-08-18,25867.010000,9055.500000,3333.650000,
2021-08-19,25316.330000,8885.000000,3285.000000,
2021-08-20,24849.720000,9051.500000,3285.700000,
2021-08-23,25109.590000,9238.000000,3284.870000,
2021-08-24,25727.920000,9357.500000,3300.840000,
2021-08-25,25693.950000,9345.000000,3260.840000,
2021-08-26,25415.690000,9299.000000,3232.510000,
2021-08-27,25407.890000,9420.000000,3218.710000,
2021-08-31,25878.990000,9535.000000,3224.520000,
2021-09-01,26028.290000,9336.000000,3323.910000,
2021-09-02,26090.430000,9400.000000,3374.650000,
2021-09-03,25901.990000,9470.000000,3382.170000,
2021-09-06,26163.630000,9454.000000,3357.790000,
2021-09-07,26353.630000,9337.000000,3371.700000,
2021-09-08,26320.930000,9269.500000,3371.580000,
2021-09-09,25716.000000,9395.000000,3379.320000,
2021-09-10,26205.910000,9687.500000,3397.290000,
2021-09-13,25813.810000,9536.000000,3472.800000,
2021-09-14,25502.230000,9432.500000,3372.990000,
2021-09-15,25033.210000,9608.500000,3331.780000,
2021-09-16,24667.850000,9332.000000,3251.300000,
2021-09-17,24920.760000,9267.000000,3266.770000,
2021-09-23,24510.980000,9279.000000,3409.650000,
2021-09-24,24192.160000,9355.000000,3378.770000,
2021-09-27,24208.780000,9350.500000,3272.550000,
2021-09-28,24500.390000,9256.000000,3382.580000,
2021-09-29,24663.500000,9160.500000,3356.800000,
2021-09-30,24575.640000,8948.000000,3394.350000,
2021-10-08,24837.850000,9350.000000,3384.210000,
2021-10-11,25325.090000,9531.000000,3419.390000,
2021-10-12,24962.590000,9454.000000,3434.990000,
2021-10-15,25330.960000,10215.000000,3337.180000,
2021-10-18,25409.750000,10206.000000,3296.460000,
2021-10-19,25787.210000,10119.000000,3275.530000,
2021-10-20,26136.020000,10210.000000,3252.220000,
2021-10-21,26017.530000,9786.000000,3313.050000,
2021-10-22,26126.930000,9740.000000,3365.210000,
2021-10-25,26132.030000,9843.000000,3296.090000,
2021-10-26,26038.270000,9762.000000,3227.770000,
2021-10-27,25628.740000,9573.500000,3186.880000,
2021-10-28,25555.730000,9640.000000,3125.970000,
2021-10-29,25377.240000,9544.000000,3092.670000,
2021-11-01,25154.320000,9501.500000,3067.650000,
2021-11-02,25099.670000,9514.000000,3001.340000,
2021-11-03,25024.750000,9480.500000,3048.160000,
2021-11-04,25225.190000,9413.000000,3037.030000,
2021-11-05,24870.510000,9504.000000,2993.140000,
2021-11-08,24763.770000,9662.000000,3027.930000,
2021-11-09,24813.130000,9568.000000,3028.350000,
2021-11-10,24996.140000,9480.000000,3112.900000,
2021-11-11,25247.990000,9628.000000,3295.110000,
2021-11-12,25327.970000,9745.500000,3246.480000,
2021-11-15,25390.910000,9667.000000,3217.550000,
2021-11-16,25713.780000,9529.000000,3189.950000,
2021-11-17,25650.080000,9363.000000,3203.570000,
2021-11-18,25319.720000,9480.000000,3159.560000,
2021-11-19,25049.970000,9651.000000,3260.830000,
2021-11-22,24951.340000,9671.500000,3201.010000,
2021-11-23,24651.580000,9729.000000,3223.600000,
2021-11-24,24685.500000,9845.000000,3245.440000,
2021-11-25,24740.160000,9761.000000,3235.920000,
2021-11-26,24080.520000,9445.000000,3213.240000,
2021-11-29,23852.240000,9600.000000,3168.400000,
2021-11-30,23475.260000,9451.000000,3159.960000,
2021-12-01,23658.920000,9373.000000,3200.530000,
2021-12-02,23788.930000,9469.500000,3226.950000,
2021-12-03,23766.690000,9417.000000,3258.210000,
2021-12-06,23349.380000,9577.000000,3262.630000,
2021-12-07,23983.660000,9550.500000,3300.200000,
2021-12-08,23996.870000,9653.000000,3293.720000,
2021-12-09,24254.860000,9550.500000,3353.240000,
2021-12-10,23995.720000,9454.000000,3332.750000,
2021-12-13,23954.580000,9465.000000,3306.400000,
2021-12-14,23635.950000,9388.000000,3267.780000,
2021-12-15,23420.760000,9257.000000,3293.100000,
2021-12-16,23475.500000,9477.500000,3311.150000,
2021-12-17,23192.630000,9446.000000,3309.060000,
2021-12-20,22744.860000,9459.500000,3333.620000,
2021-12-21,22971.330000,9555.000000,3500.360000,
2021-12-22,23102.330000,9642.000000,3440.470000,
2021-12-23,23193.640000,9639.000000,3394.230000,
2021-12-24,23223.760000,9597.000000,3349.850000,
2021-12-29,23086.540000,9674.500000,3317.830000,
2021-12-30,23112.010000,9613.000000,3316.750000,
2021-12-31,23397.670000,9755.000000,3371.590000,
2022-01-04,23289.840000,9795.000000,3423.070000,
2022-01-05,22907.250000,9692.000000,3450.430000,
2022-01-06,23072.860000,9562.000000,3438.110000,
2022-01-07,23493.380000,9674.000000,3522.020000,
2022-01-10,23746.540000,9565.000000,3566.280000,
2022-01-11,23739.060000,9729.000000,3568.270000,
2022-01-12,24402.170000,9986.000000,3544.770000,
2022-01-13,24429.770000,9963.000000,3490.260000,
2022-01-14,24383.320000,9731.500000,3398.640000,
2022-01-17,24218.030000,9756.500000,3433.450000,
2022-01-18,24112.780000,9676.500000,3500.330000,
2022-01-19,24127.850000,9821.000000,3517.630000,
2022-01-20,24952.350000,10039.000000,3501.330000,
2022-01-21,24965.550000,9933.500000,3473.930000,
2022-01-24,24656.460000,9747.000000,3503.410000,
2022-01-25,24243.610000,9846.000000,3380.680000,
2022-01-26,24289.900000,9905.500000,3385.270000,
2022-01-27,23807.000000,9725.000000,3327.090000,
2022-01-28,23550.080000,9496.000000,3328.140000,
2022-02-07,24579.550000,9850.000000,3383.420000,
2022-02-08,24329.490000,9820.000000,3416.030000,
2022-02-09,24829.990000,10095.000000,3411.590000,
2022-02-10,24924.350000,10182.000000,3456.990000,
2022-02-11,24906.660000,9830.000000,3461.250000,
2022-02-14,24556.570000,9851.000000,3363.690000,
2022-02-15,24355.710000,9974.000000,3328.730000,
2022-02-16,24718.900000,9955.000000,3369.740000,
2022-02-17,24792.770000,9922.500000,3325.950000,
2022-02-18,24327.710000,9955.000000,3436.030000,
2022-02-21,24170.070000,9875.000000,3469.840000,
2022-02-22,23520.000000,9884.000000,3451.090000,
2022-02-23,23660.280000,9846.000000,3413.460000,
2022-02-24,22901.560000,9853.000000,3337.220000,
2022-02-25,22767.180000,9860.000000,3325.510000,
2022-02-28,22713.020000,9859.500000,3302.200000,
2022-03-01,22761.710000,10080.000000,3338.600000,
2022-03-02,22343.920000,10255.000000,3357.790000,
2022-03-03,22467.340000,10416.500000,3409.220000,
2022-03-04,21905.290000,10600.000000,3366.460000,
2022-03-07,21057.630000,10315.000000,3362.070000,
2022-03-08,20765.870000,10334.500000,3252.920000,
2022-03-09,20627.710000,9977.000000,3154.930000,
2022-03-10,20890.260000,10130.000000,3178.250000,
2022-03-11,20553.790000,10101.000000,3182.140000,
2022-03-14,19531.660000,9887.500000,3118.630000,
2022-03-15,18415.080000,9892.000000,2892.440000,
2022-03-16,20087.500000,10133.500000,2979.760000,
2022-03-17,21501.230000,10253.500000,3103.190000,
2022-03-18,21412.400000,10306.000000,3245.300000,
2022-03-21,21221.340000,10269.500000,3240.440000,
2022-03-22,21889.280000,10280.000000,3353.970000,
2022-03-23,22154.080000,10425.000000,3415.700000,
2022-03-24,21945.950000,10310.000000,3361.340000,
2022-03-25,21404.880000,10277.000000,3369.980000,
2022-03-28,21684.970000,10360.000000,3436.930000,
2022-03-29,21927.630000,10351.000000,3381.230000,
2022-03-30,22232.030000,10371.000000,3573.190000,
2022-03-31,21996.850000,10367.000000,3616.680000,
2022-04-01,22039.550000,10269.500000,3734.580000,
2022-04-06,22080.520000,10302.500000,3837.520000,
2022-04-07,21808.980000,10313.500000,3696.090000,
2022-04-08,21872.010000,10344.000000,3795.880000,
2022-04-11,21208.300000,10157.500000,3652.820000,
2022-04-12,21319.130000,10302.500000,3571.720000,
2022-04-13,21374.370000,10301.000000,3538.160000,
2022-04-14,21518.080000,10332.000000,3670.340000,
2022-04-19,21027.760000,10323.500000,3576.730000,
2022-04-20,20944.670000,10245.000000,3399.840000,
2022-04-21,20682.220000,10298.000000,3308.960000,
2022-04-22,20638.520000,10069.000000,3346.450000,
2022-04-25,19869.340000,9836.500000,3165.010000,
2022-04-26,19934.710000,9800.000000,3167.870000,
2022-04-27,19946.360000,9855.000000,3115.410000,
2022-04-28,20276.170000,9764.500000,3206.240000,
2022-04-29,21089.390000,9714.000000,3314.410000,
2022-05-05,20793.400000,9459.500000,3298.900000,
2022-05-06,20001.960000,9388.000000,3133.950000,
2022-05-10,19633.690000,9275.000000,3205.120000,
2022-05-11,19824.570000,9281.500000,3165.860000,
2022-05-12,19380.340000,9041.000000,3116.460000,
2022-05-13,19898.770000,9212.500000,3256.430000,
2022-05-16,19950.210000,9290.000000,3308.290000,
2022-05-17,20602.520000,9336.000000,3267.980000,
2022-05-18,20644.280000,9180.500000,3244.000000,
2022-05-19,20120.680000,9440.000000,3316.780000,
2022-05-20,20717.240000,9421.000000,3275.070000,
2022-05-23,20470.060000,9531.000000,3204.700000,
2022-05-24,20112.100000,9484.000000,3130.460000,
2022-05-25,20171.270000,9376.000000,3155.270000,
2022-05-26,20116.200000,9386.500000,3182.740000,
2022-05-27,20697.360000,9490.000000,3164.050000,
2022-05-30,21123.930000,9525.000000,3126.750000,
2022-05-31,21415.200000,9439.000000,3118.440000,
2022-06-01,21294.940000,9520.000000,3131.080000,
2022-06-06,21653.900000,9743.000000,3062.950000,
2022-06-07,21531.670000,9723.000000,3103.720000,
2022-06-08,22014.590000,9735.000000,3076.460000,
2022-06-09,21869.050000,9608.500000,3095.190000,
2022-06-10,21806.180000,9435.000000,3093.890000,
2022-06-13,21067.580000,9324.500000,3013.720000,
2022-06-14,21067.990000,9147.500000,3059.680000,
2022-06-15,21308.210000,9208.000000,3126.530000,
2022-06-16,20845.430000,9126.000000,3100.480000,
2022-06-17,21075.000000,8949.000000,3084.400000,
2022-06-20,21163.910000,8930.500000,3152.480000,
2022-06-21,21559.590000,8965.000000,3173.800000,
2022-06-22,21008.340000,8786.000000,3120.710000,
2022-06-23,21273.870000,8337.000000,3169.230000,
2022-06-24,21719.060000,8322.000000,3141.870000,
2022-06-27,22229.520000,8357.000000,3158.880000,
2022-06-28,22418.970000,8400.000000,3142.640000,
2022-06-29,21996.890000,8409.500000,3249.790000,
2022-06-30,21859.790000,8237.500000,3293.430000,
2022-07-04,21830.350000,7970.000000,3254.630000,
2022-07-05,21853.070000,7625.000000,3214.220000,
2022-07-06,21586.660000,7596.000000,3131.480000,
2022-07-07,21643.580000,7860.000000,3128.090000,
2022-07-08,21725.780000,7773.500000,3133.380000,
2022-07-11,21124.200000,7608.000000,3090.050000,
2022-07-12,20844.740000,7294.000000,3107.810000,
2022-07-13,20797.950000,7400.000000,3140.110000,
2022-07-14,20751.210000,7104.000000,3087.480000,
2022-07-15,20297.720000,7174.500000,2943.260000,
2022-07-18,20846.180000,7384.500000,3033.380000,
2022-07-19,20661.060000,7298.000000,3044.660000,
2022-07-20,20890.220000,7330.500000,3043.390000,
2022-07-21,20574.630000,7299.000000,3009.450000,
2022-07-22,20609.140000,7389.500000,3002.040000,
2022-07-25,20562.940000,7482.000000,3034.180000,
2022-07-26,20905.880000,7545.000000,3150.050000,
2022-07-27,20670.040000,7654.500000,3133.450000,
2022-07-28,20622.680000,7739.000000,3140.710000,
2022-07-29,20156.510000,7925.000000,3087.500000,
2022-08-01,20165.840000,7800.500000,3044.270000,
2022-08-02,19689.210000,7755.000000,2955.620000,
2022-08-03,19767.090000,7710.000000,2886.610000,
2022-08-04,20174.040000,7743.000000,2907.780000,
2022-08-05,20201.940000,7889.500000,2948.540000,
2022-08-08,20045.770000,7947.000000,2957.050000,
2022-08-09,20003.440000,7955.000000,2949.530000,
2022-08-10,19610.840000,8077.500000,2929.850000,
2022-08-11,20082.430000,8191.500000,2972.750000,
2022-08-12,20175.620000,8112.000000,2997.740000,
2022-08-15,20040.860000,7978.000000,2985.910000,
2022-08-16,19830.520000,8005.500000,3031.600000,
2022-08-17,19922.450000,7920.000000,3087.920000,
2022-08-18,19763.910000,8030.000000,3055.820000,
2022-08-19,19773.030000,8086.500000,3096.330000,
2022-08-22,19656.980000,8052.500000,3108.760000,
2022-08-23,19503.250000,8105.000000,3080.520000,
2022-08-24,19268.740000,8027.000000,3023.820000,
2022-08-25,19968.380000,8143.000000,3039.280000,
2022-08-26,20170.040000,8129.000000,3015.810000,
2022-08-30,19949.030000,7854.500000,3048.020000,
2022-08-31,19954.390000,7790.500000,3053.690000,
2022-09-01,19597.310000,7550.000000,3091.070000,
2022-09-02,19452.090000,7552.000000,3073.620000,
2022-09-05,19225.700000,7674.000000,3125.820000,
2022-09-06,19202.730000,7666.000000,3208.340000,
2022-09-07,19044.300000,7622.500000,3203.330000,
2022-09-08,18854.620000,7850.000000,3201.650000,
2022-09-09,19362.250000,7868.500000,3304.480000,
2022-09-13,19326.860000,7830.000000,3238.240000,
2022-09-14,18847.100000,7785.500000,3225.820000,
2022-09-15,18930.380000,7711.500000,3301.660000,
2022-09-16,18761.690000,7809.500000,3177.510000,
2022-09-19,18565.970000,7772.000000,3182.490000,
2022-09-20,18781.420000,7724.000000,3128.590000,
2022-09-21,18444.620000,7659.000000,3172.560000,
2022-09-22,18147.950000,7684.000000,3122.040000,
2022-09-23,17933.270000,7444.500000,3099.670000,
2022-09-26,17855.140000,7292.000000,3069.240000,
2022-09-27,17860.310000,7291.000000,3090.840000,
2022-09-28,17250.880000,7479.000000,3031.450000,
2022-09-29,17165.870000,7515.000000,2962.260000,
2022-09-30,17222.830000,7490.000000,3022.300000,
2022-10-10,17216.660000,7584.500000,3023.860000,
2022-10-11,16832.360000,7596.500000,2962.030000,
2022-10-12,16701.030000,7534.000000,3019.530000,
2022-10-13,16389.110000,7641.000000,2964.380000,
2022-10-14,16587.690000,7531.500000,2970.880000,
2022-10-17,16612.900000,7531.500000,2970.770000,
2022-10-18,16914.580000,7447.500000,2937.290000,
2022-10-19,16511.280000,7365.000000,2920.880000,
2022-10-20,16280.220000,7534.000000,2896.270000,
2022-10-21,16211.120000,7650.500000,2904.120000,
2022-10-24,15180.690000,7572.000000,2804.870000,
2022-10-25,15165.590000,7516.000000,2773.820000,
2022-10-26,15317.670000,7769.500000,2739.910000,
2022-10-27,15427.940000,7755.000000,2764.800000,
2022-10-28,14863.060000,7557.500000,2667.160000,
2022-10-31,14687.020000,7444.000000,2577.310000,
2022-11-01,15455.270000,7660.000000,2609.160000,
2022-11-02,15827.170000,7640.000000,2651.280000,
2022-11-03,15339.490000,7565.000000,2621.380000,
2022-11-04,16161.140000,8133.000000,2683.420000,
2022-11-07,16595.910000,7949.000000,2713.880000,
2022-11-08,16557.310000,8054.000000,2722.190000,
2022-11-09,16358.520000,8081.000000,2769.170000,
2022-11-10,16081.040000,8263.000000,2770.020000,
2022-11-11,17325.660000,8591.000000,2958.240000,
2022-11-14,17619.710000,8415.000000,3019.810000,
2022-11-15,18343.120000,8385.500000,3045.490000,
2022-11-16,18256.480000,8262.000000,2986.220000,
2022-11-17,18045.660000,8118.000000,2994.210000,
2022-11-18,17992.540000,8036.000000,2965.160000,
2022-11-21,17655.910000,7895.000000,2947.050000,
2022-11-22,17424.410000,7995.500000,2927.400000,
2022-11-23,17523.810000,8027.500000,2922.630000,
2022-11-24,17660.900000,8023.500000,2976.830000,
2022-11-25,17573.580000,7990.000000,3116.080000,
2022-11-28,17297.940000,7980.000000,3102.410000,
2022-11-29,18204.680000,8044.000000,3349.290000,
2022-11-30,18597.230000,8285.000000,3293.730000,
2022-12-01,18736.440000,8360.000000,3288.580000,
2022-12-02,18675.350000,8472.000000,3223.730000,
2022-12-05,19518.290000,8360.000000,3255.280000,
2022-12-06,19441.180000,8405.000000,3234.300000,
2022-12-07,18814.820000,8495.000000,3174.670000,
2022-12-08,19450.230000,8536.000000,3234.780000,
2022-12-09,19900.870000,8485.500000,3313.100000,
2022-12-12,19463.630000,8369.000000,3193.090000,
2022-12-13,19596.200000,8462.500000,3219.130000,
2022-12-14,19673.450000,8524.000000,3183.830000,
2022-12-15,19368.590000,8295.000000,3188.790000,
2022-12-16,19450.670000,8303.000000,3230.790000,
2022-12-19,19352.810000,8280.500000,3213.980000,
2022-12-20,19094.800000,8373.000000,3102.730000,
2022-12-21,19160.490000,8396.500000,3085.150000,
2022-12-22,19679.220000,8257.500000,3079.450000,
2022-12-23,19593.060000,8378.500000,3080.080000,
2022-12-28,19898.910000,8423.000000,3059.240000,
2022-12-29,19741.140000,8430.000000,2982.420000,
2022-12-30,19781.410000,8374.000000,2995.120000,
2023-01-03,20145.290000,8320.000000,3028.610000,
2023-01-04,20793.110000,8251.000000,3143.920000,
2023-01-05,21052.170000,8439.500000,3148.530000,
2023-01-06,20991.640000,8610.000000,3111.190000,
2023-01-09,21388.340000,8798.500000,3079.340000,
2023-01-10,21331.460000,8937.000000,3070.420000,
2023-01-11,21436.050000,9168.500000,3097.790000,
2023-01-12,21514.100000,9178.500000,3042.760000,
2023-01-13,21738.660000,9240.000000,3059.790000,
2023-01-16,21746.720000,9100.000000,3072.290000,
2023-01-17,21577.640000,9295.000000,3068.250000,
2023-01-18,21678.000000,9288.500000,3047.620000,
2023-01-19,21650.980000,9323.000000,3061.010000,
2023-01-20,22044.650000,9342.000000,3082.990000,
2023-01-30,22069.730000,9196.500000,3058.950000,
2023-01-31,21842.330000,9279.000000,3106.310000,
2023-02-01,22072.180000,9054.000000,3096.860000,
2023-02-02,21958.360000,9033.500000,3103.470000,
2023-02-03,21660.470000,8925.500000,3060.110000,
2023-02-06,21222.160000,8899.500000,3008.840000,
2023-02-07,21298.700000,8906.500000,3051.570000,
2023-02-08,21283.520000,8921.500000,3052.600000,
2023-02-09,21624.360000,9000.500000,3077.050000,
2023-02-10,21190.420000,8854.000000,3094.780000,
2023-02-13,21164.420000,8956.000000,3093.540000,
2023-02-14,21113.760000,9018.000000,3098.740000,
2023-02-15,20812.170000,8868.000000,3047.260000,
2023-02-16,20987.670000,9055.000000,3013.550000,
2023-02-17,20719.810000,9009.000000,2997.110000,
2023-02-20,20886.960000,9111.000000,3047.350000,
2023-02-21,20529.490000,9179.500000,3070.100000,
2023-02-22,20423.840000,9137.000000,3051.260000,
2023-02-23,20351.350000,8879.500000,3057.230000,
2023-02-24,20010.040000,8694.500000,3025.310000,
2023-02-27,19943.510000,8834.000000,3020.020000,
2023-02-28,19785.940000,8980.000000,3043.710000,
2023-03-01,20619.710000,9128.000000,3065.610000,
2023-03-02,20429.460000,8926.000000,3032.300000,
2023-03-03,20567.540000,8923.500000,3047.630000,
2023-03-06,20603.190000,8950.000000,2998.850000,
2023-03-07,20534.480000,8732.500000,2942.350000,
2023-03-08,20051.250000,8859.500000,2952.790000,
2023-03-09,19925.740000,8832.000000,2950.450000,
2023-03-10,19319.920000,8777.000000,2898.130000,
2023-03-13,19695.970000,8928.000000,2882.900000,
2023-03-14,19247.960000,8827.000000,2859.920000,
2023-03-15,19539.870000,8572.000000,2899.680000,
2023-03-16,19203.910000,8533.000000,2871.130000,
2023-03-17,19518.590000,8612.000000,2894.290000,
2023-03-20,19000.710000,8711.000000,2876.540000,
2023-03-21,19258.760000,8791.000000,2876.110000,
2023-03-22,19591.430000,8928.500000,2905.930000,
2023-03-23,20049.640000,8989.000000,2894.750000,
2023-03-24,19915.680000,8945.000000,2901.790000,
2023-03-27,19567.690000,8989.000000,2852.300000,
2023-03-28,19784.650000,8957.000000,2820.880000,
2023-03-29,20192.400000,8980.500000,2813.720000,
2023-03-30,20309.130000,9001.000000,2821.310000,
2023-03-31,20400.110000,8993.500000,2812.030000,
2023-04-03,20409.180000,8906.500000,2873.820000,
2023-04-04,20274.590000,8756.000000,2850.470000,
2023-04-06,20331.200000,8861.500000,2838.060000,
2023-04-11,20485.240000,8891.000000,2954.960000,
2023-04-12,20309.860000,8960.000000,2955.160000,
2023-04-13,20344.480000,9071.000000,2945.210000,
2023-04-14,20438.810000,9044.000000,2934.260000,
2023-04-17,20782.450000,8955.000000,2930.010000,
2023-04-18,20650.510000,9002.500000,2912.050000,
2023-04-19,20367.760000,8970.000000,2857.140000,
2023-04-20,20396.970000,8884.000000,2838.230000,
2023-04-21,20075.730000,8781.000000,2795.710000,
2023-04-24,19959.940000,8744.000000,2748.200000,
2023-04-25,19617.880000,8528.500000,2718.540000,
2023-04-26,19757.270000,8529.000000,2707.970000,
2023-04-27,19840.280000,8593.500000,2714.190000,
2023-04-28,19894.570000,8595.500000,2740.100000,
2023-05-04,19948.730000,8535.000000,2739.410000,
2023-05-05,20049.310000,8580.000000,2818.160000,
2023-05-09,19867.580000,8615.000000,2822.360000,
2023-05-10,19762.200000,8484.000000,2790.040000,
2023-05-11,19743.790000,8188.500000,2798.310000,
2023-05-12,19627.240000,8243.000000,2768.780000,
2023-05-15,19971.130000,8275.000000,2762.010000,
2023-05-16,19978.250000,8120.000000,2726.580000,
2023-05-17,19560.570000,8308.000000,2714.140000,
2023-05-18,19727.250000,8158.500000,2694.470000,
2023-05-19,19450.570000,8242.000000,2659.130000,
2023-05-22,19678.170000,8142.500000,2644.700000,
2023-05-23,19431.250000,8080.500000,2618.520000,
2023-05-24,19115.930000,7891.000000,2551.440000,
2023-05-25,18746.920000,7990.000000,2545.980000,
2023-05-30,18595.780000,8115.000000,2571.240000,
2023-05-31,18234.270000,8110.000000,2552.130000,
2023-06-01,18216.910000,8231.500000,2536.820000,
2023-06-02,18949.940000,8247.500000,2634.460000,
2023-06-05,19108.500000,8328.500000,2620.670000,
2023-06-06,19099.280000,8325.000000,2626.730000,
2023-06-07,19252.000000,8293.000000,2659.590000,
2023-06-08,19299.180000,8372.000000,2710.720000,
2023-06-09,19389.950000,8339.000000,2666.930000,
2023-06-12,19404.310000,8288.000000,2664.080000,
2023-06-13,19521.420000,8441.000000,2668.880000,
2023-06-14,19408.420000,8526.000000,2646.490000,
2023-06-15,19828.920000,8563.500000,2672.430000,
2023-06-16,20040.370000,8585.000000,2672.960000,
2023-06-19,19912.890000,8542.000000,2624.890000,
2023-06-20,19607.080000,8566.000000,2576.230000,
2023-06-21,19218.350000,8591.000000,2547.790000,
2023-06-26,18794.130000,8388.000000,2503.260000,
2023-06-27,19148.130000,8350.000000,2601.230000,
2023-06-28,19172.050000,8239.500000,2588.270000,
2023-06-29,18934.360000,8173.000000,2551.420000,
2023-06-30,18916.430000,8319.500000,2567.030000,
2023-07-03,19306.590000,8380.000000,2588.450000,
2023-07-04,19415.680000,8359.000000,2556.640000,
2023-07-05,19110.380000,8322.500000,2557.580000,
2023-07-06,18533.050000,8277.000000,2580.500000,
2023-07-07,18365.700000,8366.500000,2574.430000,
2023-07-10,18479.720000,8383.000000,2568.620000,
2023-07-11,18659.830000,8337.500000,2567.490000,
2023-07-12,18860.950000,8513.500000,2517.570000,
2023-07-13,19350.620000,8707.000000,2536.720000,
2023-07-14,19413.780000,8671.000000,2529.460000,
2023-07-18,19015.720000,8461.500000,2537.130000,
2023-07-19,18952.310000,8432.500000,2573.180000,
2023-07-20,18928.020000,8457.500000,2578.130000,
2023-07-21,19075.260000,8438.000000,2619.550000,
2023-07-24,18668.150000,8525.500000,2603.740000,
2023-07-25,19434.400000,8660.000000,2762.940000,
2023-07-26,19365.140000,8604.000000,2811.660000,
2023-07-27,19639.110000,8551.000000,2791.400000,
2023-07-28,19916.560000,8675.000000,2875.760000,
2023-07-31,20078.940000,8836.000000,2930.400000,
2023-08-01,20011.120000,8636.000000,2913.050000,
2023-08-02,19517.380000,8506.000000,2938.130000,
2023-08-03,19420.870000,8639.000000,2990.180000,
2023-08-04,19539.460000,8548.500000,2967.660000,
2023-08-07,19537.920000,8496.000000,2866.760000,
2023-08-08,19184.170000,8378.000000,2825.230000,
2023-08-09,19246.030000,8404.500000,2832.710000,
2023-08-10,19248.260000,8348.500000,2842.730000,
2023-08-11,19075.190000,8295.000000,2831.500000,
2023-08-14,18773.550000,8292.000000,2796.590000,
2023-08-15,18581.110000,8179.000000,2785.770000,
2023-08-16,18329.300000,8173.000000,2838.120000,
2023-08-17,18326.630000,8234.000000,2831.020000,
2023-08-18,17950.850000,8276.000000,2776.990000,
2023-08-21,17623.290000,8288.000000,2722.080000,
2023-08-22,17791.010000,8361.000000,2736.600000,
2023-08-23,17845.920000,8454.000000,2686.320000,
2023-08-24,18212.170000,8361.000000,2659.900000,
2023-08-25,17956.380000,8359.000000,2681.920000,
2023-08-29,18484.030000,8455.000000,2876.680000,
2023-08-30,18482.860000,8468.000000,2867.010000,
2023-08-31,18382.060000,8437.000000,2727.310000,
2023-09-04,18844.160000,8450.000000,2749.880000,
2023-09-05,18456.910000,8473.000000,2686.020000,
2023-09-06,18449.980000,8361.500000,2748.780000,
2023-09-07,18202.070000,8305.000000,2727.030000,
2023-09-11,18096.450000,8402.000000,2692.460000,
2023-09-12,18025.890000,8392.500000,2681.050000,
2023-09-13,18009.220000,8394.000000,2680.430000,
2023-09-14,18047.920000,8438.000000,2657.010000,
2023-09-15,18182.890000,8409.000000,2664.660000,
2023-09-18,17930.550000,8352.000000,2637.840000,
2023-09-19,17997.170000,8309.500000,2630.140000,
2023-09-20,17885.600000,8337.500000,2630.000000,
2023-09-21,17655.410000,8225.000000,2626.940000,
2023-09-22,18057.450000,8198.500000,2651.100000,
2023-09-25,17729.290000,8149.000000,2592.600000,
2023-09-26,17466.900000,8106.500000,2580.120000,
2023-09-27,17611.870000,8080.000000,2568.970000,
2023-09-28,17373.030000,8215.000000,2577.660000,
2023-10-09,17517.400000,8111.000000,2517.830000,
2023-10-10,17664.730000,8029.000000,2506.900000,
2023-10-11,17893.100000,8001.000000,2502.870000,
2023-10-12,18238.210000,7964.000000,2513.710000,
2023-10-13,17813.450000,7938.000000,2490.110000,
2023-10-16,17640.360000,7984.500000,2450.480000,
2023-10-17,17773.340000,7961.000000,2435.660000,
2023-10-18,17732.520000,7992.000000,2395.970000,
2023-10-19,17295.890000,8010.500000,2371.170000,
2023-10-20,17172.130000,7940.000000,2385.080000,
2023-10-24,16991.530000,8077.000000,2388.820000,
2023-10-25,17085.330000,7984.500000,2392.440000,
2023-10-26,17044.610000,7988.000000,2364.390000,
2023-10-27,17398.730000,8091.000000,2390.290000,
2023-10-30,17406.360000,8138.500000,2383.470000,
2023-10-31,17112.480000,8119.000000,2390.170000,
2023-11-01,17101.780000,8108.000000,2370.790000,
2023-11-02,17230.590000,8179.500000,2355.210000,
2023-11-03,17664.120000,8168.500000,2346.390000,
2023-11-06,17966.590000,8247.000000,2418.050000,
2023-11-07,17670.160000,8195.000000,2419.030000,
2023-11-08,17568.460000,8106.000000,2441.320000,
2023-11-09,17511.290000,8117.500000,2427.600000,
2023-11-10,17203.260000,8034.500000,2399.490000,
2023-11-13,17426.210000,8187.000000,2400.610000,
2023-11-14,17396.860000,8212.500000,2432.900000,
2023-11-15,18079.000000,8276.500000,2421.890000,
2023-11-16,17832.820000,8241.000000,2409.420000,
2023-11-17,17454.190000,8309.000000,2392.120000,
2023-11-20,17778.070000,8447.500000,2394.340000,
2023-11-21,17733.890000,8470.000000,2447.660000,
2023-11-22,17734.600000,8376.500000,2437.400000,
2023-11-23,17910.840000,8397.000000,2493.260000,
2023-11-24,17559.420000,8440.000000,2491.850000,
2023-11-27,17525.060000,8375.000000,2444.830000,
2023-11-28,17354.140000,8451.000000,2418.820000,
2023-11-29,16993.440000,8445.000000,2358.550000,
2023-11-30,17042.880000,8469.500000,2354.780000,
2023-12-01,16830.300000,8625.000000,2370.090000,
2023-12-04,16646.050000,8427.000000,2340.920000,
2023-12-05,16327.860000,8341.500000,2290.160000,
2023-12-06,16463.260000,8247.000000,2316.810000,
2023-12-07,16345.890000,8370.000000,2325.070000,
2023-12-08,16334.370000,8438.000000,2282.470000,
2023-12-11,16201.490000,8343.000000,2269.900000,
2023-12-12,16374.500000,8342.000000,2340.090000,
2023-12-13,16228.750000,8339.000000,2291.330000,
2023-12-14,16402.190000,8531.000000,2282.900000,
2023-12-15,16792.190000,8525.000000,2307.200000,
2023-12-18,16629.230000,8470.000000,2280.610000,
2023-12-19,16505.000000,8586.000000,2251.700000,
2023-12-20,16613.810000,8596.000000,2217.210000,
2023-12-21,16621.130000,8606.000000,2240.830000,
2023-12-22,16340.410000,8570.000000,2211.760000,
2023-12-27,16624.840000,8696.000000,2158.580000,
2023-12-28,17043.530000,8615.000000,2214.140000,
2023-12-29,17047.390000,8562.000000,2204.670000,
2024-01-02,16788.550000,8532.500000,2162.040000,
2024-01-03,16646.410000,8515.000000,2173.050000,
2024-01-04,16645.980000,8481.500000,2143.250000,
2024-01-05,16535.330000,8415.000000,2140.340000,
2024-01-08,16224.450000,8437.000000,2102.480000,
2024-01-09,16190.020000,8329.000000,2114.890000,
2024-01-10,16097.280000,8391.000000,2107.210000,
2024-01-11,16302.040000,8375.000000,2124.450000,
2024-01-12,16244.580000,8295.000000,2116.980000,
2024-01-15,16216.330000,8384.000000,2125.660000,
2024-01-16,15865.920000,8345.000000,2103.950000,
2024-01-17,15276.900000,8283.500000,2046.690000,
2024-01-18,15391.790000,8312.000000,2043.970000,
2024-01-19,15308.690000,8380.000000,2041.460000,
2024-01-22,14961.180000,8329.000000,1948.400000,
2024-01-23,15353.980000,8420.000000,1976.370000,
2024-01-24,15899.870000,8567.500000,2047.500000,
2024-01-25,16211.960000,8547.500000,2157.800000,
2024-01-26,15952.230000,8529.000000,2224.720000,
2024-01-29,16077.240000,8578.000000,2183.820000,
2024-01-30,15703.450000,8642.000000,2107.260000,
2024-01-31,15485.070000,8615.500000,2027.040000,
2024-02-01,15566.210000,8524.500000,1978.390000,
2024-02-02,15533.560000,8464.000000,1968.460000,
2024-02-05,15510.010000,8374.500000,1855.640000,
2024-02-06,16136.870000,8401.500000,1894.630000,
2024-02-07,16081.890000,8308.000000,1893.050000,
2024-02-08,15878.070000,8226.000000,1988.230000,
2024-02-19,16155.610000,8427.500000,1997.250000,
2024-02-20,16247.510000,8531.000000,2014.900000,
2024-02-21,16503.100000,8546.000000,2057.720000,
2024-02-22,16742.950000,8608.000000,2060.280000,
2024-02-23,16725.860000,8559.000000,2077.640000,
2024-02-26,16634.740000,8449.000000,2060.750000,
2024-02-27,16790.800000,8490.000000,2099.970000,
2024-02-28,16536.850000,8455.000000,2034.180000,
2024-02-29,16511.440000,8478.500000,2073.170000,
2024-03-01,16589.440000,8522.000000,2062.760000,
2024-03-04,16595.970000,8525.000000,2011.080000,
2024-03-05,16162.640000,8489.000000,2006.920000,
2024-03-06,16438.090000,8546.000000,1992.500000,
2024-03-07,16229.780000,8641.500000,1976.230000,
2024-03-08,16353.390000,8568.000000,1969.450000,
2024-03-11,16587.570000,8654.000000,2018.720000,
2024-03-12,17093.500000,8648.500000,2097.640000,
2024-03-13,17082.110000,8920.000000,2048.530000,
2024-03-14,16961.660000,8912.000000,2060.460000,
2024-03-15,16720.890000,9074.000000,2057.550000,
2024-03-18,16737.120000,9102.000000,2057.710000,
2024-03-19,16529.480000,8972.000000,2041.340000,
2024-03-20,16543.070000,8990.000000,2046.300000,
2024-03-21,16863.100000,8963.500000,2058.440000,
2024-03-22,16499.470000,8847.000000,2030.170000,
2024-03-25,16473.640000,8863.000000,2043.050000,
2024-03-26,16618.320000,8863.500000,2071.820000,
2024-03-27,16392.840000,8867.500000,2011.080000,
2024-03-28,16541.420000,8872.000000,2018.690000,
2024-04-02,16931.520000,9011.000000,1992.680000,
2024-04-03,16725.100000,9295.000000,1965.830000,
2024-04-08,16732.850000,9443.500000,1927.420000,
2024-04-09,16828.070000,9427.000000,1940.540000,
2024-04-10,17139.170000,9398.000000,1876.210000,
2024-04-11,17095.030000,9361.000000,1870.860000,
2024-04-12,16721.690000,9407.000000,1825.590000,
2024-04-15,16600.460000,9568.000000,1806.500000,
2024-04-16,16248.970000,9474.500000,1759.850000,
2024-04-17,16251.840000,9548.000000,1808.450000,
2024-04-18,16385.870000,9743.000000,1794.530000,
2024-04-19,16224.140000,9874.500000,1773.250000,
2024-04-22,16511.690000,9853.000000,1761.320000,
2024-04-23,16828.930000,9728.000000,1750.210000,
2024-04-24,17201.270000,9790.000000,1746.840000,
2024-04-25,17284.540000,9900.000000,1756.520000,
2024-04-26,17651.150000,9960.000000,1828.170000,
2024-04-29,17746.910000,10162.000000,1946.650000,
2024-04-30,17763.030000,9976.500000,1909.740000,
2024-05-07,18479.370000,10009.500000,1950.110000,
2024-05-08,18313.860000,9902.000000,1892.620000,
2024-05-09,18537.810000,9950.000000,1923.620000,
2024-05-10,18963.680000,10040.000000,1993.380000,
2024-05-13,19115.060000,10206.000000,1968.030000,
2024-05-14,19073.710000,10075.000000,1977.130000,
2024-05-16,19376.530000,10371.500000,2091.300000,
2024-05-17,19553.610000,10715.000000,2245.520000,
2024-05-20,19636.220000,10958.500000,2213.320000,
2024-05-21,19220.620000,10822.000000,2214.210000,
2024-05-22,19195.600000,10396.000000,2243.640000,
2024-05-23,18868.710000,10359.000000,2203.490000,
2024-05-24,18608.940000,10334.000000,2127.320000,
2024-05-28,18821.160000,10533.500000,2068.690000,
2024-05-29,18477.010000,10475.000000,2076.170000,
2024-05-30,18230.190000,10125.000000,2027.700000,
2024-05-31,18079.610000,10069.000000,2026.980000,
2024-06-03,18403.040000,10193.000000,1994.400000,
2024-06-04,18444.110000,9928.000000,2029.180000,
2024-06-05,18424.960000,10006.500000,1976.340000,
2024-06-06,18476.800000,10145.500000,1942.310000,
2024-06-07,18366.950000,9748.500000,1983.330000,
2024-06-11,18176.340000,9805.000000,1960.390000,
2024-06-12,17937.840000,9946.000000,1955.260000,
2024-06-13,18112.630000,9787.000000,1922.040000,
2024-06-14,17941.780000,9772.500000,1954.100000,
2024-06-17,17936.120000,9693.500000,1918.540000,
2024-06-18,17915.550000,9719.000000,1910.670000,
2024-06-19,18430.390000,9785.000000,1895.820000,
2024-06-20,18335.320000,9883.500000,1840.710000,
2024-06-21,18028.520000,9680.000000,1841.470000,
2024-06-24,18027.710000,9644.000000,1781.550000,
2024-06-25,18072.900000,9536.000000,1804.660000,
2024-06-26,18089.930000,9595.000000,1811.620000,
2024-06-27,17716.470000,9514.000000,1774.570000,
2024-06-28,17718.610000,9586.000000,1753.960000,
2024-07-02,17769.140000,9660.500000,1821.050000,
2024-07-03,17978.570000,9852.000000,1840.660000,
2024-07-04,18028.280000,9886.000000,1777.570000,
2024-07-05,17799.610000,9970.000000,1768.220000,
2024-07-08,17524.060000,9897.000000,1715.580000,
2024-07-09,17523.230000,9875.000000,1727.750000,
2024-07-10,17471.670000,9858.000000,1702.910000,
2024-07-11,17832.330000,9777.500000,1743.320000,
2024-07-12,18293.380000,9877.000000,1787.870000,
2024-07-15,18015.940000,9768.000000,1759.710000,
2024-07-16,17727.980000,9664.000000,1769.710000,
2024-07-17,17739.410000,9616.000000,1796.420000,
2024-07-18,17778.410000,9371.000000,1808.180000,
2024-07-19,17417.680000,9290.000000,1774.970000,
2024-07-22,17635.880000,9236.500000,1765.460000,
2024-07-23,17469.360000,9157.000000,1737.150000,
2024-07-24,17311.050000,9050.500000,1692.180000,
2024-07-25,17004.970000,9091.000000,1705.960000,
2024-07-26,17021.310000,9073.000000,1727.170000,
2024-07-29,17238.340000,9025.000000,1704.140000,
2024-07-30,17002.910000,9031.000000,1727.970000,
2024-07-31,17344.600000,9240.000000,1793.730000,
2024-08-01,17304.960000,9002.500000,1761.720000,
2024-08-02,16945.510000,9087.000000,1749.940000,
2024-08-05,16698.360000,8854.500000,1730.590000,
2024-08-06,16647.340000,8923.000000,1772.920000,
2024-08-07,16877.860000,8750.500000,1754.260000,
2024-08-08,16891.830000,8809.000000,1777.770000,
2024-08-09,17090.230000,8831.000000,1806.990000,
2024-08-12,17111.650000,9028.000000,1749.370000,
2024-08-13,17174.060000,8978.500000,1745.380000,
2024-08-14,17113.360000,8944.500000,1730.710000,
2024-08-15,17109.140000,9138.000000,1759.330000,
2024-08-16,17430.160000,9177.500000,1736.310000,
2024-08-19,17569.570000,9260.000000,1729.440000,
2024-08-20,17511.080000,9181.500000,1699.580000,
2024-08-21,17391.010000,9249.000000,1692.200000,
2024-08-22,17641.000000,9120.000000,1682.670000,
2024-08-23,17612.100000,9298.000000,1670.650000,
2024-08-27,17874.670000,9419.500000,1640.460000,
2024-08-28,17692.450000,9238.500000,1627.840000,
2024-08-29,17786.320000,9272.000000,1633.910000,
2024-08-30,17989.070000,9251.500000,1713.170000,
2024-09-02,17691.970000,9217.500000,1667.010000,
2024-09-03,17651.490000,8988.000000,1686.170000,
2024-09-04,17457.340000,8965.000000,1666.290000,
2024-09-05,17444.300000,9100.500000,1699.280000,
2024-09-09,17196.960000,9096.500000,1663.660000,
2024-09-10,17234.090000,9019.000000,1646.310000,
2024-09-11,17108.710000,9138.000000,1649.740000,
2024-09-12,17240.390000,9207.500000,1651.350000,
2024-09-13,17369.090000,9257.000000,1664.000000,
2024-09-19,18013.160000,9539.000000,1750.380000,
2024-09-20,18258.570000,9486.000000,1778.140000,
2024-09-23,18247.110000,9542.000000,1778.760000,
2024-09-24,19000.560000,9821.000000,1819.650000,
2024-09-25,19129.100000,9801.000000,1851.190000,
2024-09-26,19924.580000,10090.000000,2000.750000,
2024-09-27,20632.300000,9973.500000,2136.340000,
2024-09-30,21133.680000,9865.000000,2333.640000,
2024-10-08,20926.790000,9758.000000,2387.250000,
2024-10-09,20637.240000,9684.000000,2173.120000,
2024-10-10,21251.980000,9737.500000,2143.650000,
2024-10-14,21092.870000,9648.000000,2222.200000,
2024-10-15,20318.790000,9520.000000,2189.920000,
2024-10-16,20286.850000,9591.000000,2310.350000,
2024-10-17,20079.100000,9506.500000,2166.410000,
2024-10-18,20804.110000,9622.500000,2203.070000,
2024-10-21,20478.460000,9562.000000,2211.660000,
2024-10-22,20498.950000,9619.000000,2233.360000,
2024-10-23,20760.150000,9503.000000,2237.080000,
2024-10-24,20489.620000,9563.000000,2230.680000,
2024-10-25,20590.150000,9563.500000,2268.600000,
2024-10-28,20599.360000,9556.000000,2347.180000,
2024-10-29,20701.140000,9550.000000,2296.910000,
2024-10-30,20380.640000,9559.000000,2329.990000,
2024-10-31,20317.330000,9547.000000,2404.970000,
2024-11-01,20506.430000,9539.000000,2404.940000,
2024-11-04,20567.520000,9676.000000,2403.880000,
2024-11-05,21006.970000,9733.000000,2504.480000,
2024-11-06,20538.380000,9321.000000,2557.460000,
2024-11-07,20953.340000,9678.500000,2656.470000,
2024-11-08,20728.190000,9433.000000,2569.080000,
2024-11-11,20426.930000,9299.000000,2542.130000,
2024-11-12,19846.880000,9144.500000,2522.680000,
2024-11-13,19823.450000,9007.500000,2500.000000,
2024-11-14,19435.810000,9024.000000,2418.340000,
2024-11-15,19426.340000,8971.000000,2340.040000,
2024-11-18,19576.610000,9094.500000,2359.980000,
2024-11-19,19663.670000,9117.000000,2370.630000,
2024-11-20,19705.010000,9082.000000,2387.960000,
2024-11-21,19601.110000,9023.000000,2381.410000,
2024-11-22,19229.970000,8972.500000,2320.590000,
2024-11-25,19150.990000,9044.000000,2313.730000,
2024-11-26,19159.200000,8962.500000,2318.770000,
2024-11-27,19603.130000,9018.000000,2351.160000,
2024-11-28,19366.960000,8987.000000,2379.160000,
2024-11-29,19423.610000,9015.000000,2391.950000,
2024-12-02,19550.290000,8996.500000,2451.000000,
2024-12-03,19746.320000,9120.500000,2475.650000,
2024-12-04,19742.460000,9097.000000,2422.540000,
2024-12-05,19560.440000,9090.000000,2436.970000,
2024-12-06,19865.850000,9092.500000,2470.440000,
2024-12-09,20414.090000,9231.500000,2398.140000,
2024-12-10,20311.280000,9233.500000,2420.420000,
2024-12-11,20155.050000,9177.000000,2475.680000,
2024-12-12,20397.050000,9072.000000,2506.480000,
2024-12-13,19971.240000,9056.500000,2424.660000,
2024-12-16,19795.490000,9065.000000,2397.550000,
2024-12-17,19700.480000,9006.500000,2331.980000,
2024-12-18,19864.550000,9045.000000,2331.010000,
2024-12-19,19752.510000,8885.000000,2305.090000,
2024-12-20,19720.700000,8944.000000,2307.550000,
2024-12-23,19883.130000,8936.500000,2226.420000,
2024-12-24,20098.290000,8967.000000,2235.210000,
2024-12-27,20090.460000,8981.500000,2225.780000,
2024-12-30,20041.420000,8933.500000,2192.880000,
2024-12-31,20059.950000,8781.500000,2157.290000,
2025-01-02,19623.320000,8801.000000,2120.940000,
2025-01-03,19760.270000,8893.500000,2055.390000,
2025-01-06,19688.290000,8966.000000,2041.270000,
2025-01-07,19447.580000,8980.000000,2063.620000,
2025-01-08,19279.840000,9051.000000,2054.540000,
2025-01-09,19240.890000,9111.500000,2055.640000,
2025-01-10,19064.290000,9073.500000,1999.590000,
2025-01-13,18874.140000,9094.000000,2021.920000,
2025-01-14,19219.780000,9164.000000,2080.180000,
2025-01-15,19286.070000,9217.000000,2071.970000,
2025-01-16,19522.890000,9245.000000,2076.590000,
2025-01-17,19584.060000,9181.500000,2077.320000,
2025-01-20,19925.810000,9266.000000,2086.220000,
2025-01-21,20106.550000,9291.000000,2107.340000,
2025-01-22,19778.770000,9235.000000,2035.220000,
2025-01-23,19700.560000,9237.000000,2053.590000,
2025-01-24,20066.190000,9269.000000,2050.530000,
2025-01-27,20197.770000,9086.500000,2025.210000,
2025-02-05,20597.090000,9270.000000,2013.390000,
2025-02-06,20891.620000,9289.000000,2032.370000,
2025-02-07,21133.540000,9440.000000,2078.910000,
2025-02-10,21521.980000,9453.000000,2110.210000,
2025-02-11,21294.860000,9356.500000,2074.940000,
2025-02-12,21857.920000,9469.000000,2139.320000,
2025-02-13,21814.370000,9476.000000,2151.420000,
2025-02-14,22620.330000,9465.000000,2120.950000,
2025-02-17,22616.230000,9382.500000,2136.540000,
2025-02-18,22976.810000,9475.000000,2077.960000,
2025-02-19,22944.240000,9442.000000,2100.390000,
2025-02-20,22576.980000,9558.000000,2088.550000,
2025-02-21,23477.920000,9515.500000,2087.510000,
2025-02-24,23341.610000,9502.000000,2122.090000,
2025-02-25,23034.020000,9395.000000,2108.410000,
2025-02-26,23787.930000,9423.000000,2154.890000,
2025-02-27,23718.290000,9413.000000,2165.520000,
2025-02-28,22941.320000,9361.000000,2133.950000,
2025-03-03,23006.270000,9400.000000,2144.270000,
2025-03-04,22941.770000,9387.000000,2138.150000,
2025-03-05,23594.210000,9594.000000,2106.870000,
2025-03-06,24369.710000,9689.000000,2155.980000,
2025-03-07,24231.300000,9602.000000,2114.620000,
2025-03-10,23783.490000,9493.000000,2110.250000,
2025-03-11,23782.140000,9679.000000,2112.330000,
2025-03-12,23600.310000,9789.000000,2102.930000,
2025-03-13,23462.650000,9749.000000,2082.980000,
2025-03-14,23959.980000,9793.000000,2124.720000,
2025-03-17,24145.570000,9864.500000,2145.140000,
2025-03-18,24740.570000,9902.000000,2136.740000,
2025-03-19,24771.140000,9997.500000,2123.060000,
2025-03-20,24219.950000,9910.000000,2121.540000,
2025-03-21,23689.720000,9852.000000,2099.980000,
2025-03-24,23905.560000,9956.000000,2062.760000,
2025-03-25,23344.250000,10112.000000,2066.640000,
2025-03-26,23483.320000,9927.000000,2081.710000,
2025-03-27,23578.800000,9846.500000,2077.880000,
2025-03-28,23426.600000,9794.500000,2068.680000,
2025-03-31,23119.580000,9710.000000,2031.530000,
2025-04-01,23206.840000,9693.000000,2036.890000,
2025-04-02,23202.530000,9700.500000,2029.050000,
2025-04-03,22849.810000,9366.500000,2050.050000,
2025-04-07,19828.300000,8732.000000,1870.990000,
2025-04-08,20127.680000,8655.500000,1911.960000,
2025-04-09,20264.490000,8613.000000,1996.060000,
2025-04-10,20681.780000,8988.000000,2040.020000,
2025-04-11,20914.690000,9184.000000,2019.990000,
2025-04-14,21417.400000,9187.000000,2023.970000,
2025-04-15,21466.270000,9164.000000,2006.610000,
2025-04-16,21056.980000,9203.500000,2010.360000,
2025-04-17,21395.140000,9188.500000,2057.050000,
2025-04-22,21562.320000,9369.000000,2096.510000,
2025-04-23,22072.620000,9382.500000,2067.480000,
2025-04-24,21909.760000,9392.500000,2073.750000,
2025-04-25,21980.740000,9360.000000,2061.250000,
2025-04-28,21971.960000,9378.000000,1985.710000,
2025-04-29,22008.110000,9440.000000,1987.190000,
2025-04-30,22119.410000,9125.000000,1998.590000,
2025-05-06,22662.710000,9538.000000,2021.080000,
2025-05-07,22691.880000,9419.500000,2042.450000,
2025-05-08,22775.920000,9431.500000,2039.740000,
2025-05-09,22867.740000,9445.500000,2006.780000,
2025-05-12,23549.460000,9520.500000,2019.970000,
2025-05-13,23108.270000,9599.500000,2014.360000,
2025-05-14,23640.650000,9606.500000,2025.250000,
2025-05-15,23453.160000,9577.000000,2001.700000,
2025-05-16,23345.050000,9447.500000,2000.540000,
2025-05-19,23332.720000,9523.500000,2035.570000,
2025-05-20,23681.480000,9554.500000,2033.240000,
2025-05-21,23827.780000,9487.000000,2022.520000,
2025-05-22,23544.310000,9519.500000,1994.410000,
2025-05-23,23601.260000,9614.000000,1971.220000,
2025-05-27,23381.990000,9596.000000,1987.640000,
2025-05-28,23258.310000,9566.000000,1974.180000,
2025-05-29,23573.380000,9567.000000,1993.040000,
2025-05-30,23289.770000,9497.000000,1989.860000,
2025-06-03,23512.490000,9638.500000,1983.770000,
2025-06-04,23654.030000,9649.000000,2003.490000,
2025-06-05,23906.970000,9707.500000,2004.340000,
2025-06-06,23792.540000,9670.500000,2006.950000,
2025-06-09,24181.430000,9768.500000,2008.130000,
2025-06-10,24162.870000,9725.000000,2001.400000,
2025-06-11,24366.940000,9647.000000,2013.730000,
2025-06-12,24035.380000,9690.500000,2002.620000,
2025-06-13,23892.560000,9647.500000,1971.620000,
2025-06-16,24060.990000,9695.000000,2008.080000,
2025-06-17,23980.300000,9670.000000,2002.210000,
2025-06-18,23710.690000,9650.500000,1975.240000,
2025-06-19,23237.740000,9619.500000,1939.730000,
2025-06-20,23530.480000,9660.500000,1938.260000,
2025-06-23,23689.130000,9694.500000,1949.480000,
2025-06-24,24177.070000,9664.000000,1973.650000,
2025-06-25,24474.670000,9727.000000,2001.280000,
2025-06-26,24325.400000,9896.000000,1992.630000,
2025-06-27,24284.150000,9879.000000,1997.820000,
2025-06-30,24072.280000,9878.000000,2008.350000,
2025-07-02,24221.410000,10010.000000,2012.380000,
2025-07-03,24069.940000,9951.500000,2012.160000,
2025-07-04,23916.060000,9852.000000,2003.540000,
2025-07-07,23887.830000,9784.000000,2037.170000,
2025-07-08,24148.070000,9665.000000,2057.080000,
2025-07-09,23892.320000,9660.000000,2056.890000,
2025-07-10,24028.370000,9682.000000,2122.600000,
2025-07-11,24139.570000,9663.000000,2126.080000,
2025-07-14,24203.320000,9643.500000,2098.560000,
2025-07-15,24590.120000,9657.500000,2078.000000,
2025-07-16,24517.760000,9637.000000,2071.980000,
2025-07-17,24498.950000,9678.000000,2070.110000,
2025-07-18,24825.660000,9794.500000,2080.000000,
2025-07-21,24994.140000,9867.000000,2098.620000,
2025-07-22,25130.030000,9898.000000,2121.430000,
2025-07-23,25538.070000,9933.500000,2110.680000,
2025-07-24,25667.180000,9854.500000,2151.030000,
2025-07-25,25388.350000,9796.000000,2164.620000,
2025-07-28,25562.130000,9762.500000,2171.750000,
2025-07-29,25524.450000,9803.000000,2179.090000,
2025-07-30,25176.930000,9730.000000,2161.720000,
2025-07-31,24773.330000,9607.000000,2093.780000,
2025-08-01,24507.810000,9633.000000,2090.300000,
2025-08-04,24733.450000,9708.500000,2092.000000,
2025-08-05,24902.530000,9634.500000,2115.950000,
2025-08-06,24910.630000,9674.000000,2118.540000,
2025-08-07,25081.630000,9670.500000,2135.920000,
2025-08-08,24858.820000,9768.000000,2135.430000,
2025-08-11,24906.810000,9726.500000,2161.810000,
2025-08-12,24969.680000,9840.000000,2176.820000,
2025-08-13,25613.670000,9777.000000,2185.610000,
2025-08-14,25519.320000,9777.000000,2173.700000,
2025-08-15,25270.070000,9760.000000,2219.490000,
2025-08-18,25176.850000,9733.000000,2209.200000,
2025-08-19,25122.900000,9692.000000,2223.950000,
2025-08-20,25165.940000,9720.500000,2227.490000,
2025-08-21,25104.610000,9724.500000,2221.010000,
2025-08-22,25339.140000,9796.500000,2230.670000,
2025-08-26,25524.920000,9837.000000,2296.320000,
2025-08-27,25201.760000,9755.500000,2215.800000,
2025-08-28,24998.820000,9818.000000,2241.040000,
2025-08-29,25077.620000,9902.000000,2229.340000,
2025-09-01,25617.420000,9884.000000,2246.310000,
2025-09-02,25496.550000,9980.500000,2230.060000,
2025-09-03,25343.430000,9975.500000,2201.100000,
2025-09-04,25058.510000,9898.000000,2176.610000,
2025-09-05,25417.980000,9897.500000,2196.340000,
2025-09-08,25633.910000,9915.000000,2216.570000,
2025-09-09,25938.130000,9914.000000,2252.960000,
2025-09-10,26200.260000,10013.000000,2264.650000,
2025-09-11,26086.320000,10051.500000,2293.180000,
2025-09-12,26388.160000,10067.500000,2327.740000,
2025-09-15,26446.560000,10189.000000,2339.140000,
2025-09-16,26438.510000,10117.000000,2370.160000,
2025-09-17,26908.390000,9974.000000,2388.000000,
2025-09-18,26544.850000,9946.000000,2335.820000,
2025-09-19,26545.100000,9996.500000,2344.380000,
2025-09-22,26344.140000,10002.000000,2348.720000,
2025-09-23,26159.120000,9993.500000,2303.680000,
2025-09-24,26518.650000,10320.000000,2355.530000,
2025-09-25,26484.680000,10275.500000,2336.070000,
2025-09-26,26128.200000,10205.000000,2340.730000,
2025-09-29,26622.880000,10428.500000,2360.970000,
2025-09-30,26855.560000,10296.000000,2411.090000,
2025-10-09,26752.590000,10776.500000,2377.640000,
2025-10-10,26290.320000,10374.000000,2391.360000,
2025-10-13,25889.480000,10802.000000,2384.550000,
2025-10-14,25441.350000,10598.500000,2379.660000,
2025-10-15,25910.600000,10576.000000,2382.330000,
2025-10-16,25888.510000,10620.000000,2363.760000,
2025-10-17,25247.100000,10607.000000,2335.280000,
2025-10-20,25858.830000,10712.500000,2348.030000,
2025-10-21,26027.550000,10596.500000,2400.880000,
2025-10-22,25781.770000,10658.500000,2418.990000,
2025-10-23,25967.980000,10817.000000,2394.930000,
2025-10-24,26160.150000,10947.000000,2370.550000,
2025-10-27,26433.700000,11000.500000,2367.920000,
2025-10-28,26346.140000,11029.500000,2362.470000,
2025-10-30,26282.690000,10930.000000,2342.430000,
2025-10-31,25906.650000,10891.500000,2353.920000,
2025-11-03,26158.360000,10819.000000,2354.150000,
2025-11-04,25952.400000,10649.000000,2347.240000,
2025-11-05,25935.410000,10733.000000,2360.720000,
2025-11-06,26485.900000,10687.000000,2354.740000,
2025-11-07,26241.830000,10695.000000,2348.630000,
2025-11-10,26649.060000,10874.500000,2373.510000,
2025-11-11,26696.410000,10840.000000,2392.690000,
2025-11-12,26922.730000,10897.000000,2378.370000,
2025-11-13,27073.030000,10859.000000,2402.590000,
2025-11-14,26572.460000,10846.000000,2412.050000,
2025-11-17,26384.280000,10766.500000,2436.170000,
2025-11-18,25930.030000,10698.000000,2390.480000,
2025-11-19,25830.650000,10802.500000,2340.460000,
2025-11-20,25835.570000,10686.000000,2348.160000,
2025-11-21,25220.020000,10778.000000,2271.520000,
2025-11-24,25716.500000,10781.500000,2277.410000,
2025-11-25,25894.550000,10832.500000,2300.720000,
2025-11-26,25928.080000,10953.000000,2293.300000,
2025-11-27,25945.930000,10930.000000,2278.780000,
2025-11-28,25858.890000,11175.500000,2287.770000,
2025-12-01,26033.260000,11232.500000,2286.440000,
2025-12-02,26095.050000,11145.000000,2288.110000,
2025-12-03,25760.730000,11448.500000,2253.030000,
2025-12-04,25935.900000,11434.000000,2235.140000,
2025-12-05,26085.080000,11665.000000,2238.520000,
2025-12-08,25765.360000,11675.000000,2249.530000,
2025-12-09,25434.230000,11470.000000,2202.290000,
2025-12-10,25540.780000,11559.500000,2258.020000,
2025-12-11,25530.510000,11833.500000,2189.000000,
2025-12-12,25976.790000,11552.500000,2179.870000,
2025-12-15,25628.880000,11686.000000,2159.880000,
2025-12-16,25235.410000,11619.000000,2137.660000,
2025-12-17,25468.780000,11737.000000,2139.530000,
2025-12-18,25498.130000,11778.000000,2128.090000,
2025-12-19,25690.530000,11881.500000,2170.860000,
2025-12-22,25801.770000,11911.000000,2189.960000,
2025-12-23,25774.140000,12055.000000,2172.070000,
2025-12-24,25818.930000,12133.000000,2186.660000,
2025-12-29,25635.230000,12187.500000,2199.340000,
2025-12-30,25854.600000,12673.500000,2172.510000,
2025-12-31,25630.540000,12496.500000,2197.090000,
2026-01-05,26347.240000,12991.500000,2225.970000,
2026-01-06,26710.450000,13238.000000,2254.310000,
2026-01-07,26458.950000,12899.500000,2255.750000,
2026-01-08,26149.310000,12720.500000,2291.930000,
2026-01-09,26231.790000,12998.000000,2308.540000,
2026-01-12,26608.480000,13209.500000,2301.730000,
2026-01-13,26848.470000,13164.000000,2263.190000,
2026-01-14,26999.810000,13188.500000,2236.550000,
2026-01-15,26923.620000,13106.000000,2246.000000,
2026-01-16,26844.960000,12803.000000,2227.380000,
2026-01-19,26563.900000,12965.500000,2251.610000,
2026-01-20,26487.510000,12753.500000,2286.450000,
2026-01-21,26585.060000,12810.000000,2300.940000,
2026-01-22,26629.960000,12755.500000,2317.760000,
2026-01-23,26749.510000,13128.500000,2343.490000,
2026-01-26,26765.520000,13199.000000,2291.260000,
2026-01-27,27126.950000,13006.500000,2270.030000,
2026-01-28,27826.910000,13086.500000,2289.050000,
2026-01-29,27968.090000,13618.000000,2349.800000,
2026-01-30,27387.110000,13070.500000,2291.650000,
2026-02-02,26775.570000,12900.000000,2213.490000,
2026-02-03,26834.770000,13410.000000,2255.480000,
2026-02-04,26847.320000,13040.000000,2322.380000,
2026-02-05,26885.240000,12855.000000,2316.760000,
2026-02-06,26559.950000,13060.000000,2291.850000,
2026-02-09,27027.160000,13185.000000,2336.820000,
2026-02-10,27183.150000,13100.000000,2304.210000,
2026-02-11,27266.380000,13239.000000,2300.930000,
2026-02-12,27032.540000,12855.500000,2285.390000,
2026-02-13,26567.120000,12931.500000,2276.060000,
2026-02-24,26590.320000,13195.000000,2282.390000,
2026-02-25,26765.720000,13349.500000,2340.210000,
2026-02-26,26381.020000,13259.000000,2287.620000,
2026-02-27,26630.540000,13296.000000,2289.830000,
2026-03-02,26059.850000,13084.500000,2240.000000,
2026-03-03,25768.080000,12964.500000,2179.220000,
2026-03-04,25249.480000,13027.500000,2157.240000,
2026-03-05,25321.340000,12859.000000,2171.560000,
2026-03-06,25757.290000,12869.000000,2196.100000,
2026-03-09,25408.460000,12919.000000,2161.420000,
2026-03-10,25959.900000,13096.500000,2184.080000,
2026-03-11,25898.760000,13049.000000,2190.830000,
2026-03-12,25716.760000,12948.500000,2182.020000,
2026-03-13,25465.600000,12735.500000,2184.480000,
2026-03-16,25834.020000,12918.500000,2197.450000,
2026-03-17,25868.540000,12780.000000,2205.490000,
2026-03-18,26025.420000,12340.500000,2182.420000,
2026-03-19,25500.580000,12211.500000,2122.590000,
2026-03-20,25277.320000,11834.500000,2092.490000,
2026-03-23,24382.470000,12221.000000,1987.850000,
2026-03-24,25063.710000,12092.500000,2045.520000,
2026-03-25,25335.950000,12283.000000,2077.470000,
2026-03-26,24856.430000,12120.000000,2044.520000,
2026-03-27,24951.880000,12141.000000,2062.770000,
2026-03-30,24750.790000,12195.000000,2055.780000,
2026-03-31,24788.140000,12335.500000,2032.130000,
2026-04-01,25294.030000,12472.500000,2042.750000,
2026-04-02,25116.530000,12359.500000,1996.840000,
2026-04-08,25893.020000,12705.500000,2038.720000,
2026-04-09,25752.400000,12695.500000,2014.900000,
2026-04-10,25893.540000,12857.000000,2030.150000,
2026-04-13,25660.850000,13123.500000,2050.200000,
2026-04-14,25872.320000,13296.000000,2103.590000,
2026-04-15,25947.320000,13276.000000,2070.690000,
2026-04-16,26394.260000,13242.000000,2083.270000,
2026-04-17,26160.330000,13349.000000,2114.070000,
2026-04-20,26361.070000,13245.000000,2105.620000,
2026-04-21,26487.480000,13154.500000,2107.840000,
2026-04-22,26163.240000,13470.500000,2116.320000,
2026-04-23,25915.200000,13310.000000,2103.490000,
2026-04-24,25978.070000,13289.000000,2093.300000,
2026-04-27,25925.650000,13226.500000,2093.560000,
2026-04-28,25679.780000,13034.500000,2098.470000,
2026-04-29,26111.840000,12989.000000,2139.290000,
2026-04-30,25776.530000,13019.000000,2173.890000,
2026-05-06,26213.780000,13391.500000,2215.850000,
2026-05-07,26626.280000,13323.500000,2225.900000,
2026-05-08,26393.710000,13535.500000,2255.050000,
2026-05-11,26406.840000,13920.000000,2295.110000,
2026-05-12,26347.910000,14080.000000,2296.790000,
2026-05-13,26388.440000,14083.000000,2268.620000,
2026-05-14,26389.040000,13985.000000,2214.240000,
2026-05-15,25962.730000,13544.500000,2182.300000,
2026-05-18,25675.180000,13590.000000,2156.460000,
2026-05-19,25797.850000,13427.000000,2176.040000,
2026-05-20,25651.120000,13654.500000,2160.280000,
2026-05-21,25386.520000,13610.000000,2085.520000,
2026-05-22,25606.030000,13635.000000,2101.760000,
2026-05-26,25599.450000,13610.500000,2089.590000,
2026-05-27,25328.230000,13516.000000,2037.910000,
2026-05-28,25006.160000,13746.500000,2059.130000,
2026-05-29,25182.390000,13611.500000,2069.200000,
2026-06-01,25398.180000,13879.500000,2077.140000,
2026-06-02,26038.320000,13983.500000,2043.310000,
2026-06-03,25633.210000,13785.500000,2028.130000,
2026-06-04,25253.400000,13904.000000,2009.280000,
2026-06-05,24961.950000,13517.000000,1996.030000,
2026-06-08,24657.060000,13590.500000,1946.200000,
2026-06-09,24565.900000,13559.500000,1947.410000,
2026-06-10,24407.960000,13449.000000,1942.230000,
2026-06-11,24249.290000,13575.000000,1935.320000,
2026-06-12,24718.100000,13713.500000,1952.510000,
2026-06-15,24842.670000,13796.500000,1964.880000,
2026-06-16,24493.950000,13816.500000,1941.530000,
2026-06-17,24312.160000,13835.000000,1927.800000,
2026-06-18,23924.810000,13655.000000,1917.000000,
2026-06-22,23768.520000,13671.000000,1917.770000,
2026-06-23,23336.280000,13373.500000,1910.840000,
2026-06-24,23412.180000,13026.500000,1880.990000,
2026-06-25,23076.910000,13316.000000,1860.810000,
2026-06-26,22671.860000,13322.000000,1843.720000,
2026-06-29,23026.680000,13344.500000,1823.240000,
2026-06-30,22881.020000,13380.000000,1835.900000,
2026-07-02,23055.030000,13285.500000,1853.380000,
2026-07-03,23350.030000,13357.500000,1856.630000,
2026-07-06,23616.320000,13411.000000,1873.170000,
2026-07-07,23496.890000,13334.500000,1830.200000,
2026-07-08,24199.460000,13255.000000,1835.520000,
2026-07-09,24030.180000,13481.000000,1856.870000,
2026-07-10,24175.120000,13484.500000,1891.810000,
2026-07-13,24213.720000,13479.000000,1836.700000,
2026-07-14,24340.730000,13600.000000,1848.990000,
2026-07-15,24681.100000,13581.000000,1857.560000,
2026-07-16,25008.600000,13543.500000,1879.640000,
2026-07-17,24562.240000,13528.000000,1801.380000,
2026-07-20,25143.050000,13644.500000,1779.350000,
2026-07-21,25132.290000,13905.500000,1765.680000,
2026-07-22,24892.660000,13806.500000,1786.640000,
2026-07-23,25210.810000,13566.000000,1791.280000,
2026-07-24,24963.230000,13611.500000,1741.700000,
2026-07-27,25207.180000,13759.500000,1779.940000,
2026-07-28,25310.850000,13644.500000,1789.430000,
2026-07-29,25807.920000,13622.000000,1820.830000,
2026-07-30,25858.880000,13798.500000,1811.420000,
2026-07-31,25884.430000,13803.000000,1829.380000,
2026-08-03,26009.400000,13848.000000,1844.640000,
2026-08-04,25852.920000,14043.500000,1836.900000,
2026-08-05,25915.820000,14148.500000,1865.580000,
2026-08-06,25530.280000,14092.500000,1877.200000,
2026-08-07,25668.030000,14022.000000,1867.550000,
2026-08-10,25937.490000,14120.000000,1898.040000,
2026-08-11,25652.820000,14153.000000,1897.890000,
2026-08-12,25440.170000,14109.500000,1963.490000,
2026-08-13,25396.510000,14135.500000,1920.260000,
2026-08-14,25116.850000,14172.500000,1901.410000,
2026-08-17,25453.230000,14130.500000,1910.290000,
